    0.127131488810434714E-98    0.449866901931006396E+04    0.231321173620630589E+04    0.379335788611156932E+01   -0.417457004359082173E+00    0.534601277487612658E+00    0.104864845242995952E+01    0.298769672549731258E+01   -0.176008637766995903E+02   -0.218707399520706112E+02
    0.124988704510182971E-98    0.449866301636310800E+04    0.231002895924997665E+04    0.359607136728429833E+01   -0.434683995116540101E+00    0.556740407402403603E+00    0.104951897473519784E+01    0.299233136705974179E+01   -0.277526462521254018E+02    0.222370602459746607E+02
    0.341197302342418706E-98    0.449661454128330115E+04    0.232754006658933304E+04    0.342148653063599317E+01   -0.352525893150487657E+00    0.659603902767203820E+00    0.104978371581493635E+01    0.294486000652849755E+01    0.496538603310821287E+02    0.493767739732771389E+02
    0.829731811603122749E-98    0.449479725804165719E+04    0.232631181174822405E+04    0.334012497880226311E+01   -0.325520050320646570E+00    0.629079747594166294E+00    0.104817335519509136E+01    0.295969252927944204E+01   -0.165036602314669736E+02    0.202357388585522671E+02
    0.858857687566538160E-96    0.448547791625764694E+04    0.230725622986783492E+04    0.399552041859325424E+01   -0.300285945061275927E+00    0.570281537606023292E+00    0.104588320909551635E+01    0.297691673494372244E+01   -0.427280128527875505E+02   -0.686248540933121376E+01
    0.793383978165224129E-95    0.448099133791577879E+04    0.231821792227320202E+04    0.386287896159762134E+01   -0.306771781121139508E+00    0.552729836971202593E+00    0.104275143963695549E+01    0.296166066595431321E+01   -0.412004190951375193E+02    0.487616372154099054E+01
    0.140596286841945441E-93    0.447520182703246246E+04    0.231538770080980430E+04    0.350704603034519780E+01   -0.389830365580075666E+00    0.605946500074466599E+00    0.104960701677162294E+01    0.297289525782092046E+01   -0.101349291084081941E+02   -0.341786587206364203E+02
    0.702919521582249948E-93    0.447194312735834592E+04    0.231119439787178908E+04    0.362527830089305914E+01   -0.318475173144638024E+00    0.535163895810162549E+00    0.104309257351947426E+01    0.298644333260991779E+01   -0.947381822852786115E+01    0.128273237758135608E+02
    0.194650804573298318E-92    0.446986602757081346E+04    0.230650308696466573E+04    0.391399399927037495E+01   -0.333223719533514706E+00    0.508815642158664483E+00    0.104392485452249351E+01    0.298634455948105515E+01   -0.320765939573651693E+02   -0.126565714077691709E+02
    0.485495336249299557E-92    0.446799810262256597E+04    0.231700755859231958E+04    0.361937871667118616E+01   -0.331950515257416867E+00    0.658370862228360831E+00    0.104995886776372060E+01    0.296986440721872791E+01   -0.316513421170408371E+02   -0.247809755929973363E+01
    0.711679180421642873E-92    0.446719318754463984E+04    0.231536691921898364E+04    0.351907038555215479E+01   -0.375500252444179561E+00    0.629444097191029783E+00    0.104871267506107535E+01    0.299058190486520470E+01   -0.316368707346583733E-01   -0.410310775546274940E+02
    0.121870099026454368E-91    0.446607736036900678E+04    0.231398544394592955E+04    0.347785975050714047E+01   -0.387644124938796797E+00    0.591593414752319746E+00    0.104750898979597040E+01    0.298409107078142233E+01   -0.221621685496060259E+02   -0.723034536845895559E+01
    0.170081136789981237E-90    0.446076555041695337E+04    0.230718510706741199E+04    0.396120904187402934E+01   -0.339341300697142578E+00    0.495515820488997449E+00    0.104624246444467772E+01    0.298287121853948634E+01   -0.395193805061280301E+02   -0.183251275027126503E+02
    0.389553583005891894E-90    0.445906809876472107E+04    0.231292935387086709E+04    0.343959044039188644E+01   -0.350969069520730925E+00    0.591055131914245191E+00    0.104398608096602263E+01    0.299514912629332253E+01   -0.316557704335141956E+02    0.139319155061565993E+02
    0.118316241954591466E-88    0.445220103912945069E+04    0.231854226186724190E+04    0.331809821844949981E+01   -0.299904231372103924E+00    0.646249249343247123E+00    0.104748620734957165E+01    0.296104003734119647E+01    0.536818317213851515E+01    0.598061647506731475E+01
    0.227544959707244598E-86    0.444164272518194775E+04    0.230705705638847030E+04    0.397977488692153347E+01   -0.335218051189262067E+00    0.495868754813783452E+00    0.104474816967262485E+01    0.299706485702590175E+01    0.177050548913206995E+01    0.208413327295037902E+02
    0.774538567403463864E-86    0.443915288595958191E+04    0.230937037590625641E+04    0.390271380166600235E+01   -0.366941615937115273E+00    0.503467891351227714E+00    0.104909325154815547E+01    0.298734424622309946E+01    0.238504908523877504E+02    0.167669899256018198E+02
    0.959398968426575935E-85    0.443407963665618536E+04    0.230830145629678009E+04    0.388121545479599650E+01   -0.383696527045150892E+00    0.509724542715094930E+00    0.104672622171061414E+01    0.299467833951801321E+01    0.329723976573326922E+02   -0.122942270494187866E+02
    0.239657664225910752E-84    0.443220865748586129E+04    0.231647243103235451E+04    0.308976020880350699E+01   -0.299524362251905207E+00    0.665937112160039146E+00    0.104609472353965183E+01    0.298517543633144555E+01   -0.287346836626703066E+02    0.279901376763528447E+02
    0.224276571207266941E-83    0.442769615034561139E+04    0.230874893004182468E+04    0.297720179704586396E+01   -0.302784937118493136E+00    0.661563484963640036E+00    0.104937869417562557E+01    0.298849014080917819E+01    0.424577215711793770E+02   -0.309379672743948291E+02
    0.293286601909364870E-83    0.442711960972300767E+04    0.231725241808805185E+04    0.305170441757593069E+01   -0.355816044934520681E+00    0.645576351801791071E+00    0.104933278386632400E+01    0.298772848867520580E+01    0.400027821626568851E+02   -0.301061439081168913E+01
    0.513637174622349755E-82    0.442135370586539648E+04    0.231091682564063467E+04    0.357814408314300358E+01   -0.326681487157977346E+00    0.629491404170122726E+00    0.104648922609370909E+01    0.299713413446052845E+01   -0.127473402292336289E+02    0.664963869486875581E+00
    0.180505589611917762E-81    0.441880004645056670E+04    0.231539518406080697E+04    0.356119831900414940E+01   -0.361383442903740915E+00    0.600519286153705756E+00    0.104998476718467004E+01    0.298994334653852478E+01    0.118467780081923806E+02    0.298772838604531898E+02
    0.152500077373425205E-80    0.441449206954709553E+04    0.231300919103225397E+04    0.327905964825260643E+01   -0.372844311782679239E+00    0.654010389422750471E+00    0.104816770156854000E+01    0.299627199380852804E+01    0.342019544807106968E+02   -0.912572462275711160E+01
    0.177283913433645283E-80    0.441415089479754533E+04    0.232187935397586625E+04    0.346112734497805796E+01   -0.315108452196164401E+00    0.654003896469158019E+00    0.104786477031725989E+01    0.296612642058577958E+01   -0.310027491672191999E+02    0.385439827616999082E+02
    0.210678394930436337E-80    0.441376573420178920E+04    0.231335154767451695E+04    0.340969345032855786E+01   -0.375389038406397535E+00    0.638694783684676137E+00    0.104814675852201900E+01    0.299465360720680440E+01    0.297941534396121455E+01    0.282658868134911074E+02
    0.763308257434570959E-80    0.441115107584028738E+04    0.232065356759099268E+04    0.387049466065312986E+01   -0.313087742594704288E+00    0.585401314051365196E+00    0.104870695949352077E+01    0.294674174953942547E+01    0.393180810310067130E+02    0.237809671180614970E+02
    0.133924537389866687E-79    0.440998667659290913E+04    0.230651100935048953E+04    0.368016529388619951E+01   -0.349122490707596378E+00    0.608107078881475860E+00    0.104725072388497731E+01    0.299541698664876588E+01    0.159188336835405124E+02   -0.227532174544129049E+02
    0.373133465377001986E-78    0.440329218703861352E+04    0.231131249753848442E+04    0.371463225126071261E+01   -0.360547542782938324E+00    0.590346510957666881E+00    0.104724439323547225E+01    0.298824400299604909E+01   -0.267378840318728663E+02   -0.437600439408546222E+02
    0.431170049468147257E-78    0.440296305426470644E+04    0.231097668201330271E+04    0.395868459343913903E+01   -0.318347868307551074E+00    0.576714929797705445E+00    0.104928381754225097E+01    0.296810685789948936E+01    0.499448892428476086E+02   -0.349952925770386258E+01
    0.408072655918101034E-77    0.439842799872239812E+04    0.231163495641196505E+04    0.389705407417622940E+01   -0.315616058591009330E+00    0.518320995201122181E+00    0.104347429111550039E+01    0.298072197144175988E+01   -0.229340119697259084E+02    0.489978117863572891E+02
    0.581732880506690082E-77    0.439767886644761620E+04    0.230704985248644971E+04    0.384754297316409932E+01   -0.316309764948893457E+00    0.570719214982704726E+00    0.104504191330350937E+01    0.299936049491888213E+01   -0.225449903572544237E+02   -0.467273877833880533E+02
    0.721801874088641857E-77    0.439720738781872933E+04    0.230952352723009699E+04    0.341917874600875171E+01   -0.389631863267849821E+00    0.607591091789493998E+00    0.104759259795586357E+01    0.299807834486873004E+01    0.704853364609556365E+01    0.439423564426134590E+02
    0.191740907692962276E-76    0.439521342896674014E+04    0.232166188238397081E+04    0.318950672154810455E+01   -0.297093662182615015E+00    0.675134210539105495E+00    0.104864246245034898E+01    0.297140139374324130E+01   -0.282758562614043463E+02    0.393927386430227244E+01
    0.244070213503055996E-76    0.439469080712165851E+04    0.231613065148739315E+04    0.314615861988688295E+01   -0.301478733351864536E+00    0.685485437008785059E+00    0.104772049389047295E+01    0.297473052296117890E+01   -0.267763558729188382E+02   -0.560099179136445713E+01
    0.647503075510457847E-76    0.439269947192320069E+04    0.231138461055034622E+04    0.381077499110983764E+01   -0.364513285363737782E+00    0.578924301320161927E+00    0.104916473522888665E+01    0.297972118229546856E+01    0.362152520948482248E+02    0.478057137820113525E+02
    0.318576214833821160E-75    0.438947282534512760E+04    0.232026861017992769E+04    0.334000770395976776E+01   -0.338018624580340044E+00    0.613633101525951519E+00    0.104994353623041903E+01    0.297262109541239639E+01   -0.199909134756028770E+02   -0.108837590143864134E+02
    0.671706904190702122E-75    0.438794090464217970E+04    0.230300151345380527E+04    0.387843659965343601E+01   -0.321262829110474601E+00    0.520023069507177471E+00    0.104388836355265946E+01    0.299566453468271154E+01   -0.896080244807816939E+01    0.461068677698427081E+02
    0.661684155101403009E-75    0.438793097215400849E+04    0.230526856458144539E+04    0.381132517908014323E+01   -0.298694827062952639E+00    0.567630792346292656E+00    0.104477102158708401E+01    0.299247120587408677E+01   -0.456423823926025918E+02    0.221079987992751654E+02
    0.111661339420670490E-74    0.438684443756731889E+04    0.230517697385723204E+04    0.403588294712570761E+01   -0.305902896041718997E+00    0.507481051011638762E+00    0.104520937420705384E+01    0.298598269428229868E+01   -0.352060080895103766E+01    0.469887684708617996E+02
    0.690422816925756727E-74    0.438316077026185030E+04    0.230211705949826865E+04    0.376815465574668007E+01   -0.329248458840942282E+00    0.546259315379354238E+00    0.104571743871874423E+01    0.299732793568091838E+01   -0.472609257939335237E+02   -0.352203020611965840E+02
    0.942972162340249474E-74    0.438249730511423604E+04    0.232317844850151960E+04    0.358081165918296707E+01   -0.326835956826995122E+00    0.603569666417950956E+00    0.104962144238922028E+01    0.294845085774328908E+01    0.752536838192396118E+01    0.391887078602104566E+01
    0.340440038279134381E-73    0.437988973042990983E+04    0.231058774376798738E+04    0.355485173742718308E+01   -0.328784058384558986E+00    0.616212595694241472E+00    0.104893784316867533E+01    0.297506143342444274E+01   -0.255442445647075402E+02    0.245724580026526809E+02
    0.374978743740933885E-73    0.437965646976999506E+04    0.230347163291807055E+04    0.335607245500392137E+01   -0.304638780949106125E+00    0.594184118534877292E+00    0.104736627218999745E+01    0.299982978475160866E+01   -0.532531598145764917E+01    0.343705038752944887E+02
    0.172128376848303375E-72    0.437656855711514345E+04    0.231311646918070346E+04    0.339240247688442409E+01   -0.360730136514989197E+00    0.590698927248350381E+00    0.104737340892402120E+01    0.299172616482656384E+01   -0.345122551041010013E+02   -0.181934468901838784E+02
    0.276850849320336518E-72    0.437557808044389094E+04    0.230754909327984660E+04    0.354961631449026749E+01   -0.344024903237156787E+00    0.574634440649378297E+00    0.104605018734954536E+01    0.299409957050857400E+01    0.321257094774993135E+02   -0.373836039477328370E+02
    0.454383252475251453E-72    0.437454715624526034E+04    0.230909299059986051E+04    0.342952133493425837E+01   -0.346528771864259399E+00    0.672401958845003200E+00    0.104979398997821738E+01    0.298916838571225840E+01    0.347515699107390219E-01    0.429853285335804429E+02
    0.514233528490761779E-72    0.437425968327029659E+04    0.230485631825972951E+04    0.381986836210411518E+01   -0.330674358149787240E+00    0.505893998948505619E+00    0.104574884699780268E+01    0.299502609230117089E+01   -0.857170296154421862E+00   -0.140881136002975467E+02
    0.203408623341132332E-71    0.437146943432265107E+04    0.231517629644211002E+04    0.368262267772199436E+01   -0.329855723983987659E+00    0.560934436168222250E+00    0.104580086105525005E+01    0.297628329318613805E+01   -0.208299800795234198E+02    0.209514107983321338E+02
    0.256150082380052101E-71    0.437096834101604327E+04    0.231831914948556823E+04    0.363066468693605771E+01   -0.309552601387048099E+00    0.573574028931813973E+00    0.104837454431199539E+01    0.297031959193300965E+01    0.221619475141097269E+02    0.141729203453056698E+02
    0.104098976574027862E-70    0.436812401360526019E+04    0.231127551360285042E+04    0.368247979641046719E+01   -0.315312692487293544E+00    0.592781896930931973E+00    0.104548206612920147E+01    0.297968314626916575E+01    0.180690982349211708E+02    0.748156094500544810E+01
    0.180059876820456259E-70    0.436698811900488818E+04    0.231446732550144861E+04    0.315886384053202285E+01   -0.311269778828582644E+00    0.661057369213043033E+00    0.104960354680957435E+01    0.297185599760264152E+01   -0.455025308540882634E+01    0.386700954255316276E+02
    0.314056072507556226E-70    0.436583555480438190E+04    0.232745440060595320E+04    0.323827791718814950E+01   -0.305375962823148439E+00    0.679949640538903277E+00    0.104993163414582535E+01    0.294463710220912755E+01    0.338084640349415082E+02    0.137312258818100972E+02
    0.400478294252979534E-70    0.436530937875720701E+04    0.230614091806099077E+04    0.319599801214811574E+01   -0.311627928275203414E+00    0.619840841628287231E+00    0.104874992384237120E+01    0.299578182291230766E+01   -0.468718300427390062E+02   -0.142447728122155368E+02
    0.447976608626745222E-70    0.436504521585771272E+04    0.230981423175925465E+04    0.345440643172879724E+01   -0.360252893203346747E+00    0.610350740327244456E+00    0.104860314446531366E+01    0.298707122438018580E+01   -0.118654796165362910E+02   -0.365436562561285427E+02
    0.880823608573610285E-70    0.436365298311682909E+04    0.231639789877324256E+04    0.312600675987490639E+01   -0.297090468653448181E+00    0.664527032778170157E+00    0.104799791774617401E+01    0.298809075540178792E+01   -0.166313840414975260E+02   -0.516124626372319995E+01
    0.107034270363702262E-69    0.436322322957414508E+04    0.232010529565293336E+04    0.316192351249477444E+01   -0.313009041860504655E+00    0.683843642336851465E+00    0.104872475715384628E+01    0.297160147051138734E+01   -0.368086789862220698E+02   -0.280787387683184519E+02
    0.271176917741032107E-69    0.436132398482631561E+04    0.230451111078929262E+04    0.400965088140559445E+01   -0.310601632035491126E+00    0.545128258593918780E+00    0.104614177935434394E+01    0.299132086597883173E+01   -0.304233342743710260E+02   -0.439178801663328215E+02
    0.705075432136080773E-69    0.435937291812200237E+04    0.230955217066120667E+04    0.322243749787732314E+01   -0.300043775838085169E+00    0.637600389146625757E+00    0.104997325830727095E+01    0.298002674020976688E+01    0.136998730427162485E+02    0.722930108086317347E+01
    0.158826570425797798E-68    0.435770873181231036E+04    0.231683832148857346E+04    0.340672455824176090E+01   -0.348331657410424433E+00    0.612789604958219325E+00    0.104851647241722357E+01    0.297448845396633610E+01    0.444142645801385783E+02    0.478101905626279233E+01
    0.807193486184889589E-68    0.435441723072333752E+04    0.231015626798000631E+04    0.382666494201991991E+01   -0.305865679001621760E+00    0.529349668648640637E+00    0.104340534504014926E+01    0.298287697993982670E+01   -0.259640609351741176E+02   -0.236659858517313531E+02
    0.141217198135718731E-67    0.435325858910113857E+04    0.230740409606371122E+04    0.380688946851646204E+01   -0.312566883958104114E+00    0.541403900647677960E+00    0.104768263554015140E+01    0.297998073348802750E+01    0.597997762450714987E+01    0.142287501055539991E+02
    0.205910136883669508E-67    0.435246430764629076E+04    0.232174334518868909E+04    0.357872950667720868E+01   -0.304806979664110522E+00    0.655684573600178844E+00    0.104974677770284663E+01    0.294825522604626267E+01    0.122091725995469247E+02    0.262844559459782943E+02
    0.445994615525919056E-67    0.435087857357780831E+04    0.231425448543249786E+04    0.289610027646614787E+01   -0.338603031964862355E+00    0.669083098285061517E+00    0.104993035114420930E+01    0.299050951842497659E+01    0.447399803753877023E+01    0.296331150996393546E+02
    0.102239708974942403E-66    0.434917937686181904E+04    0.231535027756219188E+04    0.356372149504041591E+01   -0.315685732583723622E+00    0.639049269290138722E+00    0.104903419702437706E+01    0.298325644092325248E+01   -0.257502715205829169E+02   -0.445308579049954858E+02
    0.118539322733472103E-66    0.434884352766420579E+04    0.231496141381295638E+04    0.305288353375742894E+01   -0.298712793599167914E+00    0.655332821222248119E+00    0.104895321225238281E+01    0.298464588064634295E+01   -0.227783662810324472E+01    0.225960573665782221E+02
    0.166236885401760249E-66    0.434812718956684512E+04    0.230364493341144407E+04    0.391989682960729269E+01   -0.343232968996978971E+00    0.536642208788586483E+00    0.104663708247655052E+01    0.299593854449237806E+01   -0.733984180592177893E+01    0.231080158584936299E+02
    0.145242904330009780E-65    0.434375203187788247E+04    0.231400529258997631E+04    0.332815497808314209E+01   -0.339096690627574027E+00    0.634448228214895216E+00    0.104897825645678600E+01    0.299619495840720873E+01   -0.632335353400326738E+01   -0.175103574976502330E+01
    0.318796947289846377E-65    0.434213973822161825E+04    0.229999072387279284E+04    0.397945114287422008E+01   -0.325458228419429674E+00    0.514960960086587982E+00    0.104792770701767912E+01    0.299779342197505372E+01    0.287977994131442046E+02    0.383623915032846696E+02
    0.611810645937019657E-65    0.434079600129895425E+04    0.231204838867361013E+04    0.376290802769123367E+01   -0.342659655834107846E+00    0.579063496102391051E+00    0.104819444242194382E+01    0.297633458729181521E+01   -0.347592375211269697E+02   -0.232137424292411900E+02
    0.161495654499186508E-64    0.433881472030776422E+04    0.231210190141927296E+04    0.335518432216399143E+01   -0.360814935381575386E+00    0.619951082353308536E+00    0.104791924492799771E+01    0.299035723771118933E+01    0.183489354853541329E+02   -0.695662414620876746E+00
    0.403638927285150490E-64    0.433694263531013439E+04    0.231843527256466314E+04    0.344272137000606993E+01   -0.334460125303651434E+00    0.625746421111996076E+00    0.104778865703078883E+01    0.297277868746572249E+01   -0.306874399577362027E+02   -0.118193901370269785E+02
    0.462436128119550600E-64    0.433663065988600920E+04    0.231360945375943720E+04    0.332099013754146766E+01   -0.304849998797873001E+00    0.636828743788343088E+00    0.104567464309479763E+01    0.299306301018853071E+01    0.275809374902597710E+02   -0.438150765628564187E+02
    0.218497106283183577E-63    0.433348496105034064E+04    0.230177373212805378E+04    0.386646641292933957E+01   -0.344366011273850137E+00    0.548763580680899032E+00    0.104697528240008197E+01    0.299980512810189914E+01   -0.323039544788506703E+02   -0.339952845372852153E+02
    0.542543778311540712E-63    0.433162596903311169E+04    0.231648560287636337E+04    0.343657593364009317E+01   -0.329552361199161481E+00    0.607638121735511016E+00    0.104701194883148818E+01    0.298026726450778590E+01   -0.160023891935474438E+02   -0.139438534879824303E+02
    0.627700866513781058E-63    0.433129437914056416E+04    0.231311444572804476E+04    0.285236901237909057E+01   -0.334761105338443277E+00    0.682011748210295754E+00    0.104962820314671257E+01    0.299709808067284023E+01    0.528268268187289891E+00   -0.251715291997422241E+02
    0.124330139912267564E-62    0.432988745551354987E+04    0.230260345982873378E+04    0.382624967851464914E+01   -0.310297319342999256E+00    0.562114742244238963E+00    0.104799477544162678E+01    0.298853407935308102E+01    0.464712786093677721E+00   -0.125542060213822921E+02
    0.160830986938727488E-62    0.432933262832009314E+04    0.231897472672469758E+04    0.317702947906723132E+01   -0.302164747059372019E+00    0.669315866431925977E+00    0.104803340659481403E+01    0.297340312163025899E+01   -0.206632308004082681E+02   -0.108787198059027901E+01
    0.900253728589988218E-62    0.432584798311764280E+04    0.231456177970812405E+04    0.349777609394507971E+01   -0.331843630739811213E+00    0.591419825335936622E+00    0.104692971328024909E+01    0.298794950426969841E+01   -0.349186586787712230E+02    0.142989672592411239E+02
    0.204011990118334299E-61    0.432417180868573632E+04    0.231590331534284587E+04    0.384663015076851789E+01   -0.325846003922545813E+00    0.574496734619836857E+00    0.104963211537770662E+01    0.296393726166235716E+01    0.280941156707479252E+02   -0.375302790053220292E+02
    0.254437472488786795E-61    0.432369005598387503E+04    0.230797325304116066E+04    0.332112066721461563E+01   -0.330518389109516808E+00    0.648481203950732388E+00    0.104738017801838179E+01    0.299588985250261208E+01    0.291225123108182231E+02    0.264190004424685299E+02
    0.329006367692387004E-61    0.432313601200961784E+04    0.231340565890822199E+04    0.355027364840267445E+01   -0.306557322051623005E+00    0.624592675204697079E+00    0.104573248177215539E+01    0.298586396402362775E+01    0.439447321404449127E+02   -0.319869209700721591E+02
    0.514204270976906797E-61    0.432220292501843232E+04    0.230510386952609770E+04    0.357382327759814578E+01   -0.302891949449596243E+00    0.612696293237346978E+00    0.104536841323024099E+01    0.299555656771515633E+01   -0.104371569455790194E+02    0.300384456328061589E+02
    0.508921615622412671E-61    0.432218357820439178E+04    0.230873377254662728E+04    0.366560997759582463E+01   -0.302115764607687465E+00    0.538385003123555528E+00    0.104407449239894135E+01    0.299674322146404926E+01    0.745872035393789901E+01    0.364021189471958735E+02
    0.658814473516479573E-61    0.432162728228499600E+04    0.231554763808472171E+04    0.364885693039822145E+01   -0.303428870993270206E+00    0.573390571869866195E+00    0.104998444754527509E+01    0.296468873028093416E+01    0.303888638959058000E+02   -0.432817733238152798E+02
    0.921352331974207408E-61    0.432091648118651392E+04    0.231104750047901280E+04    0.374854664838985840E+01   -0.327188029401712710E+00    0.546980051758923613E+00    0.104899863036334939E+01    0.298413600324162065E+01   -0.311730320932537097E+01    0.289971300817896918E+02
    0.164024269184821396E-60    0.431972296723474210E+04    0.230401431667614588E+04    0.399391711214239509E+01   -0.317168599567890785E+00    0.525121008115983390E+00    0.104916267124240536E+01    0.299081733904711866E+01    0.218901858483150846E+02   -0.124583805771752623E+02
    0.764568946129811643E-59    0.431199920143636064E+04    0.232035901555113060E+04    0.369863152418313668E+01   -0.304030384067461634E+00    0.595089084563096615E+00    0.104934319337063520E+01    0.296086552965521355E+01   -0.154030499156929110E+02   -0.285015020312675027E+02
    0.258165797940181632E-58    0.430952545164978619E+04    0.230530130038029347E+04    0.388808911404054847E+01   -0.347677198212143934E+00    0.528083805675586992E+00    0.104824473541815633E+01    0.299776583098056548E+01   -0.312256765504969280E+01   -0.180897278673276745E+02
    0.133763929067914383E-57    0.430619533243036312E+04    0.231345205742548387E+04    0.334177727150832204E+01   -0.305091386370949735E+00    0.612974544586748715E+00    0.104638671828118501E+01    0.298464702520356084E+01    0.280642490331725298E+02   -0.332577740910511750E+02
    0.208545333713424803E-57    0.430526717258522422E+04    0.231857592796807057E+04    0.333338249955885324E+01   -0.304874155403923763E+00    0.628021030459802843E+00    0.104772635937575909E+01    0.297418795364983524E+01   -0.208579033407506671E+02    0.466422377995901485E+02
    0.322731587014414078E-57    0.430435384352060737E+04    0.231210634294314332E+04    0.324203594114898719E+01   -0.357843213180973341E+00    0.663252298087796621E+00    0.104920894595841241E+01    0.299309727447920171E+01    0.195957525015482332E+02   -0.318717682260448321E+02
    0.722143690869286051E-57    0.430270303720236643E+04    0.231204761844019595E+04    0.346876320653479375E+01   -0.297893480508957254E+00    0.639668694917492897E+00    0.104710788256072340E+01    0.298798416239671383E+01    0.296917087431373972E+02   -0.400141898311857105E+02
    0.962659527463961736E-57    0.430208808588570264E+04    0.231297836885922607E+04    0.358141990926750697E+01   -0.310933520670447050E+00    0.588108452061901987E+00    0.104499906340469662E+01    0.298417038235581300E+01    0.338287289379534855E+02    0.606649474072613515E+01
    0.188945374012798559E-56    0.430069939939641699E+04    0.230732511251445476E+04    0.368188120891905113E+01   -0.329732154089713958E+00    0.598858975205516453E+00    0.104874123567932864E+01    0.298431022513578981E+01   -0.312149826428327692E+02   -0.300596709938865772E+02
    0.326649037687870198E-56    0.429956454265965203E+04    0.231660237047520150E+04    0.328583163517600774E+01   -0.307863452236658397E+00    0.648516688000805974E+00    0.104744873369833003E+01    0.298088073106188034E+01   -0.321190784910369302E+02    0.241698411451139350E+02
    0.397159830106903249E-56    0.429913363770141859E+04    0.231304679490018998E+04    0.363215739768197832E+01   -0.311009577639636714E+00    0.572612863000356853E+00    0.104762201412243550E+01    0.297504927789563833E+01   -0.480465566123237693E+02    0.994022474053141281E+01
    0.452951730476994964E-56    0.429883074416107502E+04    0.230428929702171445E+04    0.342891699516721182E+01   -0.309308740137751115E+00    0.635549565715955778E+00    0.104869679355943490E+01    0.299214193928090122E+01    0.232167792715390391E+02   -0.405411231560759333E+02
    0.495414543224035707E-56    0.429861152554390446E+04    0.231370499893536453E+04    0.367148564410013289E+01   -0.316388301288073437E+00    0.584826126569053750E+00    0.104998008237000895E+01    0.296571849030097168E+01   -0.474656311277688729E+02   -0.949782342392228429E+01
    0.884896400675825731E-56    0.429741137413666456E+04    0.231062312765231991E+04    0.362246633739874646E+01   -0.309723503876657480E+00    0.557968697761999755E+00    0.104609100527940035E+01    0.298875961352657038E+01    0.234293283555161622E+02   -0.279365334672770942E+02
    0.100220377130940332E-55    0.429712240203911097E+04    0.231399705900001891E+04    0.347719367883362374E+01   -0.338733892705483430E+00    0.641412939340558319E+00    0.104996620065254920E+01    0.297194502606115218E+01    0.144832156207010883E+02   -0.468077680892747594E+01
    0.105971552645897191E-55    0.429697080373056360E+04    0.231409318727681512E+04    0.335603576328644593E+01   -0.329420718546772906E+00    0.625341712433612695E+00    0.104720589529556118E+01    0.298787328380363970E+01    0.331711791605227120E+02    0.228314454022334132E+02
    0.138620621674020157E-55    0.429639366338179116E+04    0.231662753226398991E+04    0.302493293115357265E+01   -0.305692551548975677E+00    0.663287640262160139E+00    0.104965246669235190E+01    0.298098206227087426E+01   -0.454695411511584311E+02   -0.105196457519942470E+02
    0.269699405487172629E-55    0.429502252905263231E+04    0.231037704297170239E+04    0.353827597221743506E+01   -0.381025083734601977E+00    0.588367348643096588E+00    0.104929314317961531E+01    0.299178678302934342E+01   -0.173015774644820652E+02    0.197677779821142536E+02
    0.329169505110862688E-55    0.429458399944183839E+04    0.231499962158861035E+04    0.342800856251611652E+01   -0.364247830629727209E+00    0.611114270651081259E+00    0.104961054974648782E+01    0.298584521734323927E+01    0.799136631119555574E+01   -0.400749930260291407E+02
    0.453358116442677071E-55    0.429390378038983908E+04    0.231714312750294948E+04    0.298302930488261886E+01   -0.308088080097206896E+00    0.681934558167903160E+00    0.104962834241733649E+01    0.298037905179201923E+01   -0.457067101061991394E+02   -0.123902530043391437E+02
    0.102279918864046960E-54    0.429223654820393403E+04    0.231615847155285701E+04    0.370530162523117745E+01   -0.300771103634409842E+00    0.592993312403105488E+00    0.104660671775005887E+01    0.297104762312056137E+01    0.574368125174272848E+01    0.231020587549073753E+02
    0.215336791572873827E-54    0.429070756836839064E+04    0.230995774305202940E+04    0.329667039049832322E+01   -0.341720357516166084E+00    0.622469303044281608E+00    0.104828707309822300E+01    0.299272099402224612E+01   -0.173363465610039498E+02    0.196798189847949345E+02
    0.251276650169019958E-54    0.429035886587008827E+04    0.231048269555230218E+04    0.337272633271836275E+01   -0.342238748801851289E+00    0.600808986496184749E+00    0.104912574982736162E+01    0.298982097060422092E+01   -0.259267120030155880E+02    0.199481386456695731E+01
    0.258156505535418849E-54    0.429026484289501332E+04    0.230744913269522385E+04    0.367017833217369205E+01   -0.346434542249774657E+00    0.550259208191631322E+00    0.104674461027461208E+01    0.299726694733078247E+01    0.320598403110959680E+02   -0.233084664455814554E+02
    0.503211198366012936E-54    0.428888995499934754E+04    0.231232956411460464E+04    0.352668245098165656E+01   -0.343844621635931269E+00    0.610778215299536353E+00    0.104960805513628164E+01    0.297694676732061403E+01   -0.353165435167826516E+02    0.192066122689504795E+02
    0.845489258202111099E-54    0.428781214399105647E+04    0.230880251529348971E+04    0.350831222929440312E+01   -0.310139764015551878E+00    0.653337181775296871E+00    0.104898839007261957E+01    0.298192628875797672E+01   -0.860273489665812718E+01   -0.145979156588499848E+02
    0.134042881135461473E-53    0.428685048521778026E+04    0.230975754972216555E+04    0.348059394538072642E+01   -0.358815736797986840E+00    0.592543846754586379E+00    0.104981555335907473E+01    0.298858746280169596E+01   -0.561459888508258587E+01    0.354723435460313397E+01
    0.156950973653610255E-53    0.428649493775852625E+04    0.230710880545934833E+04    0.365959079413455068E+01   -0.303787239154031552E+00    0.599509683611231248E+00    0.104474238865143398E+01    0.299913415212482715E+01    0.975278017042929690E+01   -0.384335980061675997E+01
    0.482246091884117137E-53    0.428420989563658168E+04    0.230715655457334924E+04    0.339829919378026446E+01   -0.301860583086135226E+00    0.620110731196389597E+00    0.104918098038744434E+01    0.298511576954114899E+01    0.132954354147301927E+02   -0.171904319563947112E+02
    0.596177392257418517E-53    0.428374572821065431E+04    0.231199252299800446E+04    0.316604932269843165E+01   -0.346427603376818938E+00    0.660503809800023434E+00    0.104909233592418216E+01    0.299938763162491906E+01    0.517018158530893857E+01    0.272822225649701693E+02
    0.726834392937688390E-53    0.428330940741934501E+04    0.231115226866139847E+04    0.368429880252968145E+01   -0.330280743311548608E+00    0.586761203639777351E+00    0.104687141836049302E+01    0.298591717389702627E+01   -0.407545579423534647E+02    0.138626584848247774E+02
    0.955260981566429834E-53    0.428272283556769798E+04    0.230609685927852297E+04    0.375216085404883160E+01   -0.320341103537535643E+00    0.566604912215002754E+00    0.104484976554155895E+01    0.299664549781438927E+01    0.406246877317208828E+02    0.286621115858111608E+02
    0.993782046626935817E-53    0.428260376890499265E+04    0.231495456340035253E+04    0.357741392781601331E+01   -0.311890739623922497E+00    0.617337371302858373E+00    0.104693856284213282E+01    0.297911357235052598E+01    0.166405999380491210E+02   -0.344918151216918005E+02
    0.109615819706562867E-52    0.428236767113728456E+04    0.231022093894601039E+04    0.336711729025537965E+01   -0.299250639611836844E+00    0.593600887611504202E+00    0.104594388329532650E+01    0.299938192146459137E+01   -0.405615272267250546E+02    0.279774612807159002E+02
    0.162575965780557750E-52    0.428153934379773546E+04    0.230395829417471623E+04    0.365200367379027213E+01   -0.361329480649685175E+00    0.582195505947644021E+00    0.104900305413364792E+01    0.299860137526618109E+01    0.375032115963062438E+02   -0.111633935176557486E+01
    0.235578246027391568E-52    0.428075754831992617E+04    0.231432637756680879E+04    0.313245100648331798E+01   -0.306321526323480864E+00    0.657865118905892610E+00    0.104863905354838294E+01    0.299240403180998804E+01   -0.150758926252256416E+02    0.236420710056749925E+02
    0.298557441393691440E-51    0.427563853966467013E+04    0.231438040323763516E+04    0.345890996037315901E+01   -0.309295535466219851E+00    0.633056678976564813E+00    0.104851935588978251E+01    0.297056499536959251E+01   -0.159566869663182942E+02   -0.487946919240956802E+02
    0.316034511500838928E-51    0.427548476151780142E+04    0.230644430031461661E+04    0.305205870319842365E+01   -0.302847990753608298E+00    0.658312367299538792E+00    0.104857594140172172E+01    0.299860702641025556E+01    0.426511615858125737E+02   -0.337609625134534213E+02
    0.122470784654143360E-50    0.427273554915643763E+04    0.231331150672866625E+04    0.331316513936888901E+01   -0.352330475348313132E+00    0.651855371745452938E+00    0.104948910417805830E+01    0.298595468830894628E+01    0.149781067145043068E+02    0.398501570114023593E+02
    0.210397851482809275E-50    0.427161329363582536E+04    0.231963379764310048E+04    0.334832140573264025E+01   -0.307919366581593301E+00    0.669316107499802637E+00    0.104942915594182562E+01    0.296740338884573340E+01   -0.284740107563177354E+02   -0.106326265477249393E+01
    0.346170819780500722E-50    0.427057742947024872E+04    0.231155823045376383E+04    0.314382122845265899E+01   -0.333165518917156511E+00    0.656542507170653655E+00    0.104876613965484156E+01    0.299173613392737847E+01   -0.970178138907058241E+01   -0.222073993426839422E+02
    0.396768722732773307E-50    0.427026458707718939E+04    0.231684257114786851E+04    0.349786450088338663E+01   -0.325482260971100723E+00    0.616823324108745297E+00    0.104820998561256951E+01    0.297269497834282337E+01    0.229668735074148316E+02   -0.149515596864613158E+02
    0.400747684733208625E-50    0.427020463014600409E+04    0.230901757382899177E+04    0.360988178615704580E+01   -0.305970754945267043E+00    0.606837998494644371E+00    0.104613824205340733E+01    0.298669462334757263E+01    0.201569511944903752E+02   -0.161695867469430752E+02
    0.414884247443314437E-50    0.427009529505527826E+04    0.231047826449195509E+04    0.342818964055751829E+01   -0.303592353983677898E+00    0.641512764474919339E+00    0.104688264622341465E+01    0.298579729385751724E+01   -0.468311182250461329E+02    0.213503246699184501E+01
    0.554450234433321853E-50    0.426947534006584010E+04    0.231470750014665919E+04    0.351709689153793459E+01   -0.335582562836395926E+00    0.602332248665836678E+00    0.104816856897130384E+01    0.297994870840048698E+01    0.292794915164823522E+01   -0.582504972500660045E+01
    0.700994820813316436E-50    0.426896629317683346E+04    0.231300775238876304E+04    0.340000633336660352E+01   -0.335498949406892011E+00    0.640860653787777346E+00    0.104868549416943324E+01    0.299232334081116980E+01    0.666235856522360592E+01    0.230471777011081400E+02
    0.883955892156769010E-49    0.426385730965700805E+04    0.231039029084574031E+04    0.309252326213205642E+01   -0.338869165888913526E+00    0.643795940463242178E+00    0.104914467042574211E+01    0.299905522505437716E+01   -0.421860803115239236E+02   -0.232819384247768646E+02
    0.231333498984649216E-48    0.426189323302648427E+04    0.230294629564754814E+04    0.370640422872138853E+01   -0.312580055801559009E+00    0.596819033082181427E+00    0.104754635126748985E+01    0.299587565554670254E+01   -0.510032480407552669E+01    0.195396088190871353E+02
    0.324634111639143883E-48    0.426117555632672884E+04    0.230925577435424248E+04    0.365707341887146242E+01   -0.314356303661492920E+00    0.588647002246943440E+00    0.104586794232625513E+01    0.298872485306521218E+01    0.325029975338897117E+02   -0.362606890503238333E+01
    0.324526572578309778E-48    0.426113621896120094E+04    0.230969000515166636E+04    0.336009437166002733E+01   -0.312370788424841617E+00    0.603120974608701843E+00    0.104707871181821943E+01    0.299332509830782234E+01   -0.267016432415228024E+02    0.725876971657586267E+01
    0.354187947203859182E-48    0.426092129840920916E+04    0.230655223274524542E+04    0.349950295911571763E+01   -0.306740680230859541E+00    0.598357132362087540E+00    0.104767981823728173E+01    0.299019608619530786E+01    0.337559081667226479E+02    0.482509835676783609E+02
    0.672272762234427788E-48    0.425959962549360171E+04    0.231297368564639828E+04    0.336527518404714288E+01   -0.310292260065690717E+00    0.664259295564025187E+00    0.104830271711292178E+01    0.298352338556208574E+01   -0.356536777021449609E+02   -0.441556867895133394E+02
    0.927140292024657812E-48    0.425891674401441014E+04    0.231388829975364479E+04    0.358266850767210698E+01   -0.303060950158577425E+00    0.624811160429615819E+00    0.104878212701922902E+01    0.296766993117879352E+01   -0.833808536883023521E+01   -0.277480142052389986E+02
    0.607854920815724928E-47    0.425511591114349085E+04    0.231153220702948374E+04    0.325110291309231370E+01   -0.337879545524422953E+00    0.622605014699919357E+00    0.104882815051515976E+01    0.299625420424412114E+01    0.629099494403548931E+01    0.130299206564394510E+02
    0.847059842349635900E-47    0.425441224092775519E+04    0.230729184947274643E+04    0.341681669339644234E+01   -0.325134182792136350E+00    0.624118758158689557E+00    0.104652757818630171E+01    0.299930664079520870E+01   -0.327796942368458062E+02    0.524722213975469032E+01
    0.124370229792603978E-46    0.425360408774769530E+04    0.230960611299971242E+04    0.381687232042129887E+01   -0.325188690347103349E+00    0.584709726257199858E+00    0.104965290054627047E+01    0.298148032422039355E+01   -0.188100370917643076E+02   -0.499681219913159680E+01
    0.141949176145382299E-46    0.425329967527219833E+04    0.230445921612624443E+04    0.368878473912275373E+01   -0.319687874133117111E+00    0.563237772387177538E+00    0.104759592266117707E+01    0.299378015923114971E+01   -0.288003478548882370E+02   -0.391150376530637089E+01
    0.183830900400140967E-46    0.425274258079935498E+04    0.231063186423540219E+04    0.319547918910980444E+01   -0.322999023022462362E+00    0.660086246648905250E+00    0.104975491476984306E+01    0.298497399078828218E+01   -0.112704607534217160E+02   -0.128686336240027046E+02
    0.203136283020606596E-46    0.425250285923288902E+04    0.230579419186926498E+04    0.352501966698884939E+01   -0.307444236074222832E+00    0.608375361427701433E+00    0.104822853855559783E+01    0.298912675801458683E+01    0.166285294108127175E+02   -0.310769204641115451E+02
    0.301865112775918968E-46    0.425167065288800586E+04    0.230950039461385040E+04    0.365180786272643321E+01   -0.320406351929180933E+00    0.590316740370925852E+00    0.104630389426157699E+01    0.299393598414249285E+01    0.428358998978306715E+01   -0.252744811544715198E+02
    0.115704284561875972E-45    0.424894336791401292E+04    0.231152424033175794E+04    0.340041570854970576E+01   -0.326124790689892474E+00    0.601369782612672266E+00    0.104798113778681645E+01    0.299413658214907619E+01   -0.353868553917976527E+02   -0.341049688288641590E+02
    0.304541102500845548E-45    0.424696783112109460E+04    0.230363521220766961E+04    0.354523595661133140E+01   -0.309188057681822392E+00    0.630257924485394971E+00    0.104988037565613701E+01    0.298989928315635556E+01   -0.380715135271303637E+02   -0.229082718044262954E+02
    0.311212143333230241E-45    0.424688449361926723E+04    0.231680053676076750E+04    0.361959692159324753E+01   -0.316427841680682387E+00    0.595967453094470523E+00    0.104958533159750300E+01    0.297104954933471754E+01   -0.286501732209819977E+02    0.339898518309470461E+02
    0.412453567397066857E-45    0.424628119597323439E+04    0.231097707368679312E+04    0.330428429707970350E+01   -0.356977397477617031E+00    0.628396220051938181E+00    0.104900380675398552E+01    0.299681876020398663E+01    0.266420773929967680E+02   -0.178538369872976048E+02
    0.127021276141037706E-44    0.424399156385615879E+04    0.230827688516411035E+04    0.381069938926796326E+01   -0.314718195412884150E+00    0.559267575460231869E+00    0.104760679328399808E+01    0.298403491322521530E+01   -0.406211076800416890E+02    0.383868455380666234E+02
    0.240165127775691996E-44    0.424267761962004261E+04    0.231527414305787352E+04    0.328223346395839455E+01   -0.309429371520609509E+00    0.634263480392301515E+00    0.104850316098703744E+01    0.298100096141736737E+01   -0.194279814390687200E+02   -0.485215082271629896E+02
    0.415328660669962280E-44    0.424154213273790720E+04    0.230731914087652467E+04    0.380577021401342597E+01   -0.340653519511321445E+00    0.571250019780959795E+00    0.104966767392983007E+01    0.298918549756098040E+01   -0.179136533308162313E+02   -0.238621281902398934E+02
    0.189539613451704055E-43    0.423846590678308894E+04    0.230889667850665046E+04    0.359594150242163879E+01   -0.303027937692891658E+00    0.583295335482187927E+00    0.104456466290110983E+01    0.299620734381832232E+01    0.129552531187982183E+02   -0.112436254360516159E+02
    0.306840633996605771E-43    0.423746244586176181E+04    0.230593919488970732E+04    0.355967565153630261E+01   -0.340856252137238414E+00    0.577710609776098449E+00    0.104929133245606931E+01    0.299567350680503930E+01    0.389035838193516526E+01    0.226455276924835118E+02
    0.623892386048213331E-43    0.423600314708188307E+04    0.231050927974506158E+04    0.350047286512105815E+01   -0.299809733418943902E+00    0.589930240654101712E+00    0.104963135139104380E+01    0.298360465286686605E+01   -0.531101194248317654E+01    0.131706165893330081E+02
    0.817947634862975880E-42    0.423081633604938907E+04    0.231166686585971274E+04    0.316942917695392001E+01   -0.316808882739308795E+00    0.635224058416186566E+00    0.104948857468148726E+01    0.299085481196033731E+01    0.375301308262524600E+02    0.165627906857884426E+02
    0.200812587592026408E-41    0.422898001835426021E+04    0.231378760056180863E+04    0.354410601335734032E+01   -0.303633684774132107E+00    0.606411724494647419E+00    0.104820531274952833E+01    0.297308590153745156E+01    0.177523502397636435E+02    0.372402170681873628E+02
    0.257663477259076715E-41    0.422844145373677748E+04    0.230819155512226280E+04    0.371737531802792143E+01   -0.349433355926840883E+00    0.578068419114395438E+00    0.104967263198694361E+01    0.299457108942196770E+01   -0.183342267295007133E+01   -0.527705790482629311E+01
    0.385101748153812352E-41    0.422759774733980703E+04    0.231218715389072577E+04    0.352439753591436400E+01   -0.332275600140755523E+00    0.592197753502583968E+00    0.104988682127970301E+01    0.298312593597767561E+01   -0.709525637955863431E+01    0.110514788461639952E+02
    0.433957558986078176E-41    0.422731886902246060E+04    0.230979185883406171E+04    0.347075501917067797E+01   -0.368140018370772149E+00    0.606392200878167253E+00    0.104973347144158669E+01    0.299341740230080156E+01   -0.154710393526598367E+02    0.327974351188000384E+02
    0.524401256800285223E-41    0.422690024820332656E+04    0.231093337774445718E+04    0.362327406941803698E+01   -0.302731587070678654E+00    0.583209897091220397E+00    0.104618669998876279E+01    0.299038743612573965E+01   -0.471351787918882081E+02    0.258824826127579968E+02
    0.118574871086801186E-40    0.422522850314524840E+04    0.230539353004951226E+04    0.350874097114398609E+01   -0.322670549453635103E+00    0.578461695254224528E+00    0.104876261759763323E+01    0.299898856611126785E+01    0.302276451180325694E+02   -0.200087632855431252E+02
    0.117652712120369271E-40    0.422520411797969155E+04    0.231190669804185427E+04    0.332606599798644309E+01   -0.312382425462272628E+00    0.668192647155166797E+00    0.104923554969139454E+01    0.299221989766970431E+01   -0.305345666295975668E+02    0.101505220666732967E+02
    0.148246259933259371E-40    0.422470184269549372E+04    0.231050605027531947E+04    0.333621344984336776E+01   -0.325243387850903287E+00    0.618220755319991655E+00    0.104813876422601937E+01    0.299253054285456166E+01    0.276337766146661323E+02   -0.421515075785374691E+02
    0.197282285609042788E-40    0.422409032106448376E+04    0.231184195474919670E+04    0.359158890402454878E+01   -0.318512461056214946E+00    0.587184939901822522E+00    0.104756929494486517E+01    0.298606703644693194E+01    0.267039125585862962E+02    0.329603298896085448E+02
    0.676609448265727199E-40    0.422158540387324229E+04    0.231450806553488019E+04    0.329149202496607618E+01   -0.311466560903637724E+00    0.655322798022151543E+00    0.104866471365230329E+01    0.298198521702848218E+01    0.167448334308605240E+02    0.131930145578535800E+02
    0.933483279091270050E-40    0.422090174621287952E+04    0.230902295618253174E+04    0.334975360129809197E+01   -0.302156906690235094E+00    0.608249377128559532E+00    0.104965752006002311E+01    0.298839240836885267E+01   -0.259960762213606351E+02    0.473444085368753917E+02
    0.980339013820919543E-40    0.422076379542577251E+04    0.230868314720188209E+04    0.346080468337645364E+01   -0.304590935071048008E+00    0.642550911576806327E+00    0.104715374954270213E+01    0.299200709710502544E+01   -0.211370573208062034E+02    0.274118254936470294E+02
    0.118639922894232236E-39    0.422034223603258033E+04    0.230797907766545814E+04    0.358041117017920207E+01   -0.314313091511306431E+00    0.600045608351850612E+00    0.104709879576481990E+01    0.298978233883707878E+01    0.181010569827921017E+02    0.692763400668773954E+00
    0.667526284959833261E-39    0.421684726459297963E+04    0.231500701283777744E+04    0.312398555129454314E+01   -0.309096330606655201E+00    0.662074585460572407E+00    0.104990460363564519E+01    0.298543399618406946E+01    0.110341268761066189E+02    0.308958087542701776E+02
    0.122809975964885490E-38    0.421558797544259869E+04    0.230851905958524003E+04    0.367281101684770839E+01   -0.301025384923727490E+00    0.613713721364685827E+00    0.104792139332243561E+01    0.299282287273752567E+01   -0.135592682605660357E+02    0.599990270884930510E+00
    0.128155664441176849E-38    0.421546276063546156E+04    0.231423811631491390E+04    0.353948658161804319E+01   -0.298617231132682903E+00    0.612304162719456535E+00    0.104825027319639008E+01    0.297865469925833448E+01   -0.639843906298868603E+01    0.848690183122755570E+00
    0.427969905858899157E-38    0.421301114618303200E+04    0.231127938638783235E+04    0.364819295517160036E+01   -0.309314012405595695E+00    0.600204895353269485E+00    0.104781602071845570E+01    0.297996202463949400E+01    0.293451794803263653E+02   -0.272651547902784017E+02
    0.369763731666468996E-37    0.420865835327922287E+04    0.230915795041127922E+04    0.323969795352193657E+01   -0.343221657298541150E+00    0.649598578006756577E+00    0.104981221772207900E+01    0.299375832749481141E+01    0.461285836499491779E+02   -0.294802626643137700E+02
    0.675871598551901347E-37    0.420741207552637388E+04    0.230694849566519633E+04    0.364216242593457151E+01   -0.302769872866408440E+00    0.596120635372916485E+00    0.104689297931017999E+01    0.298944049498376296E+01   -0.445677148523546762E+02   -0.668204048342960277E+01
    0.165406971886754893E-36    0.420558209370369877E+04    0.230496329161077756E+04    0.375134911492081136E+01   -0.348040546328953759E+00    0.565613292986166805E+00    0.104956891948611997E+01    0.299787208596649224E+01    0.150983145954301392E+02   -0.368669248047130793E+01
    0.199064123088430606E-36    0.420517165757165640E+04    0.231202904524803853E+04    0.344474795689314428E+01   -0.299424509499204849E+00    0.627707090795725176E+00    0.104691971114278015E+01    0.298828925968035852E+01    0.157811319862112072E+02   -0.188556090335364352E+02
    0.308843797869674398E-36    0.420425324028930208E+04    0.230799873038650367E+04    0.330073083456032457E+01   -0.308936563134994235E+00    0.659990869413464742E+00    0.104802339575300452E+01    0.299640051212210023E+01   -0.175019435672849326E+02    0.263034021277437375E+02
    0.388466274021802022E-36    0.420375449885987837E+04    0.230454045365185812E+04    0.343105141948394365E+01   -0.342138361262566359E+00    0.616987202096120901E+00    0.104931343443897562E+01    0.299991994978808707E+01   -0.497165280391977049E+02   -0.156024661432775318E+02
    0.991598957584552771E-36    0.420184027407261874E+04    0.230279912058828268E+04    0.370662155540094052E+01   -0.305995532326941599E+00    0.601029961070954188E+00    0.104780570075658441E+01    0.299790001209862034E+01   -0.456858557258393461E+02   -0.104810587179937684E+02
    0.129098282981745840E-35    0.420127259338874956E+04    0.231213756163447124E+04    0.337691706257130875E+01   -0.335889267366085320E+00    0.625263698096707232E+00    0.104915108838797444E+01    0.299006912073199871E+01   -0.405125326371557861E+02    0.173817325038912145E+02
    0.136269748921740578E-35    0.420112446864595131E+04    0.231264838468633707E+04    0.346709043726418864E+01   -0.306157722640098995E+00    0.616782652690763822E+00    0.104920125839059586E+01    0.297611516872137294E+01    0.487431116676888365E+02   -0.845385705710054225E+01
    0.158649238145618800E-35    0.420078034995263988E+04    0.231242809795982794E+04    0.344308941355345777E+01   -0.316861891400657403E+00    0.631663902459189686E+00    0.104985369590733901E+01    0.299213428432004447E+01   -0.603699226251372068E+00    0.213960172063966780E+02
    0.158235150453064591E-35    0.420074557694321629E+04    0.230862150221750107E+04    0.378564289007963328E+01   -0.302465618338838504E+00    0.573086550834244868E+00    0.104964005658490955E+01    0.297805678585405298E+01   -0.359466156450216658E+02    0.247724417726403914E+02
    0.167066297623729853E-35    0.420059695993366950E+04    0.230785733840347984E+04    0.324468788836925803E+01   -0.308195097590400702E+00    0.630572800803492539E+00    0.104857096989004406E+01    0.299531373231347997E+01    0.230302211815286171E+02   -0.338435395541549724E+02
    0.224230579953248363E-35    0.419996839159005322E+04    0.231202703664501951E+04    0.373224270623979759E+01   -0.302037886868310790E+00    0.585835353015017546E+00    0.104860255252862244E+01    0.297514242569281961E+01    0.327162040157470955E+02   -0.268637040946802195E+02
    0.231710611794062908E-35    0.419986276292425009E+04    0.231142998810001427E+04    0.350130032962295257E+01   -0.351965723620911941E+00    0.608898089384007468E+00    0.104973487445072822E+01    0.299108491727136805E+01    0.218523973336674402E+02    0.413849825447306330E+01
    0.250759043248667937E-35    0.419966475640247609E+04    0.230894890492593595E+04    0.357026458555382753E+01   -0.306755788367546578E+00    0.579704678728953260E+00    0.104846190696887609E+01    0.298913732632356188E+01    0.356332699934014130E+01    0.123180050259063734E+02
    0.289748587660559568E-35    0.419933571416872019E+04    0.230944411392996790E+04    0.333294793134010536E+01   -0.323852822389497141E+00    0.614221051912434257E+00    0.104888033260519231E+01    0.299430879260468874E+01    0.399529796686290410E+02   -0.197022667305823020E+02
    0.346859791276734317E-35    0.419893590010731714E+04    0.231400072021859887E+04    0.343110737241075459E+01   -0.313317155177032347E+00    0.617034268363473082E+00    0.104880325582302802E+01    0.298350639003406837E+01   -0.156781926068826962E+02   -0.452792116324106786E+01
    0.382271899763774325E-35    0.419870147711466416E+04    0.231398228680173270E+04    0.337545339012945345E+01   -0.331549389682866569E+00    0.645971712155514299E+00    0.104981000426193050E+01    0.298103261477748838E+01   -0.215017605408743577E+02    0.273325912245103808E+01
    0.720422049764877648E-35    0.419739406694345507E+04    0.230646956600696240E+04    0.376818449308895209E+01   -0.318220257575912269E+00    0.561970977668442506E+00    0.104870680842102915E+01    0.299462891507750228E+01   -0.540942255363851388E+01    0.467422376045043677E+02
    0.938424634242741836E-35    0.419682533628782221E+04    0.231332294363235815E+04    0.354908833783715139E+01   -0.305001914014077335E+00    0.604768599400706375E+00    0.104776157085425892E+01    0.297995518207092713E+01   -0.282382221649598399E+02    0.164843352161636858E+01
    0.925744512860520353E-35    0.419681254479938070E+04    0.230893661454509947E+04    0.363280897073038389E+01   -0.322694032025170385E+00    0.579678400962065021E+00    0.104834366166490511E+01    0.299468088592591641E+01    0.308619779105763570E+02    0.183358971580122585E+02
    0.100971368324091602E-34    0.419659889720904539E+04    0.230882766603903337E+04    0.352386097604852910E+01   -0.311174083264687373E+00    0.584231749647882270E+00    0.104897197691031341E+01    0.299255542449155998E+01   -0.198485764383227021E+02    0.413131325612394136E+02
    0.115606098585871812E-34    0.419628819377691161E+04    0.230784551241385361E+04    0.330595505247829946E+01   -0.324255809866294264E+00    0.665263258170157190E+00    0.104987061425010508E+01    0.299155446922193313E+01    0.469708384308194127E+01   -0.231950060897703700E+02
    0.174121874140614567E-33    0.419082389005223104E+04    0.231320250819210014E+04    0.358369231403485822E+01   -0.305603774415403984E+00    0.637604467974346778E+00    0.104974115442878024E+01    0.297252145435518411E+01    0.125119287530488705E+02   -0.468571211631130566E+02
    0.197762296333986721E-33    0.419052926944063711E+04    0.231083345792383261E+04    0.352570008024553205E+01   -0.307455532671396969E+00    0.623842831382384833E+00    0.104914977401954990E+01    0.297797080109664458E+01    0.249347570330225210E+02    0.149562197949967413E+02
    0.204944431858867661E-33    0.419041792325590177E+04    0.230874880720359943E+04    0.337665119106829525E+01   -0.310598153338754623E+00    0.617081077448333515E+00    0.104757224014285888E+01    0.299417265901860574E+01   -0.179405661548358282E+02   -0.620470043669857318E+01
    0.408976429532288735E-33    0.418899608596272992E+04    0.230677341841402085E+04    0.379155732923440913E+01   -0.303632946736130782E+00    0.564554677057542253E+00    0.104843438202645234E+01    0.299211039094814613E+01    0.418001561892222639E+02   -0.281008158142378370E+02
    0.571448821750187282E-33    0.418828705115552020E+04    0.231324387589837079E+04    0.327461522598254984E+01   -0.322676493941795706E+00    0.651256953234593094E+00    0.104983181686152283E+01    0.298230899315321984E+01    0.165505047733036577E+02   -0.126696979080261869E+02
    0.723267769339554773E-33    0.418777584198789918E+04    0.230754018784850359E+04    0.370949270950591803E+01   -0.332996049633832836E+00    0.584056723895290064E+00    0.104993988450220499E+01    0.299520402957469001E+01   -0.818593103899925723E+01    0.129374375233889864E+02
    0.102984501891226279E-32    0.418702907380682973E+04    0.230817389426461023E+04    0.371075328979705787E+01   -0.315035194537848007E+00    0.587819178475242787E+00    0.104818577451331718E+01    0.298841780468232265E+01    0.332549226974665402E+02    0.396880639563934778E+02
    0.155853154005296428E-32    0.418616040233959484E+04    0.230625736614961261E+04    0.345505514884892806E+01   -0.319023415270028143E+00    0.639758786968610993E+00    0.104850349800166454E+01    0.299556047773985679E+01   -0.265883498585340021E+02   -0.271341770973383021E+02
    0.243032495965025517E-32    0.418523184050119380E+04    0.230858335239714324E+04    0.336710321342968566E+01   -0.322991923890215860E+00    0.630205473278533823E+00    0.104836421377376920E+01    0.299405463930340110E+01    0.373421743180292651E+02   -0.192019792612597229E+02
    0.299317282993225130E-32    0.418477522251068240E+04    0.230927156371652109E+04    0.337538111595922485E+01   -0.345102999314939540E+00    0.629490534847725103E+00    0.104922447208727654E+01    0.299587903028915159E+01    0.813982516202587192E+01   -0.465661187699244437E+02
    0.311667483988986541E-32    0.418465435710041220E+04    0.230865649698472953E+04    0.350908443779480583E+01   -0.322975114036067212E+00    0.605808005069718991E+00    0.104863720471477584E+01    0.298932900010231073E+01    0.185857596457696985E+02    0.144496187070297992E+02
    0.770398884548010781E-32    0.418280441400130348E+04    0.231358975225153517E+04    0.353420164536125503E+01   -0.312285755712027269E+00    0.615571526265012881E+00    0.104854130752798302E+01    0.297992075899327391E+01   -0.473172405977700947E+02    0.750396043171973304E+01
    0.793496126545799973E-32    0.418270533350954611E+04    0.230823160812431433E+04    0.361134580222346813E+01   -0.317059417652315212E+00    0.582234413412685115E+00    0.104833833017662159E+01    0.299000080383915723E+01    0.835975314368171496E+01   -0.131814647996306462E+02
    0.199610180550451925E-31    0.418082032790583071E+04    0.230366726572674997E+04    0.358507491737649664E+01   -0.323375041304354849E+00    0.599531967423640011E+00    0.104864900549156248E+01    0.299787813034255546E+01    0.119828998814247711E+02    0.108872855046161519E+02
    0.228839850725922099E-31    0.418050701580632267E+04    0.230992979177934103E+04    0.355356528964610163E+01   -0.321045615627627623E+00    0.589171774413716820E+00    0.104951681723991586E+01    0.298868999170640715E+01   -0.415533963334575418E+02   -0.451661293391834420E+02
    0.315871769962581896E-31    0.417982238796056026E+04    0.231006289329940410E+04    0.346298054247884801E+01   -0.306582099319100021E+00    0.657141181588070555E+00    0.104957621212078211E+01    0.299363315815101805E+01   -0.314939489219557558E+02    0.742321138532984293E+01
    0.418388344976371830E-31    0.417922024052813231E+04    0.231041153537825176E+04    0.356141177731878988E+01   -0.311733886569975527E+00    0.608050471324792507E+00    0.104793670061589506E+01    0.298538122322404975E+01   -0.301810603715564625E+02   -0.353167018123728269E+02
    0.558045542069601214E-31    0.417860417948918166E+04    0.230617627358488153E+04    0.341761251089336859E+01   -0.298178423337443543E+00    0.626240963152105867E+00    0.104992526891314997E+01    0.299690559495695741E+01   -0.444952484040776781E+02    0.646842834000186429E+01
    0.116573342323328392E-30    0.417709084920899295E+04    0.230499114211437109E+04    0.342178927643178943E+01   -0.303019816086636362E+00    0.635037018222761596E+00    0.104789331270569197E+01    0.299700495708262959E+01    0.751718235082503838E+01    0.353610212906640555E+02
    0.191053786167650537E-30    0.417606278047176784E+04    0.230961783538782447E+04    0.306716829980475714E+01   -0.305564540958361219E+00    0.684584022172558093E+00    0.104929598832800641E+01    0.299646372526959492E+01   -0.166522891344895427E+02    0.442193462319996513E+02
    0.209752856355883950E-30    0.417583603052819763E+04    0.231272914337443262E+04    0.351000653789891892E+01   -0.312226111286616148E+00    0.651784894544197968E+00    0.104989593883869725E+01    0.298216513612546086E+01   -0.101508773502442438E+02   -0.252145873923416488E+02
    0.316718299266904043E-30    0.417497186498861629E+04    0.230393052629429667E+04    0.383408027742614710E+01   -0.305105914886931173E+00    0.577097610099850389E+00    0.104919625237749958E+01    0.299386345020967193E+01    0.591540954924770546E+01    0.111109650923218481E+02
    0.362858207104761411E-30    0.417465986616668124E+04    0.230950488808820046E+04    0.365058283565054120E+01   -0.299166359262880432E+00    0.584076049543928777E+00    0.104722095109296864E+01    0.299147601944666430E+01    0.172693161585619208E+02   -0.493351578757207605E+02
    0.414179488352618771E-30    0.417435529160128590E+04    0.231065969820677674E+04    0.335670760605012619E+01   -0.313594323882947668E+00    0.628293154754862249E+00    0.104814619501627915E+01    0.299258753728621452E+01   -0.123193619966035257E+02   -0.392785828320053128E+02
    0.828775722571433200E-30    0.417292799129689502E+04    0.230445297742020193E+04    0.376364893374633525E+01   -0.319677638643326101E+00    0.573585828531645303E+00    0.104991221893783249E+01    0.299168665551534518E+01   -0.273300274938600118E+02   -0.134090195076627481E+02
    0.113724726497372035E-29    0.417225515857151913E+04    0.231078435413455554E+04    0.335533438717531673E+01   -0.311124973831770013E+00    0.623952691745066623E+00    0.104841674536577223E+01    0.299048112568029634E+01   -0.232301968068943161E+02   -0.243132108957890658E+02
    0.112014776207636853E-29    0.417224545868249425E+04    0.231160714925234061E+04    0.363801165082790945E+01   -0.301748748240753983E+00    0.619285235927093503E+00    0.104961176546527435E+01    0.297415913342510985E+01    0.226693117528040915E+02    0.262520887294816987E+02
    0.185006769485152997E-29    0.417120193543609003E+04    0.230262487545869135E+04    0.378105890758673757E+01   -0.300263734144809002E+00    0.554625397041745405E+00    0.104912205309154527E+01    0.299659009009863997E+01    0.472704728701427257E+01    0.108570065183138027E+02
    0.197909747381104266E-29    0.417102709805759332E+04    0.230877353555476429E+04    0.323162022343033950E+01   -0.302979004042323086E+00    0.641573252895742407E+00    0.104808216480459349E+01    0.299636832021234545E+01   -0.588748140080960525E+01   -0.375083368534663251E+02
    0.234604868942225989E-29    0.417064691488806420E+04    0.231173293306457163E+04    0.354751799904008269E+01   -0.312439712057115626E+00    0.612873046200466565E+00    0.104970157813408660E+01    0.297715356165768386E+01    0.871600863906319745E+01   -0.323342762284898626E+02
    0.254070039227129677E-29    0.417044750032053798E+04    0.230955550789729432E+04    0.367340180039388642E+01   -0.312772113167758603E+00    0.597217536822169492E+00    0.104865485415435433E+01    0.298689169463138082E+01    0.455737760137265724E+02   -0.456318135265963249E+02
    0.422104732859935214E-29    0.416939221333777823E+04    0.230666825738659873E+04    0.370993243557139651E+01   -0.308255872649566387E+00    0.574305509878184850E+00    0.104757940765411939E+01    0.299660735940206635E+01    0.487383722518297589E+02    0.213797849868523144E+02
    0.424615343222631537E-29    0.416934035289987787E+04    0.230864943629617574E+04    0.355304257175268123E+01   -0.302005253245837824E+00    0.601538416262651809E+00    0.104725467091464908E+01    0.299915387940758738E+01    0.309741830778875737E+02   -0.475348627655574916E+02
    0.615213427948943008E-29    0.416855878177869454E+04    0.231197267509621179E+04    0.325777204165498224E+01   -0.300282385398552842E+00    0.652223132061371613E+00    0.104876066712739968E+01    0.299221459794054301E+01   -0.497827139523585700E+02   -0.214367562810118777E+02
    0.765033465389640767E-29    0.416808288111157708E+04    0.230958727799733288E+04    0.363213185096462521E+01   -0.304396466930477672E+00    0.589797094607945382E+00    0.104905560051006375E+01    0.298180470287742061E+01   -0.292999607219795166E+02    0.600950009917225003E+01
    0.952659780721934714E-29    0.416760420458508725E+04    0.231104045208786647E+04    0.339753230396984840E+01   -0.311090957367144649E+00    0.654153085503154763E+00    0.104989533957712955E+01    0.298056855002104459E+01    0.494440627858372750E+01    0.375879863047891405E+02
    0.137777306696300413E-28    0.416682627275830873E+04    0.230732445549217391E+04    0.345580172551098297E+01   -0.333959430623454345E+00    0.629417161774589617E+00    0.104910305928867609E+01    0.299509492032287072E+01   -0.153992242059677906E+02   -0.341374096609727573E+02
    0.453313253706728397E-28    0.416440438329096924E+04    0.230561866037139907E+04    0.359030313596805328E+01   -0.317328400253474086E+00    0.604578559340430477E+00    0.104842668615349011E+01    0.299408946165558287E+01    0.385572895429159246E+01    0.178191148985644645E+02
    0.887176712592176939E-28    0.416302146170757078E+04    0.231174236544813630E+04    0.332087409749804818E+01   -0.304402009937511597E+00    0.656166714750963220E+00    0.104882766700886232E+01    0.298691852564519067E+01    0.400256905869410389E+02   -0.414188457639295535E+02
    0.121563062821818885E-27    0.416235151356915776E+04    0.230941745974636706E+04    0.349251968640009514E+01   -0.315873567151621570E+00    0.607330332256604599E+00    0.104807881207209808E+01    0.299119678566544600E+01   -0.847567439016062707E+01    0.394688529750992103E+02
    0.122713291535300850E-27    0.416229267855391299E+04    0.230746938876055901E+04    0.335480451411927172E+01   -0.311004053078136944E+00    0.627325880564177263E+00    0.104828898713586671E+01    0.299537371322485368E+01   -0.352462076736850420E+02    0.157364056512554669E+02
    0.130036400467945707E-27    0.416213675106683240E+04    0.230281714127666510E+04    0.351931303017473418E+01   -0.311002840710044914E+00    0.615050751190975631E+00    0.104892287562857400E+01    0.299831979098313051E+01    0.146338848366538201E+02   -0.238714120379376737E+01
    0.614811617701735006E-27    0.415898974808014918E+04    0.230679028292833164E+04    0.369611024482321149E+01   -0.303095129626636595E+00    0.578263492447344096E+00    0.104736288676046452E+01    0.299250324452895233E+01    0.703859671509310658E+01   -0.126168786879192041E+02
    0.737367296626558131E-27    0.415858620762606370E+04    0.231112819128515139E+04    0.340018948890966222E+01   -0.322317918223977873E+00    0.637394414565013889E+00    0.104951064281620909E+01    0.298555665804584702E+01   -0.116697681739950880E+02   -0.551823675783384004E+01
    0.723553102349043932E-27    0.415858403201685087E+04    0.230913873026261808E+04    0.366402857782626734E+01   -0.315660152946242945E+00    0.600237068257156725E+00    0.104910684972864088E+01    0.298803998262075599E+01   -0.118757242285694815E+02   -0.147911762476143309E+02
    0.154652454177688158E-26    0.415702484897408067E+04    0.231089250979544340E+04    0.331023446377110808E+01   -0.300020146724394365E+00    0.650809206968074982E+00    0.104933867786708923E+01    0.298301752268289500E+01   -0.332629422225404170E+01    0.333763945808704818E+02
    0.241172930457188575E-26    0.415609618125069483E+04    0.230532599758074957E+04    0.357491978471611560E+01   -0.307577252616813457E+00    0.642951660655858181E+00    0.104947535390372115E+01    0.299699687943998505E+01    0.619034111416538479E+01   -0.448314580239225364E+02
    0.237285815226773529E-26    0.415608867893865317E+04    0.230782396785398169E+04    0.342304161287547482E+01   -0.323072569763873663E+00    0.616815750749838632E+00    0.104855635410411119E+01    0.299555044391602276E+01    0.190575482780170375E+02    0.448680162981907387E+02
    0.531445529996140334E-26    0.415443600829259503E+04    0.230717032360413987E+04    0.345719158271264604E+01   -0.307832429857593237E+00    0.596659429637780403E+00    0.104981657340572720E+01    0.299473635751579348E+01   -0.252203298711672836E+02    0.382234237770797876E+02
    0.616241139247903342E-26    0.415409993301706436E+04    0.230627567993133971E+04    0.370254935553347986E+01   -0.303364623118347110E+00    0.597085262010583206E+00    0.104914289088168955E+01    0.299803909041890737E+01    0.228117670711134224E+01    0.643272198765991732E+01
    0.933479632580763721E-26    0.415322937142175670E+04    0.231137704204110514E+04    0.331108270529139492E+01   -0.321955121955868673E+00    0.656095539443659614E+00    0.104984363144262249E+01    0.298793349933519492E+01    0.737074810142341619E+01   -0.446632559009998431E+02
    0.265794311922746675E-25    0.415109659403215664E+04    0.231040167665143690E+04    0.326411815104138903E+01   -0.312121011235118428E+00    0.643298213472966340E+00    0.104921842488541817E+01    0.299115960370577216E+01    0.466373813583623331E+02   -0.193269732373844931E+02
    0.325564887645733320E-25    0.415065091594580372E+04    0.230456338729852814E+04    0.344527696289160135E+01   -0.303482856188391048E+00    0.635697385470370913E+00    0.104775952946513162E+01    0.299993015092892623E+01   -0.263291396663556903E+02   -0.252124997896990450E+02
    0.686402214191559705E-25    0.414911911197663449E+04    0.231474084675713038E+04    0.343512465648921017E+01   -0.307351777192549636E+00    0.638598741931817426E+00    0.104963101506713707E+01    0.297699421400441144E+01    0.344616553532235486E+02   -0.520710769099312643E+01
    0.765103262138504871E-25    0.414886201790876930E+04    0.230695114158655133E+04    0.321617030123057468E+01   -0.309139403535761692E+00    0.665438922941041788E+00    0.104917028742559459E+01    0.299750475938819694E+01   -0.321528600455074240E+02   -0.350273560479930097E+02
    0.846723204826308802E-25    0.414861929183164102E+04    0.230928787399788234E+04    0.368611405590998675E+01   -0.306756807511082474E+00    0.587730629437273278E+00    0.104931121358772295E+01    0.298620663151898080E+01    0.169914581302518286E+02   -0.498315574859660302E+02
    0.105344922683811231E-24    0.414814238944989938E+04    0.231307413552365551E+04    0.346136613313418184E+01   -0.302222542071611200E+00    0.622317941223228921E+00    0.104940550165561142E+01    0.297755706725818925E+01   -0.231774833438772276E+01   -0.400714227183931087E+02
    0.104372078052114083E-24    0.414812094496245300E+04    0.230831426106941399E+04    0.338981109474941489E+01   -0.316061584685573493E+00    0.609278076973805760E+00    0.104947469325988796E+01    0.299532237182195260E+01   -0.199563779070329446E+02   -0.473049636207116180E+02
    0.215551988705979574E-24    0.414663046508390289E+04    0.230558664203743638E+04    0.363563501232304809E+01   -0.299425565277106009E+00    0.590475797936387714E+00    0.104677038408658030E+01    0.299956049147389248E+01    0.242460881312945418E+02   -0.420811777591369989E+02
    0.277058786828372375E-24    0.414608840991761554E+04    0.230916030949801507E+04    0.356555446990149649E+01   -0.318708014067834333E+00    0.612735476396287226E+00    0.104950118717520402E+01    0.299536132599899796E+01   -0.420561265022625363E+02    0.360054583222273550E+01
    0.561861405391959198E-24    0.414463435891887548E+04    0.230478231365527836E+04    0.360516979234022683E+01   -0.308913854312905245E+00    0.599681457617689873E+00    0.104880695114548605E+01    0.299354681271968515E+01    0.362078694498655551E+02   -0.207832347994035338E+02
    0.782478377645094373E-24    0.414393193675933071E+04    0.230503862629215655E+04    0.364777603909528469E+01   -0.304624662267705792E+00    0.591416911423773062E+00    0.104699511501343845E+01    0.299890225110661524E+01    0.301127839243550426E+02    0.171685110568674872E+02
    0.119945528999922520E-23    0.414303762372315032E+04    0.230964780738398531E+04    0.356194219658256817E+01   -0.304518108042187541E+00    0.631238115915202069E+00    0.104893155697277951E+01    0.298598682525010517E+01    0.871514050859920530E+01    0.304334837793772977E+02
    0.227044542485219680E-23    0.414172140671133457E+04    0.230568422910839308E+04    0.358858515268725142E+01   -0.332763296381363427E+00    0.595171065250804210E+00    0.104944418711084309E+01    0.299669010994693119E+01   -0.238627091172513559E+02    0.286230556675487122E+02
    0.260399670615580444E-23    0.414140726386176993E+04    0.230581574193512643E+04    0.369853784416436193E+01   -0.302292650617329239E+00    0.585318721051259150E+00    0.104839410346210893E+01    0.299095775478523773E+01    0.396354505435066073E+02    0.976522195480404065E+01
    0.315454403109962233E-23    0.414098367085479094E+04    0.230990793580723675E+04    0.337696835894134395E+01   -0.303132034945900186E+00    0.649862744988194407E+00    0.104860217477575679E+01    0.299088155422405189E+01   -0.178666171161088840E+02    0.256017592173456592E+02
    0.326590690205384707E-23    0.414087428380272013E+04    0.230451928721175955E+04    0.355706051755401909E+01   -0.319840683640458534E+00    0.632423902979779573E+00    0.104937836237414217E+01    0.299883084220030760E+01    0.464107784508330212E+02   -0.306948685139709809E+02
    0.324702714865871144E-23    0.414084587907215246E+04    0.231048594698835495E+04    0.351672724573214213E+01   -0.316642626774889357E+00    0.606508007292836715E+00    0.104974198489500359E+01    0.298568365543581127E+01   -0.195444764474924106E+02    0.337469802855366083E+02
    0.417310069098628464E-23    0.414030404011966948E+04    0.230929268677594337E+04    0.347567488738918318E+01   -0.322763066088603667E+00    0.613204747790303317E+00    0.104909347501401928E+01    0.299138882656587723E+01   -0.139496369867179197E+02    0.188820396230860865E+01
    0.947689845183708021E-23    0.413862364459021046E+04    0.230224608077591574E+04    0.371402051176292058E+01   -0.303528242377163304E+00    0.579211560919434598E+00    0.104837229984542502E+01    0.299836160641380634E+01    0.244714975311253795E+02   -0.131183205080754988E+02
    0.109322471285335107E-22    0.413829792503305362E+04    0.230877084822738561E+04    0.341873112282798797E+01   -0.298588136045817354E+00    0.614600209677639286E+00    0.104967781003935712E+01    0.299456705023628578E+01   -0.473082018337004797E+02   -0.364915350720425735E+02
    0.135405085305918347E-22    0.413782998713176767E+04    0.231250945044530636E+04    0.336676627008784024E+01   -0.302925612367027641E+00    0.640186295506512626E+00    0.104912755388479773E+01    0.298627602107802614E+01    0.150042102189327977E+02    0.493949050701842651E+02
    0.175712770339437105E-22    0.413726882761623528E+04    0.230851628104906649E+04    0.363488927270007078E+01   -0.321300664218433063E+00    0.595018581231162358E+00    0.104976227509577291E+01    0.298982221625580991E+01   -0.489004866139722196E+02   -0.316043737265995439E+02
    0.233581777278276615E-22    0.413665946448724480E+04    0.230870821746382717E+04    0.340414016276401243E+01   -0.315512827851978261E+00    0.612416243978781250E+00    0.104948749527402985E+01    0.299887817040588667E+01   -0.337766337273523902E+02    0.428578172399525243E+02
    0.245685071802418928E-22    0.413651842792690150E+04    0.230502198543429131E+04    0.370572842898906840E+01   -0.307127109628862305E+00    0.572738061487216177E+00    0.104968790003827173E+01    0.299816626441001643E+01   -0.332914550218774110E+02    0.320885189785704483E+01
    0.250810933759338837E-22    0.413643713015993399E+04    0.230460080432735413E+04    0.354790771126551574E+01   -0.320173986089046958E+00    0.601361882765997224E+00    0.104996257602565257E+01    0.299510446297402622E+01   -0.497526489966176229E+02   -0.193433689076356323E+02
    0.267413604168216129E-22    0.413626893588842177E+04    0.230674584960959510E+04    0.369351020509285899E+01   -0.313486574665840956E+00    0.600221183140834391E+00    0.104973330552630961E+01    0.299387151355958503E+01   -0.118991542518569275E+02    0.137591076706546431E+02
    0.310737041679888244E-22    0.413592863490786203E+04    0.230470155113429519E+04    0.348455261509331660E+01   -0.305124735476157538E+00    0.646626850718790891E+00    0.104861246573693445E+01    0.299936873375002921E+01   -0.124377530771923617E+02   -0.320288161159266167E+02
    0.345856446206686819E-22    0.413567448137939755E+04    0.230658862086470799E+04    0.360777799506770780E+01   -0.332383139913554115E+00    0.603183792460615154E+00    0.104992109145835766E+01    0.299367777542297819E+01    0.191617319715998491E+01   -0.194644568092385768E+02
    0.364626918537938242E-22    0.413552877958691806E+04    0.230525142036600027E+04    0.354924196299672889E+01   -0.306509403962018812E+00    0.623151354662142776E+00    0.104929306357538987E+01    0.299183375042779431E+01   -0.314090183978340640E+02    0.334912856917332675E+02
    0.625202860749868884E-22    0.413441037661806968E+04    0.230781998080571429E+04    0.355101180491514246E+01   -0.316965784028400144E+00    0.626928622620500420E+00    0.104943067455141548E+01    0.298987422113042367E+01    0.342592905645164763E+02   -0.422759609446071352E+02
    0.815715310219314614E-22    0.413383839814750536E+04    0.231212801468714997E+04    0.346438470259692721E+01   -0.317085669107885382E+00    0.632789231320454615E+00    0.104994401959939032E+01    0.298106569036338298E+01   -0.389880141960543583E+02    0.601491563378452554E+00
    0.119662552766320217E-21    0.413303200733816266E+04    0.230817111684423435E+04    0.339652256312227507E+01   -0.303690403677867093E+00    0.654952481863575020E+00    0.104891878111465942E+01    0.299809282096646701E+01    0.355618782276664263E+02   -0.429751559684647901E+02
    0.134763859508400909E-21    0.413275431066463716E+04    0.230683119455581027E+04    0.346161217459985071E+01   -0.303108713623229498E+00    0.619795991309972427E+00    0.104760089067005979E+01    0.299607384567546475E+01   -0.400163521730981984E+02    0.195378898288240919E+02
    0.134716341017512556E-21    0.413271501600018746E+04    0.230343899620133334E+04    0.356351196268176640E+01   -0.308527367034520827E+00    0.641703529121748772E+00    0.104993422177000073E+01    0.299779071203318459E+01    0.350008409423152784E+02    0.228302837932316436E+02
    0.147861994242674527E-21    0.413248880004580860E+04    0.231132810977049212E+04    0.345150037648608299E+01   -0.318660731764972671E+00    0.626759663308550596E+00    0.104954372825613040E+01    0.298658184173843644E+01   -0.514836235995905156E+01    0.211544193758175396E+02
    0.199248853744773465E-21    0.413185224965101770E+04    0.231044731134763606E+04    0.341048190513133909E+01   -0.301427301150731020E+00    0.649470029419745409E+00    0.104986247920215625E+01    0.298094904226756707E+01   -0.228475107022435182E+02   -0.438816940972419900E+01
    0.292897862970945500E-21    0.413104171086522183E+04    0.230219969721104508E+04    0.357971895998896494E+01   -0.299958700769547448E+00    0.627965431248216799E+00    0.104997038786330643E+01    0.299587739110686213E+01   -0.167497662414654869E+02    0.104362447626908192E+02
    0.475872057392639943E-21    0.413003106071840375E+04    0.230845672838359951E+04    0.349659836437296878E+01   -0.309254494969478100E+00    0.616433765666165479E+00    0.104877036117000499E+01    0.299993907432362228E+01    0.262577610576459364E+02   -0.548687878448539834E+00
    0.466580298626751833E-21    0.413003049850975549E+04    0.231031569381546888E+04    0.349743329664241553E+01   -0.310286831349541770E+00    0.615248142586464986E+00    0.104970454782354250E+01    0.299309377009387845E+01   -0.129554948980400724E+02   -0.395926909314446007E+02
    0.573005942220109813E-21    0.412957956660657146E+04    0.230862228226915158E+04    0.353937267812740330E+01   -0.313178673270349761E+00    0.632017224998732363E+00    0.104920570649922373E+01    0.299075111566761320E+01    0.361128514628279902E+02   -0.144895063041055749E+02
    0.677263059026638128E-21    0.412920523925420548E+04    0.230868146384502279E+04    0.346505451485704574E+01   -0.311500048756125636E+00    0.642087752580084881E+00    0.104892615590259441E+01    0.299458987593240211E+01    0.539261205283318645E+01   -0.483464671981406724E+02
    0.120600554410614419E-20    0.412801122083186783E+04    0.230462564584877873E+04    0.354904838591006921E+01   -0.301995085263114749E+00    0.599071282615356138E+00    0.104953403334248119E+01    0.299358308988882182E+01   -0.441902239450763474E+02    0.393475192860720426E+02
    0.156392483478034618E-20    0.412745145105993288E+04    0.230752599001137423E+04    0.346926445899431712E+01   -0.321149470276080595E+00    0.601291062062749182E+00    0.104991558124540019E+01    0.299876276308229572E+01    0.118483782979444427E+02   -0.456713620535755140E+02
    0.165500374855134618E-20    0.412729824167503830E+04    0.230637154427872019E+04    0.355452913800453718E+01   -0.325415667685399146E+00    0.599919319710066956E+00    0.104877195771898046E+01    0.299814619837390151E+01   -0.303467399701338536E+01    0.139502287506284119E+02
    0.179022518652886244E-20    0.412710116539372211E+04    0.230343760858660698E+04    0.365836724474656982E+01   -0.324843244730246616E+00    0.586267864545590767E+00    0.104960565021671903E+01    0.299914418536826899E+01   -0.383140631370920843E+02    0.610549244954956549E+01
    0.194718381971283152E-20    0.412689307995525814E+04    0.230868988903952686E+04    0.342839152262512048E+01   -0.304433942316236272E+00    0.647925020612313496E+00    0.104889374886577991E+01    0.299110320513128247E+01    0.278578453780175863E+02    0.861605354583345928E+01
    0.263978179669168747E-20    0.412624445570071384E+04    0.231070741162543982E+04    0.350195926445506700E+01   -0.313874972061154389E+00    0.625231571580152745E+00    0.104916350941222847E+01    0.298955746606932049E+01    0.435985346406503709E+02   -0.433306621889302619E+02
    0.263251672634713756E-20    0.412620996758507408E+04    0.230708425863873072E+04    0.345796031293620088E+01   -0.305869882936471216E+00    0.644296580391361173E+00    0.104847772896500668E+01    0.299775994041602978E+01    0.158864098465484602E+02    0.164952956401325110E+02
    0.379220149254320201E-20    0.412543995478426132E+04    0.230939752417912177E+04    0.329842173391500060E+01   -0.312912625904838371E+00    0.638001886317839495E+00    0.104926382763188308E+01    0.299479601976812848E+01    0.411910183783759720E+02    0.405603870954349759E+02
    0.390415473394410263E-20    0.412534176561769254E+04    0.230851612523243693E+04    0.355037648445283560E+01   -0.312113017585903429E+00    0.611699485351080430E+00    0.104853675365253185E+01    0.299493461931004035E+01    0.349672339102428964E+02    0.121815377446490061E+02
    0.833791328701476191E-20    0.412378422226332168E+04    0.230691430942820352E+04    0.358812791892606420E+01   -0.322035638452251527E+00    0.597490130127832031E+00    0.104921051299341839E+01    0.299919301562842344E+01    0.208334645111462322E+02   -0.448094195868391338E+02
    0.963001899156301718E-20    0.412345607782679599E+04    0.230863062678360620E+04    0.359775903790595519E+01   -0.300512613427046660E+00    0.630775842746961857E+00    0.104962684837459652E+01    0.298533531961641829E+01    0.123452335593589808E+02    0.324677618163736526E+01
    0.134845828255401594E-19    0.412274275418280649E+04    0.231011378201669959E+04    0.345962140386720129E+01   -0.312526384925943534E+00    0.645045954819398526E+00    0.104976248973765052E+01    0.298578596631039916E+01    0.360725561047531187E+02   -0.349654281231523640E+02
    0.180538908535684358E-19    0.412211912578005467E+04    0.230647451740839597E+04    0.365167690792698485E+01   -0.312881522267672796E+00    0.588998183015870591E+00    0.104942289041014192E+01    0.299228669332636699E+01   -0.221238674285817893E+01    0.271087146616084738E+02
    0.205195171316524170E-19    0.412182309524580251E+04    0.230864740213165896E+04    0.350227885899239233E+01   -0.316247716466420692E+00    0.634914289552186872E+00    0.104978310773953654E+01    0.299739688458775566E+01    0.193344645599000415E+02   -0.122001934154476999E+02
    0.240310241917461479E-19    0.412146715688222321E+04    0.230629055627444905E+04    0.372256368261760429E+01   -0.301641922522888239E+00    0.583542084265596506E+00    0.104978572854723984E+01    0.298902825146743822E+01    0.107360539384101372E+02   -0.133245554636431862E+02
    0.381323021789171321E-19    0.412050372472436356E+04    0.230677205382701095E+04    0.333859148946272244E+01   -0.320624743182843452E+00    0.649069143151725259E+00    0.104935542917178815E+01    0.299885405368178315E+01   -0.239321807010579413E+02   -0.371044791039479591E+02
    0.465124030832533380E-19    0.412006641020266306E+04    0.230870461578132472E+04    0.355632710897042781E+01   -0.299187247217513386E+00    0.628928623964572164E+00    0.104968263630879433E+01    0.298690680844186573E+01   -0.332694003885456340E+02   -0.826501003869992701E-01
    0.469008154210725825E-19    0.412000977809930646E+04    0.230585452914216194E+04    0.369504045919282076E+01   -0.301272911533257581E+00    0.595252414054725509E+00    0.104992659018747858E+01    0.299757276989630972E+01   -0.797113861082996777E+01    0.251781928635000867E+02
    0.569256857778448562E-19    0.411958235490482457E+04    0.230421864265139266E+04    0.361538275552757460E+01   -0.299950034496269280E+00    0.622142855293896346E+00    0.104883598872671557E+01    0.299693677533832137E+01    0.109563140606444307E+02    0.994361343926664887E+01
    0.900969120517026243E-19    0.411862407643952065E+04    0.230883288787243600E+04    0.333071635138877920E+01   -0.309727258253432058E+00    0.629760998469886868E+00    0.104909214973083942E+01    0.299850760899110247E+01    0.274123929647893760E+02    0.326176920952792102E+02
    0.102241744322608613E-18    0.411833116811957825E+04    0.230334367410784216E+04    0.339052305205076898E+01   -0.303406378497381890E+00    0.626643410486607655E+00    0.104958571518187260E+01    0.299895984815022754E+01    0.399156073281233859E+02    0.245713908601447173E+02
    0.117202477196220914E-18    0.411801804219585028E+04    0.231166421946720402E+04    0.352273704610595795E+01   -0.299710154864666400E+00    0.634695312719768423E+00    0.104958977628085615E+01    0.298725343618931394E+01    0.168447176026212020E+02   -0.200308959488142264E+02
    0.160654585296534289E-18    0.411734733496805165E+04    0.230751205898203352E+04    0.345188267120733983E+01   -0.301105812643406801E+00    0.612225207391339454E+00    0.104912110990469398E+01    0.299160735497974217E+01   -0.788359078153970216E+01   -0.291060295662802062E+02
    0.349461903652233720E-18    0.411575305911604846E+04    0.230801029808146632E+04    0.353046689795531288E+01   -0.304737855668051616E+00    0.610125041038906968E+00    0.104835651002488861E+01    0.299832948147306988E+01   -0.203307168090083188E+02   -0.347657636446100895E+02
    0.405820102353650317E-18    0.411541402829515482E+04    0.230513898129043810E+04    0.360858630205100184E+01   -0.302838038186513225E+00    0.608251788938789506E+00    0.104828712822138925E+01    0.299575644654611439E+01    0.454146382400772097E+02   -0.264086009660829220E+02
    0.418869236389846484E-18    0.411531073065021246E+04    0.230495049115182837E+04    0.341498036875947886E+01   -0.310021835847372418E+00    0.612502936010227428E+00    0.104940281759595844E+01    0.299880317398992746E+01    0.495265454011186392E+02    0.378450042853574473E+02
    0.425831925373068023E-18    0.411523775876858326E+04    0.230707041041211414E+04    0.354571726405137078E+01   -0.309997104431555204E+00    0.595472972363221276E+00    0.104944785703694499E+01    0.299888991088398882E+01   -0.783610148467825951E+01    0.474605359331438876E+02
    0.497224416143322741E-18    0.411488776529122606E+04    0.230823088075768464E+04    0.361990711453291913E+01   -0.306550376399309710E+00    0.618654458708324473E+00    0.104971323142412221E+01    0.298734486883680894E+01   -0.716177237787007925E+00   -0.247984293565319156E+02
    0.488931967133797433E-18    0.411488140151610241E+04    0.230269288645765482E+04    0.362600757692321451E+01   -0.313488978926413253E+00    0.587327468391020346E+00    0.104976697506025340E+01    0.299904661171176601E+01    0.999484870370898904E+01   -0.401893673149035919E+02
    0.842529466594460644E-18    0.411375303094905939E+04    0.230690977271361771E+04    0.341980447694013545E+01   -0.302907582267044340E+00    0.607635720365533594E+00    0.104861005110617378E+01    0.299913069047013447E+01   -0.138526569059955946E+02   -0.360055076788336166E+02
    0.113264674132134708E-17    0.411312122337891378E+04    0.230751584538070210E+04    0.353887601221245029E+01   -0.316877197447585524E+00    0.613419983778500155E+00    0.104923636800279585E+01    0.299226527671966780E+01   -0.313842819502880346E+02    0.372195805958474182E+02
    0.129155611809300949E-17    0.411281864209573359E+04    0.230745416778579602E+04    0.353704924832944201E+01   -0.308775812195449806E+00    0.606326715529876159E+00    0.104837351210931140E+01    0.299908963550681751E+01   -0.357836997353572954E+02    0.378370170808827027E+02
    0.136097318365674884E-17    0.411267393762457050E+04    0.230558106568334642E+04    0.358980161929143993E+01   -0.311837972003977559E+00    0.586675814586369748E+00    0.104971110397607359E+01    0.299705041046103648E+01   -0.248969027944782049E+02   -0.435763132712648726E+02
    0.143581575704777530E-17    0.411252687134569169E+04    0.230612440590529786E+04    0.349527474402591931E+01   -0.328026875769028892E+00    0.606614337144054883E+00    0.104932039006702071E+01    0.299919839604853866E+01    0.488041173375144268E+02   -0.380093154618632028E+02
    0.219215268937332631E-17    0.411164056961625647E+04    0.230676471274041887E+04    0.357997672439769143E+01   -0.298693409500101648E+00    0.618763893183852387E+00    0.104960626562474713E+01    0.299365915822571882E+01   -0.625257127425286541E+01    0.158956360169241151E+01
    0.216459367070586963E-17    0.411162587233895192E+04    0.230646542716487284E+04    0.362363232807404678E+01   -0.305294955260341005E+00    0.595210761862082549E+00    0.104841023816104029E+01    0.299492773704628679E+01   -0.104034329405928219E+02    0.138978372181779548E+02
    0.300856767285191360E-17    0.411092740944607795E+04    0.230614481057402554E+04    0.365360433939000906E+01   -0.301955948506368699E+00    0.603042452663747230E+00    0.104909233672711322E+01    0.299087464286100868E+01   -0.133962169387467611E+02   -0.345975720697668621E+02
    0.329200707547684279E-17    0.411070734280048418E+04    0.230890398955697583E+04    0.334153473355413766E+01   -0.310284732296727039E+00    0.623923390776479403E+00    0.104993512271070566E+01    0.299655490729709406E+01   -0.412373445809889176E+02   -0.254060121517129645E+02
    0.573526792231820584E-17    0.410955706873160489E+04    0.230836057521015846E+04    0.347347548286703978E+01   -0.305385020393752427E+00    0.614534436463431533E+00    0.104844666272298248E+01    0.299387219160892837E+01    0.250509977303235303E+02    0.157508509246139283E+02
    0.753043648724296775E-17    0.410897243165156760E+04    0.230796654140183909E+04    0.360412590285457135E+01   -0.300391349393549389E+00    0.605344142830618770E+00    0.104883018655176374E+01    0.299435402921523952E+01    0.262423084131887521E+02   -0.463382758963879482E+02
    0.757788096835561860E-17    0.410891987045480710E+04    0.230707782046886132E+04    0.341944515968248197E+01   -0.307416221119304833E+00    0.638645582340838680E+00    0.104917983339939425E+01    0.299310667010857623E+01    0.279204053731508850E+01   -0.464150743796229577E+02
    0.855086276472202937E-17    0.410863827329267315E+04    0.230913358651054114E+04    0.344333901390789121E+01   -0.312885251496173133E+00    0.621441358560846702E+00    0.104915033924980894E+01    0.299343952104828315E+01    0.414787743195334571E+02    0.158234664410700816E+02
    0.109925163777566438E-16    0.410809590824074894E+04    0.230791397352379818E+04    0.359841875892273588E+01   -0.314840248922609089E+00    0.615783238708763170E+00    0.104988295515037100E+01    0.299321291302005044E+01    0.227495763904152710E+02   -0.417369460803706005E+01
    0.126777564028871174E-16    0.410777063967766207E+04    0.230885552786551489E+04    0.337317957281675262E+01   -0.300019547505165962E+00    0.661800872727926426E+00    0.104983962659782870E+01    0.298797512033992607E+01    0.931295282212705189E+01    0.126318504957602329E+00
    0.163986860248331590E-16    0.410721593524233140E+04    0.230430900689278587E+04    0.344772927443581123E+01   -0.304588736660106496E+00    0.619535342878358319E+00    0.104914174336290400E+01    0.299773916732896328E+01    0.369575456859998894E+02    0.128764502764280948E+02
    0.182645338042333462E-16    0.410696041539284488E+04    0.230697382145073880E+04    0.356722779987548755E+01   -0.305427889362853699E+00    0.622948445889378144E+00    0.104928850944541496E+01    0.299038858292133991E+01    0.434813148883127099E+02    0.749301539059099753E+01
    0.202656921846665285E-16    0.410671247883238902E+04    0.230748556427827634E+04    0.354359853425507065E+01   -0.302048161154667150E+00    0.596083807237651087E+00    0.104961222404111210E+01    0.299507630489041698E+01    0.218695305499682320E+02    0.143618733132921932E+02
    0.264196187906331872E-16    0.410614212392435365E+04    0.231003456151312002E+04    0.333511592236949728E+01   -0.314378369476761232E+00    0.643572872404237217E+00    0.104992069409381639E+01    0.299053564471708944E+01    0.173993845558739366E+02    0.279128027368141716E+02
    0.279291364481085558E-16    0.410599099674261015E+04    0.230591563406801743E+04    0.355084261477847729E+01   -0.317771160309473499E+00    0.597344619426285361E+00    0.104988268296304121E+01    0.299580911571360531E+01   -0.136922374541025746E+02   -0.203013702940405487E+02
    0.399806424899892193E-16    0.410523354686624225E+04    0.230849576590846254E+04    0.345175640859314115E+01   -0.316104492944115245E+00    0.630290057505748624E+00    0.104965518503951083E+01    0.299052095661333528E+01    0.179352542562435104E+02   -0.988761545463923142E+01
    0.399560942714801814E-16    0.410519477524859940E+04    0.230674382466676752E+04    0.350961429926678026E+01   -0.310437261161311651E+00    0.613867402542646823E+00    0.104931562111687882E+01    0.299251837542415711E+01   -0.996661513658511922E+01   -0.869017577478080483E+01
    0.503359569233042483E-16    0.410469289832251343E+04    0.230720386086527333E+04    0.337639045395165738E+01   -0.308542290737791158E+00    0.626022238821954069E+00    0.104858918452770178E+01    0.299901000322341771E+01    0.191601687898353674E+02   -0.312041180388629691E+02
    0.537668976876872292E-16    0.410452102167832436E+04    0.230691191244053698E+04    0.363909568274406769E+01   -0.305399512341688772E+00    0.591369126058754357E+00    0.104981376301922036E+01    0.299426472235691499E+01   -0.474922105772716776E+02   -0.154489340357840845E+02
    0.755111432260546568E-16    0.410380177718917366E+04    0.230652947588089773E+04    0.354230194384072838E+01   -0.300536547455998226E+00    0.621242664748682505E+00    0.104940620325801248E+01    0.298923313919382672E+01    0.343408100721836007E+01   -0.220638988293470746E+02
    0.160326527117958231E-15    0.410225591260443980E+04    0.230536096212490793E+04    0.339740368539213211E+01   -0.302897418037408050E+00    0.638157450986641672E+00    0.104914110753932222E+01    0.299627409457406690E+01    0.439734067206601509E+02    0.273381313110166388E+02
    0.197780928219781280E-15    0.410179601767464919E+04    0.230870773389995338E+04    0.352002776501685677E+01   -0.313772270102044781E+00    0.622460028178685509E+00    0.104928627349833392E+01    0.299188099471716251E+01   -0.191101377702360864E+02   -0.309102860103785630E+02
    0.215516983807236124E-15    0.410158425822947993E+04    0.230961816077957064E+04    0.350394381098104724E+01   -0.305960755362599424E+00    0.642584489445707008E+00    0.104970372847188353E+01    0.298696143083980292E+01   -0.482159136595193374E+02   -0.184710383607452684E+02
    0.228270387191053462E-15    0.410142927599459199E+04    0.230602340755976275E+04    0.363805387554325810E+01   -0.301256773855276327E+00    0.600007481356530370E+00    0.104857199309625293E+01    0.299455232566698948E+01   -0.266910213180146272E+02   -0.779515060286206563E+01
    0.235742352220694016E-15    0.410132485870314122E+04    0.230777484483973240E+04    0.334957464133595106E+01   -0.310352289730201680E+00    0.632872837971076185E+00    0.104895812824395862E+01    0.299848753489989761E+01   -0.335361352814743441E+00    0.374556196015254699E+02
    0.273474587599233916E-15    0.410098792026069168E+04    0.230540266816322583E+04    0.359147304510950338E+01   -0.317950366664001782E+00    0.601725983936705511E+00    0.104903435909585463E+01    0.299884846476053246E+01   -0.471926115264333390E+02   -0.273132010339489462E+02
    0.314057859653328824E-15    0.410067118319400743E+04    0.230262674256069386E+04    0.372820374489677997E+01   -0.305755592953713629E+00    0.589156986611038658E+00    0.104987237987570969E+01    0.299788480700452187E+01    0.494311902189116665E+02   -0.218725179162226446E+02
    0.403650466854842263E-15    0.410012923901985050E+04    0.230345630171410539E+04    0.356982968515011212E+01   -0.306914090142798635E+00    0.604240566552465719E+00    0.104997287018645480E+01    0.299601110890734734E+01    0.183202973336272379E+02    0.273893484844072219E+02
    0.588707336397133348E-15    0.409933447930872444E+04    0.230856109522489714E+04    0.335623186152585173E+01   -0.301033630794966700E+00    0.629590700347071319E+00    0.104892509512376253E+01    0.299804188710110386E+01    0.424797323905187056E+02    0.189307463137526497E+02
    0.163921070105517930E-14    0.409724639741445480E+04    0.230408072166840429E+04    0.359773614579436396E+01   -0.305885373377673797E+00    0.613396875598660740E+00    0.104891616132068055E+01    0.299804139390391455E+01   -0.271120966774820964E+02   -0.321644076148971934E+02
    0.192827970453457079E-14    0.409688157058546949E+04    0.230766902810012016E+04    0.362102789298015182E+01   -0.306118532193583148E+00    0.598857012944701061E+00    0.104979398598227203E+01    0.299045656485317579E+01   -0.469793372451534523E+02    0.284554154238167740E+02
    0.196087351110185765E-14    0.409680804702095156E+04    0.230472890890088502E+04    0.357294629298677213E+01   -0.306907219471359516E+00    0.594442959460457443E+00    0.104936283506659067E+01    0.299702827380332604E+01    0.495458508956501191E+02    0.122805146940568619E+02
    0.223581323191578830E-14    0.409650561705865675E+04    0.231002939514491527E+04    0.346347369612926892E+01   -0.310141744829643629E+00    0.626154420879332374E+00    0.104962332042351703E+01    0.299056956033980015E+01    0.247332271039796439E+02    0.257060516066200648E+02
    0.221618673582159037E-14    0.409648325104192918E+04    0.230774410996799406E+04    0.339621797781075063E+01   -0.310288114530101911E+00    0.616875778933243746E+00    0.104981013826225178E+01    0.299645291902126187E+01    0.464889941950467147E+02   -0.146894180136472770E+02
    0.231565453797449554E-14    0.409635544233601104E+04    0.230548255483268986E+04    0.352226380501611036E+01   -0.305161307410177884E+00    0.647218930514305457E+00    0.104984706361838231E+01    0.299597647086983887E+01    0.330219951646015204E+02    0.310787202003200775E+02
    0.337229237329114721E-14    0.409556364162158116E+04    0.230599805817504284E+04    0.341657943447430412E+01   -0.304547925646729944E+00    0.660614460970116335E+00    0.104993899259986967E+01    0.299586576855249476E+01    0.138786577408335461E+02   -0.186480467012635387E+01
    0.341357771279759162E-14    0.409549930525888021E+04    0.230994371193987763E+04    0.349542569032696360E+01   -0.313003222026727090E+00    0.625913507447647288E+00    0.104997998826571348E+01    0.299147080760786643E+01   -0.208565156019522178E+02    0.416289800583890468E+02
    0.346896793096083457E-14    0.409542711285976839E+04    0.230743451366970521E+04    0.352430181750175286E+01   -0.305513611761959070E+00    0.629777969157484185E+00    0.104966303700663000E+01    0.298885195909428791E+01    0.305833922472230029E+02   -0.154448616120435389E+02
    0.534480695366488755E-14    0.409452257625344691E+04    0.230417906796163243E+04    0.362803615539609403E+01   -0.314073404653759269E+00    0.613423624085131625E+00    0.104974443674433604E+01    0.299904835768482902E+01   -0.206649103053466412E+02    0.170037358648092578E+02
    0.791273297688347380E-14    0.409369788064434806E+04    0.230478429075328404E+04    0.355172291623315184E+01   -0.307005712231817496E+00    0.632442673271541578E+00    0.104988249355797381E+01    0.299461768731016997E+01   -0.304678832499381258E+01   -0.295781616103295342E+02
    0.202088972524109210E-13    0.409178258117578525E+04    0.230801839531829728E+04    0.342974593605151146E+01   -0.322329566596771477E+00    0.639641066827833282E+00    0.104999208406842159E+01    0.299609638325402550E+01   -0.180479008741123224E+02   -0.164427582784428949E+02
    0.199078293094741343E-13    0.409177260093274754E+04    0.230762057135722853E+04    0.343510146946463468E+01   -0.306859411738605259E+00    0.615445938088085009E+00    0.104942941584755856E+01    0.299493524326087046E+01    0.338872862060573254E+01   -0.227876786027770848E+02
    0.208721191423377867E-13    0.409163799859462233E+04    0.230744142608806942E+04    0.354930050477719616E+01   -0.306225345657561598E+00    0.623583638022548126E+00    0.104971640464641003E+01    0.298903142057941640E+01    0.437511944456868918E+01    0.115786420942503554E+02
    0.320086100733064317E-13    0.409074281724393586E+04    0.230741776766787279E+04    0.347966814546126280E+01   -0.313192845564917166E+00    0.612010449795402423E+00    0.104948882955115508E+01    0.299933858006941545E+01   -0.142271708436838793E+02   -0.206774617310720608E+02
    0.381817388840135323E-13    0.409035011238347488E+04    0.230714513179019150E+04    0.338629261999979114E+01   -0.322689365627748803E+00    0.640940175571325321E+00    0.104980948040956013E+01    0.299850094239110998E+01    0.114937533995402319E+02    0.444272337785430693E+02
    0.458195510716557128E-13    0.408994540534807948E+04    0.230652687129210472E+04    0.345996063514042884E+01   -0.314027251860987788E+00    0.627458810785499144E+00    0.104939582800090236E+01    0.299549541573761768E+01    0.359917818344235911E+02    0.152722224961450905E+02
    0.618031449090801150E-13    0.408930691860340312E+04    0.230663941174919546E+04    0.356701012617666668E+01   -0.309847078359365813E+00    0.622955404208563657E+00    0.104956376326923628E+01    0.299374958873191677E+01    0.266864319744165357E+02   -0.299124792618202306E+02
    0.639889804971040516E-13    0.408919740532912920E+04    0.230702241765721192E+04    0.355377881765629233E+01   -0.312342693897970036E+00    0.608305819530871927E+00    0.104926731716831712E+01    0.299700470457599222E+01   -0.547535429285733954E+01    0.189647287146297714E+02
    0.126198753068845972E-12    0.408779911096780825E+04    0.230505273086626948E+04    0.354760863355020417E+01   -0.302553301316920542E+00    0.605503865812954567E+00    0.104963889039613978E+01    0.299418633907627108E+01   -0.377042412365995716E+01    0.270789263502062738E+02
    0.132125849420744275E-12    0.408766731736055908E+04    0.230755153599715049E+04    0.345922984881657714E+01   -0.317806565875078662E+00    0.633266931108055431E+00    0.104968504942440655E+01    0.299899720776582601E+01    0.336079782573078916E+02    0.287654402231941901E+02
    0.135929058737392629E-12    0.408757056086131252E+04    0.230761029775913994E+04    0.333853592928112608E+01   -0.304720896306915068E+00    0.647235316564725216E+00    0.104912753653422097E+01    0.299924663536780267E+01   -0.454220680068296545E+02    0.144598329551517821E+02
    0.134671730561755524E-12    0.408754914672319865E+04    0.230743824456929769E+04    0.320272865096163395E+01   -0.301380641818912443E+00    0.669714001133321357E+00    0.104977175628405717E+01    0.299761860792792989E+01    0.231260321623491620E+02   -0.860735821045647498E+01
    0.134541203527751699E-12    0.408751108611061636E+04    0.230591264959372256E+04    0.329179314891001695E+01   -0.301841391135117487E+00    0.643751937671239283E+00    0.104953648553334733E+01    0.299755284205782502E+01   -0.476809461713445017E+02   -0.135433554461714962E+02
    0.138165896878119255E-12    0.408741791687784871E+04    0.230717058608087336E+04    0.335438395590423521E+01   -0.306499418113562183E+00    0.645391334828838037E+00    0.104927208197851618E+01    0.299653472698137158E+01   -0.842371822924938130E+01   -0.922513288978102253E+00
    0.159281337332560164E-12    0.408709348299507064E+04    0.230868100596622662E+04    0.333446231973933482E+01   -0.302320423355963541E+00    0.662958279081820478E+00    0.104992028468334975E+01    0.299261955015381487E+01    0.424828338909980232E+02    0.204136647181413622E+02
    0.156648155855455285E-12    0.408708682261685180E+04    0.230662325258824239E+04    0.347510013033761744E+01   -0.303624319170051893E+00    0.614075861752448660E+00    0.104828845969582263E+01    0.299920794145630154E+01    0.147375796658502480E+02    0.160293533601415135E+02
    0.186780334871546923E-12    0.408669496061364180E+04    0.230578756215351359E+04    0.351455938271878443E+01   -0.304837755763849028E+00    0.639573669122317945E+00    0.104918598379763961E+01    0.299899671190842732E+01    0.294313978205243814E+02   -0.270175713279803631E+02
    0.190015556287989185E-12    0.408662061521871601E+04    0.230884940575206838E+04    0.342839932006692472E+01   -0.306700541327139087E+00    0.644207613262674506E+00    0.104967851018362168E+01    0.299058659849507347E+01   -0.569984309509713682E+01   -0.118278901029519545E+00
    0.372593159217054786E-12    0.408523385290991428E+04    0.230742410646183725E+04    0.341293944045252573E+01   -0.302773597745858047E+00    0.626432345436206850E+00    0.104979297250802284E+01    0.299153181406416024E+01    0.190041661573276457E+02    0.483087657133224724E+02
    0.369950877672093024E-12    0.408520808663918160E+04    0.230787191525656635E+04    0.343252702046123570E+01   -0.308232735323163920E+00    0.638625711510363514E+00    0.104933085107315560E+01    0.299767981878367884E+01   -0.386498597798188541E+02    0.175932651300433633E+02
    0.447656377736966225E-12    0.408478677525847525E+04    0.230608830141381895E+04    0.339533159175108601E+01   -0.315818997389987088E+00    0.649255346494008734E+00    0.104990980360836295E+01    0.299791760570805188E+01    0.354243749399632719E+02    0.552420836059177844E+01
    0.570113494761313701E-12    0.408426315619748448E+04    0.230774295161950477E+04    0.350588160194658993E+01   -0.305183307937190174E+00    0.632369253615471694E+00    0.104918944972076988E+01    0.299643089196667667E+01    0.834144006909768621E+01    0.101067222638151577E+01
    0.106410132381489740E-11    0.408297505531769957E+04    0.230566078327038258E+04    0.355142629390606590E+01   -0.309457895529365146E+00    0.634722307470438452E+00    0.104997165343253340E+01    0.299575555193822973E+01   -0.416696339648122915E+01   -0.289413792357112882E+02
    0.147505011092120859E-11    0.408228193262332843E+04    0.230633298705333436E+04    0.355284305660948352E+01   -0.298958642361418558E+00    0.605435147849511912E+00    0.104911854420065964E+01    0.299868154704434797E+01    0.153940466349907723E+01    0.369963916766181455E+02
    0.154731787833261547E-11    0.408214627048680495E+04    0.230760427052964133E+04    0.340653974331502329E+01   -0.300981921244456385E+00    0.624160393960286997E+00    0.104953457752832247E+01    0.299291445188052752E+01   -0.212315450883968708E+02   -0.413161263032199031E+02
    0.201731322683562309E-11    0.408157578346809169E+04    0.230895231457664795E+04    0.336482481734779881E+01   -0.302771387225168498E+00    0.653140748970694740E+00    0.104972981499110696E+01    0.299223713000208313E+01   -0.458351141655958685E+02    0.229265508476409963E+02
    0.202434559066607320E-11    0.408152882358231682E+04    0.230826722787174549E+04    0.356724039953204297E+01   -0.306943444826935419E+00    0.616879053149601009E+00    0.104987327984229317E+01    0.298932167079923072E+01   -0.106202238772388569E+01    0.243218066500785710E+02
    0.209858555819091499E-11    0.408141678940061320E+04    0.230843475859294085E+04    0.343043698009384013E+01   -0.301822150499423680E+00    0.651382342332735842E+00    0.104974315216190006E+01    0.299130508599997347E+01   -0.118916759105773053E+02    0.613749700655628061E+01
    0.216827566423218168E-11    0.408131145209498345E+04    0.230734351652800569E+04    0.342810759011025556E+01   -0.302159020735425443E+00    0.624320821033159667E+00    0.104989954085877657E+01    0.299121827223118242E+01    0.170551427684065970E+02    0.785000111362486308E+01
    0.320918748774499061E-11    0.408048728097673074E+04    0.230217547345840148E+04    0.361499436151790743E+01   -0.305339455430929052E+00    0.615324492467194339E+00    0.104987503087593503E+01    0.299969189049209417E+01   -0.388590312435758918E+02   -0.135630210713173156E+02
    0.370641042688610751E-11    0.408015918881211428E+04    0.230518536235157490E+04    0.363553894233073294E+01   -0.305889095547640655E+00    0.604870599452415725E+00    0.104949623215363563E+01    0.299691353313362141E+01    0.131025181875549706E+02    0.215962801044068726E+02
    0.383809590325540083E-11    0.408004936377858166E+04    0.230808300998319555E+04    0.344472586497197053E+01   -0.301330595265292822E+00    0.618753613181652451E+00    0.104922449979559151E+01    0.299430477947217843E+01   -0.422487382535723910E+02    0.442796873195843546E+02
    0.489370239920604092E-11    0.407952341824105861E+04    0.230472699046993694E+04    0.354527143598178585E+01   -0.304377650397061217E+00    0.617453582786516852E+00    0.104990620649713651E+01    0.299386409904362338E+01    0.351388437405394001E+02    0.283099547942856447E+02
    0.563511318816893348E-11    0.407920128208092638E+04    0.230570841526988443E+04    0.360831085906501770E+01   -0.308927463005677860E+00    0.609176901809448834E+00    0.104977146789278297E+01    0.299457429488085802E+01   -0.912564738980996282E+01   -0.156509130161359948E+02
    0.583603400187401404E-11    0.407909121363502391E+04    0.230935129713776223E+04    0.350507482063863085E+01   -0.300614605833838811E+00    0.619128861556445198E+00    0.104940568088483155E+01    0.299013810278810599E+01   -0.488349894748966165E+02    0.243714275472895423E+02
    0.578521410437238472E-11    0.407906870580832174E+04    0.230953133027279273E+04    0.342207327291052277E+01   -0.306514322269427097E+00    0.643079781187392396E+00    0.104992271883754995E+01    0.299158093714548512E+01   -0.226662182280431175E+02   -0.246430161216521277E+02
    0.586577692043295642E-11    0.407900104666760080E+04    0.230703425350261932E+04    0.358978725440614088E+01   -0.302783163190463445E+00    0.614108190349407890E+00    0.104951587196830642E+01    0.299159341861524730E+01    0.481194166794078484E+02   -0.262083111238204012E+02
    0.792030505479581727E-11    0.407836045710456074E+04    0.230530416407952725E+04    0.350824439554489098E+01   -0.312667287493386403E+00    0.612398531539618762E+00    0.104941137142214247E+01    0.299784539503847780E+01   -0.391643309124465446E+02    0.111957456226013150E+02
    0.806147511050009266E-11    0.407828512343684133E+04    0.230727951179488809E+04    0.353089183883116009E+01   -0.312190104715389327E+00    0.613901190486837445E+00    0.104953287808622742E+01    0.299608712832636037E+01   -0.117847805342929632E+02   -0.169007782598468381E+02
    0.912467529212630116E-11    0.407799735191994796E+04    0.230638791775860136E+04    0.350071788302895914E+01   -0.310812861415869335E+00    0.625022287928943765E+00    0.104915638919659338E+01    0.299648759218391758E+01   -0.407441015185097655E+02   -0.236846595619617517E+02
    0.120393843790505553E-10    0.407740294993423913E+04    0.230734473481484747E+04    0.331198234118197155E+01   -0.312150596473567576E+00    0.646050072919682861E+00    0.104984742560136279E+01    0.299738958943119638E+01    0.487363822985542754E+02   -0.245350343586705506E+02
    0.141839827280420220E-10    0.407703508984664177E+04    0.230665117196033088E+04    0.343206990221862895E+01   -0.300955838468690284E+00    0.611828261734525647E+00    0.104957258171547019E+01    0.299835824660278272E+01   -0.207481813766604333E+02    0.259597722063374192E+01
    0.142587052797953559E-10    0.407698458131472762E+04    0.230515537241329912E+04    0.364878197701230311E+01   -0.301689288390759092E+00    0.594232804853658925E+00    0.104969868577002168E+01    0.299541367581278406E+01    0.331901198244087681E+01   -0.190306243400005073E+02
    0.142275069720425451E-10    0.407694896214569962E+04    0.230999396335051961E+04    0.345784861394312415E+01   -0.305909396741114170E+00    0.631935081494407358E+00    0.104994540628235344E+01    0.298805124823232449E+01    0.434844810137020659E+02    0.312152208078007902E+02
    0.171485987908352031E-10    0.407653548361453750E+04    0.230817641540216391E+04    0.336745622591291172E+01   -0.300552914449092268E+00    0.629633911183544948E+00    0.104939981411797634E+01    0.299719348118489348E+01   -0.329107708942918293E+02    0.713163048077680628E+01
    0.168924118588150963E-10    0.407652558751144852E+04    0.230695688476201030E+04    0.355216304643444669E+01   -0.313416612088129987E+00    0.617450631629092861E+00    0.104978935231923720E+01    0.299641239579018137E+01    0.313479196058822396E+01   -0.667648072106885593E-02
    0.173487173896141429E-10    0.407643227939279041E+04    0.230841251445869784E+04    0.347916083494038153E+01   -0.302426615214269112E+00    0.627095410895571082E+00    0.104910463058810377E+01    0.299415145862156917E+01    0.344985359780863803E+02   -0.301043244228249307E+01
    0.175342343134332077E-10    0.407637100611586311E+04    0.230833516016624526E+04    0.353006262373934465E+01   -0.305688487155522381E+00    0.615561570961469684E+00    0.104961467113239126E+01    0.299256505280867202E+01   -0.251523844982309654E+02   -0.374042939302815824E+02
    0.222810510267797353E-10    0.407585184337376904E+04    0.230810704562528463E+04    0.343175017257136528E+01   -0.303696984852634966E+00    0.627809485783583088E+00    0.104923068507222994E+01    0.299430503057788666E+01    0.941623837317688839E+01   -0.104616585355687661E+02
    0.219209211055006886E-10    0.407584443358390263E+04    0.230747536488381047E+04    0.331780344095905733E+01   -0.306210610610949896E+00    0.646886901531312120E+00    0.104946716186693134E+01    0.299858092004797649E+01   -0.200313356249559327E+02    0.142461976692094794E+02
    0.260699507297538716E-10    0.407545774987272443E+04    0.230472822123723563E+04    0.359294615970968589E+01   -0.312728740889101353E+00    0.607268345280765232E+00    0.104967113624314035E+01    0.299787503761403329E+01    0.356706286026170716E+02    0.133803687012976198E+02
    0.285693547417249162E-10    0.407523464728713225E+04    0.230597023703670720E+04    0.350842016381355570E+01   -0.313248227600276541E+00    0.637699919877388721E+00    0.104976489276374152E+01    0.299889599983129518E+01    0.637772836669692111E+01    0.251595039957744859E+02
    0.341884099385774711E-10    0.407483554315687525E+04    0.230700981504239735E+04    0.347801817852602824E+01   -0.300850770695260950E+00    0.610501248593520840E+00    0.104978224801075948E+01    0.299418037029064266E+01   -0.582531380287922218E+01    0.191573200578259275E+02
    0.352542246621507293E-10    0.407473414580747203E+04    0.230692253112434537E+04    0.347318058810520736E+01   -0.305935876836688769E+00    0.623971525767962554E+00    0.104970848333718614E+01    0.299239582246408675E+01   -0.290545222402779082E+02   -0.669463986824725765E+01
    0.367683721427909707E-10    0.407461004050278552E+04    0.230762877592861514E+04    0.340559748598096412E+01   -0.313799107447644610E+00    0.627259936239719984E+00    0.104979722761617289E+01    0.299765118931228791E+01    0.183808049537766465E+02    0.490859445836557740E+01
    0.362915766164924987E-10    0.407459614521834783E+04    0.230696677357110548E+04    0.346218440869450816E+01   -0.311074657379486585E+00    0.632742745704837795E+00    0.104999217438880899E+01    0.299250647105063772E+01    0.120453256342342243E+02   -0.442073930082719855E+02
    0.388480464748784087E-10    0.407442000096524407E+04    0.230226447570633445E+04    0.365666810914247087E+01   -0.301207238500070473E+00    0.600798474181557740E+00    0.104955210905188334E+01    0.299957750779483767E+01   -0.179629071935484674E+02   -0.363797189095315829E+02
    0.465512065168996799E-10    0.407401821070453434E+04    0.230568902609749875E+04    0.357300596962046679E+01   -0.303609862212292414E+00    0.603929398053780320E+00    0.104891310983497754E+01    0.299806466437503571E+01   -0.283309418582871899E+02    0.420331611230352991E+02
    0.499224849564264134E-10    0.407383837354557591E+04    0.230559869920187293E+04    0.350214052380675600E+01   -0.312899083632162067E+00    0.630532253052921599E+00    0.104976322218806239E+01    0.299594778066914502E+01   -0.176223041301410674E+02   -0.234180019962590400E+02
    0.519755018764609042E-10    0.407371777156914868E+04    0.230632170322858929E+04    0.348933321652608042E+01   -0.319290504898153860E+00    0.612732312811539837E+00    0.104977249261677752E+01    0.299967911682771904E+01   -0.394100876190290563E+02   -0.164193596563990667E+02
    0.520612286263012649E-10    0.407367447554979799E+04    0.230655894674194224E+04    0.358008277436451738E+01   -0.302094784403858452E+00    0.618745871566720895E+00    0.104942229941108889E+01    0.299612697016178631E+01   -0.169711069113977047E+02   -0.854949558399560061E+01
    0.538524754406937005E-10    0.407356681980530493E+04    0.230635516169201173E+04    0.347455674834110262E+01   -0.307137170045128416E+00    0.620617975918485554E+00    0.104917530408782689E+01    0.299638534060124506E+01    0.298968832292609790E+02   -0.133593065622037486E+02
    0.593699594497008176E-10    0.407333173981822438E+04    0.230841043105316794E+04    0.343484011828404245E+01   -0.299608314132078890E+00    0.641582915719405289E+00    0.104992986087638629E+01    0.298980193364920455E+01    0.201309440539550764E+02    0.455696221509128634E+02
    0.669038916242981919E-10    0.407305280227635149E+04    0.230268982956185300E+04    0.364251280147548195E+01   -0.305480816913601072E+00    0.604422129350303039E+00    0.104992569548762771E+01    0.299875033216900810E+01    0.100526135088599204E+02   -0.184371583445936835E+02
    0.832166034415994512E-10    0.407257642277174227E+04    0.230686234039745887E+04    0.346431764559379873E+01   -0.320473943538085060E+00    0.619771458694827637E+00    0.104994502654429334E+01    0.299962300035033103E+01   -0.304154258159998392E+01    0.390557450229280505E+02
    0.905352579966342095E-10    0.407236783781685381E+04    0.230682355877630653E+04    0.340780989935273260E+01   -0.302571586098965839E+00    0.639690348366577011E+00    0.104906186952002467E+01    0.299740951618741391E+01    0.385019122449221385E+01   -0.384139060419646583E+02
    0.901260313221058168E-10    0.407233689847120831E+04    0.230737273328922038E+04    0.350238576637442378E+01   -0.307263751128742768E+00    0.618437669679780200E+00    0.104924161139388294E+01    0.299517286787619597E+01    0.304723230593774588E+02   -0.879090102119221228E+01
    0.987510438007766804E-10    0.407211411260104978E+04    0.230818132328041247E+04    0.333053155051879113E+01   -0.303580983871251375E+00    0.639044661275680714E+00    0.104989363187085227E+01    0.299370186485097500E+01    0.108991069638674247E+02   -0.468512349142083906E+01
    0.106278582701664862E-09    0.407192718897818986E+04    0.230885515998030314E+04    0.333348035841853108E+01   -0.300700779188578626E+00    0.640052631047766551E+00    0.104971455264900260E+01    0.299439331694261934E+01   -0.461293121186406125E+02    0.165787354788792243E+02
    0.121052004841024855E-09    0.407162687605809515E+04    0.230626123186671521E+04    0.336573234632586882E+01   -0.299499368182674808E+00    0.648995496139760819E+00    0.104988121188410299E+01    0.299633927782582843E+01   -0.338719698020434166E+02   -0.418465479337148878E+02
    0.124006955183757863E-09    0.407153864124032179E+04    0.230280071445865906E+04    0.358492519220199046E+01   -0.305621035702322297E+00    0.604558112463362107E+00    0.104956176425041092E+01    0.299981091557008117E+01    0.401794364921128135E+02    0.349565452626368227E+02
    0.150377901552508206E-09    0.407111301360966218E+04    0.230835001918115859E+04    0.337239261509488575E+01   -0.301164736126705856E+00    0.633144288442813785E+00    0.104957257261999448E+01    0.299392267706262993E+01   -0.669805333981507545E+01   -0.438079517197718360E+02
    0.154644002650130375E-09    0.407101706511230714E+04    0.230380736023522695E+04    0.357932740357730150E+01   -0.299988825425439198E+00    0.611058133086512800E+00    0.104917399325555571E+01    0.299766614178693436E+01    0.163415323160397321E+02   -0.253674976784421133E+02
    0.153234377251262945E-09    0.407099537929532107E+04    0.230276737952681106E+04    0.367687788636210744E+01   -0.302026530343958877E+00    0.590699430322214503E+00    0.104965057742713164E+01    0.299987439285876700E+01    0.310495482926177431E+02    0.380180625036280304E+02
    0.193750450004928333E-09    0.407048617456709599E+04    0.230599707917911110E+04    0.352357078125437884E+01   -0.309566097716027055E+00    0.606495155801898722E+00    0.104960421650127134E+01    0.299779777431507455E+01   -0.161415064669624613E+02   -0.670470508011014488E+00
    0.199508786998145999E-09    0.407038759998784235E+04    0.230566264846894046E+04    0.340881514019055576E+01   -0.303044108738295126E+00    0.637532441548811502E+00    0.104939322085584275E+01    0.299683812996647747E+01    0.379016691716695675E+01   -0.277534621803752479E+02
    0.253816426213854623E-09    0.406986609400020780E+04    0.230561051068866254E+04    0.352513896855533204E+01   -0.306379736502764066E+00    0.610088291127633076E+00    0.104938907553857308E+01    0.299664941895569825E+01    0.932194795128376796E+01    0.353543087801592293E+02
    0.277134778213994735E-09    0.406965030864516348E+04    0.230712484114282870E+04    0.346008813531649961E+01   -0.316138438954074119E+00    0.628229170714217355E+00    0.104990618836593730E+01    0.299554076259625912E+01    0.424979301108852354E+02    0.269033532865401952E+02
    0.307366122173609667E-09    0.406940323731397302E+04    0.230534375747571539E+04    0.356800440176775480E+01   -0.308604721663550907E+00    0.604818568215907071E+00    0.104933494958223084E+01    0.299869230316083524E+01    0.422793902318937143E+02    0.286923656123927913E+02
    0.374978524456575711E-09    0.406896557903634039E+04    0.230813695571749031E+04    0.350086842920780184E+01   -0.300881454904238954E+00    0.637114023266931784E+00    0.104975857701098230E+01    0.298881136981619733E+01   -0.388026608122068453E+02    0.399867304697597064E+02
    0.421935111564529592E-09    0.406868961347247296E+04    0.230734682544939915E+04    0.345182586159195193E+01   -0.301456222618090686E+00    0.648226203693210712E+00    0.104976784161444847E+01    0.299310418195647499E+01    0.457557622673094073E+02    0.482825786779864501E+02
    0.442086440951562451E-09    0.406855630568732795E+04    0.230650253470407733E+04    0.352449308853167054E+01   -0.299161762887091898E+00    0.609018940217878058E+00    0.104992286087394437E+01    0.299674944563059409E+01   -0.278665029203570072E+02    0.683848724232499450E+01
    0.455507825166033700E-09    0.406845649075708661E+04    0.230669989407124285E+04    0.340495967380863584E+01   -0.303361414348296332E+00    0.654845877444867330E+00    0.104989368943749306E+01    0.299591259281023836E+01   -0.337843361385432601E+02   -0.482967811297849110E+02
    0.514578242332703624E-09    0.406817262131233565E+04    0.230815416712309070E+04    0.346103927945039391E+01   -0.307488630752870973E+00    0.638404671653858946E+00    0.104986648328123655E+01    0.299199774031774446E+01   -0.269434379995513815E+02    0.670834885112329005E+01
    0.604839252585307221E-09    0.406780939109972815E+04    0.230604941885469907E+04    0.357896467903503313E+01   -0.301398089850110240E+00    0.614929972022481452E+00    0.104923260185415468E+01    0.299747091572497215E+01   -0.371917747512894294E+02   -0.197425165234924478E+02
    0.599507534513119021E-09    0.406778709946400159E+04    0.230581359161015007E+04    0.356092164722661941E+01   -0.315435401594556297E+00    0.615257623311819102E+00    0.104993055049844597E+01    0.299925429352911976E+01   -0.238499945193274563E+02   -0.776389115981353228E+01
    0.689365940973015736E-09    0.406746777205078206E+04    0.230549894860236964E+04    0.359177445162034559E+01   -0.305278168664931682E+00    0.619773375552481243E+00    0.104985477086593137E+01    0.299552001553189040E+01    0.107035102217204212E+02    0.388012510086592357E+02
    0.699538876332878306E-09    0.406739847380901392E+04    0.230806364159325585E+04    0.346212842770225926E+01   -0.302016399151596893E+00    0.625778942054935006E+00    0.104934215087531935E+01    0.299581535592712633E+01   -0.696052001251154451E+01   -0.375341961897687284E+02
    0.695062011144071061E-09    0.406737131441626525E+04    0.230734749824320716E+04    0.328926275682076330E+01   -0.305521335540095307E+00    0.647014239059174101E+00    0.104984828588684564E+01    0.299727292619592367E+01   -0.174546923925307880E+02   -0.126130810526654003E+02
    0.907997875960935627E-09    0.406679683247007279E+04    0.230523732763798671E+04    0.352176493105039512E+01   -0.301709935423067566E+00    0.605760380385665931E+00    0.104952590570411219E+01    0.299709271011023093E+01   -0.337451779976617416E+02   -0.238744919403347531E+02
    0.947196321620093761E-09    0.406667230378737440E+04    0.230742004696095910E+04    0.350909867838550182E+01   -0.299775274149604087E+00    0.617447344474322257E+00    0.104921724369476221E+01    0.299411854936987387E+01   -0.102125851844604796E+02   -0.356079129916469910E+02
    0.105442569179089574E-08    0.406641781348933455E+04    0.230628859630352235E+04    0.345487478288446148E+01   -0.300689833121067895E+00    0.622287732023731333E+00    0.104908900402692407E+01    0.299625106027952492E+01   -0.443066438107083869E+02    0.469639298437844843E+02
    0.136943929165089381E-08    0.406585500323101223E+04    0.230362907162652527E+04    0.353791046592775071E+01   -0.299572381495723128E+00    0.622887528056774831E+00    0.104991554643532270E+01    0.299812680859881464E+01   -0.392806856140245770E+02   -0.153398092253112637E+02
    0.150649111655558628E-08    0.406562423962515049E+04    0.230596408106411991E+04    0.344915615871049486E+01   -0.305307266045485748E+00    0.613682682502174393E+00    0.104939182750415960E+01    0.299986394449071936E+01   -0.354860095666300168E+01   -0.917763684020301440E+01
    0.167568823116671530E-08    0.406537135806047354E+04    0.230574634654554484E+04    0.355058418251784769E+01   -0.305039172746159049E+00    0.634155617742962474E+00    0.104998662040606128E+01    0.299758701857128296E+01    0.704391474547541918E+01    0.432445061947158251E+02
    0.213335419927612181E-08    0.406484841502568452E+04    0.230745113483265959E+04    0.349789788186927009E+01   -0.310679326283479162E+00    0.625522406616555005E+00    0.104993648373810622E+01    0.299256764784837870E+01    0.167870602334164829E+02   -0.468632751790240576E+01
    0.214310456890455609E-08    0.406479929496906470E+04    0.230675075591592213E+04    0.331438568535841593E+01   -0.303857899078994242E+00    0.638799513518990114E+00    0.104951325276788321E+01    0.299961800015745439E+01   -0.688453887857249924E+00    0.292341961176824441E+02
    0.231709354249708245E-08    0.406460317875703959E+04    0.230715365318232261E+04    0.332032912146352110E+01   -0.303749077004971391E+00    0.641442923530047615E+00    0.104984086597892645E+01    0.299616477946201165E+01   -0.414562198086169076E+02   -0.726622524884321308E+01
    0.291090834962774197E-08    0.406410687563057763E+04    0.230735777631406108E+04    0.349977939260865600E+01   -0.300304511684365061E+00    0.613767473843801703E+00    0.104978779414479062E+01    0.299246281984339468E+01    0.166057986991193189E+02   -0.253802653147314103E+02
    0.335304730286671361E-08    0.406378406684078618E+04    0.230593967341824600E+04    0.349577123974838244E+01   -0.302073265157164483E+00    0.627206575902552910E+00    0.104892062742179859E+01    0.299718062423618425E+01   -0.141380111497310139E+02    0.779338754493655728E+01
    0.356636933530528217E-08    0.406362070982002160E+04    0.230673282225233288E+04    0.334115859015320149E+01   -0.299132498564231075E+00    0.638161601426340486E+00    0.104981660345088779E+01    0.299955278326078156E+01    0.474564430396129353E+02    0.448105608446383030E+02
    0.399089587527825143E-08    0.406335577451911786E+04    0.230452279343254349E+04    0.362220988102871022E+01   -0.304829863421042846E+00    0.610393110736322742E+00    0.104978461401690981E+01    0.299842571292335469E+01    0.340793300022329930E+02   -0.404143487459172590E+02
    0.392757285467528520E-08    0.406334776270908333E+04    0.230558794296594897E+04    0.347669471598740021E+01   -0.303422844314241213E+00    0.628645043345734233E+00    0.104921515744543936E+01    0.299688811250787612E+01   -0.427123152389874079E+02   -0.453044435143156861E+02
    0.429311948532666876E-08    0.406312977874790658E+04    0.230721316871998897E+04    0.332931054843967322E+01   -0.301333731065804800E+00    0.637410753078648917E+00    0.104972872068075729E+01    0.299639327230989627E+01   -0.254522486199854043E+02   -0.124131376799378472E+02
    0.448973291015115144E-08    0.406300021956181536E+04    0.230685906741572535E+04    0.332779893539037674E+01   -0.309277612484389730E+00    0.647118862545795870E+00    0.104990580058157423E+01    0.299793971854422114E+01    0.146495386077321257E+02    0.116149230709353333E+02
    0.519235959330313741E-08    0.406266942951857618E+04    0.230757274504179532E+04    0.347415177006416176E+01   -0.300882304229403430E+00    0.645102735573817476E+00    0.104977555589212357E+01    0.299366935686432623E+01    0.174611452684856516E+02   -0.174647887417085101E+02
    0.659761040265966324E-08    0.406215039094426538E+04    0.230663252082377767E+04    0.353731071616860593E+01   -0.299696183679290906E+00    0.627498983084880058E+00    0.104970825562713821E+01    0.299316964550158326E+01   -0.201619163495516460E+02   -0.326510726127436186E+02
    0.674803494861626812E-08    0.406206530330324995E+04    0.230536836007052625E+04    0.353097345858974787E+01   -0.300748835968461969E+00    0.610315917030837873E+00    0.104897881915409874E+01    0.299777524914968030E+01   -0.383868559771477464E+02   -0.476410226064123918E+02
    0.664743215668938266E-08    0.406205534471431611E+04    0.230755898739808026E+04    0.340766358033510564E+01   -0.302716039296513695E+00    0.629031333086895850E+00    0.104972376261840861E+01    0.299420428197726451E+01    0.494345579988030863E+02    0.376407495942630987E+02
    0.934885720259914774E-08    0.406133329776778601E+04    0.230828957639571809E+04    0.339223570285393805E+01   -0.302777730364373276E+00    0.630743744327657563E+00    0.104993594150836222E+01    0.299384995614991078E+01   -0.124943001057836867E+02    0.228991484760304331E+02
    0.107369879096805724E-07    0.406101641680198782E+04    0.230531249654772546E+04    0.349517836821586858E+01   -0.302526162480490524E+00    0.606191782663015655E+00    0.104971885348223481E+01    0.299926741943331576E+01   -0.237761651252308575E+02   -0.184026305657854614E+02
    0.127821487027597501E-07    0.406062770686095791E+04    0.230533642916338249E+04    0.350285973423031827E+01   -0.314468600936962828E+00    0.611012587477878233E+00    0.104991329877759476E+01    0.299930051921686758E+01    0.132951343399521988E+02   -0.429068628950093682E+02
    0.141245037163686120E-07    0.406038798370822315E+04    0.230465632051452076E+04    0.359049883902612965E+01   -0.305828793358508766E+00    0.602539028450239877E+00    0.104946147129153466E+01    0.299983903651691541E+01    0.322847442545852772E+02    0.467327779657379523E+02
    0.162243249170841214E-07    0.406007078268250734E+04    0.230407443737486437E+04    0.351738992071537915E+01   -0.301679321544827017E+00    0.613732480674605396E+00    0.104971845566085165E+01    0.299744680141092967E+01   -0.300311780629608442E+02    0.298708998654990268E+02
    0.163688364492300578E-07    0.406001304736956945E+04    0.230498044080665295E+04    0.357988944533519859E+01   -0.301262173448951176E+00    0.601126555890254100E+00    0.104935303516079803E+01    0.299856089323853858E+01    0.372904416354523676E+02   -0.289370262284214057E+02
    0.166583606367172456E-07    0.405993798152932595E+04    0.230394126371687844E+04    0.352735360320740732E+01   -0.312884531121078613E+00    0.617527644849790391E+00    0.104983156830751323E+01    0.299963353555214107E+01    0.361860214903763477E+02   -0.383368261502481005E+02
    0.166391835978305269E-07    0.405990028524768741E+04    0.230814521363489166E+04    0.334152512784777667E+01   -0.302222054195110001E+00    0.650646697089165005E+00    0.104993532800882572E+01    0.299424939418547753E+01   -0.293936032572971584E+01    0.268494192361608555E+02
    0.163865597293684984E-07    0.405989088305053338E+04    0.230556378315955681E+04    0.358277729273866719E+01   -0.304197920480979822E+00    0.611496364566166850E+00    0.104979544942359238E+01    0.299504753450959837E+01   -0.527235207408548234E+01   -0.363771535683253262E+02
    0.163052627855520404E-07    0.405986083013884354E+04    0.230775049728001068E+04    0.341727353604168727E+01   -0.303660964287168156E+00    0.634184919812161407E+00    0.104997382530365591E+01    0.299198733274685313E+01   -0.170025603894815092E+02    0.230166574276255886E+02
    0.175412800432218096E-07    0.405967469206520491E+04    0.230591301952152480E+04    0.358591603381250934E+01   -0.302525097833429013E+00    0.604634121896214016E+00    0.104987336399618725E+01    0.299731232282495341E+01    0.466023689611373726E+01   -0.420691079380853523E+02
    0.209134077071051665E-07    0.405928302505005877E+04    0.230654102983682469E+04    0.355271804817087133E+01   -0.302384232034052347E+00    0.630465833083614591E+00    0.104993801272764586E+01    0.299435733229206402E+01    0.315612056997422741E+01   -0.499426106533753114E+02
    0.218933781722934871E-07    0.405915143754172777E+04    0.230641692777458866E+04    0.351309484068785327E+01   -0.299543781517729979E+00    0.609473273847335517E+00    0.104970253159741489E+01    0.299762000618483571E+01   -0.228521475008195196E+02   -0.257547787795449388E+02
    0.223383542218866316E-07    0.405907119574808303E+04    0.230757506282308987E+04    0.338679079821741746E+01   -0.302576990189351691E+00    0.643782921279619780E+00    0.104977684307742503E+01    0.299405271366157599E+01    0.197571048251629122E+02    0.133483473930540271E+02
    0.257071744887757456E-07    0.405875026575894526E+04    0.230570600623483097E+04    0.337312854684887853E+01   -0.299800089561079286E+00    0.624929900173442965E+00    0.104965632131984221E+01    0.299995534555571197E+01    0.108646565924783687E+02    0.161338934674781171E+02
    0.261246241637932590E-07    0.405867804934259220E+04    0.230622163400812133E+04    0.341981173318783238E+01   -0.307808741674535313E+00    0.627024315178557723E+00    0.104998109707183507E+01    0.299617206891901944E+01   -0.782286304460499338E+01   -0.185075132701207359E+02
    0.264535084620663809E-07    0.405861302840165217E+04    0.230396419268366208E+04    0.356745009787275436E+01   -0.302326847456963421E+00    0.623999507943391318E+00    0.104941007648872797E+01    0.299999372203667436E+01   -0.409259446921891055E+02    0.138591967917340213E+02
    0.299985464483263635E-07    0.405832150813327326E+04    0.230554562569253630E+04    0.357545000257345702E+01   -0.300197437816860480E+00    0.621266441622237542E+00    0.104997036240932506E+01    0.299293997749087382E+01   -0.440046457911121536E+02    0.143004572630225226E+02
    0.296250678104020980E-07    0.405830656421398226E+04    0.230528416160518736E+04    0.348499135065433352E+01   -0.302447661616042862E+00    0.630460085071542720E+00    0.104988710788576300E+01    0.299444515019722024E+01   -0.356607106800640139E+01   -0.116012731339928763E+02
    0.296398755975767275E-07    0.405826556478419297E+04    0.230781972434032377E+04    0.344913500505306292E+01   -0.300538391960650797E+00    0.628238176517944336E+00    0.104941686706737669E+01    0.299498097367661664E+01   -0.242713701904384465E+02   -0.158072616546310130E+02
    0.316428277997904410E-07    0.405809478296458747E+04    0.230587424338165056E+04    0.328737029455194030E+01   -0.301422168840934868E+00    0.652460763165386037E+00    0.104977383054997508E+01    0.299897653964980693E+01   -0.171245884641320814E+02    0.358420563491942232E+02
    0.387228602595246982E-07    0.405765094573076703E+04    0.230654522156908797E+04    0.341009308577577741E+01   -0.300308095147683751E+00    0.645565892552066201E+00    0.104961492388981426E+01    0.299544444352802008E+01   -0.261253548903685697E+02    0.452875362238356871E+02
    0.447579280783214967E-07    0.405732126880522401E+04    0.230595086007799364E+04    0.347000826264229634E+01   -0.301158517948582893E+00    0.643674764612131467E+00    0.104961528077734223E+01    0.299641053056326534E+01    0.215173693889798301E+02   -0.347837386560247523E+02
    0.439825678438017102E-07    0.405731621925070931E+04    0.230815733687193278E+04    0.340290874328157766E+01   -0.299807216589459746E+00    0.634917027490927932E+00    0.104977875934105436E+01    0.299340913461210967E+01   -0.205262349274051914E+02   -0.200826040367586849E+02
    0.555350784267011048E-07    0.405680977626116237E+04    0.230584189005915323E+04    0.343794869868456932E+01   -0.302219751150611726E+00    0.629989019018001861E+00    0.104943889442277127E+01    0.299671019314791565E+01    0.918739579297375286E+01    0.517917273253593891E+01
    0.568193217819093358E-07    0.405672405311060857E+04    0.230633162537614953E+04    0.334601974278163938E+01   -0.302258892967888382E+00    0.632733674359352460E+00    0.104951938953843604E+01    0.299981948320298697E+01   -0.401056017202692772E+02    0.790225372588477626E+01
    0.607939487916286594E-07    0.405654882547567422E+04    0.230625364799117142E+04    0.342518458778779245E+01   -0.302180205129682466E+00    0.630454189365846851E+00    0.104911047343835762E+01    0.299899634631612289E+01   -0.472270195054307038E+02   -0.131573426453439311E+02
    0.600665562107976305E-07    0.405653289955557238E+04    0.230785534675390045E+04    0.346796818106775850E+01   -0.302679351419035181E+00    0.636714891616123380E+00    0.104997995975835012E+01    0.299648298880955544E+01    0.372621656217951625E+00    0.271293331267673210E+01
    0.630432660039492013E-07    0.405639616348551317E+04    0.230682873749406190E+04    0.335555410188426873E+01   -0.299936376607048971E+00    0.641140591124318426E+00    0.104946690059969883E+01    0.299755859107979772E+01   -0.859623685668498894E+01   -0.231762228869265172E+02
    0.628822296880630118E-07    0.405636127877698891E+04    0.230516390697798670E+04    0.341561682511806630E+01   -0.310560824508624100E+00    0.628335171738372500E+00    0.104972990899041974E+01    0.299982664406704647E+01    0.615264545936221907E+01    0.211677617937976947E+02
    0.713763402224745991E-07    0.405606787310081063E+04    0.230706529425083227E+04    0.346119242865390575E+01   -0.304346786108888823E+00    0.637934877646496257E+00    0.104996410231251125E+01    0.299933230177781418E+01    0.408683307347640579E+02    0.315510870122070486E+02
    0.783503855215985649E-07    0.405584142421221486E+04    0.230441278220918230E+04    0.350229049119821578E+01   -0.301588988516250212E+00    0.625234822034326010E+00    0.104989721650482104E+01    0.299584449349987869E+01   -0.316785298469095267E+01   -0.472949571756569966E+02
    0.822098955207416509E-07    0.405570525463424383E+04    0.230604043318334789E+04    0.346619241465743544E+01   -0.306193632905888191E+00    0.628809026388125192E+00    0.104968909810099253E+01    0.299586134923365854E+01   -0.858195997757002971E+01    0.171925470633903075E+02
    0.826647964116597004E-07    0.405565421832442826E+04    0.230703785410387445E+04    0.347412527543406746E+01   -0.304334097397991388E+00    0.636099147558096822E+00    0.104970089282225088E+01    0.299800666363569901E+01    0.207103739859361013E+02    0.395120497305684637E+01
    0.868106935598533156E-07    0.405551634636726021E+04    0.230536393624170478E+04    0.340586169138301775E+01   -0.304268412043815772E+00    0.636800461610202984E+00    0.104954538654000129E+01    0.299852418379178065E+01   -0.249261535658789057E+00    0.442930763953042970E+02
    0.857032842406275096E-07    0.405550202369601038E+04    0.230447167558010779E+04    0.347271305105160799E+01   -0.299811386269988489E+00    0.634969907046203152E+00    0.104982028806505867E+01    0.299714192491428166E+01    0.155253208365249264E+02   -0.186678765507465698E+02
    0.103408025579136656E-06    0.405508644083904164E+04    0.230862201453412672E+04    0.344806745801767622E+01   -0.299830882785123320E+00    0.632116995718582486E+00    0.104978295564535684E+01    0.299335245724568599E+01   -0.347030747904775296E+02   -0.470533455575715109E+02
    0.102700256860645139E-06    0.405506017675478734E+04    0.230629789881610577E+04    0.354295542868541702E+01   -0.301764372445402829E+00    0.624127950245451979E+00    0.104991685047468208E+01    0.299248509902565374E+01   -0.190996935333711875E+02    0.115015396716873965E+02
    0.113513249049233508E-06    0.405481996686716502E+04    0.230737150981241530E+04    0.350291828517556514E+01   -0.298363544664101477E+00    0.629917061310179660E+00    0.104979947557815811E+01    0.299881458932334199E+01   -0.165867033719447221E+01   -0.204951698471325265E+02
    0.120529310535729830E-06    0.405466002006217923E+04    0.230738486673266652E+04    0.343114533047158154E+01   -0.307852570714883367E+00    0.634200907743067477E+00    0.104989071803692235E+01    0.299543417859548988E+01    0.288126803861423042E+02    0.259927325655249319E+01
    0.125163616914553707E-06    0.405454456235738553E+04    0.230612078242805546E+04    0.346896012930380415E+01   -0.309345786054114058E+00    0.630708166964004446E+00    0.104979765091845345E+01    0.299646934717161750E+01    0.252200470498827940E+02    0.160120571569006671E+02
    0.122821875162602277E-06    0.405454233571810164E+04    0.230550016122838724E+04    0.355528858512099388E+01   -0.302788906105491251E+00    0.617259306321058299E+00    0.104933322030339382E+01    0.299821830384658616E+01    0.379233874883165356E+02    0.252373376242024108E+02
    0.130180231734642934E-06    0.405438596621430088E+04    0.230468158786117328E+04    0.349690991250517325E+01   -0.301182516825423074E+00    0.627045380765446358E+00    0.104914683359677285E+01    0.299848705137862925E+01   -0.498331662064838667E+02   -0.813190108114851284E+01
    0.169673079619357170E-06    0.405381605894174209E+04    0.230662033513711049E+04    0.344309546881892548E+01   -0.302296927823749340E+00    0.647355471197380128E+00    0.104983753484250908E+01    0.299729131116701142E+01   -0.669191672412019045E+00   -0.284501058445211932E+02
    0.168779035611553315E-06    0.405378662523513549E+04    0.230585838673427315E+04    0.348115091399429932E+01   -0.300834365156424588E+00    0.619624563133726269E+00    0.104906827516004597E+01    0.299808658183391197E+01    0.405428956455231031E+02   -0.440806722311005004E+02
    0.166354248386606862E-06    0.405377556690884194E+04    0.230677525336957115E+04    0.349115264223949140E+01   -0.301534593357729475E+00    0.618234804010169281E+00    0.104984158583331944E+01    0.299977525946350498E+01   -0.279139644187407896E+02    0.262895194399479664E+02
    0.179634290628138166E-06    0.405358195985997054E+04    0.230358852364536870E+04    0.357022294404617746E+01   -0.303616951185980199E+00    0.617961417099763821E+00    0.104956950151268646E+01    0.299959899164894717E+01    0.323834576048184886E+02    0.219715603112275062E+02
    0.182296112026277942E-06    0.405351254128256642E+04    0.230786030045128700E+04    0.337018025696950696E+01   -0.300115157785565634E+00    0.643096434136330442E+00    0.104986250213145582E+01    0.299351099737402437E+01   -0.425025149254552588E+02    0.374956654712553501E+02
    0.187402152827027612E-06    0.405341729227558608E+04    0.230707229870953370E+04    0.351068028186358827E+01   -0.300161511142925996E+00    0.617321566975914005E+00    0.104997651887384302E+01    0.299182515567550800E+01   -0.435262609093541641E+00    0.286531256733199200E+02
    0.185544065853505213E-06    0.405339722117959036E+04    0.230420917727823598E+04    0.350280637922644811E+01   -0.306262684428601051E+00    0.610380025528329373E+00    0.104975126846963462E+01    0.299996510304098196E+01    0.258409606071341926E+02    0.240844873815070173E+02
    0.187334993486346205E-06    0.405333800914437870E+04    0.230429741218670824E+04    0.353937161811325751E+01   -0.309510860127013343E+00    0.618727675040169567E+00    0.104965597785237708E+01    0.299961636464247938E+01   -0.130194798997611940E+02   -0.178128901095278209E+02
    0.184362243475440706E-06    0.405333000091726399E+04    0.230507410569610693E+04    0.352376296227348451E+01   -0.303351662881317152E+00    0.640012144280617923E+00    0.104997675013976810E+01    0.299821689098861643E+01   -0.491436034581954146E+02    0.330365932273730891E+02
    0.185501603401283108E-06    0.405327767893943928E+04    0.230779979328968602E+04    0.340067124106840835E+01   -0.302716396034407809E+00    0.635855228302612097E+00    0.104977796746194518E+01    0.299579381600060346E+01    0.306731487676532169E+02   -0.303301885330559813E+02
    0.214520660035018410E-06    0.405294699388898607E+04    0.230510444299911978E+04    0.360351879729969227E+01   -0.301248823276090316E+00    0.606290766766648836E+00    0.104980093934026519E+01    0.299870756567561880E+01    0.156365124484158571E+02   -0.103712980822737748E+02
    0.210626615775194551E-06    0.405294363204597857E+04    0.230619463023487242E+04    0.349940895360209936E+01   -0.302639849901309432E+00    0.640177067538824307E+00    0.104970596670125071E+01    0.299782030513821152E+01   -0.339150679067025180E+02   -0.125329643577573719E+02
    0.209557240453228641E-06    0.405291381213847808E+04    0.230673748178519554E+04    0.348025110078065669E+01   -0.309819151522122027E+00    0.635069023989127235E+00    0.104995583128866476E+01    0.299798505908570290E+01    0.371164873766307579E+01   -0.273933915280797748E+02
    0.205713339785545128E-06    0.405291083870032662E+04    0.230646332719127122E+04    0.344629782329674494E+01   -0.302479086158062460E+00    0.641883103431083901E+00    0.104986577845161388E+01    0.299441460980363683E+01   -0.161573849589048777E+02   -0.419671923286699666E+01
    0.202688112112256751E-06    0.405290046918271855E+04    0.230647117565982171E+04    0.348029381461046361E+01   -0.307716271966539556E+00    0.620893956222283716E+00    0.104961236913459444E+01    0.299785839183058966E+01    0.314372276585252450E+02   -0.381682275870378902E+02
    0.228985679423334160E-06    0.405261648705814559E+04    0.230788416316933308E+04    0.346208590891172197E+01   -0.300691623486678328E+00    0.640452091856367423E+00    0.104989692120453526E+01    0.299505160591254915E+01    0.575254549241179802E+01   -0.126357349700503931E+02
    0.240848151068508348E-06    0.405247547267809705E+04    0.230706007318744105E+04    0.342916710269591052E+01   -0.304455545742997435E+00    0.632509592383712849E+00    0.104970681890454443E+01    0.299935934769800649E+01   -0.356887299318864137E+02   -0.457798804388021594E+02
    0.278183302949940337E-06    0.405214724547173410E+04    0.230422861502768683E+04    0.345455300466173476E+01   -0.303151501825697167E+00    0.620918725615491995E+00    0.104951767270812102E+01    0.299996918905085774E+01    0.208096465326867701E+02   -0.922737161108715753E+01
    0.395038248087512393E-06    0.405140584080917552E+04    0.230709836721208103E+04    0.337639059477437486E+01   -0.300697896143313437E+00    0.641825962138360739E+00    0.104995403022183975E+01    0.299391230384737117E+01    0.277784207219921200E+02    0.143301315976817563E+02
    0.445456316154102236E-06    0.405112560761814075E+04    0.230599510863860996E+04    0.353421827266954436E+01   -0.304055088605498569E+00    0.629644577034187636E+00    0.104994457950865128E+01    0.299478986951335324E+01    0.107747368361906979E+02   -0.285746371928111742E+02
    0.472797246308700801E-06    0.405096647270709536E+04    0.230607119076245408E+04    0.351868824276936021E+01   -0.303376945138196907E+00    0.617060246396034406E+00    0.104998225750045782E+01    0.299409439834746571E+01    0.248739035365553747E+02    0.719912233078441233E+01
    0.483018147274597859E-06    0.405088369754091718E+04    0.230600579498355455E+04    0.350915927000471095E+01   -0.299413199737557145E+00    0.612704619429773611E+00    0.104973854911535569E+01    0.299855253845246406E+01   -0.242092793806097006E+02   -0.360718016788913047E+02
    0.521080555653406780E-06    0.405069199669644831E+04    0.230739787248421862E+04    0.351969110525566808E+01   -0.299363092905705230E+00    0.620127779280936098E+00    0.104965244965085702E+01    0.299730269311020781E+01    0.289930332436359919E+02   -0.329453828355195526E+02
    0.845743482848587762E-06    0.404968337378707474E+04    0.230684362902568500E+04    0.347261741770451371E+01   -0.301019723635222336E+00    0.627573289748798224E+00    0.104933314737181838E+01    0.299708627763540436E+01    0.110840403165904462E+02   -0.418622087675248622E+01
    0.875346264532325916E-06    0.404957456691286325E+04    0.230431057038616382E+04    0.360741755964854605E+01   -0.303328193373386290E+00    0.611132776388861321E+00    0.104986174091167173E+01    0.299937702493207192E+01   -0.148479847701132428E+00   -0.277801381980843587E+01
    0.911484290022003750E-06    0.404945365727346916E+04    0.230601410705090530E+04    0.354593662129637277E+01   -0.304666523770009301E+00    0.616788360605500685E+00    0.104979948578277660E+01    0.299868905910297290E+01    0.294558651948330237E+02    0.194050631249180583E+01
    0.944469191546636805E-06    0.404934255985557911E+04    0.230480601682049837E+04    0.344106979122066470E+01   -0.300501299617117135E+00    0.635603296717892396E+00    0.104939842169224562E+01    0.299880970262516522E+01    0.398775756203691145E+02   -0.357335639222392842E+02
    0.955799652472134289E-06    0.404927870934571547E+04    0.230655997533217305E+04    0.346723942010526276E+01   -0.300932249931773033E+00    0.640810977491543032E+00    0.104977945682868312E+01    0.299929788559689126E+01   -0.301890513920063270E+02   -0.479733938147038117E+02
    0.100501981417471071E-05    0.404913828091901405E+04    0.230594928385020148E+04    0.331934793203805878E+01   -0.305485549983741889E+00    0.647697588930736590E+00    0.104999477171635847E+01    0.299895189259567863E+01    0.794270328210539844E+01    0.168446155558373505E+02
    0.991775813616336757E-06    0.404912481181599333E+04    0.230469615476288527E+04    0.345719196113230209E+01   -0.304697202065067896E+00    0.619693486200140975E+00    0.104967043988482289E+01    0.299948187229709973E+01    0.372179415923316981E+02   -0.104632318123888126E+02
    0.999386983221059524E-06    0.404906952184234160E+04    0.230638484099370635E+04    0.334568284139152095E+01   -0.299734325542276470E+00    0.652716166107082385E+00    0.104990158902682329E+01    0.299803348996705132E+01   -0.435371109630160333E+02   -0.320145422587617858E+02
    0.103561389158155225E-05    0.404895830666714710E+04    0.230533118820124582E+04    0.349630717129486923E+01   -0.302929041138682797E+00    0.636180703448809726E+00    0.104977166889326234E+01    0.299625536986228980E+01   -0.318234231615158834E+02    0.248122060883380584E+02
    0.104331779900723738E-05    0.404890348377955524E+04    0.230792158177632609E+04    0.350272435697103379E+01   -0.301625262565683894E+00    0.628680861927529255E+00    0.104998548298202143E+01    0.299062610971345499E+01    0.552713409486007379E+01    0.215437701016944771E+02
    0.102625119142445001E-05    0.404889647034737436E+04    0.230718353207961445E+04    0.332511731520007059E+01   -0.300674856763829046E+00    0.650806553490525075E+00    0.104992289298424879E+01    0.299653474893193650E+01    0.198851274953051558E+02    0.450822809275245930E+02
    0.100667774093456339E-05    0.404889498434566804E+04    0.230626474928601510E+04    0.348573979409544821E+01   -0.299112282501117488E+00    0.622215737489133280E+00    0.104982056458397888E+01    0.299827072803825301E+01   -0.226410466892642930E+02    0.248284648095433624E+01
    0.992555609810686600E-06    0.404888323990874960E+04    0.230608393907075560E+04    0.354231005946355770E+01   -0.300155234696555973E+00    0.611255694509097225E+00    0.104957437129849440E+01    0.299720453539654752E+01    0.468760618780374045E+02   -0.133652186383860538E+01
    0.110915732669728843E-05    0.404862109430909140E+04    0.230640046431894370E+04    0.335682599081175015E+01   -0.302126402163146901E+00    0.637900695307551002E+00    0.104973034370541929E+01    0.299805498272905036E+01   -0.138443930193522320E+02    0.433484890780159446E+02
    0.114561081469987192E-05    0.404851641951806960E+04    0.230568739247054145E+04    0.354087289542884465E+01   -0.301069578590501985E+00    0.620036510252024442E+00    0.104981343834446195E+01    0.299441268034414954E+01    0.185551871101054360E+02    0.268044726001670881E+02
    0.122266175079208752E-05    0.404834623494263951E+04    0.230327052475285564E+04    0.345941617028263870E+01   -0.300959562895197541E+00    0.640236646686262678E+00    0.104988835907157241E+01    0.299975324644240970E+01    0.401863718883174528E+02    0.544234005745845906E+01
    0.121080612804801354E-05    0.404832572271422350E+04    0.230608876988445081E+04    0.353898872440756795E+01   -0.300663025232197845E+00    0.612753905703769419E+00    0.104992532373133529E+01    0.299437029733661442E+01   -0.131460761928326946E+02    0.142816725124958737E+02
    0.121354109136862364E-05    0.404828121021789593E+04    0.230548732638971160E+04    0.345980990510049047E+01   -0.310099036510795900E+00    0.621336420324590799E+00    0.104995855940750737E+01    0.299859690872562767E+01    0.199116071798791126E+02    0.864521009344535685E+01
    0.131086059016466235E-05    0.404808692771168080E+04    0.230626336253471118E+04    0.333752259008543284E+01   -0.300432570461306558E+00    0.643562117913758058E+00    0.104961050645145426E+01    0.299890548351901520E+01   -0.153848284305328065E+01   -0.130489892311294469E+02
    0.159479381203826891E-05    0.404765480651997859E+04    0.230740832097651173E+04    0.343400958117253596E+01   -0.301709590400959127E+00    0.637079457771455138E+00    0.104987933006666800E+01    0.299348973895046022E+01    0.196059226863525993E+02   -0.283998646440771871E+02
    0.163218827880188890E-05    0.404756845219923935E+04    0.230694068088655058E+04    0.341641030889687602E+01   -0.300461046994960457E+00    0.629807706959060853E+00    0.104955030605004529E+01    0.299879619087472848E+01    0.397636831083315059E+02    0.298017800663886874E+02
    0.173678969863260247E-05    0.404740421861618006E+04    0.230658344006874177E+04    0.349374461236921707E+01   -0.302023230996863346E+00    0.629019061984354755E+00    0.104942623504529919E+01    0.299794012430770662E+01   -0.302284778738356330E+02    0.358265959512910968E+02
    0.206069341908018181E-05    0.404702221035811135E+04    0.230364519241016387E+04    0.355540560020769103E+01   -0.300600050020563947E+00    0.609411363117723370E+00    0.104951266904028606E+01    0.299948718003140957E+01    0.478768503761461091E+02    0.315211059646233593E+02
    0.262515330144447099E-05    0.404649801684306385E+04    0.230520871123057486E+04    0.337404267604115571E+01   -0.302159045721488051E+00    0.643576982123489794E+00    0.104958989369482003E+01    0.299998072363746182E+01    0.154683167524976852E+02   -0.422958470742480017E+02
    0.263159628949940588E-05    0.404645311420034159E+04    0.230441442939778699E+04    0.346617744496700642E+01   -0.300021472379198462E+00    0.631768894235892775E+00    0.104928481697842857E+01    0.299951898644695314E+01   -0.119382059548777661E+02    0.245579329884952244E+02
    0.280112977816832110E-05    0.404628824977683507E+04    0.230412872222558053E+04    0.349460710257555984E+01   -0.300139893456488949E+00    0.609460783840922504E+00    0.104996984699006002E+01    0.299959251103240510E+01    0.153456780403992923E+02    0.311125025747021766E+02
    0.275108607795915047E-05    0.404628430389053892E+04    0.230662582090641308E+04    0.354595492836380632E+01   -0.302543879770488078E+00    0.621921411311556982E+00    0.104998784976196413E+01    0.299415378130756826E+01    0.117171602929652892E+02    0.463574487190618356E+02
    0.285404573946531725E-05    0.404617082034210489E+04    0.230642284618789790E+04    0.343335979914258971E+01   -0.300025995946709978E+00    0.622852212945354200E+00    0.104951784331539621E+01    0.299967528001211559E+01    0.684623190794557956E+01   -0.356058418523227971E+01
    0.282992467546679990E-05    0.404614779524312462E+04    0.230620619477300761E+04    0.348949922704280535E+01   -0.305399022845792012E+00    0.621479342025656356E+00    0.104959099013723156E+01    0.299780979961398852E+01   -0.167386331210532830E+02    0.246056960405979481E+02
    0.286030303591995280E-05    0.404608644028117305E+04    0.230526575938635915E+04    0.353217551094316828E+01   -0.302095944425904206E+00    0.616190025474455449E+00    0.104972957426878644E+01    0.299634601600960870E+01    0.420912482945053483E+02   -0.259661561043919313E+02
    0.354939868319467553E-05    0.404561473902459193E+04    0.230708478753697636E+04    0.337997017533144639E+01   -0.302494325517685847E+00    0.635393531647613252E+00    0.104986963631274177E+01    0.299910434867508435E+01    0.738052356431737167E+00   -0.433215888692813422E+02
    0.365139483138393027E-05    0.404551807695248090E+04    0.230602529881944884E+04    0.349733328950772115E+01   -0.301022076923281146E+00    0.640088639016468064E+00    0.104995722204616371E+01    0.299451189242323945E+01   -0.126420708850640864E+02   -0.729398634057154283E+01
    0.367449339071284735E-05    0.404546546489225102E+04    0.230532028346264906E+04    0.347621259853982911E+01   -0.300708020769344775E+00    0.632935120278667718E+00    0.104916765345928309E+01    0.299986871028537383E+01   -0.478351784719399973E+02   -0.215233914647604720E+02
    0.400741248874803802E-05    0.404525200389605243E+04    0.230714681125602692E+04    0.334780446901393702E+01   -0.301170756927862660E+00    0.641746772553418388E+00    0.104998760216732911E+01    0.299605161291603839E+01    0.960620993360443975E+01    0.102943629100796556E+02
    0.420194465433667097E-05    0.404511720057070215E+04    0.230751836030645973E+04    0.342157591493475977E+01   -0.301320642869837119E+00    0.643105410839990843E+00    0.104995302775605204E+01    0.299585975081225975E+01    0.261277871306554061E+02    0.160966580459610924E+02
    0.423918115493683965E-05    0.404505955517932625E+04    0.230386961967848401E+04    0.349182709983173378E+01   -0.306342501133997747E+00    0.634484803604016934E+00    0.104984521578731793E+01    0.299984317325863925E+01   -0.207587016034663350E+02    0.113222416837838296E+02
    0.427289868767566484E-05    0.404500371053984236E+04    0.230650152328449622E+04    0.351609566561503240E+01   -0.303166946927831416E+00    0.620781878004613485E+00    0.104993325107237645E+01    0.299415391327439062E+01    0.104454845952318252E+02   -0.495834035705317078E+02
    0.527321811076626541E-05    0.404454301378606442E+04    0.230693935317495925E+04    0.344504222222091183E+01   -0.301279969600813990E+00    0.630548825908629818E+00    0.104962506682651857E+01    0.299823286878030881E+01   -0.803413041607861800E+01   -0.127415518592358907E+02
    0.525781320281938252E-05    0.404450886503404809E+04    0.230478673173609559E+04    0.346599402557015868E+01   -0.303347525057841960E+00    0.645309472701279363E+00    0.104990713158068338E+01    0.299939777296156151E+01    0.195428717794489160E+02    0.178758042247771840E+02
    0.533558358942531967E-05    0.404443949889763189E+04    0.230566288509911737E+04    0.340672679987217242E+01   -0.301022431215049846E+00    0.631590770547739488E+00    0.104940387312760497E+01    0.299946609414295651E+01   -0.192535003733065864E+02   -0.304162044379569352E+02
    0.600369237358245371E-05    0.404416354608174697E+04    0.230387925863766031E+04    0.346698892531434311E+01   -0.306251469944181287E+00    0.634342651171828864E+00    0.104987167922060154E+01    0.299996048383286507E+01    0.490683549250878031E+02    0.417292895660677488E+02
    0.611230617402640081E-05    0.404408768714378584E+04    0.230584517833435348E+04    0.346961461909697810E+01   -0.302977265493886205E+00    0.628051316447099217E+00    0.104935525951005104E+01    0.299898796844433546E+01   -0.385028436986654299E+01    0.104306581063478561E+02
    0.666774153510100542E-05    0.404387373302853121E+04    0.230588333886019882E+04    0.348001798693649000E+01   -0.301355888105876935E+00    0.629992501969107721E+00    0.104926257829218517E+01    0.299982355988737659E+01    0.512463865310655819E+01    0.300061048390337817E+02
    0.702849430302338224E-05    0.404372835043036957E+04    0.230544793717371749E+04    0.340499985272765882E+01   -0.302071820751684761E+00    0.653071531301799624E+00    0.104998549164031973E+01    0.299985172441966519E+01   -0.194837784033923995E+02   -0.447525428235170608E+02
    0.747901220342974153E-05    0.404356409398303867E+04    0.230704818762613741E+04    0.348334895765623687E+01   -0.300740994789404192E+00    0.633494843836539534E+00    0.104970213069462970E+01    0.299646759001012475E+01    0.171619721121467563E+02   -0.805007289516203883E+01
    0.118468721973606487E-04    0.404260416766653952E+04    0.230449094329659329E+04    0.347580786506414130E+01   -0.304510198596838588E+00    0.620080582421334570E+00    0.104964384716944847E+01    0.299977691520197531E+01   -0.244924113254666302E+02    0.211165475195591767E+02
    0.126376045481046102E-04    0.404243494171852171E+04    0.230687494843065224E+04    0.350120014044746686E+01   -0.299580646120472749E+00    0.617459786776288544E+00    0.104989288438225792E+01    0.299739640251943085E+01    0.100111321063402130E+02   -0.176306781713037566E+02
    0.125260182920976797E-04    0.404241267954397608E+04    0.230592885733323283E+04    0.334522817375538306E+01   -0.300115567494770863E+00    0.646846675333062060E+00    0.104993867726904933E+01    0.299743874424787204E+01   -0.604184917345610017E+01    0.406863249414617769E+02
    0.132296151874826153E-04    0.404226337965014909E+04    0.230508080562477835E+04    0.355928031578760518E+01   -0.299248037048786053E+00    0.619561227610656906E+00    0.104988534006410816E+01    0.299945453403794771E+01   -0.167781396939188667E+02   -0.247922521915535334E+02
    0.149255456876259928E-04    0.404198214699165010E+04    0.230675600535404601E+04    0.345398123257370404E+01   -0.300017032367846381E+00    0.640965298542779727E+00    0.104995960931125176E+01    0.299376302395897875E+01    0.404822542111147499E+02    0.198541642468647979E+02
    0.158592380851868958E-04    0.404182079108278731E+04    0.230455915585144885E+04    0.357089960527435535E+01   -0.299546654937024315E+00    0.623922278927297347E+00    0.104994950472467186E+01    0.299954377857159038E+01   -0.485379055609779400E+02    0.371404325571151617E+02
    0.158903796707505869E-04    0.404177686768493231E+04    0.230469374134371992E+04    0.350999857303119533E+01   -0.301589243041116950E+00    0.621219990106410047E+00    0.104920487445012522E+01    0.299988341483768917E+01    0.420379966248781756E+02    0.286138408781911693E+02
    0.162868295609135667E-04    0.404168758187523099E+04    0.230535716720915661E+04    0.336273439983343980E+01   -0.302032536010232666E+00    0.645938264265829121E+00    0.104992285005085328E+01    0.299863590160840632E+01    0.234349765604555671E+01    0.304062302457072491E+02
    0.175549264884962078E-04    0.404149762618861132E+04    0.230666793122099989E+04    0.351901472528537074E+01   -0.301347830328937138E+00    0.632734156108883727E+00    0.104997026977483898E+01    0.299544909241820756E+01    0.306274896835404746E+02   -0.437887675475834470E+02
    0.177197020391222068E-04    0.404143894117266609E+04    0.230734596670933706E+04    0.345560706575242627E+01   -0.301245274132448004E+00    0.637553124885877343E+00    0.104994660869223644E+01    0.299395122025478466E+01    0.414743199700566834E+01   -0.412171471469492374E+02
    0.185901408414887434E-04    0.404130303267703903E+04    0.230360714476601333E+04    0.352843917868524670E+01   -0.302661335163681156E+00    0.619753502685101099E+00    0.104963980265382895E+01    0.299981898113548828E+01   -0.259625256186256017E+02    0.231619022229032794E+02
    0.193772218140397321E-04    0.404118009894696524E+04    0.230612502053172739E+04    0.350108207723346609E+01   -0.303126315559156034E+00    0.618267900308429708E+00    0.104968056944076893E+01    0.299778060927462242E+01   -0.327125597439466205E+02    0.552498410617411650E+01
    0.191831447664895733E-04    0.404116023139938306E+04    0.230626520274806899E+04    0.353428382210096537E+01   -0.302230449498253173E+00    0.619260622645569025E+00    0.104985716382394689E+01    0.299690483661047624E+01    0.105614059388632739E+02    0.350919541663061665E+02
    0.199628988059213522E-04    0.404104054445064867E+04    0.230671410749100687E+04    0.350177674036575981E+01   -0.301236119666066560E+00    0.624511617424226673E+00    0.104979383574050877E+01    0.299833612548475736E+01    0.161149971569632271E+02    0.384861432904360470E+02
    0.211028917756242543E-04    0.404088947526870334E+04    0.230612265878498874E+04    0.343456509406296862E+01   -0.304546663170517706E+00    0.638718524032715673E+00    0.104996912567993705E+01    0.299655883225611674E+01   -0.298080378070085601E+02   -0.621409981552987745E+01
    0.223591443233052977E-04    0.404073382467410829E+04    0.230540738917414956E+04    0.351222258361940298E+01   -0.299915955069244844E+00    0.617792518219399511E+00    0.104944099810813518E+01    0.299812218038803202E+01    0.242808009550025616E+02   -0.380588822883495581E+02
    0.248836601945637060E-04    0.404047987269088071E+04    0.230648569501236216E+04    0.348060290111626358E+01   -0.302221972993226229E+00    0.635257742292096306E+00    0.104987300806683059E+01    0.299506263559760821E+01    0.258656034767355294E+02    0.484708439288243227E+02
    0.276509422371262956E-04    0.404022897582348105E+04    0.230578992309351815E+04    0.350342070306564635E+01   -0.306547384454865013E+00    0.622676796918710251E+00    0.104970108247765781E+01    0.299877764570230410E+01    0.236760461707385446E+02   -0.215653622352051926E+02
    0.278554920455653066E-04    0.404017423513714175E+04    0.230617051823428392E+04    0.342198771248027978E+01   -0.304846104239699101E+00    0.627137025420707150E+00    0.104983798852504728E+01    0.299946282435829881E+01   -0.399959180304391637E+02    0.377754571858205281E+02
    0.317532651767483701E-04    0.403987230431231364E+04    0.230464670242183365E+04    0.356417130343089594E+01   -0.300796121418335227E+00    0.613575633606512127E+00    0.104972206213722630E+01    0.299802691837934576E+01   -0.398453893507773742E+02    0.313037446599791309E+02
    0.312240264933419013E-04    0.403986591967609957E+04    0.230525034948558095E+04    0.353157847166551608E+01   -0.300357744687577199E+00    0.608412876109814316E+00    0.104999864528100728E+01    0.299841443636417182E+01   -0.189815380009308967E+02   -0.200436373722206689E+02
    0.321348535463249153E-04    0.403976841299011676E+04    0.230518815774549194E+04    0.351712773226088338E+01   -0.305639074175197256E+00    0.618353178722627739E+00    0.104991045387774151E+01    0.299763717370822969E+01   -0.291945751347431717E+02    0.384722976460124357E+02
    0.338494654066611678E-04    0.403962444902039078E+04    0.230695759901256952E+04    0.348504543911562958E+01   -0.300671241812774603E+00    0.636797620494389927E+00    0.104989234384767038E+01    0.299606496660044774E+01    0.192697554171994909E+02    0.176820661586751413E+02
    0.337182015254472068E-04    0.403959221984050691E+04    0.230476801530693274E+04    0.353273186112143467E+01   -0.305130424975650738E+00    0.618653441109407454E+00    0.104966779149962131E+01    0.299939376011436742E+01    0.409573999893337231E+02    0.189893898775213898E+01
    0.366423273339705835E-04    0.403938588731938262E+04    0.230554593400411886E+04    0.348031829319797481E+01   -0.304655089874216523E+00    0.618378373152792316E+00    0.104971316614206422E+01    0.299950151299246537E+01    0.384498952130852700E+02    0.295546684738354060E+02
    0.360801591768991465E-04    0.403937680921891842E+04    0.230642510422795431E+04    0.351432708927021409E+01   -0.302819296014782580E+00    0.631195458709259638E+00    0.104998081752345729E+01    0.299739168072707951E+01    0.761904102387530457E+01   -0.195565498000356719E+02
    0.391455502465812351E-04    0.403917372191906907E+04    0.230503571084791201E+04    0.356097980994749408E+01   -0.302402617010785357E+00    0.615433082508133333E+00    0.104979434125124826E+01    0.299991412329849538E+01   -0.296630898078257843E+01    0.513844485892060732E+01
    0.469793999468796835E-04    0.403876887701958776E+04    0.230614398441493722E+04    0.344483322962832439E+01   -0.301188861408144382E+00    0.634096188602739419E+00    0.104973915552705033E+01    0.299652404077199686E+01    0.296070361948778782E+02   -0.247718154714015490E+02
    0.461804676936273514E-04    0.403876318156984507E+04    0.230536444158024142E+04    0.344866659523428254E+01   -0.303034426204551677E+00    0.627383382988178084E+00    0.104954838753045698E+01    0.299937857781074602E+01   -0.190134531733440753E+02   -0.210933716504556337E+02
    0.458393353903621564E-04    0.403873801028516800E+04    0.230646799088549324E+04    0.349140849548663557E+01   -0.299775407253837722E+00    0.618397574300217912E+00    0.104989215309495476E+01    0.299964577485469031E+01    0.159247231042124326E+02    0.363884660130413806E+02
    0.488559303045003990E-04    0.403857054389410041E+04    0.230549456046691921E+04    0.351908317833784023E+01   -0.300306840801113584E+00    0.610629716090283603E+00    0.104994590014091771E+01    0.299989248284884269E+01   -0.182896295383417886E+02   -0.388681744534060698E+02
    0.483751070888994379E-04    0.403855032470269771E+04    0.230599356794940468E+04    0.349906619705941324E+01   -0.305690948424575171E+00    0.631255120402375969E+00    0.104990609023505299E+01    0.299687982743057724E+01   -0.493680565043709549E+02   -0.351158795458355684E+02
    0.511552453118210824E-04    0.403839856536327943E+04    0.230420193019457838E+04    0.339105563292315493E+01   -0.300718408544117077E+00    0.634291421170707581E+00    0.104994071069806227E+01    0.299983597640099742E+01    0.125216048191023930E+02   -0.227729243390323681E+02
    0.502388934730919824E-04    0.403839471643864454E+04    0.230611933290077150E+04    0.348967894522726851E+01   -0.300525652521795028E+00    0.636350846821495786E+00    0.104979718978753267E+01    0.299957026602360965E+01    0.475747197400573896E+02    0.182084887765597330E+02
    0.527546763728597014E-04    0.403825699059275075E+04    0.230709230872581475E+04    0.344457708866779688E+01   -0.300186634383132922E+00    0.637838040606548029E+00    0.104988428576464266E+01    0.299494865623707796E+01    0.642675734683365363E+01   -0.109354849706906521E+01
    0.524957785069882159E-04    0.403822682991889315E+04    0.230725361724141294E+04    0.343613373165850389E+01   -0.300384343105843887E+00    0.639150304172118822E+00    0.104992861273155169E+01    0.299562584606932658E+01   -0.265108869459299967E+01   -0.519241478611753848E+01
    0.537120302982166029E-04    0.403814102142419279E+04    0.230662747983182089E+04    0.341299000841101252E+01   -0.300636551640852012E+00    0.635529071904898046E+00    0.104991575312839758E+01    0.299570249590232285E+01   -0.221101593242665437E+02    0.282115273088120091E+02
    0.595056839266100277E-04    0.403789615176050575E+04    0.230531912135735274E+04    0.348869005067162075E+01   -0.300435574946123829E+00    0.619698370962624256E+00    0.104973210223265756E+01    0.299728166218305647E+01    0.290969558739555936E+02   -0.211291640783427930E+02
    0.669331183125423983E-04    0.403762090765947596E+04    0.230346672779263554E+04    0.354421540403624746E+01   -0.302927158872320801E+00    0.623131278044025239E+00    0.104989182764039457E+01    0.299969727037839418E+01   -0.410593649400005063E+02   -0.168830121811668548E+02
    0.670295272668871049E-04    0.403757802897727152E+04    0.230543775269625166E+04    0.349347847810632839E+01   -0.303623342951869102E+00    0.626015769762470642E+00    0.104992773221246272E+01    0.299635373282371020E+01   -0.862103839888128221E+01    0.973902182445459630E+01
    0.750185569844558504E-04    0.403731282441405938E+04    0.230442851605557007E+04    0.355879487743685274E+01   -0.302091618253788052E+00    0.620683381717732185E+00    0.104993166044741071E+01    0.299802726793267160E+01   -0.435202111146403468E+02   -0.409521310740664006E+02
    0.820710555734624654E-04    0.403709312462598837E+04    0.230506319354310472E+04    0.347271051476916703E+01   -0.304863745070159953E+00    0.628647638635978723E+00    0.104972119800681241E+01    0.299889385436218259E+01   -0.168141075165662812E+01   -0.185136756667895348E+02
    0.988825496730328995E-04    0.403668042987503031E+04    0.230559049103271491E+04    0.345067498895765290E+01   -0.300147063725594965E+00    0.624934737731447143E+00    0.104954497601160934E+01    0.299869980298709171E+01    0.233261099970373067E+02   -0.399504784993219957E+02
    0.102252351905235810E-03    0.403657340784048802E+04    0.230629009660760585E+04    0.345979491332278632E+01   -0.302635684391652338E+00    0.633358285752383954E+00    0.104974362013821132E+01    0.299888969905879454E+01   -0.283460747575468446E+02   -0.340324632848774726E+02
    0.122596308923519730E-03    0.403617050160006238E+04    0.230503232941020633E+04    0.348654626302480075E+01   -0.307078539663459660E+00    0.629972364523887718E+00    0.104995917673100103E+01    0.299833154499996724E+01    0.362560073614746443E+02   -0.100800509235294413E+02
    0.128746557941781457E-03    0.403603260382333337E+04    0.230446526949059080E+04    0.344352596674521161E+01   -0.301480097307681549E+00    0.629695443837870572E+00    0.104988352923035544E+01    0.299872356447033184E+01   -0.483095434084309687E+02    0.111684440981558453E+01
    0.126611010484498006E-03    0.403602605647968085E+04    0.230449569976353087E+04    0.355265399377398605E+01   -0.302166033578570248E+00    0.619778488972552055E+00    0.104978927021397928E+01    0.299884899832456586E+01   -0.440195835785500122E+02    0.323473292900237084E+02
    0.128948228463304630E-03    0.403594947344470984E+04    0.230552779293163621E+04    0.352440163238964699E+01   -0.301687888522823799E+00    0.626688746099769767E+00    0.104970706227898591E+01    0.299881922439949200E+01    0.880974780544426039E+01    0.737629483311170731E+01
    0.129963473454272643E-03    0.403589378855774748E+04    0.230628032980661555E+04    0.344196876136298657E+01   -0.302531111068340464E+00    0.638816407799110753E+00    0.104988701860699463E+01    0.299732809276174716E+01   -0.360666573042422769E+02   -0.728001520141901892E+01
    0.130624931621417978E-03    0.403584363523434786E+04    0.230477299575890720E+04    0.346057365521136573E+01   -0.301856973745124046E+00    0.628300505392336728E+00    0.104983757466101202E+01    0.299814188882490651E+01   -0.354053258898767993E+02   -0.535844968088257900E+01
    0.130802867442916175E-03    0.403580091271058245E+04    0.230611578389234819E+04    0.348812495654946453E+01   -0.302653459722906415E+00    0.627242363913504408E+00    0.104969833289913828E+01    0.299753944638169179E+01    0.265488749738785401E+02    0.555333671647573368E+01
    0.137205005831745946E-03    0.403566534303227991E+04    0.230457429630800334E+04    0.355060927872149490E+01   -0.304868194475690746E+00    0.622166801916136158E+00    0.104992952492236236E+01    0.299996064078183844E+01    0.909915840448270075E+01   -0.464686970019494439E+02
    0.151792983309308204E-03    0.403542326015157232E+04    0.230485591862894898E+04    0.351926564665105346E+01   -0.302564775141963060E+00    0.625368118675290408E+00    0.104961923485006570E+01    0.299905639125606438E+01    0.850298659165834891E+01    0.881997697653469004E+01
    0.158333826417293515E-03    0.403529888417368829E+04    0.230598037492600361E+04    0.341537759091389947E+01   -0.300656678833676028E+00    0.635709441399274544E+00    0.104957682539826203E+01    0.299989481929611168E+01    0.106187740963206068E+02   -0.873012235593701291E+01
    0.159214256627737612E-03    0.403524779379067604E+04    0.230530727057325066E+04    0.341778252319989662E+01   -0.306677330939055581E+00    0.634608095669673689E+00    0.104995595855930279E+01    0.299951282847884748E+01   -0.311795853381191463E+02    0.655567833347859619E+00
    0.167251732501372155E-03    0.403510929531742613E+04    0.230567336455623445E+04    0.352481458534807768E+01   -0.300229954221639117E+00    0.632511855907284870E+00    0.104993588792361203E+01    0.299852806541212846E+01    0.990911016790931853E-01    0.497983579190908898E+02
    0.191479567015009585E-03    0.403479873322630647E+04    0.230488487116048327E+04    0.345926907680928064E+01   -0.303384143228051850E+00    0.620387270524293655E+00    0.104989044271729925E+01    0.299960387242972004E+01   -0.358227176436869641E+02   -0.113193011412668909E+02
    0.188077735384190427E-03    0.403479458470593272E+04    0.230525627266935498E+04    0.349371433470183312E+01   -0.301947646134590408E+00    0.622557932582027629E+00    0.104997661729236902E+01    0.299653005873058964E+01   -0.490270769285093166E+02    0.462500220437626837E+02
    0.205868281878250072E-03    0.403457382232099553E+04    0.230493610428982902E+04    0.350691446932182016E+01   -0.303132514279165655E+00    0.619170070138417294E+00    0.104953688713939308E+01    0.299985275716877542E+01   -0.441333483230856416E+02   -0.449539592195841351E+02
    0.247714275096667729E-03    0.403416374350199521E+04    0.230461425815365828E+04    0.348282681030990027E+01   -0.301465293738637619E+00    0.624942419163355245E+00    0.104970226351062546E+01    0.299866583725119273E+01    0.448484732808748987E+02   -0.364555753992168974E+01
    0.268929776769109645E-03    0.403395939484760311E+04    0.230467636776492827E+04    0.351955369780484695E+01   -0.305121887791048985E+00    0.621257993215395210E+00    0.104970409705879675E+01    0.299999052496567753E+01    0.806511236858092673E+01   -0.369838097873634268E+02
    0.325865534276462317E-03    0.403353532578337627E+04    0.230598078686707595E+04    0.344425682838438618E+01   -0.303474163684099463E+00    0.624487734099401948E+00    0.104995713880518493E+01    0.299900008234617443E+01   -0.214994014809498353E+02    0.490509728695007681E+02
    0.366521521327941940E-03    0.403326018095119116E+04    0.230628170828219754E+04    0.347453653291378961E+01   -0.303883453006630777E+00    0.631343982019998862E+00    0.104992361366033404E+01    0.299752342838870067E+01    0.347343343094095474E+02   -0.331674149274848418E+01
    0.384559641177339929E-03    0.403312409765181656E+04    0.230509159495077438E+04    0.344758878617161102E+01   -0.300742300524285022E+00    0.636601524339320490E+00    0.104984304317591426E+01    0.299785940378492377E+01   -0.440593213113884730E+02   -0.307722285080561200E+02
    0.385219428889765729E-03    0.403308066919864314E+04    0.230516821782335592E+04    0.342655192965290700E+01   -0.300216743140785336E+00    0.629231926995351465E+00    0.104976756249273051E+01    0.299877349869233001E+01    0.384868524914354566E+02   -0.376953653140627765E+02
    0.430477715525384242E-03    0.403281850431612247E+04    0.230539052759133801E+04    0.340656084934984804E+01   -0.301636542608711589E+00    0.632943298352403483E+00    0.104978301355319137E+01    0.299936436994823685E+01    0.253965590458668657E+02    0.759234298695000831E+01
    0.439127424658013112E-03    0.403273871616856559E+04    0.230543046969962234E+04    0.342060045478099095E+01   -0.300789382318126020E+00    0.626307642620604010E+00    0.104983825416483900E+01    0.299928485656476385E+01    0.115935915284950184E+02   -0.463231823286638189E+02
    0.453021985075953058E-03    0.403263641411987692E+04    0.230458502463719924E+04    0.350280996857989813E+01   -0.304372104015514566E+00    0.626635202431541583E+00    0.104985950869614642E+01    0.299869142094932473E+01   -0.229811982062008759E+02   -0.380598785248832172E+01
    0.453282617332515024E-03    0.403259526381229580E+04    0.230548927746740083E+04    0.346587370119124971E+01   -0.301776438345837783E+00    0.637968621083074616E+00    0.104997909592849115E+01    0.299691999413446508E+01   -0.198834302844615962E+02   -0.433355480098496315E+02
    0.491554455463400343E-03    0.403239314997707652E+04    0.230508878199265246E+04    0.345327745968205235E+01   -0.302119948139241423E+00    0.639006217287868217E+00    0.104973396904606964E+01    0.299993763398847157E+01   -0.417165922468513131E+02    0.404220962871745115E+02
    0.511063600277531752E-03    0.403227530734315769E+04    0.230568643291130275E+04    0.347038654161255700E+01   -0.301780896621515971E+00    0.623954660288275509E+00    0.104982204131244816E+01    0.299785945550894972E+01    0.281213751390156688E+02   -0.241202839685827719E+02
    0.513687637272905537E-03    0.403222506469056270E+04    0.230592857788823312E+04    0.347405245333423496E+01   -0.302166913545297289E+00    0.635734480735060670E+00    0.104983930829588368E+01    0.299830250805413634E+01   -0.152012014985718835E+02    0.167053756128662201E+02
    0.613388881535803206E-03    0.403183029718173020E+04    0.230616709318887570E+04    0.338938127671147349E+01   -0.303447138069707412E+00    0.640668059531866674E+00    0.104998356471985543E+01    0.299941522861591281E+01   -0.219374532647388705E+02   -0.203922501554826390E+02
    0.651471011944811064E-03    0.403166982963034843E+04    0.230597478729518434E+04    0.343518719203263778E+01   -0.303723219585685988E+00    0.627062260941142036E+00    0.104995339330970539E+01    0.299959530150090892E+01   -0.368462419932629786E+02    0.372718190562422649E+02
    0.642228408038696369E-03    0.403165840740048498E+04    0.230548704838035155E+04    0.341967744626999348E+01   -0.300961008591589918E+00    0.630239992897644097E+00    0.104999889968401638E+01    0.299782652594571841E+01   -0.121048342318559961E+02    0.176001731516453219E+02
    0.646326467685654545E-03    0.403160568594471761E+04    0.230539551070364359E+04    0.347510459450531517E+01   -0.303277213594642547E+00    0.638731177896108671E+00    0.104991734764751299E+01    0.299958334846536356E+01    0.128638149671089010E+02   -0.272146734247055697E+02
    0.691759893536046493E-03    0.403142981759134273E+04    0.230555608622145701E+04    0.344482696660000354E+01   -0.299658630178776864E+00    0.634855251658163255E+00    0.104996258815541599E+01    0.299817586431160876E+01   -0.249597274820048796E+02   -0.456059011532194134E+02
    0.678144954221850615E-03    0.403142957330908803E+04    0.230594874396802379E+04    0.344443338908965124E+01   -0.299439197954555369E+00    0.629939474946433986E+00    0.104991736775546540E+01    0.299936973807876006E+01    0.315389559024002466E+02   -0.449532082825990003E+02
    0.673386351910347752E-03    0.403140365695466426E+04    0.230429085566873164E+04    0.356453588004679656E+01   -0.301664615773921618E+00    0.612277612818143080E+00    0.104990779932583145E+01    0.299972442072551493E+01    0.225686917099019269E+02   -0.134223948969882656E+00
    0.676710633329533312E-03    0.403135380791959915E+04    0.230586393656111977E+04    0.348491920281379119E+01   -0.302779546220722451E+00    0.621832984873500472E+00    0.104984843928404503E+01    0.299891096078511188E+01   -0.505567959020012836E+01    0.465474107850124170E+02
    0.677169733862344626E-03    0.403131245152043266E+04    0.230513449263948633E+04    0.352316490810229777E+01   -0.304720199442442108E+00    0.626724509160300869E+00    0.104996409046400596E+01    0.299899811409516337E+01    0.107501095040029355E+02    0.318915107572354799E+02
    0.675339429695752673E-03    0.403127786458626088E+04    0.230566863792408049E+04    0.350676904564291370E+01   -0.303140048502913317E+00    0.629792749683609099E+00    0.104986900629854940E+01    0.299810462836923808E+01   -0.437384273667693222E+02    0.433660801084373020E+02
    0.719178016553843587E-03    0.403111207760051411E+04    0.230337599556292844E+04    0.348999488233311173E+01   -0.301840370606340391E+00    0.630175277302415959E+00    0.104999134982597297E+01    0.299975053849877993E+01    0.515770764094107648E+01   -0.112325348305436137E+02
    0.712575791465780840E-03    0.403109052287189570E+04    0.230560381388830410E+04    0.352070929856312720E+01   -0.300154819873582779E+00    0.629422810476046202E+00    0.104990961143926564E+01    0.299974186355351602E+01   -0.355291301516370197E+02    0.242221556002914298E+02
    0.738586298173442486E-03    0.403097881953050501E+04    0.230381675494121600E+04    0.352262653224813072E+01   -0.303536741635302421E+00    0.623116361786570039E+00    0.104992378432243116E+01    0.299962370060507233E+01   -0.396044763389604384E+02    0.492398799680655941E+01
    0.735907129318711067E-03    0.403094608757728838E+04    0.230550772300837389E+04    0.351340759859916663E+01   -0.299598276969100685E+00    0.618039561576595231E+00    0.104994272790751997E+01    0.299878571202425093E+01   -0.300110545595358609E+02    0.399962496977271513E+02
    0.723123614216069277E-03    0.403094113506971325E+04    0.230579899216526792E+04    0.349862645536035144E+01   -0.303425643624739894E+00    0.624260995483447156E+00    0.104978908058851017E+01    0.299917073382810040E+01   -0.336514116990734209E+02    0.207486311080342034E+02
    0.730173133186117168E-03    0.403088173208329999E+04    0.230516219889194781E+04    0.350942089994848239E+01   -0.301523430317416463E+00    0.635156830632125691E+00    0.104989290942287483E+01    0.299891347471490466E+01   -0.127497460125078419E+02    0.315078796247036621E+02
    0.721902257440351332E-03    0.403086451592839694E+04    0.230647815675166203E+04    0.348157799096543386E+01   -0.299657351011065443E+00    0.625085032447021849E+00    0.104995963400881376E+01    0.299734306300790809E+01    0.616834370786470743E+01    0.130423357585206858E+02
    0.724446440106019888E-03    0.403081747976818451E+04    0.230486937283774932E+04    0.353831691891997480E+01   -0.301007985523094268E+00    0.617764090704153057E+00    0.104984580046805931E+01    0.299823019247166034E+01   -0.301571565178367678E+02    0.411210734409538503E+02
    0.719559502381999215E-03    0.403079101698777004E+04    0.230470549866730744E+04    0.353005754995765830E+01   -0.300483388835989851E+00    0.615040314419983969E+00    0.104964219872053866E+01    0.299974171454639249E+01   -0.397912483662509118E+02   -0.425168816494981883E+02
    0.733810582215702620E-03    0.403071179356697212E+04    0.230644006812802036E+04    0.342517358891184864E+01   -0.300711009344601488E+00    0.637236276409467117E+00    0.104989957743827333E+01    0.299766158730500409E+01   -0.189505594702236166E+02    0.186693344154345340E+02
    0.769611970786137798E-03    0.403057652252526805E+04    0.230408473875741447E+04    0.352240298525885720E+01   -0.301018785863864435E+00    0.632003030228339480E+00    0.104995175694620491E+01    0.299900855068696481E+01   -0.622657560216504891E+01    0.125771248260168989E+01
    0.759548705762921276E-03    0.403056284653544117E+04    0.230536461352210608E+04    0.349803585636637582E+01   -0.305198268184215193E+00    0.618808632400908332E+00    0.104991483001014041E+01    0.299993786369183191E+01   -0.845939017922991354E+01    0.511941344897589801E+01
    0.789147869756353336E-03    0.403044638799798895E+04    0.230521595740671501E+04    0.346642429998189661E+01   -0.303642068947350630E+00    0.629304669034268516E+00    0.104980786870814136E+01    0.299895951409449024E+01    0.392787879591584357E+02    0.438809954131438928E+02
    0.776560841210699655E-03    0.403043854544752867E+04    0.230540899444306069E+04    0.346942231032553439E+01   -0.299709949058559744E+00    0.640850765411253409E+00    0.104991977073390141E+01    0.299921325287703766E+01    0.382911748762520148E+02   -0.289445402210561973E+02
    0.777988662518190339E-03    0.403039487152989386E+04    0.230472317307816957E+04    0.347073077989567302E+01   -0.304875197823117450E+00    0.631528228011116299E+00    0.104984741975249185E+01    0.299970790427310741E+01   -0.346978434516927479E+02    0.457477658581755975E+02
    0.774347034472081430E-03    0.403036425515673045E+04    0.230566556947711524E+04    0.351211704930909541E+01   -0.303330430340324919E+00    0.628715389281958359E+00    0.104995503477490271E+01    0.299929440137729397E+01   -0.447169858342238342E+02    0.433303808699715347E+02
    0.785864967529267475E-03    0.403029472547157320E+04    0.230522975872207735E+04    0.345739789414112364E+01   -0.300099622336078453E+00    0.625754868981350909E+00    0.104979260204082703E+01    0.299824518614658597E+01   -0.449089055434835913E+02    0.291152910444601218E+02
    0.786901406394780682E-03    0.403025208950724254E+04    0.230475469007532001E+04    0.347477121462914829E+01   -0.301737372243150559E+00    0.632712816112377840E+00    0.104992798834246925E+01    0.299797714828899942E+01    0.402789924606913274E+01    0.365269445889188376E+02
    0.783741414644040148E-03    0.403022013715747107E+04    0.230508684529214679E+04    0.350539514727135071E+01   -0.301262769875727754E+00    0.621106224707715260E+00    0.104963575623711147E+01    0.299890571164887731E+01    0.116282262205521505E+02    0.265977912524412119E+01
    0.780002919430266423E-03    0.403018970010776911E+04    0.230585667090993229E+04    0.348718213023371426E+01   -0.301224187384394992E+00    0.621509767502720134E+00    0.104981426435973035E+01    0.299838710266872077E+01    0.243508233796464282E+02   -0.468972383318212849E+01
    0.834236765448302100E-03    0.403001526092585300E+04    0.230397159163411789E+04    0.353174101782787098E+01   -0.301856459235823771E+00    0.615757799995372279E+00    0.104992626201450467E+01    0.299939789007145041E+01    0.338489320013530914E+02   -0.126865757925674316E+02
    0.847040961154149293E-03    0.402994479732532227E+04    0.230528062979310016E+04    0.351773025931782879E+01   -0.300076864415500466E+00    0.617828619328133044E+00    0.104969276004579526E+01    0.299881268380349875E+01    0.288951929351662073E+02    0.407213024078731678E+01
    0.928272738037593339E-03    0.402972164425613300E+04    0.230496761698485534E+04    0.354475671378741319E+01   -0.300039246856451947E+00    0.622280680702805400E+00    0.104981311562351687E+01    0.299954420248029896E+01   -0.118560650019375800E+02    0.346205722972672447E+02
    0.935893370142437567E-03    0.402966529233444044E+04    0.230565448195206955E+04    0.348964132436080554E+01   -0.306618424967957881E+00    0.627758972559792627E+00    0.104999300655697536E+01    0.299973921840148439E+01   -0.482797683778971063E+02    0.409319590334337988E+02
    0.927017318787820717E-03    0.402964435093682005E+04    0.230467471108724021E+04    0.348329812833975527E+01   -0.303813618872789015E+00    0.621602514621915070E+00    0.104982178708234763E+01    0.299980438442880137E+01    0.205523498690878625E+02   -0.182311619638272369E+02
    0.912789393417662927E-03    0.402963528507554338E+04    0.230471967670207960E+04    0.354608443223207059E+01   -0.300755104971560772E+00    0.612486237142064960E+00    0.104992915137387444E+01    0.299922446131235310E+01   -0.477943341668028125E+02    0.710637967515480540E+01
    0.906219234025824535E-03    0.402960973291897790E+04    0.230641364155092606E+04    0.341056767015455797E+01   -0.301003066483309767E+00    0.640573124195711108E+00    0.104997527698888260E+01    0.299850430368113896E+01   -0.201346175367844147E+02    0.320089611416885589E+02
    0.902531657830617597E-03    0.402957788789779988E+04    0.230393787931872157E+04    0.348100409353720419E+01   -0.302118286822701587E+00    0.632457084799864067E+00    0.104985815973131991E+01    0.299978678628596551E+01    0.463013602794890033E+02   -0.444579623327380773E+02
    0.978591908421369821E-03    0.402937606601224934E+04    0.230518476648522619E+04    0.344179889606907530E+01   -0.300611755905565992E+00    0.640808686232639646E+00    0.104979443324002597E+01    0.299948470122797373E+01   -0.110368118203869372E+02   -0.339960907997146791E+02
    0.974826516028132152E-03    0.402934377638706655E+04    0.230534337715444644E+04    0.348080962902389324E+01   -0.303139142076087276E+00    0.620587866344447514E+00    0.104988381450633761E+01    0.299933793568840468E+01   -0.408052071070750983E+02    0.222511345745016911E+02
    0.978581828949046193E-03    0.402929608661230577E+04    0.230502973779597005E+04    0.351049181247237829E+01   -0.304871929342263093E+00    0.627515923641199014E+00    0.104994030504533753E+01    0.299883484924434063E+01    0.638267479447301866E+01    0.472779113170722241E+02
    0.968352604374754901E-03    0.402927710286950605E+04    0.230513826622679926E+04    0.349984218790894719E+01   -0.300523141955675310E+00    0.614016318843162656E+00    0.104996084624927111E+01    0.299979169018944836E+01    0.385932212667411534E+01   -0.898971831210927519E+01
    0.958059163588009495E-03    0.402925847636591561E+04    0.230632688439138838E+04    0.349853933858023147E+01   -0.300704577461137768E+00    0.626649037317802193E+00    0.104989374533499702E+01    0.299800033004679056E+01   -0.451961857470444315E+02   -0.909560954935411559E+01
    0.986733293141760920E-03    0.402915949586643501E+04    0.230469960370689478E+04    0.353344430727001946E+01   -0.300193072617512879E+00    0.628346462380114712E+00    0.104984385566277005E+01    0.299909086176441919E+01   -0.480655021894359464E+02    0.129175466043800924E+02
    0.102048691154783561E-02    0.402905222511956299E+04    0.230468126808433044E+04    0.353596209972388209E+01   -0.301387342094722066E+00    0.625068324569786671E+00    0.104980690064082283E+01    0.299986120181703164E+01   -0.151562700490288833E+02    0.390128422265642314E+02
    0.106519885128389911E-02    0.402892646188177059E+04    0.230567824004112208E+04    0.343449817597636997E+01   -0.300636927759799277E+00    0.643876978572728298E+00    0.104996879114437602E+01    0.299870567708885227E+01   -0.343339910497745180E+02   -0.227259756879768560E+01
    0.109929314939360631E-02    0.402882345011128928E+04    0.230519428789134690E+04    0.344885585600111888E+01   -0.299751745995647800E+00    0.640781922636430523E+00    0.104987706457786456E+01    0.299969328483011832E+01    0.615912414979092659E+01    0.238542095511156020E+02
    0.112404386820901957E-02    0.402873891931614526E+04    0.230591780187500126E+04    0.348881407942094146E+01   -0.301576167934069495E+00    0.630153883689660743E+00    0.104981945155176004E+01    0.299924376277526905E+01    0.614468977635675628E+01    0.198323493622595066E+02
    0.110488044165236521E-02    0.402873331061184399E+04    0.230477434428349034E+04    0.344025986203989298E+01   -0.303674911399340053E+00    0.627770747023785991E+00    0.104991394417154704E+01    0.299996614125967298E+01    0.376473794276339646E+02    0.450208152943297932E+02
    0.109114245492931863E-02    0.402871833433261418E+04    0.230474422848538461E+04    0.348547887966533576E+01   -0.301551989207098636E+00    0.637661680600663860E+00    0.104996738569332337E+01    0.299844891063426733E+01    0.316727178206497939E+02   -0.417351157487183855E+02
    0.108887818573228778E-02    0.402868248891715166E+04    0.230514458008905603E+04    0.348765254087730447E+01   -0.301497709248683354E+00    0.619036682694689588E+00    0.104977542745166175E+01    0.299955751272039395E+01   -0.251907348267942055E+02    0.190936119636327817E+02
    0.109201615426250610E-02    0.402863673353388867E+04    0.230399105442956625E+04    0.353779448410398967E+01   -0.302525637784251233E+00    0.624553628458432430E+00    0.104990810550809499E+01    0.299992869780858262E+01    0.166909528656963886E+02   -0.381991197198668075E+02
    0.107688812345510488E-02    0.402862463384520606E+04    0.230493146777472566E+04    0.347285428122358963E+01   -0.303674918044308240E+00    0.634544944878972728E+00    0.104990935733531954E+01    0.299911237049745738E+01   -0.116884617199996228E+02    0.228963810594419925E+02
    0.105900430398217418E-02    0.402861812661326530E+04    0.230568039910519610E+04    0.346101613349150394E+01   -0.304368201574478248E+00    0.626131512116474442E+00    0.104992677006878843E+01    0.299975430923491659E+01    0.277910727122386731E+02   -0.371826571659983784E+02
    0.106085136708102164E-02    0.402857464135039299E+04    0.230445557189365309E+04    0.347810437578371934E+01   -0.302402510371247990E+00    0.633310567520021461E+00    0.104976355723246972E+01    0.299990182114290604E+01    0.324196664334867535E+02   -0.252866281869812077E+02
    0.108228044211385326E-02    0.402849464420390541E+04    0.230538966883404646E+04    0.343712606004757903E+01   -0.304189290010713764E+00    0.638152498250875722E+00    0.104994014430404659E+01    0.299979679994413795E+01    0.354017091285357566E+02   -0.480914228807684978E+02
    0.106090402648628462E-02    0.402849454207522558E+04    0.230526627264797935E+04    0.349556013984537284E+01   -0.305161604224178096E+00    0.624734838894104749E+00    0.104982490692209596E+01    0.299985125358378379E+01   -0.192826302959349007E+02    0.332419519764793421E+02
    0.104790335290609474E-02    0.402847920215260274E+04    0.230444047470125770E+04    0.351625787383284027E+01   -0.303208835065076399E+00    0.625019290332080479E+00    0.104988238784656818E+01    0.299912083188569101E+01    0.176761211471454374E+02    0.371371533134037435E+01
    0.105838581561051989E-02    0.402841929501087589E+04    0.230433959628040611E+04    0.353900860619619362E+01   -0.302621882850361734E+00    0.620690062104432672E+00    0.104998009113534319E+01    0.299892336704760920E+01   -0.467582377255170911E+02   -0.142174899863714970E+02
    0.103848520369727391E-02    0.402841725864193904E+04    0.230517604354018385E+04    0.348583108371829020E+01   -0.300208345628966422E+00    0.617387401876775210E+00    0.104983496977057200E+01    0.299950477755530676E+01    0.251809682478267121E+02    0.448042586704739989E+02
    0.116828621641848311E-02    0.402814170906949630E+04    0.230574519930912948E+04    0.347036285389542387E+01   -0.301869458552541048E+00    0.625439808383087881E+00    0.104978794721938629E+01    0.299963327045115635E+01    0.481011103868236347E+02    0.246353541818934900E+02
    0.115545208683418823E-02    0.402812380150575154E+04    0.230493418173089958E+04    0.348005094374048962E+01   -0.300956691586329317E+00    0.630444381831245737E+00    0.104983728034062329E+01    0.299805291106221716E+01    0.145584776592972389E+02   -0.318625650398849558E+02
    0.121853530706111978E-02    0.402797748573586978E+04    0.230543163795081909E+04    0.350894000870919820E+01   -0.301870330010709342E+00    0.627396905230688917E+00    0.104977919739810432E+01    0.299985944522664294E+01    0.580429804573512342E+01   -0.369067754816292535E+02
    0.123832825047864425E-02    0.402790526030507681E+04    0.230581021644211705E+04    0.346356465130777469E+01   -0.301138259906905792E+00    0.638799083855018712E+00    0.104994674201684290E+01    0.299833895467845979E+01   -0.461391663974989470E+02    0.153265545604695603E+02
    0.122637362469727438E-02    0.402788466179074976E+04    0.230526220213929901E+04    0.341880216911667612E+01   -0.300037569511162505E+00    0.643370030204895582E+00    0.104995970508430236E+01    0.299851001657101568E+01   -0.186346896230002876E+02   -0.353528594051414302E+01
    0.121246809250139323E-02    0.402786746881883573E+04    0.230608263935768355E+04    0.344022871346941450E+01   -0.299972814234557406E+00    0.642072120298588400E+00    0.104998120675098972E+01    0.299829484299780757E+01   -0.374811772269536476E+02    0.229571269459494971E+02
    0.125251399173784811E-02    0.402776247942495138E+04    0.230405703601490950E+04    0.353787682556781258E+01   -0.300021082967249053E+00    0.620189165619863481E+00    0.104979136701604880E+01    0.299930641897804939E+01    0.309205478439124448E+02    0.291954132162656492E+02
    0.127471330122228346E-02    0.402768734229179927E+04    0.230537595723384584E+04    0.343826154433698683E+01   -0.300502935564537721E+00    0.640269898350233735E+00    0.104987295945062908E+01    0.299874303697116007E+01    0.317084586635291288E+02    0.346181428311255246E+02
    0.127489667444155314E-02    0.402764705460353116E+04    0.230539965331833628E+04    0.349181312795735810E+01   -0.299983351217001371E+00    0.624553921962165193E+00    0.104957900101599733E+01    0.299922031039160641E+01    0.198645995999941789E+02    0.139975170737888277E+01
    0.133427745360519359E-02    0.402751600505072020E+04    0.230437547639314653E+04    0.346305543813951910E+01   -0.299958263528137148E+00    0.629532950941050551E+00    0.104983376163536657E+01    0.299923665517419913E+01   -0.378691159663619032E+02   -0.184727536536634744E+02
    0.133041262169068396E-02    0.402748180660289381E+04    0.230624252529497107E+04    0.346398794020138112E+01   -0.301737924976783867E+00    0.629678032622085437E+00    0.104999480502317288E+01    0.299717965075115700E+01    0.474377977346593696E+02    0.360837136966850665E+02
    0.132800603383076117E-02    0.402744542768569409E+04    0.230580975753660459E+04    0.343119711772692870E+01   -0.302814894624176434E+00    0.632236211981230034E+00    0.104989206030648563E+01    0.299980474859691215E+01   -0.415044980073480119E+02    0.265912752641691128E+02
    0.135618463554063647E-02    0.402736343419057221E+04    0.230524754922570173E+04    0.348608526906980032E+01   -0.302731603671549054E+00    0.627760818638180895E+00    0.104975768642755618E+01    0.299920407244557463E+01   -0.704052093014129099E+01   -0.423068492575694819E+02
    0.144346584715304596E-02    0.402719869075469160E+04    0.230515218890934011E+04    0.353132018200361841E+01   -0.300046217757785894E+00    0.619099864278053524E+00    0.104979023825566609E+01    0.299984546182784717E+01   -0.168982718194553598E+02    0.153773892624982125E+02
    0.147215510758616670E-02    0.402711933010136272E+04    0.230574250772626783E+04    0.342412465662102106E+01   -0.302202930095785360E+00    0.639006876433709348E+00    0.104999120776976884E+01    0.299849282954974505E+01    0.281574747859754808E+02    0.260403510069400284E+02
    0.151137873130852422E-02    0.402702674027222383E+04    0.230511769083823856E+04    0.352238131230065221E+01   -0.303395032893745198E+00    0.622847654963764485E+00    0.104994151610751496E+01    0.299916285874466482E+01    0.390917050992674291E+02    0.190767239305279475E+02
    0.157399644848475566E-02    0.402690554908761715E+04    0.230491684250203343E+04    0.345743764811081489E+01   -0.300779966953329314E+00    0.628649390803525776E+00    0.104990093170629106E+01    0.299845054062103245E+01   -0.461314065797601174E+02   -0.301400828778259005E+02
    0.154437961552241951E-02    0.402690354030215985E+04    0.230605204637466659E+04    0.347707584328488206E+01   -0.300726182015549626E+00    0.626307652065848375E+00    0.104992749592331380E+01    0.299963339480545521E+01    0.352125037817904456E+02   -0.113876570867133751E+02
    0.162725475194183092E-02    0.402675899608748750E+04    0.230528549317490160E+04    0.341181035847464287E+01   -0.301293134855517286E+00    0.637113305821264908E+00    0.104984888685348410E+01    0.299960591004504984E+01   -0.390667590201242092E+02    0.473470466554931022E+02
    0.178536262078619000E-02    0.402653354178787777E+04    0.230384341348268299E+04    0.350915712054841933E+01   -0.300951488200856543E+00    0.622313062446714915E+00    0.104978006395791690E+01    0.299991885803049918E+01    0.437300194513159113E+02    0.174991214859854267E+02
    0.175033393342858635E-02    0.402653317169720913E+04    0.230407172694595829E+04    0.350867720792325244E+01   -0.300650829615232429E+00    0.619086313696979529E+00    0.104973825880979521E+01    0.299997909310054744E+01   -0.203105635443695931E+02    0.396397075466055782E+02
    0.186205919077669663E-02    0.402636941894054371E+04    0.230552082964471037E+04    0.344566381751893491E+01   -0.302187339379813347E+00    0.634020932170096252E+00    0.104982665765254013E+01    0.299959817203838952E+01   -0.120496652607463446E+02    0.271878852109443869E+02
    0.202199689848078182E-02    0.402616461370145589E+04    0.230500681403859835E+04    0.349980016435780072E+01   -0.301338232078274759E+00    0.617300889280901321E+00    0.104990714884867220E+01    0.299932106176260538E+01   -0.267194535647342661E+02   -0.450161067553114407E+02
    0.210175789677198403E-02    0.402604723669835084E+04    0.230443096587621585E+04    0.345487232735458694E+01   -0.301729681055616039E+00    0.635448305816507797E+00    0.104996598683090636E+01    0.299924565787622921E+01   -0.348949542400821713E+02    0.383281336953228191E+02
    0.210007986313958837E-02    0.402600883412673102E+04    0.230560248428158820E+04    0.343406427534233938E+01   -0.303012399603545701E+00    0.635993335030184070E+00    0.104993104964906259E+01    0.299957834884793018E+01   -0.425487877223696458E+02    0.264987620162395672E+02
    0.206311158305969066E-02    0.402600435423409317E+04    0.230452015634984400E+04    0.348309539008418767E+01   -0.302254032423313446E+00    0.622119732864125252E+00    0.104981847069752154E+01    0.299992427189621580E+01    0.148317208242561094E+01    0.143795376233966721E+02
    0.205103853188749394E-02    0.402597609234329229E+04    0.230513476027636443E+04    0.347986789996230517E+01   -0.302479303916920184E+00    0.622438091469172061E+00    0.104988792598476977E+01    0.299927832657343041E+01    0.207631291573222683E+02    0.397216888713425362E+02
    0.201996520560466727E-02    0.402596662430224342E+04    0.230459238763591929E+04    0.347742319773217323E+01   -0.302085997638678161E+00    0.634993422183568468E+00    0.104987132698950814E+01    0.299952468447163501E+01   -0.462125417123192506E+02    0.333981680885340495E+02
    0.199205847875899436E-02    0.402595444784380015E+04    0.230550304603440509E+04    0.347753120309874353E+01   -0.300208452991311991E+00    0.635025090122737224E+00    0.104977607395229056E+01    0.299926873480025380E+01   -0.224546089008431871E+02    0.127521444422868484E+02
    0.202665995295264571E-02    0.402588000668564337E+04    0.230568004359767883E+04    0.348498530667789863E+01   -0.301124047586649901E+00    0.630492451676684218E+00    0.104979947470986246E+01    0.299977298689352789E+01   -0.318706927933553708E+02   -0.136949860597072117E+02
    0.203539077663524590E-02    0.402583140921829636E+04    0.230523186045284410E+04    0.346711586114930359E+01   -0.301116791288010055E+00    0.623646405901270073E+00    0.104995445669767506E+01    0.299854348579269381E+01   -0.571496486217743183E+01    0.480326100530295577E+02
    0.201245798156666784E-02    0.402581407117214076E+04    0.230493234384313291E+04    0.349945515609827584E+01   -0.304458464139119533E+00    0.632395522011455102E+00    0.104995583749955212E+01    0.299955068348671183E+01    0.154123749658557188E+02    0.360653530706565846E+02
    0.215403820365996698E-02    0.402563809624542955E+04    0.230533049212804690E+04    0.348178302832244224E+01   -0.299920251309162278E+00    0.631155325389228139E+00    0.104989364328466284E+01    0.299762329376113223E+01    0.439095976412076539E+02    0.165936073136906117E+02
    0.211378707992333206E-02    0.402563582254822995E+04    0.230515762120226464E+04    0.350775333857654559E+01   -0.300704189679404765E+00    0.629358642443015093E+00    0.104973615610449333E+01    0.299948314207844957E+01    0.383963260585042718E+02   -0.491345824284060839E+02
    0.213013462645329950E-02    0.402558041450961309E+04    0.230554334949471377E+04    0.348821115210725274E+01   -0.302271446024925228E+00    0.622608447847059376E+00    0.104987564736206407E+01    0.299969097379584770E+01    0.918574449658926540E+01   -0.285119988835521276E+02
    0.210256108564584217E-02    0.402556647254236077E+04    0.230576231333580063E+04    0.346332689225546275E+01   -0.301669968643689779E+00    0.629340669047083634E+00    0.104986850518762953E+01    0.299880416709866227E+01    0.368142236935864702E+02    0.401295496353506849E+02
    0.210184596906440660E-02    0.402552715289188836E+04    0.230537940035934798E+04    0.351664291071985158E+01   -0.302733827213838624E+00    0.622221026350861850E+00    0.104996857288168433E+01    0.299940629454752727E+01    0.353955453176099297E+02    0.783545489590201782E+01
    0.210017296743082553E-02    0.402548874546131492E+04    0.230504750758093633E+04    0.350126593378326367E+01   -0.304021411790001472E+00    0.626313856099484756E+00    0.104996953955489181E+01    0.299853652698781170E+01    0.394699801950352764E+02   -0.183081091368069089E+02
    0.233862948518815273E-02    0.402523365473948525E+04    0.230531362828162673E+04    0.346391355806910539E+01   -0.300067512252644608E+00    0.628390890298282212E+00    0.104972947244110237E+01    0.299895699298831353E+01    0.211936384125324793E+02   -0.819940827562968622E+01
    0.235448326268901820E-02    0.402518014231081952E+04    0.230613763116123209E+04    0.344114004573659837E+01   -0.300590622340145330E+00    0.630580254889994363E+00    0.104996080647443057E+01    0.299851601943712076E+01   -0.339662360407741204E+01   -0.178664106460638763E+02
    0.244649978881153734E-02    0.402506346818402790E+04    0.230574413340774663E+04    0.344218451479827703E+01   -0.300639164468893494E+00    0.637449572766578099E+00    0.104987443991017360E+01    0.299923795043753350E+01   -0.956786324667648103E+01   -0.345603718039460261E+01
    0.249257771926114733E-02    0.402498615006764476E+04    0.230580719547318449E+04    0.348010420681239374E+01   -0.300663657588653599E+00    0.631183936043143490E+00    0.104983770005240329E+01    0.299921092422445357E+01   -0.998716432622433103E+01    0.268135992942032999E+02
    0.248294949643160408E-02    0.402495389054171346E+04    0.230502058364422192E+04    0.352355467892241947E+01   -0.302961380801771929E+00    0.625522732793409864E+00    0.104998673839393897E+01    0.299953040834625284E+01    0.388047958960922301E+01   -0.130613459296821688E+02
    0.259729494652862327E-02    0.402482384387837874E+04    0.230450093510093529E+04    0.351165200707857217E+01   -0.303292463285207037E+00    0.628390834213297333E+00    0.104989774111176026E+01    0.299981646552125136E+01   -0.194778348920616189E+02   -0.241643789279739742E+02
    0.267623489391253079E-02    0.402472396304206086E+04    0.230542644266095886E+04    0.350481295518782199E+01   -0.301877346770755395E+00    0.629894728606510634E+00    0.104989061584039911E+01    0.299961588442134497E+01    0.478464305848159199E+02    0.503124131480582548E+00
    0.290970448882645625E-02    0.402451668182328604E+04    0.230571378156713854E+04    0.345749651979092487E+01   -0.300514656870720265E+00    0.638663341775460913E+00    0.104994513515329535E+01    0.299924181197418971E+01    0.164987401283494819E+02    0.458023228239392495E+02
    0.297121205454067491E-02    0.402443484493740289E+04    0.230415427934856825E+04    0.345817850717132735E+01   -0.300165605451603201E+00    0.628601438191105144E+00    0.104999881571552334E+01    0.299923650076689619E+01   -0.399294236664106776E+02   -0.425288619782208741E+02
    0.302741290387022318E-02    0.402435736801948087E+04    0.230616122748502585E+04    0.344355987047894230E+01   -0.300449406302916666E+00    0.631826603907691631E+00    0.104996984195804965E+01    0.299834581245315812E+01   -0.164380621094574408E+02    0.561690528647468312E+01
    0.315064766358847705E-02    0.402423756879649318E+04    0.230533301295892306E+04    0.349336337578993561E+01   -0.302607563868888929E+00    0.627045851609139726E+00    0.104981829712870978E+01    0.299968649029879542E+01   -0.324923374538090144E+02   -0.156268235166363922E+01
    0.319390934200984144E-02    0.402417029354377974E+04    0.230550040699710553E+04    0.344399475894742668E+01   -0.299830037917425685E+00    0.635245959802255400E+00    0.104980231282691072E+01    0.299994926095968006E+01    0.459951250894361863E+02    0.117685766243203247E+02
    0.313442797474836662E-02    0.402416789148839416E+04    0.230518237180339156E+04    0.346381056746454696E+01   -0.301848258011642445E+00    0.624892119425947690E+00    0.104998744010005596E+01    0.299886716917735141E+01   -0.264509015980294038E+01   -0.229871709485804061E+02
    0.344123351451378892E-02    0.402394112490105363E+04    0.230501628235934641E+04    0.343450679381913915E+01   -0.300073765080590582E+00    0.641524835048650210E+00    0.104990985341761811E+01    0.299953089754676006E+01    0.439970298507008692E+02    0.231702087080726926E+02
    0.341670405085142985E-02    0.402391543215773845E+04    0.230575732004179144E+04    0.348322731993817625E+01   -0.300488462538031909E+00    0.633916958492761973E+00    0.104992385294525348E+01    0.299932689535049590E+01   -0.489282173782563490E+02   -0.449348026272593160E+01
    0.337714780645925099E-02    0.402389872185684635E+04    0.230520872543592213E+04    0.349118908724018162E+01   -0.302568138909881601E+00    0.625153929070646264E+00    0.104990792835798752E+01    0.299877488584144647E+01   -0.314619366450020372E+02    0.455867271314263434E+02
    0.340624985465721704E-02    0.402384156100135669E+04    0.230577812062664361E+04    0.345777626943790484E+01   -0.300036427434491604E+00    0.629056267374986877E+00    0.104981376201279164E+01    0.299988315880773593E+01   -0.355562683776328612E+02   -0.447355594976001214E+02
    0.355636350997610680E-02    0.402371530780121702E+04    0.230488809715822072E+04    0.349722841039625987E+01   -0.302230449609823149E+00    0.631399391963128442E+00    0.104983098750865667E+01    0.299961088371653917E+01   -0.126866011462356312E+02    0.324536667464421242E+02
    0.360188824973017374E-02    0.402364986843134329E+04    0.230444256223291723E+04    0.347823844780918101E+01   -0.300680425781153560E+00    0.631350896716664556E+00    0.104976413046150863E+01    0.299976381436893735E+01   -0.179567575177415861E+02   -0.402449743582282906E+02
    0.358433125270318483E-02    0.402361964104235449E+04    0.230548867893870738E+04    0.344125420350529332E+01   -0.301959908920448217E+00    0.634379668012657660E+00    0.104987600916577950E+01    0.299996096519255229E+01    0.465212681667082677E+02   -0.233763924080917853E+02
    0.384351658547912433E-02    0.402344000942487719E+04    0.230439688882104929E+04    0.349687430811211009E+01   -0.303161202588084433E+00    0.630139644336157989E+00    0.104998765570854991E+01    0.299921310175623512E+01   -0.351028947311425270E+02    0.790900032626110772E+01
    0.379553165681489500E-02    0.402342513588476095E+04    0.230486538697943797E+04    0.345380084562916867E+01   -0.302819135488164415E+00    0.629524387961505671E+00    0.104996571552457363E+01    0.299948174178350513E+01    0.359754942525944585E+02    0.153273856562842070E+01
    0.377741920409061611E-02    0.402339470282245475E+04    0.230615649700312269E+04    0.344628028221793148E+01   -0.299896798029565537E+00    0.631063284385875667E+00    0.104997629446613439E+01    0.299921077047695439E+01   -0.170984813561630560E+02   -0.744701929956223552E+01
    0.373363133854336636E-02    0.402337802225633368E+04    0.230447196709488981E+04    0.343858674444825807E+01   -0.300893722348974324E+00    0.637157674524876039E+00    0.104993145386345343E+01    0.299978806828351896E+01    0.492350456589221039E+02   -0.151341272143821257E+02
    0.369979790362217524E-02    0.402335622847984496E+04    0.230373823039899617E+04    0.349171880254315070E+01   -0.301660431775010562E+00    0.625869055159989474E+00    0.104994905303077024E+01    0.299999563706668271E+01   -0.197076700729949437E+02   -0.410391602759956058E+02
    0.369616222653982836E-02    0.402331819478431999E+04    0.230617143320159312E+04    0.342498581214860875E+01   -0.299794177020851427E+00    0.635700091001558443E+00    0.104998703991228548E+01    0.299989473265252959E+01    0.572930093132557516E+01    0.459298470504341765E+02
    0.366450214148892521E-02    0.402329539990533385E+04    0.230573247522964630E+04    0.345760540125338789E+01   -0.301281874632034097E+00    0.632846143616611512E+00    0.104997587214024102E+01    0.299804526339699473E+01    0.335016076357094477E+02   -0.417519089248188209E+02
    0.373522764743968849E-02    0.402321716734185566E+04    0.230563378579731398E+04    0.349738520547317755E+01   -0.300938571917919229E+00    0.620898923426258520E+00    0.104998748143928999E+01    0.299929534480399296E+01   -0.439871311544595684E+02   -0.203098927670019691E+00
    0.370614645274337188E-02    0.402319279958523248E+04    0.230500355872998352E+04    0.349616223205183418E+01   -0.300061110655284013E+00    0.633404245842543956E+00    0.104986392359169067E+01    0.299840644146531776E+01   -0.271146758286282470E+02    0.175373786513825536E+02
    0.374965132339375676E-02    0.402312945916441458E+04    0.230495341236154309E+04    0.350911126292521613E+01   -0.300223952641002323E+00    0.628411600111604352E+00    0.104978178652188192E+01    0.299907178358731707E+01   -0.328515667364842159E+02    0.462031895729257371E+02
    0.374473915625664518E-02    0.402309208094818950E+04    0.230560875415137662E+04    0.349832226925352963E+01   -0.301232213211471034E+00    0.632773831803771225E+00    0.104998681506019365E+01    0.299955195668292740E+01    0.675618135339207981E+01    0.112169568828645367E+02
    0.376408674390801791E-02    0.402304177434061830E+04    0.230546930097127097E+04    0.344120030191013093E+01   -0.300973963626731067E+00    0.633226196256623020E+00    0.104988938106547569E+01    0.299909247843854221E+01   -0.172684086221734603E+02   -0.209191230638883212E+02
    0.374881586750532578E-02    0.402300990483197347E+04    0.230531290403576941E+04    0.347098259336170267E+01   -0.302692651217654873E+00    0.630459716305932227E+00    0.104992540711267379E+01    0.299916250152311514E+01   -0.918928229453401713E+01   -0.396647034886315453E+02
    0.376638880856048752E-02    0.402296055154149553E+04    0.230444543292734716E+04    0.347416873347750377E+01   -0.301306669561958451E+00    0.630726372623405585E+00    0.104990488223970080E+01    0.299931833362065925E+01    0.488249710105140764E+02   -0.140654801587148839E+02
    0.377916168891263707E-02    0.402291378045564488E+04    0.230393089154073095E+04    0.350305186570073479E+01   -0.301779166564169143E+00    0.628486282887624537E+00    0.104994798468528683E+01    0.299961132527082341E+01   -0.406788823877775272E+02    0.266833568515116042E+02
    0.372951025361113438E-02    0.402290023102340592E+04    0.230522467449379474E+04    0.350864597729614447E+01   -0.300619559266834979E+00    0.629772085012620830E+00    0.104994827593112983E+01    0.299790947683089382E+01   -0.556016476573700658E+01    0.161447996136358967E+02
    0.374446377273969294E-02    0.402285222803114038E+04    0.230581235871640911E+04    0.349470068828501956E+01   -0.301417454435977672E+00    0.626019381323541513E+00    0.104999163695599473E+01    0.299783945850504807E+01   -0.464680561524420028E+02    0.428880754225797460E+02
    0.370999990109368866E-02    0.402283072117495658E+04    0.230541653228615996E+04    0.349365485980140900E+01   -0.300287511917806671E+00    0.622026474582326516E+00    0.104984497550614098E+01    0.299903047604920303E+01   -0.226963608507092829E+01   -0.364082053584604779E+02
    0.371035560004473811E-02    0.402279052943268698E+04    0.230554826542820683E+04    0.348264382842415232E+01   -0.301573610370188649E+00    0.625482812100733088E+00    0.104993298530838208E+01    0.299869580672384251E+01    0.385223310184299521E+02   -0.359088454281466625E+02
    0.388841993810053795E-02    0.402265677909580381E+04    0.230563228341388594E+04    0.348523011217010259E+01   -0.301346618117408538E+00    0.631228587344625502E+00    0.104991676862902272E+01    0.299946874428092336E+01    0.201188619855428215E+02    0.322161018891782476E+02
    0.411827820566156803E-02    0.402250191454534661E+04    0.230607525222891218E+04    0.343819236755654645E+01   -0.299844644301126229E+00    0.633642993552181011E+00    0.104996964124501435E+01    0.299970681873255529E+01   -0.129837864147363291E+01   -0.216389810817829584E+02
    0.407119697243723926E-02    0.402248491076959954E+04    0.230518966728621672E+04    0.349320705009535892E+01   -0.300228400778174864E+00    0.629493194086333641E+00    0.104971418872602151E+01    0.299963493318463970E+01    0.100315974698509365E+02   -0.571620937714411070E+01
    0.399608839313072683E-02    0.402248215291298720E+04    0.230492745931019090E+04    0.348757879311443464E+01   -0.300915683948987878E+00    0.637938915644500226E+00    0.104996192780362962E+01    0.299975631824364264E+01   -0.882447606591742328E+01    0.495176432241650559E+02
    0.397213544986162615E-02    0.402245417718132649E+04    0.230564929954114996E+04    0.350213819647074809E+01   -0.300106450192608787E+00    0.627634501525167865E+00    0.104989065967866968E+01    0.299777017248456712E+01    0.359806605985548629E+02    0.497705385626024679E+02
    0.403490346397454829E-02    0.402238282012133641E+04    0.230485551978733429E+04    0.352744909452597177E+01   -0.300359212905650375E+00    0.617426988339046634E+00    0.104994397473598955E+01    0.299950183065426135E+01    0.144289793674146409E+02    0.273290843203911322E+02
    0.403015662883259886E-02    0.402234517439303909E+04    0.230512193264951657E+04    0.345571072533222790E+01   -0.300730263790930485E+00    0.622450459738734030E+00    0.104999262647077218E+01    0.299999636247085899E+01    0.485783583666361238E+02   -0.476182977101011744E+02
    0.397489617578976155E-02    0.402233278761794236E+04    0.230536243302157391E+04    0.347687551632097680E+01   -0.301079160961504111E+00    0.625089029106645988E+00    0.104984894641112869E+01    0.299948883444849290E+01    0.390418734948407007E+02    0.181491254672939988E+02
    0.396847624303299246E-02    0.402229602046858372E+04    0.230548167440143698E+04    0.348717735035372112E+01   -0.301880868679666348E+00    0.627196958718344355E+00    0.104989268661254531E+01    0.299926193072274572E+01    0.394527455018850475E+02   -0.438515624150162822E+02
    0.391529289183229282E-02    0.402228300459613047E+04    0.230552089885134228E+04    0.345837436766203998E+01   -0.300722440150713421E+00    0.627748593564086077E+00    0.104984466548346722E+01    0.299985302302891599E+01   -0.403875128908066472E+02   -0.319633416154578924E+02
    0.393254025642581721E-02    0.402223421368937397E+04    0.230472577154541250E+04    0.347191045312822633E+01   -0.302961964830468777E+00    0.627726588486110515E+00    0.104993619017555506E+01    0.299968702040381618E+01   -0.357195111021043488E+02    0.347444867425540735E+02
    0.385556459066542121E-02    0.402223374996884831E+04    0.230504746925631025E+04    0.344987530542538101E+01   -0.300828110893250511E+00    0.626292867310838552E+00    0.104993534840243141E+01    0.299951595491262513E+01    0.120276313838721052E+02   -0.157155801524963508E+02
    0.379710985986499768E-02    0.402222430444654856E+04    0.230451468345367266E+04    0.348965636015435088E+01   -0.300955070575667782E+00    0.629947393635048369E+00    0.104991697233202164E+01    0.299885127443947042E+01   -0.469908365400484698E+02   -0.861409279830186847E+01
    0.381333243267051531E-02    0.402217577795268517E+04    0.230531165406401396E+04    0.343929119097894365E+01   -0.300794057324497821E+00    0.629859496585726930E+00    0.104986823588385070E+01    0.299973532107115126E+01    0.679933314384960852E+01   -0.594204061609779899E+01
    0.375276483471581775E-02    0.402216779915972529E+04    0.230514485933204651E+04    0.346857869816715381E+01   -0.299932864207430205E+00    0.623585160717768261E+00    0.104995533575059707E+01    0.299915608332397277E+01   -0.658014608606507778E+01    0.381575786416962046E+02
    0.376622246698405175E-02    0.402212063987292322E+04    0.230530612020310218E+04    0.345349069702558076E+01   -0.299812418498517197E+00    0.625950726805742708E+00    0.104995913902915539E+01    0.299978975004475679E+01   -0.409562997521845844E+02    0.383009195251925547E+02
    0.376849821638184420E-02    0.402207943173286731E+04    0.230550499940731879E+04    0.349676339674515146E+01   -0.301155215143154964E+00    0.632656135778072448E+00    0.104996339608391920E+01    0.299967012222047336E+01   -0.140191633927716452E+01    0.361801798187376988E+01
    0.372604873085261934E-02    0.402206208817349489E+04    0.230470095240420960E+04    0.345682447599857934E+01   -0.301254982207705080E+00    0.631539731671898030E+00    0.104985873744693814E+01    0.299974824390331563E+01    0.305660309356015176E+02   -0.387863216835761193E+01
    0.365852416581739477E-02    0.402205866520945756E+04    0.230551381841304010E+04    0.348690129941268090E+01   -0.300185643772261646E+00    0.624597865619663017E+00    0.104991673174836819E+01    0.299814539411145198E+01    0.130172397635570292E+01    0.153448238660835869E+02
    0.366358793172408270E-02    0.402201589892199991E+04    0.230506171377986357E+04    0.350843287754993316E+01   -0.300946823271922514E+00    0.632606299471623168E+00    0.104994946985411741E+01    0.299986385689357515E+01    0.218421801749304336E+02    0.770740126541774373E+01
    0.365308073726711667E-02    0.402198164317647161E+04    0.230536407131823762E+04    0.349071727769433693E+01   -0.301012743979772457E+00    0.626891596754197034E+00    0.104985653785546806E+01    0.299874509191599437E+01   -0.184842759040744653E+02   -0.348083278671490461E+02
    0.363194593072682387E-02    0.402195324772744880E+04    0.230482684364519628E+04    0.350508993604584473E+01   -0.301460737789902011E+00    0.623056583065348724E+00    0.104976698166120297E+01    0.299996499071133993E+01    0.332097876528848275E+02   -0.290228829962375521E+02
    0.356872539552052781E-02    0.402194836787492977E+04    0.230461175635759537E+04    0.348204450089664697E+01   -0.300458376266983518E+00    0.621034146465308856E+00    0.104992561887832814E+01    0.299959839967928055E+01    0.462947061411597076E+02    0.492183727953388370E+02
    0.350808773469366139E-02    0.402194264270670237E+04    0.230581825330305037E+04    0.346108219116464566E+01   -0.300486997607834927E+00    0.631518002618475682E+00    0.104993038651218051E+01    0.299979193785373299E+01   -0.482388640041773726E+02   -0.310984854416993528E+00
    0.350286765793928574E-02    0.402190562094714278E+04    0.230483985997668333E+04    0.351371869033247286E+01   -0.301409958090021468E+00    0.626659780744183603E+00    0.104987867588472827E+01    0.299941423992817846E+01    0.458412227876702190E+02    0.219008687484924423E+02
    0.344265848300862693E-02    0.402190029689938501E+04    0.230541217438359490E+04    0.344810129881390637E+01   -0.300126720745315767E+00    0.630518228571432138E+00    0.104985373423835737E+01    0.299914720431225268E+01   -0.846839533670434719E+01    0.111209027748442324E+02
    0.338042878335170121E-02    0.402189677975401901E+04    0.230503602256159502E+04    0.348455345155119334E+01   -0.299793626647938349E+00    0.623061194995553680E+00    0.104992029460096647E+01    0.299961848177883983E+01    0.437922938131977446E+01    0.173076529717847194E+02
    0.332233081356047080E-02    0.402189145169711219E+04    0.230455663870205353E+04    0.344571512371612076E+01   -0.300900642399503260E+00    0.640234866672605207E+00    0.104996930264048882E+01    0.299999936514215770E+01   -0.393994587708919113E+02    0.367357582452610671E+02
    0.325872245829407535E-02    0.402189011440565037E+04    0.230484599452299972E+04    0.342793905281961386E+01   -0.300659008196043909E+00    0.637572069315350376E+00    0.104998783961142861E+01    0.299927655421854578E+01    0.689155116718806227E+01    0.408051135068271265E+02
    0.324702455567361329E-02    0.402185730676354706E+04    0.230542577747290125E+04    0.347954344632764778E+01   -0.300954056157362149E+00    0.632941219769639019E+00    0.104990115592921440E+01    0.299889288827016953E+01   -0.272589483230393661E+02   -0.267988071880091994E+02
    0.324243576557988302E-02    0.402182013522115767E+04    0.230486663070983786E+04    0.346375426089029625E+01   -0.300462992204303725E+00    0.627468614589197560E+00    0.104995384850054774E+01    0.299878852560736942E+01   -0.214967029273318282E+02    0.108217642925929951E+02
    0.326894378324538637E-02    0.402176385101354253E+04    0.230467892873130677E+04    0.351387576694744030E+01   -0.301749706798640605E+00    0.627846927065601079E+00    0.104989771630544060E+01    0.299967519506225688E+01    0.322969377489422271E+02    0.175048710744292464E+02
    0.320691366700734653E-02    0.402176216687452370E+04    0.230432550763931522E+04    0.346058215273056646E+01   -0.301824249989379234E+00    0.633935701003495389E+00    0.104996253300273512E+01    0.299985945140536359E+01    0.127694098403911980E+02   -0.600539757644880012E+01
    0.315866761414448916E-02    0.402175248427969700E+04    0.230518045738599585E+04    0.349637326619635935E+01   -0.301102972544398273E+00    0.622341449546614189E+00    0.104989819222825420E+01    0.299896162631405172E+01    0.149020090804040706E+02   -0.458645625956152188E+02
    0.323065406848617453E-02    0.402166741564544054E+04    0.230515759801400509E+04    0.346994744436129832E+01   -0.301709732901887795E+00    0.632341005069205431E+00    0.104985978796237323E+01    0.299973332876746746E+01   -0.323228586758126681E+02    0.225915688476380581E+02
    0.322031250249709810E-02    0.402163382806425216E+04    0.230562740159141140E+04    0.348079743312330248E+01   -0.300411031296380193E+00    0.624373274671086165E+00    0.104995989149922564E+01    0.299855823422399892E+01   -0.119103215821096313E+02    0.463805439775561439E+02
    0.318603046669915747E-02    0.402161523332663182E+04    0.230528315185472593E+04    0.345510321258007558E+01   -0.300647271957972029E+00    0.631659973214085180E+00    0.104987868028305886E+01    0.299903847296115833E+01   -0.118329833647771139E+02   -0.347411631442201667E+02
    0.317871881899662321E-02    0.402157982841786998E+04    0.230533407944300825E+04    0.344226893365645470E+01   -0.301990413353086351E+00    0.633618853303766327E+00    0.104995349374381175E+01    0.299948512381717469E+01    0.199611729338968047E+02   -0.680071583497166188E+01
    0.312375547574623470E-02    0.402157471296266567E+04    0.230427849515403341E+04    0.350456296868177564E+01   -0.303202128443081642E+00    0.624720190398264430E+00    0.104994498165022310E+01    0.299987015432742998E+01   -0.490454023564955293E+02   -0.135331869783360119E+02
    0.310394685248775986E-02    0.402154743591505894E+04    0.230556660463394201E+04    0.344831790516424697E+01   -0.300134743682229643E+00    0.636637241367940532E+00    0.104991324339471559E+01    0.299904946106884651E+01    0.203653385629322941E+02    0.373552989182463193E+02
    0.312145469900873074E-02    0.402149618658919053E+04    0.230547375677773198E+04    0.348843527259466235E+01   -0.301319646151846254E+00    0.627363523794919775E+00    0.104995691040260097E+01    0.299819130566950554E+01    0.345991325188715990E+02    0.290050315980285802E+02
    0.313861089827922228E-02    0.402144522424896832E+04    0.230483746277616228E+04    0.352389006252257886E+01   -0.300137263356498318E+00    0.620691795577506422E+00    0.104998499076641982E+01    0.299843883862117888E+01   -0.215836963633783974E+02   -0.107505102188684276E+01
    0.310238908438976047E-02    0.402142843990075789E+04    0.230548337433566303E+04    0.350360626332083935E+01   -0.299815120475927122E+00    0.628202298967686534E+00    0.104988599886026379E+01    0.299906238699870187E+01    0.293706711919129617E+02   -0.647084337108447016E+01
    0.304831761047703658E-02    0.402142360520426064E+04    0.230411092937052126E+04    0.347890933473554398E+01   -0.300771319872280396E+00    0.628766557971901840E+00    0.104989820598393480E+01    0.299976633157188388E+01    0.317999155097599129E+01    0.137450683815195305E+02
    0.301184636600310097E-02    0.402140767827220907E+04    0.230474109447377032E+04    0.353627672636407642E+01   -0.300357930759660663E+00    0.618311232749916062E+00    0.104999675230327427E+01    0.299941900396291450E+01   -0.103183865956392395E+01   -0.495278586351568535E+02
    0.300110559127310947E-02    0.402137482337247275E+04    0.230531150305217307E+04    0.349838399995165839E+01   -0.302010685888486230E+00    0.631090654931320882E+00    0.104994179861478010E+01    0.299938364826983994E+01    0.216415515171423181E+02   -0.440819762068973162E+02
    0.304059776589808619E-02    0.402130867661566162E+04    0.230530412089973470E+04    0.347173473103692753E+01   -0.299723341327884141E+00    0.631401122628257649E+00    0.104988442250815117E+01    0.299974986226805651E+01   -0.469249966844894999E+02   -0.433097984007307986E+02
    0.307081261228758610E-02    0.402124890043261667E+04    0.230528911504072403E+04    0.348845802770478564E+01   -0.299678627216557081E+00    0.629781112703202695E+00    0.104998950137617530E+01    0.299890866675320034E+01    0.880058936855094487E+01   -0.156325639205518740E+01
    0.308868016558530275E-02    0.402119729713730703E+04    0.230490417675875506E+04    0.351741733938855505E+01   -0.300464497634369498E+00    0.624340981860006972E+00    0.104992858663343136E+01    0.299862525024760407E+01   -0.332564718289908967E+02    0.295557239342650746E+02
    0.318215673569536553E-02    0.402109766650352094E+04    0.230486683473857920E+04    0.351089551256088983E+01   -0.300361803743664391E+00    0.624117608395621803E+00    0.104975085042180249E+01    0.299996334982075918E+01    0.379592681026951340E+01   -0.787670492718409321E+01
    0.316430685091250710E-02    0.402106891682055630E+04    0.230482662413702747E+04    0.347478999627997887E+01   -0.301236676489434974E+00    0.630823787433070549E+00    0.104982347620190608E+01    0.299974304666021752E+01    0.267657467392609760E+02   -0.978670220196139695E+01
    0.330594679893959475E-02    0.402094133906088746E+04    0.230496049730833829E+04    0.348102386256976715E+01   -0.301617108071376427E+00    0.629341079900456069E+00    0.104993291071070893E+01    0.299890086193481764E+01    0.276074072802033612E+02    0.735634564951035230E+01
    0.324135744189433866E-02    0.402094080046365434E+04    0.230554758399930006E+04    0.349996784527491211E+01   -0.300796133517697184E+00    0.629639333185233352E+00    0.104992225459767474E+01    0.299930128671200080E+01    0.455619963561444763E+01    0.251592679574285967E+02
    0.321163648341715562E-02    0.402091922364457241E+04    0.230460350548748193E+04    0.350901675398504764E+01   -0.299913271896989853E+00    0.622322427874294370E+00    0.104994956877637979E+01    0.299898053721109825E+01   -0.693470709074570379E+01    0.413407558476000361E+02
    0.316824303337125655E-02    0.402090643050269864E+04    0.230478884946394010E+04    0.353063684890348117E+01   -0.299983397049921330E+00    0.625107541312072801E+00    0.104994793594674030E+01    0.299960983629608879E+01    0.402957170416673591E+02   -0.359284207974037955E+02
    0.315684817103071506E-02    0.402087363664363784E+04    0.230511653602895240E+04    0.340553961202643674E+01   -0.300466884608967644E+00    0.641640946299553816E+00    0.104997532954032091E+01    0.299997028515586095E+01   -0.786080808901487416E+01   -0.370275322233401951E+02
    0.310039977148517500E-02    0.402086972275143580E+04    0.230532707412931586E+04    0.349919845576949085E+01   -0.300632472933546446E+00    0.631576050255921562E+00    0.104988226286425412E+01    0.299960261647660609E+01    0.193641023339840359E+02   -0.140154303229384993E+02
    0.306235673926820353E-02    0.402085441528335195E+04    0.230472902848002832E+04    0.351780364412705948E+01   -0.301478675616622005E+00    0.623993819246859704E+00    0.104988222579347368E+01    0.299986940791819157E+01   -0.104712435609236820E+00   -0.336415494862863511E+02
    0.313917432318383321E-02    0.402076486525299333E+04    0.230467346122868457E+04    0.350115278672745056E+01   -0.302164685787397025E+00    0.632961879113872028E+00    0.104999572453133494E+01    0.299929809901721667E+01    0.108126676303913243E+02    0.211259543955126361E+02
    0.311558020194375182E-02    0.402073995408377414E+04    0.230552646660638493E+04    0.347146277879388743E+01   -0.300799188889508906E+00    0.632705632622336811E+00    0.104990575102951356E+01    0.299967616333036569E+01    0.120283216541802105E+02    0.372155367276120046E+02
    0.305584012126642202E-02    0.402073867576768407E+04    0.230393225202116309E+04    0.354198694865096009E+01   -0.300065102887443536E+00    0.617961304454049509E+00    0.104995183678674797E+01    0.299997364444609360E+01   -0.394145319465749608E+02    0.384993996951765638E+02
    0.306694569145858111E-02    0.402069142051969038E+04    0.230481181842368460E+04    0.351725124750778484E+01   -0.300726004194962537E+00    0.629978240841561288E+00    0.104995515619208812E+01    0.299980197714916841E+01    0.284434578885531124E+02   -0.404098705615066436E+02
    0.308391232186224591E-02    0.402064038682429418E+04    0.230527024871404865E+04    0.348417599389172983E+01   -0.300997976800388090E+00    0.627425053303883651E+00    0.104992725491233529E+01    0.299855688404008669E+01   -0.254205393387940219E+02    0.188829839327995472E+02
    0.321917058167532936E-02    0.402051453738878581E+04    0.230550901655197413E+04    0.344471905560986880E+01   -0.300171515889942508E+00    0.630889005035117467E+00    0.104998688224955083E+01    0.299849184301294969E+01    0.143282495847206803E+02   -0.461276650982177614E+02
    0.316307883432734175E-02    0.402050969313903079E+04    0.230563887255385453E+04    0.346119908304940616E+01   -0.300215450236240911E+00    0.634094868035147696E+00    0.104994488680423337E+01    0.299863330170590192E+01    0.167443344667089349E+02   -0.784697284522493277E+01
    0.314481854169839595E-02    0.402048127249268737E+04    0.230522728164177488E+04    0.344342453819720085E+01   -0.300395706854877098E+00    0.637710264303697372E+00    0.104989627332627267E+01    0.299986503225901924E+01    0.268260553060629121E+02    0.448287197277232536E+02
    0.319330818108867764E-02    0.402041067002128102E+04    0.230546128990591842E+04    0.346129192579541201E+01   -0.300967012754968066E+00    0.626187485508006736E+00    0.104996171211033062E+01    0.299960942869922675E+01   -0.217092588822677470E+02   -0.405608707114128464E+02
    0.317102583719018876E-02    0.402038467458790501E+04    0.230463500207236029E+04    0.353244432166031652E+01   -0.300010168874236927E+00    0.620988817146590932E+00    0.104995752825267719E+01    0.299920727508471341E+01   -0.397383202451944655E+02    0.313737052055293333E+02
    0.313286471947065229E-02    0.402036888921126229E+04    0.230522597259956228E+04    0.345025051670373095E+01   -0.301820286079424016E+00    0.631727090033942673E+00    0.104997290348051098E+01    0.299934316556544811E+01   -0.829250936616867307E+01    0.412768879658961367E+02
    0.308071277871653027E-02    0.402036246289113069E+04    0.230517502559363766E+04    0.345527206661008934E+01   -0.299870303667938043E+00    0.629923795170559409E+00    0.104990683817929220E+01    0.299955169636093455E+01    0.226036396152561707E+02    0.257246084840551958E+02
    0.302705797778183433E-02    0.402035760250807334E+04    0.230475821502759754E+04    0.346434506853762203E+01   -0.300764157368303975E+00    0.627844713221908490E+00    0.104990061345199437E+01    0.299949822498046625E+01   -0.373010118079487967E+02    0.114829554395894178E+02
    0.301653559699085463E-02    0.402032456683569944E+04    0.230456327323387086E+04    0.351856404321261307E+01   -0.301372723079299631E+00    0.619073448765948386E+00    0.104996528560954805E+01    0.299973912877588500E+01    0.267654811901261240E+02   -0.217389111768456615E+02
    0.299635016802025445E-02    0.402029799500020317E+04    0.230560082111315842E+04    0.341372284328323428E+01   -0.299998179089336070E+00    0.637325005518828647E+00    0.104992899837675435E+01    0.299991412748885677E+01    0.399501888110915786E+02   -0.476000919260632998E+02
    0.310263011249508952E-02    0.402018828452453863E+04    0.230447539510683646E+04    0.350381427382908672E+01   -0.301657928422348509E+00    0.626611555890600025E+00    0.104984438507251521E+01    0.299985728131113527E+01   -0.459845676904757923E+02   -0.469490781449793175E+02
    0.305183756765764350E-02    0.402018129709407731E+04    0.230491517802949238E+04    0.347544383102044341E+01   -0.299955005949458842E+00    0.628362866384835517E+00    0.104976734381084524E+01    0.299987161099237420E+01   -0.325445127343188432E+02    0.284282880577911783E+02
    0.301815916631947064E-02    0.402016349067895499E+04    0.230473703880804715E+04    0.351495521821143608E+01   -0.302386392810424010E+00    0.623864455377835414E+00    0.104998801660827312E+01    0.299948834961144994E+01    0.448309031676579650E+02   -0.450263887920695467E+02
    0.302567076422783103E-02    0.402011851926059126E+04    0.230572062238764784E+04    0.344584362995992555E+01   -0.300097381531845397E+00    0.631776617830778098E+00    0.104992801276697878E+01    0.299991078905157105E+01    0.117139268189392212E+02   -0.427958723352602419E+02
    0.311725984028346894E-02    0.402001887615565875E+04    0.230514656258880996E+04    0.345808463290813606E+01   -0.300490676389320033E+00    0.634182604906762815E+00    0.104983711142331537E+01    0.299998968207405925E+01   -0.317735831585718707E+02    0.343284808423228327E+02
    0.317522152255650912E-02    0.401994203007328724E+04    0.230512530990107143E+04    0.347517629892098334E+01   -0.301757688837024252E+00    0.632361544064767855E+00    0.104990594072968757E+01    0.299983500419954252E+01   -0.164069948740244342E+01    0.719264948053270814E+01
    0.312533713949857779E-02    0.401993370055085916E+04    0.230530821134473990E+04    0.349078441273919360E+01   -0.300656957844625872E+00    0.626287191958850187E+00    0.104994455060529912E+01    0.299834789181405270E+01    0.386546737480996825E+02   -0.442797726941914007E+02
    0.309498490578871124E-02    0.401991321881656040E+04    0.230558283793339524E+04    0.347348997439986995E+01   -0.301133228495604865E+00    0.631594575155633997E+00    0.104997008152206495E+01    0.299907042290357850E+01    0.294226979404182458E+02   -0.988840194391406868E+01
    0.317921696223529004E-02    0.401981951501851700E+04    0.230455177121892120E+04    0.352647391106427488E+01   -0.300566906981878768E+00    0.623017282553626428E+00    0.104992504169971235E+01    0.299963978765564931E+01    0.193656118308713445E+02    0.770585982379912338E+01
    0.315452984307756619E-02    0.401979510594435260E+04    0.230546526326901858E+04    0.342963837195084453E+01   -0.301223228338089455E+00    0.634797115372588983E+00    0.104997675655854650E+01    0.299971437057701795E+01    0.112889093248202101E+02   -0.290584925751747818E+02
    0.311164341491549376E-02    0.401978248284316669E+04    0.230491699522533963E+04    0.350191699972357684E+01   -0.301524501696706859E+00    0.625896103760534062E+00    0.104985027811890030E+01    0.299963060339309173E+01   -0.121866739207119394E+02    0.476182641736507435E+02
    0.307193431768521766E-02    0.401976817000668643E+04    0.230532021433191358E+04    0.349692891306090958E+01   -0.300256098416541883E+00    0.626612233310568811E+00    0.104987341546573121E+01    0.299866145452362831E+01   -0.633250788673613840E+01   -0.328211731813298115E+02
    0.324080604808823277E-02    0.401962114071660108E+04    0.230412561995307533E+04    0.352070006565778515E+01   -0.300653557309307484E+00    0.628500626471061752E+00    0.104997715378724177E+01    0.299975772069838342E+01   -0.381013326336849047E+02   -0.247979520505998465E+02
    0.320180022056540782E-02    0.401960535843377693E+04    0.230494549240578635E+04    0.349630066945837914E+01   -0.301837334227972598E+00    0.629611489635585442E+00    0.104989742829857335E+01    0.299955713666291679E+01   -0.484110663763738245E+02    0.254965110338105774E+02
    0.316625951607121424E-02    0.401958768301927694E+04    0.230462633462681242E+04    0.351995757832978828E+01   -0.300791196028184604E+00    0.621424259434607995E+00    0.104993949617616567E+01    0.299946043057177825E+01    0.693181195560247687E+01    0.482022381937213993E+02
    0.320324657439021148E-02    0.401952445517489650E+04    0.230512305939081489E+04    0.340924777409423108E+01   -0.300932728195692556E+00    0.635408971980847337E+00    0.104999728528548952E+01    0.299999160440545243E+01   -0.220939131819888317E+02    0.217451294647283220E+02
    0.314843692731226052E-02    0.401951897264261424E+04    0.230455047644066508E+04    0.350438157042190790E+01   -0.301394775787864777E+00    0.632146996109534842E+00    0.104995832395809141E+01    0.299961277417032735E+01    0.450703029241118998E+02   -0.318920924199284634E+02
    0.319062963036462850E-02    0.401945234832765573E+04    0.230439254414373181E+04    0.351489153907718910E+01   -0.300144962881647825E+00    0.623109839841226920E+00    0.104993136118954511E+01    0.299914084364026445E+01    0.362657633684710561E+02   -0.289597442464890449E+02
    0.314325370825418917E-02    0.401944226792239260E+04    0.230466344088805681E+04    0.347816363780490878E+01   -0.301923487936929802E+00    0.629057006956734277E+00    0.104993983580471983E+01    0.299958900207240475E+01   -0.545200410792534740E+01   -0.774353815230826825E+01
    0.308459810884831450E-02    0.401943994212245161E+04    0.230482151236261871E+04    0.350119211941585018E+01   -0.303241619951404029E+00    0.628213883909723991E+00    0.104998695696592570E+01    0.299958063028093891E+01   -0.163886448922250736E+02   -0.216726397379470477E+02
    0.305679458008294288E-02    0.401941805118671664E+04    0.230499248133992205E+04    0.349100601274019517E+01   -0.300251468356137530E+00    0.636535904887466142E+00    0.104996886463119909E+01    0.299967767614054859E+01    0.307610445992723669E+02   -0.360021141965707159E+02
    0.300817001431944071E-02    0.401941012102445984E+04    0.230541113551028320E+04    0.349144410895608459E+01   -0.300658630349151301E+00    0.625859604657726498E+00    0.104993003846153310E+01    0.299883108038193935E+01   -0.350071322593467897E+02   -0.701860034478159633E+01
    0.304594088159284388E-02    0.401934516518338341E+04    0.230515571171614556E+04    0.346399730397733308E+01   -0.300552982860450846E+00    0.632042530424359761E+00    0.104985642860521922E+01    0.299969324225506639E+01   -0.499099172241801341E+02    0.490347577944166773E+02
    0.300437536116912639E-02    0.401933264551511547E+04    0.230512752852799895E+04    0.343451807448705448E+01   -0.300210430088239777E+00    0.634463434133986426E+00    0.104991221576637517E+01    0.299961042567329494E+01    0.474257667437816934E+02    0.259604490017404999E+02
    0.300792333403253603E-02    0.401929028503806330E+04    0.230476739776767590E+04    0.351293970616309803E+01   -0.301602293765154239E+00    0.624547275953557302E+00    0.104990827971027700E+01    0.299992337828689726E+01   -0.471157586364789864E+02   -0.413382250682113721E+02
    0.302628492787538478E-02    0.401923811333319782E+04    0.230435815573793752E+04    0.349825686764009935E+01   -0.300963923416683876E+00    0.625123490440288809E+00    0.104992211515978973E+01    0.299938934212494601E+01   -0.407878940584055982E+01    0.329151340258910778E+02
    0.302869489276818768E-02    0.401919652127833297E+04    0.230501985745036882E+04    0.348284030666625366E+01   -0.301319592614207488E+00    0.628100287668667767E+00    0.104985778077348013E+01    0.299978582822171091E+01   -0.461426409484882711E+02    0.427881440024638664E+02
    0.301777357373149251E-02    0.401916374621035675E+04    0.230506866946677656E+04    0.349569475451244438E+01   -0.301954198099293691E+00    0.630638098010619430E+00    0.104994888261209107E+01    0.299948774096459170E+01    0.196946233446468568E+02    0.362489860451129147E+02
    0.296994747796354821E-02    0.401915569633793484E+04    0.230503421975838046E+04    0.347586640973463368E+01   -0.302449896363858273E+00    0.629806338187805403E+00    0.104998420439707285E+01    0.299942926213024963E+01   -0.106246601191610139E+02   -0.249050779164356797E+02
    0.291347061556890491E-02    0.401915409483100075E+04    0.230461012615652680E+04    0.352491801409354100E+01   -0.300851003608219481E+00    0.621879599609629574E+00    0.104995171462580461E+01    0.299974278781794235E+01    0.229242807525823764E+02    0.448602439490361888E+02
    0.286566548272034491E-02    0.401914718366812576E+04    0.230455875556370347E+04    0.350459628885878072E+01   -0.300357396359356710E+00    0.618728230981401728E+00    0.104997094741045416E+01    0.299965567983427484E+01    0.429289430487382475E+02    0.148832265356059423E+01
    0.281510457996465065E-02    0.401914278605114487E+04    0.230462195437750961E+04    0.346023996474779638E+01   -0.300740676021794384E+00    0.629364782032735604E+00    0.104994706298775098E+01    0.299956179223928121E+01   -0.342456296267428755E+02    0.486484909857790342E+02
    0.282264301867505814E-02    0.401909743750151847E+04    0.230511481373763672E+04    0.346046123890422486E+01   -0.300651631542253384E+00    0.628281268930948156E+00    0.104989325835677838E+01    0.299967092264996182E+01    0.131812705705155153E+02    0.367261211024564176E+02
    0.282204934720833639E-02    0.401905785819510447E+04    0.230463017450688994E+04    0.346095344880805689E+01   -0.301512271513256935E+00    0.629618248945920778E+00    0.104996251025607190E+01    0.299974793987484212E+01   -0.128467125990273843E+02   -0.945622870818829853E+01
    0.281482563778898565E-02    0.401902298423631919E+04    0.230480089203463649E+04    0.346583395863598831E+01   -0.300140732662420029E+00    0.635185268812378134E+00    0.104986406717193326E+01    0.299986329503699656E+01   -0.458942203966819733E+02   -0.405590718279865712E+02
    0.286114057227208635E-02    0.401895034418122577E+04    0.230436845652844249E+04    0.348692875128570057E+01   -0.300009295939666631E+00    0.631923972706289527E+00    0.104987797737986277E+01    0.299954720951608245E+01    0.422320713887369976E+02   -0.147638942020260728E+02
    0.291368801869536665E-02    0.401887394559660333E+04    0.230501985908189181E+04    0.346165832244331506E+01   -0.301732229929567164E+00    0.634886321993864078E+00    0.104995667067507314E+01    0.299995563930080600E+01    0.468611813931962331E+02   -0.271782021850187263E+02
    0.285697144966192600E-02    0.401887326061471504E+04    0.230553765491864851E+04    0.349368697374058179E+01   -0.300422178278115626E+00    0.627602415727971596E+00    0.104994595850591099E+01    0.299966237486054554E+01    0.208600608528081324E+02    0.468871621378968086E+02
    0.286129846537691189E-02    0.401883023381352859E+04    0.230467721559475194E+04    0.350900137660581990E+01   -0.301954717169027942E+00    0.627932667915539033E+00    0.104995032270178035E+01    0.299978625653277398E+01    0.434213571046440308E+02   -0.416734850101684700E+02
    0.285015471429731328E-02    0.401879803831782556E+04    0.230445075770085805E+04    0.350535866268119634E+01   -0.301729558833201961E+00    0.628398329163616154E+00    0.104989818502260812E+01    0.299999183816143544E+01   -0.323684284000666125E+02   -0.445568127956264135E+02
    0.279956515933481179E-02    0.401879385666511007E+04    0.230539994539785448E+04    0.347286809796125207E+01   -0.301166191297474128E+00    0.630209083670244752E+00    0.104994790389389236E+01    0.299942162040720861E+01   -0.223063653118257648E+02    0.341332758699282124E+02
    0.275146710104110263E-02    0.401878851635345609E+04    0.230534002077170771E+04    0.348076203502582437E+01   -0.302290162266529605E+00    0.629698342548231649E+00    0.104999087596244878E+01    0.299991502066911186E+01    0.120878080195767197E+02    0.261855913098075206E+02
    0.270424463657227944E-02    0.401878313962248967E+04    0.230565232747667505E+04    0.346194620162271782E+01   -0.300146627103470620E+00    0.631848082649216880E+00    0.104996412745596190E+01    0.299897330321180178E+01   -0.470023797530418577E+02    0.338934348576075593E+02
    0.266731260592761822E-02    0.401877064197307209E+04    0.230540856453695778E+04    0.348591195218136640E+01   -0.300855451347401492E+00    0.628523471951379253E+00    0.104993605954410518E+01    0.299913406671867966E+01    0.320117053181151618E+02    0.464331115418605123E+02
    0.267341621740701998E-02    0.401872607060138216E+04    0.230536764955663193E+04    0.343956907837527393E+01   -0.300216716848207943E+00    0.633056753686988660E+00    0.104996391078275919E+01    0.299917157941400525E+01    0.323647924003452943E+02    0.798619345797767721E+00
    0.280331192232355494E-02    0.401859118177969458E+04    0.230494594592689009E+04    0.349211777090982389E+01   -0.301504560016559231E+00    0.625661323086411869E+00    0.104991937136601909E+01    0.299943601870684207E+01    0.299836990582799956E+02   -0.117765425351648219E+02
    0.283370345321780522E-02    0.401852961588118796E+04    0.230499949247414042E+04    0.349700040951177638E+01   -0.301496193745168117E+00    0.632212236965641328E+00    0.104995462392771932E+01    0.299967864808678009E+01   -0.364501969646905977E+02    0.453691573506019807E+01
    0.278539541842365204E-02    0.401852400518531340E+04    0.230469008946494569E+04    0.349936198215313565E+01   -0.299773079436984446E+00    0.621906238825965296E+00    0.104999997719363836E+01    0.299988466337770898E+01   -0.314629519051357782E+02   -0.694566625168349816E+01
    0.279045773225098217E-02    0.401848037358664578E+04    0.230477489270899332E+04    0.352363761586790414E+01   -0.300259648418152725E+00    0.623822963001941844E+00    0.104997957021781185E+01    0.299925718087241799E+01    0.514363329677672709E+01   -0.323812803962129436E+02
    0.273797015946273398E-02    0.401847835121858725E+04    0.230490572355251970E+04    0.350302698103885035E+01   -0.301814366172182880E+00    0.627424287977130790E+00    0.104991442571046756E+01    0.299975260336897476E+01    0.341320855729826462E+02   -0.236126446819067972E+02
    0.271299981290097896E-02    0.401845667494545069E+04    0.230509192300057248E+04    0.349592381249806161E+01   -0.302172374367026042E+00    0.627520203506654717E+00    0.104996393642120811E+01    0.299942090057379396E+01    0.440735129897522881E+01    0.483722688452870955E+02
    0.266829841341938590E-02    0.401844990293306364E+04    0.230521206018195790E+04    0.346232813340695245E+01   -0.300216574321525598E+00    0.626520561732348824E+00    0.104989901646147343E+01    0.299990373278844702E+01   -0.665127612081032993E+01   -0.579251182139046961E+01
    0.270642648627543621E-02    0.401838152662493576E+04    0.230538468327637611E+04    0.346564210546248042E+01   -0.300154131079813258E+00    0.630172401439571095E+00    0.104992675928897161E+01    0.299904884989338738E+01   -0.320363200584312580E+02    0.109801189624418427E+02
    0.266271926779522135E-02    0.401837408911138436E+04    0.230482233807509965E+04    0.347571166932794728E+01   -0.300828443238759624E+00    0.635194827154013542E+00    0.104998019849993973E+01    0.299935356387107577E+01   -0.197029406034504788E+02    0.339976561852476209E+02
    0.261432232317526225E-02    0.401837077504668787E+04    0.230472762269909981E+04    0.352002026857490158E+01   -0.299993779457476961E+00    0.622126435002221534E+00    0.104992182478515517E+01    0.299948637993583667E+01    0.296975380049599806E+02   -0.343476104713727608E+02
    0.256339168648668037E-02    0.401837012235657767E+04    0.230530749326508203E+04    0.349775783901488602E+01   -0.300326727057153853E+00    0.628509780488411884E+00    0.104988182450042333E+01    0.299950509238177565E+01   -0.360757901910063694E+02   -0.344493683358747802E+02
    0.263127472078938029E-02    0.401827784804791918E+04    0.230532508643903930E+04    0.346068732799673295E+01   -0.300365645143039095E+00    0.634321045894225000E+00    0.104991500603585175E+01    0.299990173059564480E+01    0.242258742659963389E+01   -0.402767490537436856E+01
    0.259564771493096293E-02    0.401826511270167248E+04    0.230419194929793957E+04    0.346499085282994601E+01   -0.300346853670004188E+00    0.630771732555414077E+00    0.104993458689842623E+01    0.299999592698492235E+01    0.339963872631194590E+02   -0.608013658835350412E+01
    0.257786136787771427E-02    0.401823886461886786E+04    0.230509275973873173E+04    0.350192075230735167E+01   -0.300727107816410544E+00    0.631482644981868901E+00    0.104995082720305288E+01    0.299935853592856416E+01    0.151571170312831356E+02    0.568957270201318721E+01
    0.253172389036066155E-02    0.401823498397428648E+04    0.230414936514479723E+04    0.351808604076829656E+01   -0.301291191464294839E+00    0.626195709450505622E+00    0.104998167311200574E+01    0.299990624261359073E+01   -0.444895992551347845E+02   -0.266625638969120438E+02
    0.248282264609740819E-02    0.401823399272145934E+04    0.230502328029832779E+04    0.349272986173298605E+01   -0.300776428667948181E+00    0.625864011822752087E+00    0.104987197398910026E+01    0.299950729213644474E+01   -0.388342343372565324E+01   -0.227531951433375959E+02
    0.243378703364328453E-02    0.401823388788629973E+04    0.230409471481381934E+04    0.349522327643612485E+01   -0.299915969000631444E+00    0.623374408808907154E+00    0.104999742920262817E+01    0.299985853356186238E+01   -0.403236072451479259E+02   -0.591217258316173400E+01
    0.253867898834064017E-02    0.401810949715005700E+04    0.230426522446282434E+04    0.349124402996993899E+01   -0.300354365077207364E+00    0.629116447333007534E+00    0.104999163962765985E+01    0.299911343218976301E+01   -0.457265232074874675E+02    0.246040523562501789E+02
    0.251057849318020963E-02    0.401809175847095867E+04    0.230547694949281231E+04    0.349889397451030426E+01   -0.300497602236033612E+00    0.629786838885193156E+00    0.104998480715136711E+01    0.299869431067275416E+01   -0.977238572081746781E+01   -0.193531347037597570E+02
    0.247912867291398640E-02    0.401807697056112647E+04    0.230414542492216242E+04    0.349318355020803084E+01   -0.301012318227733056E+00    0.624883062279209200E+00    0.104996353148368171E+01    0.299978256572081925E+01   -0.143211148599736120E+02    0.201004785134739450E+02
    0.249170581999908110E-02    0.401802684978648222E+04    0.230529153779942135E+04    0.344664674630202139E+01   -0.300433769122293859E+00    0.629852990893119413E+00    0.104998537490946497E+01    0.299937887556043936E+01    0.268497480756519877E+02   -0.106283582018030316E+02
    0.260115652846208559E-02    0.401790087254534819E+04    0.230492398348682582E+04    0.349235444683661722E+01   -0.301697046009255176E+00    0.630590755768436706E+00    0.104997668787299014E+01    0.299927983441376078E+01    0.287369679313093798E+02   -0.134530830257904697E+02
    0.259952457594492476E-02    0.401786212772907356E+04    0.230502310139806832E+04    0.350211962169590540E+01   -0.300732582831086170E+00    0.631854563055340046E+00    0.104998951521480510E+01    0.299897537577464313E+01   -0.309890344624991023E+02    0.498982876838256857E+02
    0.259132559804007515E-02    0.401782844575748777E+04    0.230523867763688850E+04    0.349413485404495727E+01   -0.301170681069945156E+00    0.630187338469506808E+00    0.104994724453806398E+01    0.299995862445386630E+01    0.187259284987759713E+02    0.265045224911909827E+02
    0.262154269674349681E-02    0.401776525895479654E+04    0.230530815115156838E+04    0.349198575211233653E+01   -0.300364232868433223E+00    0.628533270575995173E+00    0.104989317051812514E+01    0.299991156515647228E+01   -0.259113062342333578E+02    0.179739432929246448E+02
    0.260535786064716376E-02    0.401773764479427837E+04    0.230550773050031830E+04    0.344154994666115233E+01   -0.300545233066927264E+00    0.631762171573809317E+00    0.104997884823752785E+01    0.299999498151732569E+01    0.133721290866903857E+02    0.253003461677703001E+01
    0.262368850472031014E-02    0.401768362256698856E+04    0.230476785473968175E+04    0.350741282849722902E+01   -0.300240478853729009E+00    0.621772154703400859E+00    0.104993327853516982E+01    0.299937208658638044E+01    0.356284638446093282E+02    0.401702615498829090E+02
    0.257629542121861699E-02    0.401768007990724300E+04    0.230503423584654320E+04    0.346474329729123554E+01   -0.299967282365789734E+00    0.633131405255971780E+00    0.104992429815240018E+01    0.299936157434646722E+01   -0.143856527660444939E+02   -0.264419848781814864E+02
    0.255307068861841333E-02    0.401765819122222001E+04    0.230487376176929683E+04    0.348038305317840724E+01   -0.299991827936741007E+00    0.626231160454301383E+00    0.104994894526481475E+01    0.299902040222791122E+01   -0.689571560353389401E+01   -0.328885725499537145E+02
    0.255638261265798104E-02    0.401761559844032490E+04    0.230414831253998773E+04    0.351017489801337312E+01   -0.300020109280562663E+00    0.625652410348960686E+00    0.104993925780196240E+01    0.299949119932462960E+01    0.476808350839274908E+01    0.347335107299559667E+02
    0.253527980933764127E-02    0.401759217685609883E+04    0.230524241417087387E+04    0.348723880480892978E+01   -0.300258843135425113E+00    0.623692550345078534E+00    0.104994468106554995E+01    0.299962103504398536E+01    0.176971103336782676E-01   -0.209431642766913271E+02
    0.250959867987810741E-02    0.401757253917114576E+04    0.230510680585357113E+04    0.350103179714034507E+01   -0.301112216460633464E+00    0.629509777095046630E+00    0.104992843997460406E+01    0.299999857520855073E+01    0.294075465222659318E+02    0.407406338519526514E+02
    0.253422567172922279E-02    0.401751300860399033E+04    0.230492260713242285E+04    0.344561178265569090E+01   -0.300814441639519592E+00    0.629495902536774787E+00    0.104998328125696805E+01    0.299985899182942539E+01    0.113941563908583987E+01    0.423731048669628763E+02
    0.251136157488513617E-02    0.401749113474251862E+04    0.230530483257486139E+04    0.347485404164119682E+01   -0.299878239583886319E+00    0.631980147539818127E+00    0.104992268596605265E+01    0.299980476505901228E+01    0.183230749321152047E+02    0.344094150984788172E+01
    0.248364195661252745E-02    0.401747333284721253E+04    0.230485827468081879E+04    0.348450373001626090E+01   -0.300536241020861628E+00    0.631632695156974622E+00    0.104998537651111423E+01    0.299881064170854250E+01    0.243420587846435410E+02    0.241278791027336723E+02
    0.249919026968732682E-02    0.401742085130030728E+04    0.230495063071274126E+04    0.345980007467069317E+01   -0.300006062148898411E+00    0.624483622308199426E+00    0.104998275829602838E+01    0.299996897691440001E+01   -0.344162463882956473E+02   -0.304349704663487834E+02
    0.252260654764464506E-02    0.401736219945235416E+04    0.230425410958301018E+04    0.351465879909844681E+01   -0.300104978842624104E+00    0.622288407365385376E+00    0.104989903235186377E+01    0.299988752810517623E+01    0.316183618101254496E+02   -0.420318253114355755E+02
    0.252011870383986531E-02    0.401732417286465216E+04    0.230509191026695862E+04    0.350807574179610082E+01   -0.300650829156846822E+00    0.622774137170165165E+00    0.104997980096258936E+01    0.299954439961005592E+01   -0.619571516520760213E+01    0.255394629481285875E+02
    0.247054484032639297E-02    0.401732390745599014E+04    0.230411324070068258E+04    0.352212792354180770E+01   -0.300674500797911970E+00    0.621464357274521650E+00    0.104998487718864020E+01    0.299993039141709472E+01    0.380613007703483106E+02   -0.173120413521317218E+02
    0.246871302434363733E-02    0.401728539093072823E+04    0.230424469187896830E+04    0.349569206632119123E+01   -0.300542401990520902E+00    0.635407533618448372E+00    0.104999282565365215E+01    0.299998728702588036E+01    0.614240394336794537E+01   -0.135184797953017366E+02
    0.243788876372205742E-02    0.401727052006691383E+04    0.230425854835996051E+04    0.349438503236113984E+01   -0.299932576923121752E+00    0.623099312667201088E+00    0.104996173024724371E+01    0.299990987874493076E+01   -0.453963172436752416E+02   -0.727939803960280329E+01
    0.240612421540745613E-02    0.401725675038773397E+04    0.230429078479078225E+04    0.348840907170918069E+01   -0.300305506147581336E+00    0.628309621986195999E+00    0.104993735253232701E+01    0.299953136802736831E+01   -0.217473488634347412E+02    0.244050194112251972E+02
    0.236689867964066589E-02    0.401724962382642616E+04    0.230443891202212853E+04    0.348169244820949597E+01   -0.300704946881458324E+00    0.632452397732634841E+00    0.104992694827430988E+01    0.299984551159748181E+01   -0.108622508664184565E+02    0.148532901224999137E+02
    0.233720282487050483E-02    0.401723487519416994E+04    0.230464851871375140E+04    0.348343216913347398E+01   -0.300513220850488649E+00    0.623805044365272732E+00    0.104994097418395826E+01    0.299974976762667556E+01    0.230088518562306774E+02   -0.437618114251386530E+02
    0.232571928410658458E-02    0.401720472615347126E+04    0.230524469404241381E+04    0.348996089268567378E+01   -0.300147181450298506E+00    0.634178047836694181E+00    0.104998930226911269E+01    0.299961712541815162E+01    0.231416764254094147E+02    0.236622119170078520E+02
    0.232441428440805084E-02    0.401716584870164206E+04    0.230474214278033378E+04    0.347900277876324004E+01   -0.301747021334568377E+00    0.629612359868604976E+00    0.104994811103504548E+01    0.299985679072451372E+01   -0.275624487442341426E+02    0.413659502594190656E+02
    0.231397523236756986E-02    0.401713485102421782E+04    0.230492427997014238E+04    0.347727220978532969E+01   -0.300605073593358973E+00    0.628119820816862351E+00    0.104989314016496293E+01    0.299969691405594752E+01   -0.143454017191182359E+02    0.421186077590795378E+02
    0.228047923353941629E-02    0.401712401365281994E+04    0.230497766887730177E+04    0.347321058068544142E+01   -0.300647986570349190E+00    0.627457947039970154E+00    0.104989451126509792E+01    0.299989159240160719E+01    0.493574862808857802E+02   -0.305926909418231290E+02
    0.228210702838429341E-02    0.401708258657193164E+04    0.230507180075900715E+04    0.347931043808402052E+01   -0.300222642925032035E+00    0.631990657587222948E+00    0.104996180552651497E+01    0.299889069758520854E+01   -0.336891984068527677E+02    0.418482346825981040E+02
    0.225170645087014809E-02    0.401706940817214036E+04    0.230497529721829324E+04    0.344371941143072613E+01   -0.300317799555830212E+00    0.634840950531783577E+00    0.104996430171512301E+01    0.299963555787783553E+01   -0.957133367247804046E+01   -0.124646772537264212E+02
    0.227829582566681926E-02    0.401700592943766242E+04    0.230499207211036810E+04    0.350775465526018992E+01   -0.300213816197755834E+00    0.627009054971003676E+00    0.104993729553729920E+01    0.299921065473898274E+01    0.150091834100796859E+02   -0.318076130533138333E+02
    0.224488173844708452E-02    0.401699547919076667E+04    0.230503058025625432E+04    0.345297581295181288E+01   -0.300164854716143403E+00    0.635780132291974165E+00    0.104996771796654298E+01    0.299947795420245633E+01    0.239622776175190921E+01   -0.447257546174178344E+02
    0.220912285609179597E-02    0.401698759379677858E+04    0.230431640887266167E+04    0.350513926598616399E+01   -0.300053820859397802E+00    0.624268593293442420E+00    0.104990401343569406E+01    0.299959549773036249E+01    0.246402108018828301E+02   -0.560609048768574780E+01
    0.219753060886967652E-02    0.401695811631601418E+04    0.230479853316579647E+04    0.344948505169125674E+01   -0.300503213948219272E+00    0.630556523360209953E+00    0.104994640560931041E+01    0.299991900754997509E+01   -0.135643063095364482E+02    0.433612338139936071E+01
    0.216538832705989769E-02    0.401694758545244076E+04    0.230478322028456023E+04    0.344066544084187420E+01   -0.300947842535218946E+00    0.631925324192629256E+00    0.104999824990495672E+01    0.299994975166173994E+01   -0.332662932243971667E+02   -0.309960247365169934E+02
    0.212704750401670594E-02    0.401694331513531642E+04    0.230470969704010804E+04    0.350001397934093550E+01   -0.300169825635744014E+00    0.624140690831851419E+00    0.104990951521635356E+01    0.299925181572931709E+01    0.720925601869283383E+01    0.480438645130111297E+02
    0.210411504609203572E-02    0.401692499492871229E+04    0.230447181495515997E+04    0.346755355076348248E+01   -0.300327172999203307E+00    0.629170580722357320E+00    0.104994745092680408E+01    0.299974446896880043E+01   -0.481883188435757219E+02    0.336699664873672617E+02
    0.210228803049256540E-02    0.401688673229499045E+04    0.230457101440738188E+04    0.350656546326142493E+01   -0.301926031789776006E+00    0.624120812733286345E+00    0.104997034850005955E+01    0.299991694889203275E+01    0.580944789166444053E+01    0.165769433747495185E+02
    0.208001271614263001E-02    0.401686803686042731E+04    0.230477127505898625E+04    0.347059055943020800E+01   -0.299997281416940542E+00    0.636034593063280806E+00    0.104996938777759952E+01    0.299951972163918246E+01    0.245318065846915232E+02    0.323854447519089490E+02
    0.204117042825587795E-02    0.401686573810953314E+04    0.230472962320999113E+04    0.348354267611808499E+01   -0.300307537540080827E+00    0.630437485464425906E+00    0.104997503042033413E+01    0.299895955202936770E+01    0.875708663416801869E+01   -0.242867397886102694E+02
    0.201452633392111861E-02    0.401685201667937463E+04    0.230528879918329449E+04    0.344502303064293969E+01   -0.300671187372431703E+00    0.632307969679577586E+00    0.104996818375625023E+01    0.299991453261125107E+01   -0.444666183589487218E+01   -0.346196010492086543E+02
    0.197589387519574904E-02    0.401685074309287938E+04    0.230475506578212617E+04    0.349661859893189986E+01   -0.300484723628139494E+00    0.627458975292768173E+00    0.104993753182521132E+01    0.299905783493534672E+01   -0.181267969940770755E+02   -0.391330935160491578E+02
    0.198870697449260014E-02    0.401679781554290003E+04    0.230513178711227010E+04    0.347954211271992619E+01   -0.301142005276612279E+00    0.625990658890012375E+00    0.104997309151301788E+01    0.299974468553475759E+01   -0.217111263232796148E+01    0.355753109578652982E+02
    0.195083479391469378E-02    0.401679627011405501E+04    0.230465970938959708E+04    0.349688350555702332E+01   -0.301821022346432988E+00    0.624973761866544075E+00    0.104999421106090085E+01    0.299952194616468226E+01    0.307719450416163909E+01   -0.158773001745685249E+02
    0.194228341955377253E-02    0.401676505627223969E+04    0.230411322903870041E+04    0.350212915221366661E+01   -0.300118280599050713E+00    0.624795414211013700E+00    0.104997870602421051E+01    0.299946710664576655E+01    0.829697105978188887E+01    0.282374836411491685E+02
    0.192893059665013547E-02    0.401673885336617741E+04    0.230473179455717127E+04    0.350303991973529971E+01   -0.300318991653500067E+00    0.627459628825381199E+00    0.104993758812980764E+01    0.299906076960793389E+01   -0.447050071568654630E+02    0.829031582985941640E+01
    0.191287251121006118E-02    0.401671557278516593E+04    0.230521688462803831E+04    0.350531770927628639E+01   -0.299838783519937035E+00    0.626963155906895775E+00    0.104995437374795375E+01    0.299992509354746772E+01   -0.271197407634376475E+01   -0.301673391640674637E+02
    0.187659408629778086E-02    0.401671386791970963E+04    0.230442941914940729E+04    0.346767796245552740E+01   -0.300654567553698626E+00    0.636063810227128767E+00    0.104999758118323649E+01    0.299995050340833513E+01   -0.427896173923301859E+01   -0.444430294352908959E+02
    0.185930510414755485E-02    0.401669237923887931E+04    0.230504194011582786E+04    0.348837741808765145E+01   -0.299962471062827696E+00    0.624061061641289605E+00    0.104993421455897362E+01    0.299958044541751345E+01   -0.437512795783574688E+02   -0.138556247015454943E+02
    0.183251521171553904E-02    0.401668140596324292E+04    0.230483276978810500E+04    0.348700192202382553E+01   -0.300082476575829371E+00    0.628116606188193538E+00    0.104995430492631447E+01    0.299889146577759114E+01    0.980198196870847482E+01   -0.455206895279061996E+01
    0.181862238329493137E-02    0.401665662631044597E+04    0.230454414176259252E+04    0.350394123147964631E+01   -0.300446258790729170E+00    0.626594622939633306E+00    0.104987371687089248E+01    0.299975816296281561E+01    0.149348644553831065E+02   -0.122775725748369027E+02
    0.182080997570221678E-02    0.401661422198751325E+04    0.230499325138489803E+04    0.348035230570534182E+01   -0.301644243170843318E+00    0.626696480674137968E+00    0.104999928740492621E+01    0.299961535741532748E+01    0.164400872243343343E+01   -0.592135075088911833E+00
    0.182548077240892305E-02    0.401656909809632180E+04    0.230460458809036209E+04    0.348495082867143324E+01   -0.300246415702584646E+00    0.623818974174580543E+00    0.104995460858609468E+01    0.299966453667489708E+01   -0.176310881327179985E+02    0.158150708556961916E+01
    0.179181143054005969E-02    0.401656633071383158E+04    0.230467172457628158E+04    0.346091351102260170E+01   -0.300084836180128212E+00    0.632789808011364974E+00    0.104998541962712144E+01    0.299933698588953712E+01   -0.159707739796936892E+02   -0.248621002812249543E+02
    0.175877445457750265E-02    0.401656355040713379E+04    0.230543280353529190E+04    0.346009130032504331E+01   -0.300665458356151660E+00    0.630385132325460784E+00    0.104999142260402678E+01    0.299992703459403476E+01    0.374538521469497567E+02   -0.231476462516190651E+01
    0.176059474632309218E-02    0.401652148152284872E+04    0.230488925522967202E+04    0.348274635147519707E+01   -0.300921739386219467E+00    0.627836498858694192E+00    0.104992633301919280E+01    0.299966021219708834E+01    0.177606990146356054E+02   -0.265355160745167922E+02
    0.174962885328961652E-02    0.401649397751166043E+04    0.230456304202840238E+04    0.349751105485216129E+01   -0.300121911759596016E+00    0.626511669261563764E+00    0.104985974023040218E+01    0.299963840142566962E+01    0.291741107066504810E+02   -0.127806922872384234E+02
    0.177241077588752858E-02    0.401642810359457053E+04    0.230531535577235536E+04    0.349387424970201277E+01   -0.300801961678661578E+00    0.627354204835261942E+00    0.104997695064433061E+01    0.299991941935892426E+01    0.292890940758764913E+02   -0.261126000190273544E+01
    0.177194533364679035E-02    0.401638862887163532E+04    0.230538831915404990E+04    0.346052269624682962E+01   -0.300564114808793803E+00    0.631002738304394906E+00    0.104999444867895919E+01    0.299951202935716665E+01   -0.285976983016837174E+02   -0.493822284720899845E+02
    0.175448541074724597E-02    0.401636843367353049E+04    0.230489041710367246E+04    0.350029468690489765E+01   -0.301346284347398630E+00    0.631287464216480410E+00    0.104999746987008891E+01    0.299950849089647553E+01   -0.482825972676071871E+02   -0.214308612459922543E+02
    0.172467006157498446E-02    0.401636271334780258E+04    0.230413332559256924E+04    0.349054629635501801E+01   -0.300968959994449892E+00    0.631758511142797019E+00    0.104999639010729551E+01    0.299988023767849343E+01   -0.481337021676344321E+02    0.256395156892893255E+02
    0.169152813561486209E-02    0.401636152018961729E+04    0.230463664960730148E+04    0.351719162158717324E+01   -0.300818488895347902E+00    0.621813011850612440E+00    0.104998397704156221E+01    0.299998799463352617E+01    0.151891537302244757E+02   -0.461328803342152725E+02
    0.172508490198882520E-02    0.401628223233924382E+04    0.230463111432181813E+04    0.347508206746362358E+01   -0.300682327432754415E+00    0.625898318237842699E+00    0.104996037105690565E+01    0.299985764814920142E+01   -0.675703510321560685E+01    0.403658294818593646E+02
    0.171124980469028009E-02    0.401625833690790114E+04    0.230515001816501808E+04    0.345421242272304596E+01   -0.300587197590002519E+00    0.634573249339333345E+00    0.104997393867198596E+01    0.299980060325584796E+01    0.471020737432040448E+01   -0.420918560706698699E+02
    0.168376413250321752E-02    0.401625072119052447E+04    0.230457008297757966E+04    0.351665233426536084E+01   -0.300290452934936836E+00    0.627745306841522632E+00    0.104999255291988147E+01    0.299959893884847295E+01    0.440332857544181735E+02    0.394994513037877795E+02
    0.166484405259404453E-02    0.401623332196099636E+04    0.230462621243988997E+04    0.348763770712787124E+01   -0.301336191726741254E+00    0.631430004291474223E+00    0.104994819828425756E+01    0.299995250777136091E+01    0.313704864141620305E+02   -0.669243725834753889E+01
    0.165175198661426980E-02    0.401620911180555640E+04    0.230499993507005229E+04    0.348102088381311292E+01   -0.300561302692131993E+00    0.629253233916857502E+00    0.104993360975069439E+01    0.299947118896125797E+01   -0.432308460572883320E+02   -0.115304123592904091E+02
    0.164742218440329532E-02    0.401617436136738252E+04    0.230472862934368914E+04    0.344698539289683392E+01   -0.299936855676091074E+00    0.632065523222187453E+00    0.104997938605431029E+01    0.299998836582502371E+01    0.399384150198857384E+02   -0.318143600783692406E+02
    0.162223496003759842E-02    0.401616517526802591E+04    0.230445846231919677E+04    0.350176662463355726E+01   -0.300715377822741214E+00    0.622994664507182438E+00    0.104999428219300306E+01    0.299947740549970554E+01   -0.211631103984777873E+02    0.383417189794055560E+02
    0.160473911541233962E-02    0.401614686247796499E+04    0.230494929212646230E+04    0.350267180842423587E+01   -0.300698532319466083E+00    0.630698561750349662E+00    0.104997167009474879E+01    0.299960809377638693E+01   -0.213806590621319685E+02   -0.447272658941756589E+02
    0.157757667941455697E-02    0.401614100502999918E+04    0.230498905428444414E+04    0.346541591436053453E+01   -0.300581286673555270E+00    0.633418680080060859E+00    0.104996829648110079E+01    0.299958801763268923E+01   -0.653695676305011375E+01    0.188049666908293744E+02
    0.155344577340172621E-02    0.401613183378855683E+04    0.230411052047499425E+04    0.349438080569546816E+01   -0.300980775908961440E+00    0.625607015562975377E+00    0.104998293767820061E+01    0.299992146040322227E+01   -0.345573186266646672E+02    0.973175437176890767E+01
    0.153675707904311031E-02    0.401611343606828223E+04    0.230508599700863988E+04    0.348155652867265530E+01   -0.300658265285795923E+00    0.630652374230559865E+00    0.104992976449706976E+01    0.299981127888202304E+01    0.614003506228441864E+01    0.916091160069095878E+01
    0.154608535552861284E-02    0.401606133255647046E+04    0.230439938884417097E+04    0.346195088799233552E+01   -0.300446671436745527E+00    0.632816510905285234E+00    0.104999638566116604E+01    0.299979982480119256E+01   -0.575559657259737634E+01    0.890824767469374024E+01
    0.293777494317742742E-02    0.401477734659778571E+04    0.230497781511360563E+04    0.349316730004083054E+01   -0.301011978093090216E+00    0.627073682252296871E+00    0.104995786980584538E+01    0.299996777616315846E+01    0.352769651285472179E+02   -0.370549249234982767E+02
    0.688825711152837514E-02    0.401307301535554825E+04    0.230465058657211648E+04    0.349374009428237287E+01   -0.299960169338095495E+00    0.624260284466802373E+00    0.104999860990909100E+01    0.299984620168766236E+01   -0.373407479107583100E+02   -0.293585251832350913E+02
    0.234512461765699204E-02    0.401522797445863262E+04    0.230486927778198788E+04    0.350835838848927040E+01   -0.300479415601931032E+00    0.624594721585226331E+00    0.104997982787484112E+01    0.299958742478658857E+01   -0.152440947484372202E+01    0.337241449020105648E+02
    0.183922983419193423E-02    0.401571395771207563E+04    0.230483245361570789E+04    0.349610343043808758E+01   -0.300830738549073495E+00    0.625333819377957179E+00    0.104994372549155290E+01    0.299957946534523590E+01   -0.202350675758679444E+01    0.301931239900967796E+01
    0.289270873469677338E-02    0.401480826486013120E+04    0.230475977487049840E+04    0.350940188821175436E+01   -0.299902194868048089E+00    0.625718064983048716E+00    0.104998167789732944E+01    0.299979013289825458E+01    0.412145458640162587E+02   -0.354399435465797836E+02
    0.274802928079684317E-02    0.401491088348409085E+04    0.230463769280950601E+04    0.349353968228171796E+01   -0.300062865323661832E+00    0.632124774935760803E+00    0.104992912551892048E+01    0.299980246600911826E+01    0.284032526123557290E+02   -0.246734019131311584E+02
    0.222340389123173001E-02    0.401533457293143601E+04    0.230414440058951232E+04    0.349126228085009860E+01   -0.300297633523143037E+00    0.623997402609290264E+00    0.104999932455499390E+01    0.299990258817011224E+01    0.297941721482262096E+02    0.497964699818591754E+02
    0.285787448840755381E-02    0.401483249521799962E+04    0.230444893743712237E+04    0.351157285129588370E+01   -0.300039206128835556E+00    0.627274338297343581E+00    0.104993738910456913E+01    0.299992409240359681E+01   -0.850811374788856511E+01   -0.139047333903869372E+02
    0.178863507259177136E-02    0.401576974594391913E+04    0.230487622335801143E+04    0.349604792954505594E+01   -0.301143303175223254E+00    0.626753265477205668E+00    0.104996022941176914E+01    0.299951137812947843E+01    0.488811269721074382E+02   -0.110384316891323522E+02
    0.732587104749646625E-02    0.401294982741898639E+04    0.230481065521735309E+04    0.350210891254599721E+01   -0.300031203205933239E+00    0.625464344204460287E+00    0.104995597403952057E+01    0.299984542113793529E+01    0.327484116080667178E+02    0.144127932899167774E+02
    0.638631367455576825E-02    0.401322433711895383E+04    0.230460920632578836E+04    0.349789329750561606E+01   -0.300323535935194952E+00    0.624995297415067430E+00    0.104995818533824870E+01    0.299985934555308864E+01   -0.468823358828790901E+02   -0.275789269417658893E+02
    0.244925021452574183E-02    0.401514108765765923E+04    0.230464269033897926E+04    0.349450999117904981E+01   -0.300425243180827306E+00    0.627231123137955593E+00    0.104992938331218766E+01    0.299957412146036884E+01    0.357631762612897575E+02    0.410061139622072091E+02
    0.212959497533027429E-02    0.401542078792489519E+04    0.230466900757245139E+04    0.349652104775992667E+01   -0.300414579846578378E+00    0.622823398327492672E+00    0.104992695186380747E+01    0.299994119023441153E+01    0.475224314434412918E+02    0.370766878555481014E+02
    0.357031080856646133E-02    0.401438734623687105E+04    0.230429097986949591E+04    0.351000148328374895E+01   -0.300361502123152546E+00    0.624393163781170601E+00    0.104996303752323406E+01    0.299996265447526422E+01   -0.707085007450460523E+01   -0.440015743946236384E+02
    0.203298560304561058E-02    0.401551364063733945E+04    0.230441098336942468E+04    0.348156550908729168E+01   -0.301076452861016308E+00    0.630491307610446139E+00    0.104999086927255059E+01    0.299980001205074576E+01    0.349740766710662285E+02    0.424165125735861892E+02
    0.250683172588300404E-02    0.401509461215288638E+04    0.230481463370368238E+04    0.348391440684694764E+01   -0.300989114735967622E+00    0.629621161587967770E+00    0.104999199198965543E+01    0.299948389445316543E+01    0.420099185936325767E+02   -0.305805833216055554E+02
    0.389372495176281688E-02    0.401421391900212348E+04    0.230471401683056183E+04    0.350344976151652165E+01   -0.300855730602461513E+00    0.625604069428612242E+00    0.104996052414878482E+01    0.299992881488007468E+01   -0.260738960536254645E+02    0.815313583494911853E+01
    0.171754737606902600E-02    0.401585085688521394E+04    0.230475141906870431E+04    0.348306685008594918E+01   -0.300046881456822345E+00    0.623447155005290465E+00    0.104994104020277979E+01    0.299989670463264169E+01   -0.369981696330797405E+02    0.307903235852541428E+02
    0.451342033791208262E-02    0.401391854103159449E+04    0.230485651813342793E+04    0.350415788986080345E+01   -0.300454895785212339E+00    0.628791080075382869E+00    0.104998652453084862E+01    0.299978866373759834E+01    0.927994070848303920E+01    0.698299858107230875E+01
    0.304157648769237243E-02    0.401470789961836317E+04    0.230489281951734756E+04    0.348208379479177310E+01   -0.300278094924299133E+00    0.625611802296622277E+00    0.104995663487869617E+01    0.299981382741438063E+01    0.228891767889859636E+02   -0.405478026801987710E+02
    0.437613946478061268E-02    0.401398031767333850E+04    0.230471668762443733E+04    0.349951089891568623E+01   -0.300291807814739520E+00    0.629516762603630209E+00    0.104995233296439650E+01    0.299960442772875169E+01   -0.237543470119611300E+01   -0.806962181705107895E+01
    0.243488296189414092E-02    0.401515285416242341E+04    0.230477977632661850E+04    0.349160305395179993E+01   -0.300896880750572915E+00    0.627986076216601408E+00    0.104992210561307209E+01    0.299992172603414264E+01   -0.238199237004851803E+02    0.327743324985264053E+02
    0.415351381911629580E-02    0.401408474218453512E+04    0.230465439378552492E+04    0.350060059956776204E+01   -0.300657618508443747E+00    0.630092361902968356E+00    0.104995696180543097E+01    0.299990517812991708E+01   -0.333199852524184337E+02   -0.425144080704074341E+02
    0.280089115539980957E-02    0.401487277627066169E+04    0.230518066269092833E+04    0.349212551097931190E+01   -0.300615395737780788E+00    0.628899546416595179E+00    0.104998164641422420E+01    0.299980122703756269E+01   -0.601438608631747940E+01   -0.201654359190696084E+02
    0.262033275339895603E-02    0.401500604891367584E+04    0.230465927871265194E+04    0.348638819199169969E+01   -0.300858209173293145E+00    0.626694907424978576E+00    0.104995755596812845E+01    0.299980755485944428E+01   -0.101609553707766551E+02    0.274940428851502361E+02
    0.233414863209810810E-02    0.401523735711709560E+04    0.230435604772523902E+04    0.351249586242849210E+01   -0.300297984865866729E+00    0.628606609099888525E+00    0.104997366300460704E+01    0.299990836829165586E+01   -0.229575139127342958E+02    0.276217896773100762E+02
    0.576739139535879623E-02    0.401342821178245140E+04    0.230470137735886874E+04    0.350404480056473577E+01   -0.300365766664697498E+00    0.628139044599055341E+00    0.104997186441640000E+01    0.299980912243133258E+01    0.440867290196786712E+02    0.394700010421734220E+02
    0.373230968673105923E-02    0.401429859702135809E+04    0.230479646062148549E+04    0.350532759686159912E+01   -0.300260383688483568E+00    0.627459832371233484E+00    0.104997110949660999E+01    0.299953476805429675E+01   -0.407072734812946351E+02   -0.317037459628669183E+01
    0.248882896472969999E-02    0.401510902693419348E+04    0.230507577875250263E+04    0.349388639322478367E+01   -0.300100996046641866E+00    0.629125775586670932E+00    0.104994719028259853E+01    0.299929365833036021E+01   -0.473915094293935368E+02   -0.261749940725783929E+02
    0.236132571240400780E-02    0.401521420513559451E+04    0.230505123427973103E+04    0.345901584207325818E+01   -0.300723677136359724E+00    0.629183919510962086E+00    0.104999404721687517E+01    0.299987783665202201E+01   -0.881635071885693122E+01    0.491096406317245879E+02
    0.193724195341181491E-02    0.401561012096724198E+04    0.230533750252254913E+04    0.344886423854215440E+01   -0.300187152503491039E+00    0.633435528779929813E+00    0.104997837921099468E+01    0.299993674118985387E+01   -0.109152792095126969E+02    0.467933940858171695E+02
    0.192562325972194057E-02    0.401562215217007861E+04    0.230463414215280773E+04    0.347112944530149381E+01   -0.300180886622590737E+00    0.629732224345395664E+00    0.104995921904116907E+01    0.299956198481128089E+01   -0.235159230804040824E+02    0.831886397707570779E+01
    0.217212871618396213E-02    0.401538123621949990E+04    0.230483004530388007E+04    0.346490166282958389E+01   -0.301165842944736029E+00    0.629677787953551560E+00    0.104998508499067933E+01    0.299993267056623436E+01    0.793960900024259786E+00    0.288455389741257733E+02
    0.397382470727444120E-02    0.401417319347679904E+04    0.230502213927289722E+04    0.345289553367898971E+01   -0.300289192299643848E+00    0.632601657244943993E+00    0.104998677201068036E+01    0.299993319743548392E+01   -0.253905960408928308E+02   -0.319043496540823668E+02
    0.162480865576229076E-02    0.401596187142622421E+04    0.230479108262510408E+04    0.348497997923546210E+01   -0.299990777067308367E+00    0.635098670744684846E+00    0.104995979770638614E+01    0.299983290992106433E+01   -0.489739788346783271E+02    0.126996615128470793E+02
    0.312874091246919273E-02    0.401465139022485073E+04    0.230468752987511652E+04    0.348163763941351823E+01   -0.300903486438701018E+00    0.630448492344424016E+00    0.104999539969726685E+01    0.299962448510541480E+01   -0.267375246137534859E+02   -0.487914907580748576E+02
    0.163050190594180044E-02    0.401595487577296626E+04    0.230488637865715828E+04    0.346397289365775496E+01   -0.300049654258603693E+00    0.631865361395394509E+00    0.104994803497161238E+01    0.299945332659493502E+01    0.171722311157567447E+02    0.214826002098095046E+02
    0.383419845398940686E-02    0.401424473073354557E+04    0.230479434693494841E+04    0.346970069375573065E+01   -0.300888558966504016E+00    0.631219627925504678E+00    0.104999958472380639E+01    0.299982966614817270E+01   -0.177704170660821745E+02    0.325656028142788898E+02
    0.183536237291046455E-02    0.401571816766245001E+04    0.230485545253462442E+04    0.346558213038500229E+01   -0.299994629617728714E+00    0.628305155161508200E+00    0.104994686831569939E+01    0.299965338445044694E+01   -0.256762886633759528E+02    0.174497049771363777E+01
    0.220013083428424218E-02    0.401535561788587074E+04    0.230460380364161847E+04    0.349525621675022702E+01   -0.301045163914539615E+00    0.632588737148113589E+00    0.104998126979368700E+01    0.299994080995189139E+01   -0.425216349647703851E+01   -0.210948376691313655E+01
    0.829798386442529359E-02    0.401270062638853096E+04    0.230443623031143079E+04    0.347866163764207581E+01   -0.300319561130139800E+00    0.631289533874573650E+00    0.104999912889779989E+01    0.299997187724889125E+01   -0.138349375065212854E+02    0.316641492068535086E+02
    0.232465469955024217E-02    0.401524550851994672E+04    0.230445297376955114E+04    0.348941196942660481E+01   -0.300856202795252770E+00    0.628053106558628338E+00    0.104996725039873762E+01    0.299971700746648207E+01   -0.393493073775367108E+02    0.399417970278896632E+02
    0.161241845009446865E-02    0.401597718115367297E+04    0.230477884108750186E+04    0.346417831865115700E+01   -0.301421577584555567E+00    0.630300543457841256E+00    0.104998033958607495E+01    0.299997128604812735E+01    0.164686148415691775E+02    0.348081848258044459E+02
    0.216016905580560881E-02    0.401539227857290098E+04    0.230476328504790399E+04    0.347861434751224330E+01   -0.300343298210709098E+00    0.627242101963414012E+00    0.104999073363421580E+01    0.299934174049720115E+01   -0.391503831408117406E+02    0.144710784065589309E+02
    0.155238636877656007E-02    0.401605306486385643E+04    0.230535171762019218E+04    0.347400712738375095E+01   -0.300094572166782037E+00    0.631349696038772112E+00    0.104995188648452453E+01    0.299985272617736021E+01    0.360251776599341866E+02    0.493496782540188548E+02
    0.191715659510739993E-02    0.401563096524668936E+04    0.230475532536422998E+04    0.348595319129603443E+01   -0.300371457419997712E+00    0.629212072180459048E+00    0.104995928165338581E+01    0.299927415240622519E+01   -0.231006574792115380E+02   -0.167345443845040052E+02
    0.568761889017379684E-02    0.401345606816767031E+04    0.230461658485494718E+04    0.348316392419404508E+01   -0.300795301754472111E+00    0.630584786963112931E+00    0.104999998586587573E+01    0.299983514750371771E+01    0.111924822725735140E+02   -0.387055833986935482E+02
    0.236413376312029659E-02    0.401521182818066654E+04    0.230439792074590514E+04    0.348438106710736406E+01   -0.300439060165920868E+00    0.629041735976098582E+00    0.104997858741463879E+01    0.299961024997741399E+01   -0.119289672307415628E+02   -0.279573016124321185E+02
    0.226952837340936749E-02    0.401529350745354259E+04    0.230529709770615818E+04    0.345948351364897988E+01   -0.300195156511806116E+00    0.630788281479913171E+00    0.104996795110794294E+01    0.299995904579564865E+01    0.421280931132156269E+02   -0.353537244282589711E+02
    0.166507954955260771E-02    0.401591290574372078E+04    0.230472226313034571E+04    0.347519340353508621E+01   -0.301006691783052616E+00    0.627507523117798671E+00    0.104999577174970793E+01    0.299960017939433676E+01   -0.394837475303835106E+01    0.394835263205146560E+02
