    0.108404719829559326E+04    0.435186702013015747E+01    0.435899019241332564E-01    0.469078826904296808E+00    0.102734506368637080E+01    0.764621675014495850E+00    0.289488255977630615E+02   -0.242032587528228760E+02   -0.117772083532034373E+07   -0.391195633965034517E+01    1
    0.834681451320648193E+03    0.286710339784622192E+01    0.177009201049804665E+00    0.445490598678588867E+00    0.101081327915191643E+01    0.165422576665878296E+01    0.388001203536987305E+02    0.205430805683135986E+02   -0.117730745399590256E+07   -0.393195633965034208E+01    1
    0.889627242088317871E+03    0.388002908229827881E+01   -0.457128167152404785E+00    0.622023987770080611E+00    0.104323456287384042E+01    0.183252173662185669E+01    0.355451583862304688E+02   -0.368118762969970703E+02   -0.117354518691317318E+07   -0.395195633965034165E+01    1
    0.116566631793975830E+04    0.370917826890945435E+01    0.248702645301818848E+00    0.408455371856689453E+00    0.101665443420410151E+01    0.949993014335632324E+00   -0.258411467075347900E+02   -0.117905139923095703E+02   -0.117123225773810525E+07   -0.397195633965034300E+01    1
    0.881844532489776611E+03    0.325386166572570801E+01   -0.342036795616149913E+00    0.333241534233093217E+00    0.102960108757019042E+01    0.293246346712112427E+01   -0.128812432289123535E+02    0.367543756961822510E+02   -0.116919877967477450E+07   -0.399195633965034391E+01    1
    0.134377551078796387E+04    0.304031956195831299E+01   -0.554228639602661111E+00    0.462348222732543945E+00    0.102080878496170047E+01    0.745843380689620972E+00   -0.318042933940887451E+02    0.103846967220306396E+02   -0.116893392723724945E+07   -0.401195633965034215E+01    1
    0.108627877235412598E+04    0.405897623300552368E+01   -0.509316658973693825E+00    0.301134586334228516E+00    0.104256396770477289E+01    0.140261504054069519E+01    0.407209396362304688E+01    0.209237277507781982E+02   -0.116612687714805547E+07   -0.403195633965034173E+01    1
    0.108739036321640015E+04    0.496874362230300903E+01    0.105331850051879838E+00    0.679157948493957497E+00    0.104865479469299316E+01    0.197899866104125977E+01   -0.146614372730255127E+02   -0.335066080093383789E+02   -0.116346037772345077E+07   -0.405195633965034396E+01    1
    0.151192824840545654E+04    0.365900379419326782E+01    0.888834714889525923E-01    0.462296271324157682E+00    0.103464037418365473E+01    0.126727658510208130E+01    0.317095994949340820E+02   -0.403855562210083008E+02   -0.115980671054387372E+07   -0.407195633965034443E+01    1
    0.131024328470230103E+04    0.307812833786010742E+01    0.985605239868163618E-01    0.375286531448364213E+00    0.104888093948364269E+01    0.185825157165527344E+01   -0.177283883094787598E+01    0.308995366096496582E+02   -0.115895424486846989E+07   -0.409195633965034400E+01    1
    0.134871348142623901E+04    0.279846495389938354E+01    0.571971917152404807E+00    0.615746331214904741E+00    0.103461137056350716E+01    0.141146543622016907E+01   -0.279921054840087891E+02   -0.118913888931274414E+02   -0.115480785370467533E+07   -0.411195633965034357E+01    1
    0.184735436439514160E+04    0.365940290689468384E+01    0.271664643287658714E+00    0.315971660614013661E+00    0.101412832498550420E+01    0.543309479951858521E+00    0.288859724998474121E+02    0.763742923736572266E+01   -0.115030221658979822E+07   -0.413195633965034226E+01    1
    0.207453838586807251E+04    0.293325221538543701E+01   -0.245983958244323730E+00    0.636529684066772461E+00    0.101498317003250116E+01    0.534944564104080200E+00    0.279260754585266113E+02    0.174300491809844971E+02   -0.114144503676937963E+07   -0.415195633965034450E+01    1
    0.151388064622879028E+04    0.361138564348220825E+01    0.572266101837158092E+00    0.649202609062194735E+00    0.103228050708770747E+01    0.159093129634857178E+01    0.168678760528564453E+01    0.209862589836120605E+01   -0.113797523842029157E+07   -0.417195633965034762E+01    1
    0.121243286132812500E+04    0.325266897678375244E+01   -0.557571101188659601E+00    0.435197401046752919E+00    0.104106605529785168E+01    0.205229270458221436E+01    0.452912390232086182E+02   -0.387162744998931885E+02   -0.113362121089402004E+07   -0.419195633965034720E+01    1
    0.171693238019943237E+04    0.315211778879165649E+01    0.295704460144042947E+00    0.596893763542175271E+00    0.101519963502883903E+01    0.864439636468887329E+00   -0.268896818161010742E+02    0.296766519546508789E+02   -0.112721097640599264E+07   -0.421195633965034677E+01    1
    0.121832808256149292E+04    0.445193004608154297E+01   -0.264461946487426769E+00    0.453511381149291959E+00    0.102700752019882202E+01    0.215545091032981873E+01   -0.205663025379180908E+02   -0.293808221817016602E+02   -0.112674260440565832E+07   -0.423195633965034279E+01    1
    0.121744308471679688E+04    0.384413039684295654E+01    0.515545892715454035E+00    0.330410718917846680E+00    0.103032180070877089E+01    0.200223791599273682E+01   -0.357165455818176270E+02   -0.766081213951110840E+01   -0.112639967809813539E+07   -0.425195633965034059E+01    1
    0.178712573051452637E+04    0.374524039030075073E+01   -0.780883312225342241E-01    0.556241226196289018E+00    0.101034557104110712E+01    0.160659539699554443E+01    0.466849803924560547E+02   -0.468648195266723633E+02   -0.112549335392848728E+07   -0.427195633965034727E+01    1
    0.151550010442733765E+04    0.341024285554885864E+01    0.640291929244994895E-01    0.647973227500915461E+00    0.101293436050415031E+01    0.289333301782608032E+01    0.364194214344024658E+02   -0.131843030452728271E+02   -0.111532856771477568E+07   -0.429195633965034329E+01    1
    0.145629113912582397E+04    0.521589237451553345E+01    0.230425214767456032E+00    0.645714044570922852E+00    0.104710145235061658E+01    0.140163692831993103E+01   -0.372745275497436523E+02    0.756230354309082031E+01   -0.110957146484337118E+07   -0.431195633965034109E+01    1
    0.129309538602828979E+04    0.502111947536468506E+01   -0.515118098258972146E+00    0.600640344619751021E+00    0.102557017326354982E+01    0.191215533018112183E+01   -0.248214244842529297E+02   -0.480653285980224609E+02   -0.110754107664523763E+07   -0.433195633965034244E+01    1
    0.186485592126846313E+04    0.449786001443862915E+01   -0.203074264526367176E+00    0.651987338066100985E+00    0.103751072645187392E+01    0.102107930183410645E+01   -0.370984137058258057E+02   -0.329240918159484863E+02   -0.110437092458641087E+07   -0.435195633965034201E+01    1
    0.159192712306976318E+04    0.350102525949478149E+01    0.154550027847289995E+00    0.459714007377624467E+00    0.104456205129623414E+01    0.177386972308158875E+01   -0.944979190826416016E+01   -0.925222635269165039E+01   -0.109756309466731525E+07   -0.437195633965034336E+01    1
    0.211406536102294922E+04    0.467025023698806763E+01   -0.585246992111206010E+00    0.396290016174316362E+00    0.103976139068603524E+01    0.686608582735061646E+00    0.392426848411560059E+01   -0.304371714591979980E+02   -0.109318192951043509E+07   -0.439195633965034649E+01    1
    0.228494350910186768E+04    0.450135958194732666E+01    0.245634698867797874E+00    0.349321651458740223E+00    0.103906435012817377E+01    0.640195935964584351E+00   -0.687106847763061523E+01   -0.197645187377929688E+02   -0.108942731177385687E+07   -0.441195633965034784E+01    1
    0.234244227409362793E+04    0.426722830533981323E+01   -0.732964038848876731E-01    0.345391535758972135E+00    0.102350937128067021E+01    0.119979295134544373E+01   -0.390541732311248779E+02   -0.135309755802154541E+02   -0.108218511643936578E+07   -0.443195633965034474E+01    1
    0.150009886026382446E+04    0.383260387182235718E+01   -0.480329704284667924E+00    0.664186859130859286E+00    0.102220097064971926E+01    0.182940843701362610E+01   -0.164594650268554688E+01    0.245313823223114014E+02   -0.107598922982721776E+07   -0.445195633965034343E+01    1
    0.144593434333801270E+04    0.406292301416397095E+01   -0.269600701332092296E+00    0.655307459831237726E+00    0.104926162004470824E+01    0.201994600892066956E+01   -0.306363105773925781E+02    0.253680884838104248E+02   -0.106959824168707384E+07   -0.447195633965034745E+01    1
    0.221178097724914551E+04    0.279742103815078735E+01   -0.757731914520263228E-01    0.409170246124267556E+00    0.103926388978958140E+01    0.149562510848045349E+01   -0.848149657249450684E+01    0.197904944419860840E+02   -0.105972435819669231E+07   -0.449195633965034435E+01    1
    0.261629199981689453E+04    0.334578526020050049E+01    0.225587368011474609E+00    0.415073108673095659E+00    0.104935605049133307E+01    0.620275467634201050E+00   -0.142705380916595459E+02   -0.213791787624359131E+02   -0.105575465636170027E+07   -0.451195633965034482E+01    1
    0.260821555852890015E+04    0.337807422876358032E+01   -0.294837713241576926E-01    0.415802550315856889E+00    0.103089666843414318E+01    0.191975849866867065E+01   -0.159304976463317871E+02    0.439878880977630615E+02   -0.103614883273502800E+07   -0.453195633965034705E+01    1
    0.127437444925308228E+04    0.513680869340896606E+01    0.285209512710571267E+00    0.464563679695129350E+00    0.103794919729232782E+01    0.250483068823814392E+01   -0.245714545249938965E+02    0.403253078460693359E+02   -0.103521839612595469E+07   -0.455195633965034396E+01    1
    0.144538149833679199E+04    0.434646987915039062E+01    0.390634918212890647E+00    0.627663993835449130E+00    0.101883402109146126E+01    0.229517999291419983E+01   -0.231392502784729004E+02   -0.443106710910797119E+02   -0.103476257678916678E+07   -0.457195633965034354E+01    1
    0.259924048185348511E+04    0.259927517175674438E+01   -0.514663481712341331E+00    0.636371421813964777E+00    0.102466666698455811E+01    0.647479921579360962E+00    0.939206480979919434E+01    0.163675308227539062E+02   -0.102166731379888265E+07   -0.459195633965034666E+01    1
    0.251872783899307251E+04    0.514048242568969727E+01   -0.412180423736572266E-01    0.503679037094116211E+00    0.104378259897232062E+01    0.176026585698127747E+01   -0.248912990093231201E+02    0.985097885131835938E+01   -0.101813032479738200E+07   -0.461195633965034801E+01    1
    0.207241315841674805E+04    0.468906700611114502E+01   -0.509537887573242143E+00    0.644764780998229980E+00    0.104572344541549689E+01    0.101382839679718018E+01    0.481632769107818604E+02    0.512502193450927734E+01   -0.100992791145063285E+07   -0.463195633965034759E+01    1
    0.157816985845565796E+04    0.274075597524642944E+01    0.548496079444885321E+00    0.612369370460510209E+00    0.103033115863800062E+01    0.244239616394042969E+01    0.237615525722503662E+02   -0.933413505554199219E+01   -0.100231720782409329E+07   -0.465195633965034716E+01    1
    0.142390158176422119E+04    0.262591379880905151E+01   -0.342976140975952137E+00    0.374110913276672341E+00    0.104398767948150639E+01    0.278319719433784485E+01    0.381433725357055664E+02    0.140574574470520020E+01   -0.992944940652493387E+06   -0.467195633965034407E+01    1
    0.137329751253128052E+04    0.548652833700180054E+01    0.403489351272582897E+00    0.507523989677429177E+00    0.104806398391723632E+01    0.223338159918785095E+01   -0.152614176273345947E+02   -0.279499709606170654E+02   -0.988905543787393137E+06   -0.469195633965034364E+01    1
    0.269906768798828125E+04    0.474671000242233276E+01    0.107471179962158159E+00    0.399324941635131825E+00    0.104549193143844610E+01    0.107409510016441345E+01    0.155787706375122070E+02   -0.206711590290069580E+02   -0.981204342086285003E+06   -0.471195633965034677E+01    1
    0.263566216230392456E+04    0.318131613731384277E+01    0.221349763870239302E+00    0.386365318298339810E+00    0.103755696773529049E+01    0.852690815925598145E+00    0.426140666007995605E+02    0.462470173835754395E+02   -0.951939733918422600E+06   -0.473195633965034634E+01    1
    0.228311306238174438E+04    0.517345625162124634E+01   -0.444244050979614280E+00    0.541981291770935014E+00    0.104700491189956679E+01    0.964136004447937012E+00   -0.455713272094726562E+02    0.391624569892883301E+01   -0.944083707224288839E+06   -0.475195633965034325E+01    1
    0.187185604572296143E+04    0.251168137788772583E+01   -0.482415676116943359E+00    0.320413494110107389E+00    0.104673305511474624E+01    0.162249165773391724E+01    0.208728551864624023E+02   -0.226067841053009033E+02   -0.923626605074017425E+06   -0.477195633965034460E+01    1
    0.152126904726028442E+04    0.303033745288848877E+01    0.407291364669799871E+00    0.410740303993225087E+00    0.102107873678207395E+01    0.267548757791519165E+01    0.385866522789001465E+02   -0.349377393722534180E+01   -0.921759356783204246E+06   -0.479195633965034506E+01    1
    0.184204909801483154E+04    0.360917013883590698E+01    0.511666274070739724E+00    0.410440587997436490E+00    0.103356538295745848E+01    0.160441654920578003E+01    0.473914444446563721E+02   -0.316912114620208740E+02   -0.917887508906844538E+06   -0.481195633965034641E+01    1
    0.298364635705947876E+04    0.541974562406539917E+01    0.255837392807006792E+00    0.634835982322692782E+00    0.102485220193862925E+01    0.693388462066650391E+00   -0.499271571636199951E+02   -0.314528167247772217E+02   -0.896571987825631048E+06   -0.483195633965034776E+01    1
    0.181988323926925659E+04    0.263074427843093872E+01   -0.179455661773681607E+00    0.542233610153198153E+00    0.102793826341629035E+01    0.240844774246215820E+01   -0.227992296218872070E+02    0.236236810684204102E+02   -0.893672953488319414E+06   -0.485195633965034734E+01    1
    0.184261715412139893E+04    0.398270028829574585E+01    0.410597419738769509E+00    0.597899293899536111E+00    0.102918951511383061E+01    0.192161011695861816E+01   -0.327458918094635010E+02   -0.425589323043823242E+02   -0.854121574846282601E+06   -0.487195633965034602E+01    1
    0.166209700107574463E+04    0.285739916563034058E+01    0.507076048851013206E+00    0.491456866264343262E+00    0.103578245639801025E+01    0.237684789299964905E+01    0.324557423591613770E+02    0.102201163768768311E+02   -0.851023348739030655E+06   -0.489195633965034382E+01    1
    0.191157788038253784E+04    0.393172580003738403E+01   -0.300420141220092751E+00    0.644194269180297763E+00    0.104910059928894039E+01    0.174206438660621643E+01    0.349248170852661133E+02   -0.715857744216918945E+00   -0.847319926191527862E+06   -0.491195633965034428E+01    1
    0.182560890913009644E+04    0.307849544286727905E+01    0.493452501296997137E+00    0.310452270507812489E+00    0.102272884130477903E+01    0.199241581559181213E+01    0.228315889835357666E+02    0.109407007694244385E+02   -0.815006212847098475E+06   -0.493195633965034563E+01    1
    0.186733690500259399E+04    0.321990007162094116E+01    0.249021863937377907E+00    0.420911097526550260E+00    0.103696908950805677E+01    0.209198746085166931E+01   -0.485413730144500732E+02   -0.221106946468353271E+02   -0.811737379811090766E+06   -0.495195633965034610E+01    1
    0.253887468576431274E+04    0.481995183229446411E+01    0.246562814712524392E+00    0.440679979324340776E+00    0.103047089099884026E+01    0.110279235243797302E+01    0.282549798488616943E+02    0.127193093299865723E+02   -0.806721635031688609E+06   -0.497195633965034567E+01    1
    0.191062862873077393E+04    0.407713156938552856E+01    0.198198008537292525E+00    0.589281821250915439E+00    0.103281999349594122E+01    0.225685867667198181E+01    0.390556454658508301E+02   -0.630034804344177246E+01   -0.789975445605261484E+06   -0.499195633965034435E+01    1
    0.287980604171752930E+04    0.254644691944122314E+01   -0.271089076995849609E-01    0.392903470993041959E+00    0.102716879844665532E+01    0.290744993090629578E+01    0.474690139293670654E+02   -0.523009300231933594E+01   -0.776440673502122634E+06   -0.501195633965034304E+01    1
    0.170165833234786987E+04    0.522247791290283203E+01    0.321792626380920432E+00    0.420072650909423806E+00    0.102661863803863529E+01    0.227991390228271484E+01   -0.242475092411041260E+02    0.194341003894805908E+02   -0.764533853790018475E+06   -0.503195633965034617E+01    1
    0.180016361474990845E+04    0.436173826456069946E+01   -0.319143033027648904E+00    0.411145663261413552E+00    0.103256129264831542E+01    0.240155431628227234E+01    0.414895772933959961E+02    0.503801703453063965E+01   -0.718567816224181908E+06   -0.505195633965034840E+01    1
    0.254873856306076050E+04    0.357876890897750854E+01    0.126387691497802712E+00    0.428423476219177202E+00    0.103868893623352054E+01    0.181315827369689941E+01    0.180217921733856201E+02    0.391297578811645508E+02   -0.694921082814134890E+06   -0.507195633965034709E+01    1
    0.218466626405715942E+04    0.481011062860488892E+01    0.251469969749450684E+00    0.674676251411437944E+00    0.101285489797592154E+01    0.167401331663131714E+01    0.767469406127929688E+01   -0.344015717506408691E+02   -0.690578961371269077E+06   -0.509195633965034755E+01    1
    0.183573544025421143E+04    0.352442359924316406E+01   -0.550746989250183061E+00    0.648524260520935036E+00    0.102181916713714593E+01    0.250865179300308228E+01   -0.566115975379943848E+01    0.183544754981994629E+01   -0.687924043357168324E+06   -0.511195633965034979E+01    1
    0.205967477560043335E+04    0.440503501892089844E+01   -0.338935518264770475E+00    0.689195394515991211E+00    0.101751600027084343E+01    0.189182075858116150E+01    0.469833254814147949E+02    0.144811868667602539E+01   -0.676922702183912275E+06   -0.513195633965034936E+01    1
    0.190412102937698364E+04    0.304327446222305298E+01   -0.577009105682373069E+00    0.514099860191345126E+00    0.102041346073150629E+01    0.238111588358879089E+01    0.499159634113311768E+02   -0.460299789905548096E+02   -0.658392806272685411E+06   -0.515195633965034716E+01    1
    0.279463709592819214E+04    0.378798192739486694E+01    0.583153223991394021E+00    0.654250097274780229E+00    0.102054682731628410E+01    0.178602325916290283E+01    0.360491573810577393E+02   -0.419557273387908936E+02   -0.646394977306621149E+06   -0.517195633965034318E+01    1
    0.294669556617736816E+04    0.463226139545440674E+01    0.523997068405151256E+00    0.657386970520019487E+00    0.101297026395797740E+01    0.143392044305801392E+01    0.470957636833190918E+02   -0.429192960262298584E+02   -0.616178968322805013E+06   -0.519195633965034276E+01    1
    0.183690092563629150E+04    0.437470728158950806E+01    0.281271457672119141E+00    0.435879898071289018E+00    0.101642383813858039E+01    0.256956073641777039E+01    0.211265444755554199E+02   -0.370706319808959961E+01   -0.603358829443883267E+06   -0.521195633965034766E+01    1
    0.190864266157150269E+04    0.302636456489562988E+01    0.198493051528930708E+00    0.650950074195861816E+00    0.101485777854919434E+01    0.295016917586326599E+01    0.195441246032714844E+01   -0.237569391727447510E+02   -0.600803363346528728E+06   -0.523195633965034546E+01    1
    0.242999870777130127E+04    0.470736163854598999E+01    0.340373468399047807E+00    0.697860574722290017E+00    0.101963721513748173E+01    0.152489218115806580E+01    0.358013093471527100E+02    0.356526553630828857E+02   -0.577020598851217306E+06   -0.525195633965034858E+01    1
    0.290608899593353271E+04    0.279582798480987549E+01    0.404062986373900923E-01    0.394865846633911111E+00    0.102011535882949822E+01    0.281901183724403381E+01    0.360307753086090088E+02    0.264438986778259277E+02   -0.576540123363474500E+06   -0.527195633965034727E+01    1
    0.269455979014154855E+04    0.308107974300723786E+01   -0.383248047981628259E+00    0.456879696266204838E+00    0.103536833757336555E+01    0.126128820844283340E+01   -0.398582536591695202E+02   -0.112074547066101857E+02   -0.571039367539756116E+06   -0.529195633965034684E+01    1
    0.202183550372251329E+04    0.423708816772842489E+01    0.386210958168597296E+00    0.430484004888374128E+00    0.103098975370438772E+01    0.210142345847484791E+01    0.161936514275444239E+02    0.604484371056535963E+00   -0.560534049414777895E+06   -0.531195633965034553E+01    1
    0.223950806856155396E+04    0.262094455957412720E+01   -0.252620816230773926E+00    0.586231136322021396E+00    0.101121932268142700E+01    0.201625394821166992E+01   -0.339483737945556641E+02   -0.443367362022399902E+02   -0.549816812088624458E+06   -0.533195633965034510E+01    1
    0.214459339380264282E+04    0.324378603696823120E+01   -0.539590430259704545E+00    0.579452633857727051E+00    0.104014484405517571E+01    0.199536937475204468E+01    0.337597489356994629E+02   -0.133016586303710938E+02   -0.549717988878345583E+06   -0.535195633965034645E+01    1
    0.183379943370819092E+04    0.313703054189682007E+01   -0.587752461433410645E+00    0.430194282531738248E+00    0.101177817583084106E+01    0.294679972529411316E+01    0.144460976123809814E+02    0.486826419830322266E+02   -0.548935242304925690E+06   -0.537195633965034780E+01    1
    0.216096801757812500E+04    0.294085001945495605E+01    0.237967085838317827E+00    0.582814216613769531E+00    0.103324223756790157E+01    0.213817077875137329E+01    0.383204579353332520E+02   -0.144717335700988770E+02   -0.541872184634006233E+06   -0.539195633965034649E+01    1
    0.197452523708343506E+04    0.307104265689849854E+01    0.575351285934448176E+00    0.531354761123657204E+00    0.104653977632522577E+01    0.232112351059913635E+01    0.216166913509368896E+02    0.255760312080383301E+02   -0.528802633926550508E+06   -0.541195633965034428E+01    1
    0.211538567036356471E+04    0.392984749976805325E+01   -0.322965217800144033E+00    0.393232281043896348E+00    0.103028727667913578E+01    0.210105576668692962E+01   -0.163372613150615464E+02    0.213962429363089797E+02   -0.513840307598960469E+06   -0.543195633965034563E+01    1
    0.234336638518568998E+04    0.509173817113356897E+01    0.216918911629269240E+00    0.457808120899110549E+00    0.101846737047090774E+01    0.190584086248092821E+01   -0.969356408459481145E+01    0.152705419528477222E+02   -0.502632858086160908E+06   -0.545195633965034521E+01    1
    0.293128592967987061E+04    0.380163955688476562E+01    0.293244338035583474E+00    0.507129621505737260E+00    0.104372374773025522E+01    0.110682520270347595E+01   -0.174576401710510254E+02   -0.249290764331817627E+02   -0.501011716673224291E+06   -0.547195633965034389E+01    1
    0.287830302715301514E+04    0.431679427623748779E+01   -0.392922592163085893E+00    0.557645177841186501E+00    0.102743206977844248E+01    0.120986837148666382E+01   -0.767915248870849609E+01   -0.235665440559387207E+01   -0.484182434364517685E+06   -0.549195633965034791E+01    1
    0.246535784006118774E+04    0.527614480257034302E+01    0.430379319190978937E+00    0.473986697196960405E+00    0.103520149469375622E+01    0.150057899951934814E+01   -0.309177041053771973E+01   -0.900658369064331055E+01   -0.480526747445317043E+06   -0.551195633965034570E+01    1
    0.295492175817489624E+04    0.292629331350326538E+01   -0.432359147071838368E+00    0.511801958084106445E+00    0.102926687717437737E+01    0.120537626743316650E+01    0.414386987686157227E+01   -0.392805337905883789E+02   -0.448801797165586497E+06   -0.553195633965034705E+01    1
    0.263494981849900933E+04    0.291671509838593090E+01   -0.303543889092026897E+00    0.462269879474622558E+00    0.103532020300144834E+01    0.298734667933694320E+01   -0.176450287417776153E+02    0.299309416129364365E+02   -0.437146779642696958E+06   -0.555195633965034929E+01    1
    0.188390402793884277E+04    0.340243083238601685E+01    0.480772233009338357E+00    0.358428430557250932E+00    0.101566058635711665E+01    0.285198467969894409E+01   -0.944634079933166504E+01    0.350570559501647949E+02   -0.425351657132659690E+06   -0.557195633965034887E+01    1
    0.213522794246673584E+04    0.476983404159545898E+01    0.449079680442809992E+00    0.698456430435180575E+00    0.102565767765045157E+01    0.295464488863945007E+01   -0.339243352413177490E+02   -0.196319639682769775E+02   -0.417319899656717549E+06   -0.559195633965034755E+01    1
    0.254163231007847844E+04    0.391019051713832555E+01   -0.263550607827984562E+00    0.511902553795363868E+00    0.103566409075085542E+01    0.169980142937872691E+01   -0.342998853424660766E+02    0.445049715540753397E+02   -0.416642346062567027E+06   -0.561195633965034801E+01    1
    0.243281782397325787E+04    0.326113793218314418E+01    0.231316981235169417E+00    0.484561937948075561E+00    0.103088255158941622E+01    0.194487923856383649E+01   -0.758029372447310834E+00    0.335132473710304453E+02   -0.406848906826220569E+06   -0.563195633965034670E+01    1
    0.212250170434570055E+04    0.449359311153610186E+01    0.569297741070178831E+00    0.499707440021196381E+00    0.103460324789780334E+01    0.216600956990182381E+01    0.487166033764574564E+02    0.360512688061035647E+00   -0.406141371625429892E+06   -0.565195633965034716E+01    1
    0.263634283488621531E+04    0.349696188743493597E+01    0.138683089338623056E+00    0.591572466235539718E+00    0.104684607488599091E+01    0.218563100125280707E+01    0.426321065554653842E+02    0.139067321197746878E+02   -0.383400574052956013E+06   -0.567195633965034851E+01    1
    0.192937788963317871E+04    0.515357893705368042E+01    0.570111680030822687E+00    0.586585521697998047E+00    0.103932245254516609E+01    0.299472647905349731E+01    0.342689096927642822E+02   -0.384168326854705811E+02   -0.354105676077940501E+06   -0.569195633965034720E+01    1
    0.211907846927642822E+04    0.478108662366867065E+01    0.463927102088928289E+00    0.368150377273559537E+00    0.101206346035003669E+01    0.227358463406562805E+01    0.497915089130401611E+02   -0.221176385879516602E+02   -0.352499203017602907E+06   -0.571195633965034943E+01    1
    0.219097326255292501E+04    0.522671536148698124E+01   -0.351786767982110060E+00    0.378665554165306451E+00    0.103360911719923676E+01    0.216764297952509422E+01    0.115961413759582328E+02    0.168244373171434205E+02   -0.349064021637268888E+06   -0.573195633965034812E+01    1
    0.239341657274480531E+04    0.508253332261244495E+01    0.152488992910969179E+00    0.639608440274962220E+00    0.103099162507681341E+01    0.252027669363613960E+01   -0.243748292749226891E+01   -0.135859508556281128E+01   -0.333856826143454120E+06   -0.575195633965034769E+01    1
    0.282796047128920327E+04    0.387602716081762910E+01   -0.445202465859910190E+00    0.399352081738124531E+00    0.103504914268006987E+01    0.254497882022359700E+01   -0.623929378978325389E+01   -0.285189237676563536E+02   -0.316056933883771009E+06   -0.577195633965034816E+01    1
    0.273071999662487178E+04    0.485998228268414412E+01   -0.346001006592827731E+00    0.339504642983561034E+00    0.103260450758652089E+01    0.151240076903781451E+01    0.221488968039195555E+02    0.408611941586113687E+02   -0.315975059969256166E+06   -0.579195633965034773E+01    1
    0.221782322602227305E+04    0.508186826511741518E+01   -0.445293944595474056E+00    0.506325403073957236E+00    0.102332619824563475E+01    0.222504965209368732E+01    0.453482567304283464E+02   -0.125255101104685309E+02   -0.312802660679018125E+06   -0.581195633965034908E+01    1
    0.261118286146730907E+04    0.342516188681597411E+01    0.211406652433797304E+00    0.457248851746470342E+00    0.101495576639860752E+01    0.197805257786113042E+01    0.307150641784718914E+02    0.352726278290091528E+02   -0.290231911530275946E+06   -0.583195633965034954E+01    1
    0.286127144766417450E+04    0.344171286898042350E+01   -0.591190245153184746E+00    0.356828429047516660E+00    0.102788282479501092E+01    0.148055588665230231E+01   -0.242060218121764805E+02    0.280935529397515609E+02   -0.289504448579306307E+06   -0.585195633965034823E+01    1
    0.254600980001780817E+04    0.460223319845861667E+01    0.303587654004289109E+00    0.341346222161914459E+00    0.102290498702545429E+01    0.173394824288375227E+01    0.319664663660201143E+02    0.347876773857269939E+02   -0.286491782524498238E+06   -0.587195633965034691E+01    1
    0.232264856100082397E+04    0.368685156106948853E+01   -0.222552967071533214E+00    0.419575595855712857E+00    0.103265999794006347E+01    0.252191501855850220E+01    0.430320501327514648E+01   -0.396771371364593506E+02   -0.258313324282377318E+06   -0.589195633965034649E+01    1
    0.268881212472915649E+04    0.328712338209152222E+01    0.271094155311584428E+00    0.692103672027587824E+00    0.104333643198013304E+01    0.172585430741310120E+01    0.342773437500000000E+02    0.505448579788208008E+01   -0.242475462516878586E+06   -0.591195633965034695E+01    1
    0.260123523473739624E+04    0.365826135873794556E+01    0.130001878738403298E+00    0.494803905487060547E+00    0.104312467575073242E+01    0.262792649865150452E+01    0.919747352600097656E+00   -0.239137291908264160E+02   -0.242041396948046400E+06   -0.593195633965034741E+01    1
    0.224246852586095702E+04    0.458681862793570261E+01   -0.598520876794675805E+00    0.339053297937983555E+00    0.103003998602682012E+01    0.236439651803658180E+01   -0.530363090474166654E+01    0.251213986901180846E+02   -0.240398241934016871E+06   -0.595195633965034698E+01    1
    0.293673748095890960E+04    0.412952753399296135E+01   -0.484777434148500608E+00    0.464668008803356680E+00    0.102304417366353806E+01    0.232676097551656991E+01   -0.122049291204787664E+02    0.499100201513519153E+02   -0.232058888501470676E+06   -0.597195633965034833E+01    1
    0.249142782623081393E+04    0.425648995280432274E+01   -0.177816937925405483E+00    0.612986046503806836E+00    0.103030611817624695E+01    0.253243111027747858E+01    0.390462204236907127E+02    0.407389729053582670E+02   -0.218783345168212516E+06   -0.599195633965034702E+01    1
    0.275350232811471051E+04    0.292217953214235093E+01    0.525990741533640338E+00    0.459891087536459742E+00    0.104391868592343573E+01    0.156941931650896604E+01   -0.860135653616854512E+01   -0.117979245963355979E+02   -0.217774788085630629E+06   -0.601195633965034926E+01    1
    0.207309486657073921E+04    0.281277382123790387E+01    0.425761293953124453E+00    0.369449177218901692E+00    0.102598358472061135E+01    0.280023511504811928E+01    0.403036552161120483E+02   -0.282783752415009317E+02   -0.216883924053243740E+06   -0.603195633965035061E+01    1
    0.264715216321987009E+04    0.392435272574796024E+01    0.142745918945704986E+00    0.359871446228662295E+00    0.104319942680899702E+01    0.253966749200247843E+01   -0.429245276520198615E+02   -0.167017663292262952E+02   -0.208892346377303998E+06   -0.605195633965034840E+01    1
    0.232270522967599391E+04    0.392658621354692805E+01    0.266466750032937405E+00    0.574772728976711500E+00    0.101213086536561314E+01    0.233309131033926320E+01    0.290458670490980779E+02   -0.284830018714466533E+02   -0.207400947224004398E+06   -0.607195633965034798E+01    1
    0.268964448318986979E+04    0.329696799063763857E+01    0.280695911505534856E+00    0.690110683180005124E+00    0.101619183488954312E+01    0.177718157354444495E+01    0.296049935204685681E+02   -0.318059223150395312E+02   -0.196240298313225503E+06   -0.609195633965034844E+01    1
    0.227029272147184111E+04    0.336431626674582152E+01    0.244411488006427091E+00    0.359981870446295482E+00    0.103064798502317911E+01    0.261744119294905886E+01    0.528205237272919703E+01   -0.362737180036192797E+01   -0.196228643734952755E+06   -0.611195633965034713E+01    1
    0.269011827815928473E+04    0.330378187529814848E+01    0.278842279832590800E+00    0.519567178133121477E+00    0.103384923253513872E+01    0.179859699311165944E+01    0.323706319822036903E+02   -0.126865434522546252E+02   -0.163507486607623374E+06   -0.613195633965034759E+01    1
    0.269578339280206274E+04    0.326362332818421974E+01   -0.435743988272379146E+00    0.425304667862521635E+00    0.104599888132253760E+01    0.263232647478740667E+01   -0.140317422400555074E+02   -0.681598534119850541E+01   -0.162016654161224113E+06   -0.615195633965034894E+01    1
    0.299530033462744541E+04    0.379970425077184970E+01   -0.332281471351484947E+00    0.504485211457524230E+00    0.103633170583341538E+01    0.153033590882190884E+01    0.173735594148030685E+02    0.166503622568879166E+02   -0.146453392912088166E+06   -0.617195633965035029E+01    1
    0.256762013435363770E+04    0.266126352548599243E+01   -0.481389927864074696E+00    0.463663315773010232E+00    0.102665338277816764E+01    0.289587202668190002E+01   -0.319439411163330078E+02    0.360310733318328857E+02   -0.143507606053443538E+06   -0.619195633965035164E+01    1
    0.234424177408218384E+04    0.463280123472213745E+01   -0.562344646453857400E+00    0.423915934562683061E+00    0.102749005079269407E+01    0.236761558055877686E+01    0.898593068122863770E+01    0.151652097702026367E+02   -0.138935373466433986E+06   -0.621195633965035210E+01    1
    0.256749118075533852E+04    0.445971334908157857E+01    0.241043567237075429E+00    0.583552753940896229E+00    0.101524042089086364E+01    0.214920761735571375E+01    0.153571993213543863E+02    0.570640732759307667E+01   -0.137042347645444330E+06   -0.623195633965034990E+01    1
    0.238756142854690552E+04    0.286120235919952393E+01    0.285545110702514648E+00    0.430260848999023393E+00    0.102366097211837781E+01    0.232480618357658386E+01    0.349593162536621094E+02   -0.495982050895690918E+02   -0.135275633398551814E+06   -0.625195633965034769E+01    1
    0.292241261005401611E+04    0.404404366016387939E+01    0.327822804450988770E+00    0.300887322425842263E+00    0.102690804481506359E+01    0.159281599521636963E+01   -0.264509797096252441E+02    0.325907349586486816E+02   -0.127384130377743713E+06   -0.627195633965034904E+01    1
    0.257513723847160782E+04    0.345352542999097212E+01   -0.308797317336743649E+00    0.433732034582196890E+00    0.102957295455556919E+01    0.203281997128578684E+01    0.222106163940061379E+02   -0.296220931904117890E+01   -0.126443493229156011E+06   -0.629195633965034951E+01    1
    0.238340433835983276E+04    0.391026473045349121E+01    0.252729392051696755E+00    0.523622274398803711E+00    0.104745397806167606E+01    0.245888951420783997E+01   -0.149454653263092041E+02    0.468912780284881592E+02   -0.123248073469201641E+06   -0.631195633965034819E+01    1
    0.265694709814185398E+04    0.516658944234333362E+01    0.411992439815366152E+00    0.523205800638488649E+00    0.101071772317473418E+01    0.249291671196626385E+01   -0.466271602404022900E+01   -0.713984924559342460E+01   -0.116470786204301272E+06   -0.633195633965034865E+01    1
    0.251385582685470581E+04    0.444577419757843018E+01   -0.272472810745239269E+00    0.334571123123168945E+00    0.103058710575103762E+01    0.223456937074661255E+01    0.253659367561340332E+02    0.275992751121520996E+01   -0.104627466857327061E+06   -0.635195633965034823E+01    1
    0.255033119857080601E+04    0.311309832740879466E+01    0.456957279384865855E+00    0.367670773807989626E+00    0.102629370960742272E+01    0.208509481516713002E+01    0.279309992232510353E+02   -0.353493278671022466E+02   -0.103266765565323396E+06   -0.637195633965034602E+01    1
    0.244866063594818115E+04    0.329496705532073975E+01   -0.242276930809020963E+00    0.533642339706420832E+00    0.102716484546661380E+01    0.254225048422813416E+01   -0.292838275432586670E+02    0.411495149135589600E+02   -0.101861744103308272E+06   -0.639195633965035004E+01    1
    0.283251698111436235E+04    0.419741153466287553E+01   -0.323537282222497335E+00    0.454219713721764395E+00    0.102197237465188917E+01    0.176149912208961346E+01    0.248781707804391488E+02   -0.231463335936634884E+02   -0.100832162474995203E+06   -0.641195633965034961E+01    1
    0.244831829824695978E+04    0.504757563180152857E+01    0.157575679070220520E+00    0.429956891524629847E+00    0.101226400081954937E+01    0.298022368656793812E+01    0.238705650052310858E+01    0.103103720387709217E+02   -0.100088700875317430E+06   -0.643195633965034830E+01    1
    0.250050047636032104E+04    0.432975685596466064E+01    0.331639552116394065E+00    0.366422414779663086E+00    0.101835860490798957E+01    0.214255067706108093E+01    0.107709765434265137E+02    0.196418166160583496E+02   -0.984355346172975696E+05   -0.645195633965035142E+01    1
    0.269573263301064162E+04    0.379466294467628185E+01   -0.395960470684519006E+00    0.596417155130481769E+00    0.102698098398284055E+01    0.254252599089347964E+01   -0.456616404044486899E+02    0.482007013558225452E+02   -0.948415964116989489E+05   -0.647195633965035011E+01    1
    0.256959535200002483E+04    0.488254037124882156E+01   -0.248104277103271653E+00    0.520895441577420182E+00    0.102848105664352807E+01    0.224670516708617996E+01    0.486962376407582553E+00   -0.271207778904299524E+02   -0.935944760827336286E+05   -0.649195633965035057E+01    1
    0.270453618640911509E+04    0.288355117699604468E+01   -0.375085411452620310E+00    0.380046182448923964E+00    0.102447983085247540E+01    0.195716621517710898E+01    0.233697649818842734E+02   -0.315825978349340630E+01   -0.906520589772790554E+05   -0.651195633965035370E+01    1
    0.244032761086934988E+04    0.305731045007351954E+01    0.494785821786161706E+00    0.527769745302567150E+00    0.103186916952739671E+01    0.227899519421077335E+01    0.763172158432325887E-01    0.420637242672139706E+02   -0.878073822511199396E+05   -0.653195633965035416E+01    1
    0.290139558315277100E+04    0.463673728704452515E+01   -0.233905076980590820E+00    0.648475837707519487E+00    0.102443543672561654E+01    0.192123371362686157E+01    0.465382575988769531E+02   -0.153117895126342773E+02   -0.877573716838089167E+05   -0.655195633965035018E+01    1
    0.284579967790324918E+04    0.400146202313189292E+01    0.408761192119089789E+00    0.535745256390480429E+00    0.104399146122993547E+01    0.170356071113925811E+01   -0.401838592588595347E+02    0.289372878753105311E+02   -0.840265830936972488E+05   -0.657195633965035064E+01    1
    0.235071403017219700E+04    0.427849053801782198E+01   -0.556424363372071462E+00    0.318092202952186320E+00    0.102993962611212408E+01    0.254318323076760855E+01    0.783130297835676714E+01    0.368025469464643180E+02   -0.697314225630900037E+05   -0.659195633965035022E+01    1
    0.298998072376741766E+04    0.393261060736908075E+01    0.402917212272471237E+00    0.380462719719797005E+00    0.101924640600394700E+01    0.196705942554362689E+01    0.101589119689518341E+02   -0.171379663755929244E+02   -0.687451161937038414E+05   -0.661195633965034890E+01    1
    0.266716124021801625E+04    0.408886684039143677E+01   -0.410284612904850743E+00    0.466052630477825025E+00    0.102300733038984060E+01    0.253926945029829376E+01    0.550866835012760703E+01    0.216870477560100596E+02   -0.684689040103939769E+05   -0.663195633965035203E+01    1
    0.229241780390892200E+04    0.457157099914525578E+01   -0.330476064386385493E+00    0.678283129158721687E+00    0.103240855095108319E+01    0.264322797369096030E+01   -0.289713737142787764E+02    0.204155092754900949E+02   -0.674600281731253635E+05   -0.665195633965034894E+01    1
    0.262940009511987409E+04    0.535963378792424106E+01   -0.522478317212323740E+00    0.367011695448583197E+00    0.101186243875959270E+01    0.254769152900595408E+01   -0.915015125559433784E+01   -0.110757003558837042E+02   -0.659419111825421132E+05   -0.667195633965034851E+01    1
    0.279954454693749813E+04    0.362349690360511101E+01   -0.193394737387276583E+00    0.542099825785215872E+00    0.103757557620954532E+01    0.233139851935555598E+01   -0.364239650172128648E+02    0.212950781761200858E+00   -0.658357237241338444E+05   -0.669195633965035075E+01    1
    0.288281414408013870E+04    0.531932134436109827E+01    0.276875596960540205E+00    0.357608229721376958E+00    0.102006890280464724E+01    0.218584412214705548E+01   -0.332658064208148758E+02    0.137135486887822964E+02   -0.644909814076193070E+05   -0.671195633965034943E+01    1
    0.246952069997787476E+04    0.370762956142425537E+01    0.551301240921020397E+00    0.545159530639648393E+00    0.102855979681015008E+01    0.228216502070426941E+01    0.456928014755249023E+02    0.209823191165924072E+02   -0.636989895821460013E+05   -0.673195633965034901E+01    1
    0.248048510692378386E+04    0.366866194781039878E+01    0.244763156077588584E+00    0.521903886322741983E+00    0.103779550818096555E+01    0.249053203744737006E+01    0.110592965231139573E+02   -0.140225724845876769E+02   -0.627561131959627819E+05   -0.675195633965034947E+01    1
    0.239805595217253722E+04    0.484259542259063647E+01   -0.294660015753219318E+00    0.628505516537353648E+00    0.101068377951792310E+01    0.244836980032710638E+01    0.112632028652060541E+02   -0.149365503321040052E+02   -0.626448671636427971E+05   -0.677195633965034993E+01    1
    0.228051285625068340E+04    0.496946774498215049E+01   -0.343906683208403285E+00    0.486915638323261235E+00    0.101972439627962652E+01    0.265545932407650032E+01   -0.173707554472262018E+02    0.200726927467787704E+02   -0.616860776121310191E+05   -0.679195633965034951E+01    1
    0.278547395591145960E+04    0.273979682578653971E+01   -0.226448587457264205E+00    0.457626546731362771E+00    0.103547868994351244E+01    0.266238629077004196E+01   -0.355299523395259058E+02    0.325521159253824948E+02   -0.607277133425161519E+05   -0.681195633965035174E+01    1
    0.283170792141191396E+04    0.398033287751987563E+01   -0.265223135294250956E+00    0.609663769650293341E+00    0.101026654187925780E+01    0.199284136359445685E+01    0.372409413932256967E+02   -0.472022552010025720E+02   -0.571658952466176706E+05   -0.683195633965035309E+01    1
    0.239375104146178546E+04    0.460487598129934561E+01   -0.259760134918454899E+00    0.541727787753707779E+00    0.103020453348918828E+01    0.264430271253188520E+01    0.298337105838111398E+02   -0.122090156525291533E+02   -0.512352884337969808E+05   -0.685195633965035089E+01    1
    0.279413826405818736E+04    0.316602729300133978E+01    0.395251752422477898E+00    0.569911092902434246E+00    0.103329875994147602E+01    0.186403040734139447E+01   -0.443204203442002580E+02    0.148946966823583438E+01   -0.497857707571624705E+05   -0.687195633965034780E+01    1
    0.250206122658839922E+04    0.331060348287118922E+01   -0.529878934169405458E+00    0.603287160523276356E+00    0.104283686416794774E+01    0.233675314679681989E+01    0.784181005338595583E-01   -0.127852307211195395E+02   -0.490892275705122447E+05   -0.689195633965035004E+01    1
    0.263319625854492188E+04    0.414227205514907837E+01    0.446490955352783270E+00    0.346737313270568837E+00    0.104492276191711420E+01    0.245523366332054138E+01   -0.116270720958709717E+02   -0.994278192520141602E+01   -0.472895984306864484E+05   -0.691195633965035228E+01    1
    0.291431618831745755E+04    0.510484208302623799E+01   -0.216849401030987488E+00    0.302041351951832626E+00    0.101296008637184998E+01    0.209126789751067843E+01    0.473203399592108696E+02   -0.431778623846053335E+02   -0.450085574947324058E+05   -0.693195633965035185E+01    1
    0.256111079597678599E+04    0.420681199545557227E+01   -0.549305906065194138E+00    0.450559341160573779E+00    0.102685164407470242E+01    0.269319419771393287E+01    0.477982118259647280E+02    0.233751211172956630E+02   -0.448926157689190732E+05   -0.695195633965035054E+01    1
    0.265734900236129761E+04    0.343898004293441772E+01   -0.190416812896728516E+00    0.558591508865356356E+00    0.101914588212966928E+01    0.266626644134521484E+01   -0.316152870655059814E+02    0.210655987262725830E+02   -0.448614664656787209E+05   -0.697195633965035100E+01    1
    0.256913969162588774E+04    0.297250510149022817E+01    0.360990483303279430E+00    0.449243873312156927E+00    0.101736095402411930E+01    0.219472346012503028E+01    0.184363779583784151E+02   -0.120646475606188162E+02   -0.441726601125283414E+05   -0.699195633965035235E+01    1
    0.243693264427904160E+04    0.437545680704486095E+01   -0.509876418038777812E+00    0.431469672441812058E+00    0.104244953647297267E+01    0.292727915085845636E+01    0.220064639397675137E+02   -0.297832812656837405E+02   -0.426012008436589895E+05   -0.701195633965035281E+01    1
    0.265868353932047694E+04    0.322436161084382134E+01    0.496655384842120795E+00    0.428876795398964783E+00    0.104520187239974560E+01    0.238248179360888779E+01    0.125662165406664101E+02    0.309429069383047448E+02   -0.393555378852536815E+05   -0.703195633965034972E+01    1
    0.269870808497743019E+04    0.474449382717070112E+01   -0.201224546333098053E+00    0.420956798714677949E+00    0.104136042829243713E+01    0.246933316921000223E+01    0.170192474992604872E+02    0.230565620696177405E+02   -0.392353714460989868E+05   -0.705195633965034840E+01    1
    0.291330780588758307E+04    0.356341667178576360E+01    0.369819489902120990E+00    0.302047976865564061E+00    0.103277267091733860E+01    0.178124703325433020E+01    0.388396768382762758E+01    0.191666825226005102E+02   -0.389272894707808882E+05   -0.707195633965035153E+01    1
    0.226263262559654049E+04    0.369815365048308031E+01   -0.300403644034178519E+00    0.516776599124299629E+00    0.104836824464907807E+01    0.282104537023809909E+01    0.172209076132068333E+02    0.343239944977670461E+02   -0.388071902442717401E+05   -0.709195633965035288E+01    1
    0.273851948600927517E+04    0.471818561996227892E+01    0.274408022318711087E+00    0.665535383654018875E+00    0.104723343832832683E+01    0.199733546487111502E+01    0.485503500633138572E+02    0.494716276947331295E+02   -0.384835455627745250E+05   -0.711195633965035245E+01    1
    0.247948259846280962E+04    0.532438394323138375E+01   -0.253542336518934819E+00    0.491160104370800932E+00    0.102589269054857146E+01    0.251089494985145789E+01    0.923667140541060405E+01   -0.286932845406717973E+02   -0.369377417533392072E+05   -0.713195633965035203E+01    1
    0.250148438131318835E+04    0.423970585746412176E+01   -0.435595852407730355E+00    0.688609864006432870E+00    0.102567716176834289E+01    0.277543157380574224E+01   -0.271838192519900268E+02    0.357627765317237589E+01   -0.352864032542423374E+05   -0.715195633965034983E+01    1
    0.284351426949714823E+04    0.397178388621883371E+01   -0.219780343106502241E+00    0.333873733057449829E+00    0.103173047404789386E+01    0.225259247679555319E+01    0.192385128151830997E+01   -0.432691678069964780E+00   -0.349266399545799213E+05   -0.717195633965034851E+01    1
    0.234434445646759877E+04    0.486227548339955717E+01   -0.334805591967797578E+00    0.654081987118434682E+00    0.101351421883077375E+01    0.264326486050018605E+01    0.362209044919129042E+02   -0.249774047749961206E+02   -0.346888774782721739E+05   -0.719195633965035075E+01    1
    0.298483603736238774E+04    0.326653935448900068E+01    0.334572365573320374E+00    0.440074528532308273E+00    0.103724076434985735E+01    0.186782557098905966E+01    0.808262153209944501E+01    0.450073127151298138E+02   -0.337221709875399174E+05   -0.721195633965035299E+01    1
    0.282002692222595215E+04    0.444225960969924927E+01   -0.372557544708251975E+00    0.352550411224365201E+00    0.102946555614471436E+01    0.218228715658187866E+01   -0.189827442169189453E+02    0.106860458850860596E+02   -0.335076052819446704E+05   -0.723195633965035256E+01    1
    0.245110273807808335E+04    0.423949032286532024E+01   -0.337163923673764465E+00    0.613678432704333976E+00    0.102156247041144477E+01    0.286945170220904933E+01    0.348830366277010597E+02    0.216611013998505797E+01   -0.331625812210153235E+05   -0.725195633965035302E+01    1
    0.246468039207663060E+04    0.398112659490368825E+01   -0.430689057431558775E+00    0.680089172018799815E+00    0.102380192987864405E+01    0.246392271503418803E+01   -0.234997151466522851E+02    0.380527441307622354E+02   -0.323013634980876268E+05   -0.727195633965035437E+01    1
    0.247320264175241346E+04    0.352198475528935218E+01    0.453505849225195212E+00    0.535257428500854782E+00    0.102857328910320822E+01    0.238893899129790377E+01   -0.435611527794329447E+02    0.391208761367263236E+02   -0.313018977440617091E+05   -0.729195633965035395E+01    1
    0.268695329528660568E+04    0.345903350628990403E+01    0.287131476512996309E+00    0.455412578688369041E+00    0.101685620740800675E+01    0.212582354931865458E+01    0.101647764340460967E+02    0.350321850241783181E+02   -0.309899636210476820E+05   -0.731195633965035352E+01    1
    0.263765324523608888E+04    0.532978074717997163E+01   -0.402820820714501537E+00    0.316917085583607427E+00    0.101252923071647172E+01    0.212027185180321620E+01    0.241324649130747417E+02   -0.647365709593962890E+00   -0.309829800284360572E+05   -0.733195633965035043E+01    1
    0.256304518981190404E+04    0.525330328681923486E+01   -0.260916644841655498E+00    0.591801435088447847E+00    0.104781920914144044E+01    0.234993597266225329E+01   -0.752488214202864469E+01    0.352037115045767592E+02   -0.309335384941577431E+05   -0.735195633965034823E+01    1
    0.251198601201060274E+04    0.313189157881217417E+01   -0.275471320879758674E+00    0.649780801772022576E+00    0.102505306707805199E+01    0.287613731443908982E+01   -0.401196064907255447E+02    0.843448844244423412E+01   -0.290429812179430555E+05   -0.737195633965034958E+01    1
    0.298551627478773116E+04    0.493141523367874512E+01    0.498987170947457259E+00    0.423644257381493250E+00    0.102007105690011746E+01    0.187778420722798312E+01    0.115570852394935883E+02   -0.381600300326929371E+02   -0.277487274660316107E+05   -0.739195633965035004E+01    1
    0.288181969484648698E+04    0.425066792784136194E+01   -0.329157351261887110E+00    0.455132175339697964E+00    0.101220633858682318E+01    0.206867363285382488E+01    0.316936638955458534E+02   -0.519966854844242476E+01   -0.269262497016090092E+05   -0.741195633965035050E+01    1
    0.268180000975928851E+04    0.518534380749006552E+01   -0.251812350218234060E+00    0.433640400974008355E+00    0.101423397720252373E+01    0.255099460457918203E+01    0.420870491230250394E+02   -0.262637418553412729E+02   -0.263621742637094030E+05   -0.743195633965035007E+01    1
    0.291346113681793213E+04    0.492352390289306641E+01    0.141558122634887651E+00    0.371212077140808061E+00    0.101088831424713144E+01    0.265811297297477722E+01   -0.384887695312500000E+02    0.277191460132598877E+02   -0.260277387260747601E+05   -0.745195633965035054E+01    1
    0.265888422457516845E+04    0.313066634132092059E+01    0.380240577017006642E+00    0.369922066521329584E+00    0.103725550112417420E+01    0.216872765883481389E+01   -0.200208497353382207E+02    0.363022488192691526E+02   -0.247668892004859481E+05   -0.747195633965035100E+01    1
    0.274844439307015045E+04    0.380238287725633661E+01    0.407933070540201670E+00    0.316092139184445398E+00    0.103108704529271589E+01    0.214788489915197900E+01    0.285338939336789537E+02   -0.750627924761993626E+01   -0.244646134817607235E+05   -0.749195633965035235E+01    1
    0.269894731044769287E+04    0.378597098588943481E+01   -0.455284023284912132E+00    0.314807820320129383E+00    0.103593992710113536E+01    0.215624842047691345E+01    0.419851362705230713E+02    0.505133867263793945E+01   -0.241266549498397544E+05   -0.751195633965035281E+01    1
    0.232339667986461427E+04    0.520809237041573692E+01    0.410931678512850840E+00    0.628832577222003808E+00    0.101697362330371832E+01    0.288504003714823121E+01    0.226355879751960600E+02   -0.337037257208761361E+02   -0.241133635637228545E+05   -0.753195633965035150E+01    1
    0.238635611083847789E+04    0.335982977890189893E+01   -0.502481456330505782E+00    0.344722634201030664E+00    0.104418855814731781E+01    0.265530449860978512E+01    0.227528194789714036E+02   -0.324230248867063722E+02   -0.236364007481752815E+05   -0.755195633965035285E+01    1
    0.233121994957864626E+04    0.422845571515669949E+01   -0.326139476893639035E+00    0.683345822864502739E+00    0.103616352692542502E+01    0.273446233371942693E+01    0.203188547502589500E+01    0.174203622991346236E+02   -0.234338075308062216E+05   -0.757195633965035242E+01    1
    0.291133002916196256E+04    0.463960889488379635E+01   -0.221895000728358882E+00    0.326152682968543772E+00    0.104316565232234137E+01    0.231641359650494705E+01    0.314006758044812671E+02   -0.116476583879283808E+02   -0.233179612956603887E+05   -0.759195633965035110E+01    1
    0.230238680974689578E+04    0.285768728685235818E+01   -0.492017499318133544E+00    0.692066542297910203E+00    0.103325336800047340E+01    0.287043957735006128E+01   -0.133027164016391950E+02    0.311251994573843120E+02   -0.232031198843469720E+05   -0.761195633965035423E+01    1
    0.275360945598196849E+04    0.453258749573316777E+01    0.543938544633753351E+00    0.591943020739706061E+00    0.102686985827601762E+01    0.226968189367238438E+01    0.483788966944287608E+02   -0.436872338502073134E+02   -0.229759462934140902E+05   -0.763195633965035558E+01    1
    0.274545458595673063E+04    0.326564256410818876E+01   -0.217876754183049248E+00    0.520148863153417906E+00    0.103077361509292476E+01    0.265496965497757520E+01   -0.368569484253341102E+02    0.490434661493598725E+02   -0.225141996922295766E+05   -0.765195633965035427E+01    1
    0.251442306895144111E+04    0.438233245446854092E+01   -0.545243125400413087E+00    0.592045415488829940E+00    0.103167114760198531E+01    0.269617107864670436E+01   -0.574595726359017078E+01    0.858303574552920168E+00   -0.215955093211677413E+05   -0.767195633965035118E+01    1
    0.257059851455002490E+04    0.488034222733889145E+01   -0.400561114820071507E+00    0.489916798509586471E+00    0.103274376013289193E+01    0.253475092729453877E+01    0.491999908982165834E-02    0.376334639824313086E+02   -0.214625451873715065E+05   -0.769195633965035253E+01    1
    0.246385414768429109E+04    0.296082591402818185E+01    0.501780921787063572E+00    0.483016096911713044E+00    0.103375810222612885E+01    0.248104647226500274E+01   -0.390626927035958573E+02    0.174443262939920345E+02   -0.212938160772364863E+05   -0.771195633965035210E+01    1
    0.249626031656323448E+04    0.468826699539681080E+01   -0.515800162413548091E+00    0.419924553302338077E+00    0.101555843049646888E+01    0.243495011244443926E+01    0.429661827186566683E+02   -0.206378573883448944E+02   -0.211927741779326061E+05   -0.773195633965035167E+01    1
    0.236387545032555909E+04    0.503544684442328982E+01   -0.313711805297685609E+00    0.459340682745748297E+00    0.103804758899239502E+01    0.293148155536457544E+01    0.691343469829575952E+01    0.364420368722527712E+02   -0.209505253730101431E+05   -0.775195633965035391E+01    1
    0.256001503122699614E+04    0.298832185949660900E+01    0.259486259898594973E+00    0.541378605625846721E+00    0.104260329426961040E+01    0.248877247310141581E+01    0.476167676006951837E+02    0.893475430406699189E+01   -0.197084083859082639E+05   -0.777195633965035348E+01    1
    0.260901352666731054E+04    0.458094491445728025E+01   -0.366044169483888349E+00    0.442836240810007054E+00    0.103017220679596799E+01    0.224449440188850424E+01    0.295647697163996241E+02   -0.281713805023883666E+02   -0.194259930027889459E+05   -0.779195633965035306E+01    1
    0.222297952329683267E+04    0.548642313888482569E+01   -0.406545258803274301E+00    0.351185672458922904E+00    0.102029387976313357E+01    0.295954174352027799E+01    0.722980325511908006E+01   -0.154004209024428818E+02   -0.194203316079836040E+05   -0.781195633965035174E+01    1
    0.263273538181861204E+04    0.425313462792133201E+01   -0.442842589614793614E+00    0.445981429818626540E+00    0.103063387782201765E+01    0.244462063658129525E+01    0.282336399670592044E+02    0.402271719531898384E+02   -0.194002726304014577E+05   -0.783195633965035132E+01    1
    0.234258625507354736E+04    0.460348987579345703E+01   -0.458685564994812001E+00    0.686405324935912997E+00    0.103574219942092904E+01    0.274753379821777344E+01    0.472390949726104736E+02    0.248100042343139648E+02   -0.190252049512882149E+05   -0.785195633965035533E+01    1
    0.263681353942791793E+04    0.397225978690146420E+01    0.294884452659947560E+00    0.543306891200051711E+00    0.104508120378913039E+01    0.231071616278438086E+01    0.399880934990462436E+02    0.717552079907230933E+01   -0.184017535144875073E+05   -0.787195633965035579E+01    1
    0.247409281730651855E+04    0.386690521240234375E+01   -0.374676704406738281E+00    0.468948745727539029E+00    0.104506496429443363E+01    0.275374013185501099E+01    0.335166335105895996E+02   -0.112316191196441650E+02   -0.183737221710399681E+05   -0.789195633965035537E+01    1
    0.280990318669195040E+04    0.429145841017596741E+01    0.367707006988798990E+00    0.580115715299853729E+00    0.103878176974310299E+01    0.208521237935187909E+01    0.284816036503044643E+02    0.290893853579551376E+01   -0.179759068886970526E+05   -0.791195633965035583E+01    1
    0.265382152105201885E+04    0.547959658438086805E+01   -0.218999840849863070E+00    0.519434056556522750E+00    0.104686110025116563E+01    0.269506255134579709E+01   -0.228183936117995465E+02    0.187847739383798853E+02   -0.179349647574512346E+05   -0.793195633965035185E+01    1
    0.245350638795816394E+04    0.366219829641336503E+01   -0.597229377819031182E+00    0.324149758119223141E+00    0.103340000473600191E+01    0.284169133712972544E+01   -0.350113187740349403E+02   -0.515948677993093696E+01   -0.179099150517109047E+05   -0.795195633965035142E+01    1
    0.243825733609807776E+04    0.286329591224925339E+01   -0.595975143391720419E+00    0.490832140720655841E+00    0.103027921378888365E+01    0.262448836818165310E+01    0.250228570454395083E+02   -0.118965045233991518E+02   -0.173957580295174230E+05   -0.797195633965035189E+01    1
    0.244075777166680018E+04    0.253549786804130628E+01   -0.495191275311297419E+00    0.463762799124420921E+00    0.102542969982487819E+01    0.289355718054962585E+01   -0.111728373247479666E+02    0.131101608791306603E+02   -0.172870492121547686E+05   -0.799195633965035235E+01    1
    0.276097922151447256E+04    0.302075256040976825E+01   -0.550268245068117445E+00    0.488643072348992735E+00    0.103048685876915092E+01    0.219991861020264690E+01    0.161558583297084937E+02   -0.402097730916096907E+01   -0.172427485389665017E+05   -0.801195633965035192E+01    1
    0.263071362476605191E+04    0.502506948424627442E+01   -0.218109027860142191E+00    0.341813690090687072E+00    0.104019878108671038E+01    0.256962280812698696E+01   -0.133431678117398249E+02    0.323007920247162303E+02   -0.172071322501862378E+05   -0.803195633965034972E+01    1
    0.264647286199213204E+04    0.522857197860264478E+01   -0.484181114934236712E+00    0.347246946377866184E+00    0.102379551540003666E+01    0.236681198266406190E+01    0.449704917658680756E+02   -0.223979748626851816E+02   -0.170982246292069613E+05   -0.805195633965035107E+01    1
    0.275129370689392090E+04    0.404089832305908203E+01   -0.376927614212036133E+00    0.468581366539001398E+00    0.101939661264419557E+01    0.220472756028175354E+01    0.224916636943817139E+02   -0.361627995967864990E+02   -0.167723860254516403E+05   -0.807195633965035420E+01    1
    0.230765361158889937E+04    0.329254695093429106E+01   -0.560587138214091008E+00    0.538230965709203257E+00    0.103370220434787119E+01    0.288809813112264058E+01   -0.252971488130888673E+02   -0.883275554932153284E+01   -0.167107186566604760E+05   -0.809195633965035555E+01    1
    0.257414626472619875E+04    0.269926820944457013E+01   -0.411492506335947472E+00    0.490118965147595453E+00    0.102995791017537330E+01    0.256824932532757577E+01   -0.340314528689613383E+01    0.448936806740177019E+01   -0.166670217797581136E+05   -0.811195633965035512E+01    1
    0.255112558341671047E+04    0.441684293992367927E+01   -0.234805418987017678E+00    0.554404231957525084E+00    0.102907850788547983E+01    0.264699785552340572E+01   -0.371980133531665871E+02    0.512021241763174118E+01   -0.164290169261688425E+05   -0.813195633965035292E+01    1
    0.268448756635230711E+04    0.346680895221798480E+01   -0.333393631631466458E+00    0.466608031764723707E+00    0.101394859618036759E+01    0.224892417524601917E+01    0.147647390569724308E+02    0.149628711618091899E+02   -0.163254322928351485E+05   -0.815195633965035249E+01    1
    0.245165381688743764E+04    0.430153582406396140E+01    0.412800943212780269E+00    0.445443996820860277E+00    0.102597469302312994E+01    0.265665272778915806E+01   -0.111459703003646169E+02    0.356806509098265110E+02   -0.162372067628257682E+05   -0.817195633965035206E+01    1
    0.260701792522102323E+04    0.425607683859636765E+01   -0.582531305428892754E+00    0.309848545589844593E+00    0.101037887530629122E+01    0.233934550948312037E+01    0.120371958171954532E+02   -0.153117424170734395E+02   -0.158561608384009669E+05   -0.819195633965035341E+01    1
    0.279626305327386581E+04    0.492023692682411529E+01   -0.450001741136918487E+00    0.375175238612365014E+00    0.101748108733141684E+01    0.209032356564004385E+01    0.209827225309741578E+02    0.887993865024834150E+01   -0.155052168374154462E+05   -0.821195633965035476E+01    1
    0.275305072594416606E+04    0.449839983696962342E+01   -0.356990874396707569E+00    0.501516851506965677E+00    0.101019251549479860E+01    0.216030897679434508E+01    0.433013389510248317E+02   -0.412709683297507581E+02   -0.152908233859003158E+05   -0.823195633965035434E+01    1
    0.258798202772614968E+04    0.537893248824439763E+01   -0.485806333178805727E+00    0.336029621167437786E+00    0.101754281905823207E+01    0.244850164660993030E+01    0.237031698489144134E+02    0.433586523193403650E+01   -0.152166485297521886E+05   -0.825195633965035569E+01    1
    0.254160208104514277E+04    0.268217411367318759E+01    0.483788681536703291E+00    0.533496451473435718E+00    0.102976808741865389E+01    0.245905416715090119E+01    0.275860486337983417E+02    0.582171940118200837E+00   -0.148128616073124467E+05   -0.827195633965035348E+01    1
    0.248416646232052017E+04    0.281726573287820736E+01   -0.533607954665783479E+00    0.504539058327118761E+00    0.103708474123009742E+01    0.275981654170381629E+01   -0.147562305805253402E+02    0.317598760322696307E+02   -0.147208888476480497E+05   -0.829195633965035483E+01    1
    0.276399947670914389E+04    0.263809246743854198E+01    0.598234154270378737E+00    0.482684734448610486E+00    0.102874375789932770E+01    0.197778146833449586E+01    0.490465088097698469E+02    0.400011164543677467E+01   -0.142782159784658852E+05   -0.831195633965035618E+01    1
    0.260803206086882892E+04    0.322784157276854877E+01   -0.268608979230491152E+00    0.399801137631875747E+00    0.104928415136731101E+01    0.256344378320368183E+01    0.362365783751641573E+02    0.820968641362536289E+01   -0.142573665029512558E+05   -0.833195633965035576E+01    1
    0.262602608552108723E+04    0.391723069882230845E+01   -0.257705252688910147E+00    0.423645763711505641E+00    0.104457633763663793E+01    0.258554307366867109E+01    0.320830725944532560E+02   -0.186269755134488513E+02   -0.140546938732756735E+05   -0.835195633965035533E+01    1
    0.290023606532751592E+04    0.544805004882618249E+01   -0.394608017926395327E+00    0.454989694772463704E+00    0.104803018460811126E+01    0.191676689728287752E+01    0.435764615978821155E+02   -0.357605219587266276E+02   -0.139269817350681533E+05   -0.837195633965035313E+01    1
    0.259649435773726555E+04    0.331326071095285579E+01   -0.582629233675251657E+00    0.337502908552075320E+00    0.101378158910424165E+01    0.241300576248023102E+01    0.896127649880939003E+01   -0.193028882381865614E+02   -0.138721428244704475E+05   -0.839195633965035270E+01    1
    0.252467974124252578E+04    0.309289503932733645E+01    0.373193801130215719E+00    0.659726873938091374E+00    0.102710801029151910E+01    0.264210758757090547E+01    0.318436219383748806E+02   -0.380977930781233169E+02   -0.138565906851738891E+05   -0.841195633965035228E+01    1
    0.253059798240336295E+04    0.379471509716865452E+01    0.469482201180188574E+00    0.581238576618674951E+00    0.102318780580476099E+01    0.266797428642940471E+01    0.120394285140924211E+02   -0.470393543577754798E+02   -0.138501566677279261E+05   -0.843195633965035363E+01    1
    0.268880690223835836E+04    0.332166171037755209E+01   -0.490460281888573935E+00    0.459945060195639632E+00    0.104896370154797203E+01    0.228012935321459675E+01    0.289638495264946130E+02   -0.268922606337574805E+02   -0.137622480806028379E+05   -0.845195633965035320E+01    1
    0.255823333090537790E+04    0.545723863783691421E+01   -0.257308169613722937E+00    0.419726328768461499E+00    0.104656355211395602E+01    0.246438304444570910E+01    0.167351886651476462E+02   -0.477007060022029350E+02   -0.134456765846129165E+05   -0.847195633965035455E+01    1
    0.253421302301571814E+04    0.530250100607813746E+01   -0.478660360986827182E+00    0.342419352230657503E+00    0.103605812930748886E+01    0.252826462969839394E+01    0.357168654214329706E+02   -0.264388018228220041E+02   -0.132812387325291111E+05   -0.849195633965035412E+01    1
    0.280320444009964604E+04    0.516682927624783872E+01   -0.393449231194193561E+00    0.386001603655285019E+00    0.104048864194652668E+01    0.205736647392185201E+01    0.344962248447482693E+02   -0.385953286410615419E+02   -0.132062386312773597E+05   -0.851195633965035547E+01    1
    0.235667787709101549E+04    0.338831177941856687E+01    0.328007090388072631E+00    0.565846902175436428E+00    0.102998275869777323E+01    0.291194666674835467E+01    0.314742487981308159E+02   -0.249567116181056292E+01   -0.131552780404690820E+05   -0.853195633965035505E+01    1
    0.252477442911493199E+04    0.395642878548071764E+01    0.270734741716512906E+00    0.540546213195222558E+00    0.103350993957251225E+01    0.253621376965167178E+01    0.494286197647366663E+02   -0.215512862520148403E+02   -0.130110966742628916E+05   -0.855195633965035285E+01    1
    0.255048609664085552E+04    0.521455466799848999E+01    0.338129062106084954E+00    0.514193303491658593E+00    0.103771467091391956E+01    0.226639382684173896E+01    0.467181966515677942E+02    0.276129189023694579E+02   -0.127806057294402272E+05   -0.857195633965035242E+01    1
    0.235513779971117310E+04    0.310472566383922555E+01    0.326261344329889180E+00    0.535253984496798063E+00    0.101759073271668998E+01    0.290406320924930306E+01    0.289247403273176786E+02   -0.327813302358190910E+02   -0.126335693728800215E+05   -0.859195633965035377E+01    1
    0.245300105669622099E+04    0.518878129925326004E+01   -0.514104143826610405E+00    0.328563624858494052E+00    0.102499654980124366E+01    0.271155146061030106E+01   -0.121479178939773433E+02    0.103680329082525446E+02   -0.126196784875720859E+05   -0.861195633965035512E+01    1
    0.228340014427312508E+04    0.379575919929078598E+01   -0.550389381247602949E+00    0.555413000807337465E+00    0.102317700163027592E+01    0.299935657775684872E+01   -0.254608247066940621E+02    0.255024278769630683E+02   -0.126120604952700505E+05   -0.863195633965035647E+01    1
    0.247165570262498204E+04    0.461700437304101463E+01   -0.564470902873460800E+00    0.600915999624869412E+00    0.104166370447741818E+01    0.271031241869866735E+01   -0.196690860580147664E+02    0.402785014362085292E+02   -0.123377726785684154E+05   -0.865195633965035782E+01    1
    0.266944612601981044E+04    0.416925287189936000E+01   -0.222489348238555207E+00    0.486922979611114637E+00    0.102142151048621166E+01    0.266134879425358983E+01   -0.483721977222335013E+02   -0.365098942215000832E+02   -0.123270029116311271E+05   -0.867195633965035384E+01    1
    0.232968870886442801E+04    0.477139347566683281E+01   -0.451072479499998458E+00    0.539437662293674958E+00    0.102262019236884538E+01    0.280975263965506228E+01    0.415767503016152773E+02    0.170565901771611408E+02   -0.121921952167625514E+05   -0.869195633965035341E+01    1
    0.244577862589154302E+04    0.459005387052686586E+01   -0.375552081155464124E+00    0.427046900124681716E+00    0.103243909217204655E+01    0.275894145402977031E+01   -0.160848616768263497E+01    0.391343428626608869E+02   -0.120072166239284779E+05   -0.871195633965035476E+01    1
    0.271565117541155360E+04    0.532410130481502808E+01   -0.528862958219945556E+00    0.350437531575758632E+00    0.104139400838792695E+01    0.215280914695490022E+01    0.188288040333844009E+02   -0.407661409065406986E+02   -0.119651749565541595E+05   -0.873195633965035611E+01    1
    0.268325765228845648E+04    0.513289616799004733E+01   -0.558192839636820981E+00    0.381840799541209475E+00    0.104793834756334325E+01    0.225634470620575645E+01    0.159342608998183266E+01   -0.374339237579898310E+02   -0.115824432140219178E+05   -0.875195633965035569E+01    1
    0.248404541939810815E+04    0.381448622927409087E+01   -0.504302040843130461E+00    0.356330757447408331E+00    0.103602812778537023E+01    0.254250604210650311E+01    0.196278095582839995E+02    0.352544969634313645E+02   -0.114308365297794535E+05   -0.877195633965035526E+01    1
    0.234174388233482568E+04    0.522125840968345045E+01   -0.540892005818642718E+00    0.491250354025081104E+00    0.101472521034232943E+01    0.280177200220769640E+01   -0.213967348814359930E+02    0.199412857229881979E+02   -0.113995889073206454E+05   -0.879195633965035483E+01    1
    0.259127630811396466E+04    0.462947095888913296E+01   -0.409845699942981423E+00    0.419013364945955924E+00    0.102746577475914491E+01    0.233269136409216227E+01    0.404137180986994622E+02   -0.655527940794797104E+01   -0.113462778871489718E+05   -0.881195633965035441E+01    1
    0.259856407575030562E+04    0.402356609795004161E+01   -0.303002054964623568E+00    0.381217787131789942E+00    0.102505693524655905E+01    0.240550170723401147E+01    0.454072346750845668E+02    0.286562850898579313E+02   -0.107255640556226008E+05   -0.883195633965035398E+01    1
    0.262238857430153348E+04    0.463921395290268990E+01   -0.369406389840064409E+00    0.336674833916886018E+00    0.101392230234944680E+01    0.235678615833277494E+01    0.213175634981551951E+02   -0.265369644703012924E+02   -0.106122714709253687E+05   -0.885195633965035533E+01    1
    0.260632174198202119E+04    0.390550103141957905E+01   -0.471865214106077013E+00    0.408147934361805020E+00    0.102806770109155043E+01    0.241347971932248884E+01    0.313420564128413162E+02   -0.351363168698360084E+02   -0.104482943093907561E+05   -0.887195633965035491E+01    1
    0.257012013196945190E+04    0.332894223928451538E+01   -0.590789580345153831E+00    0.688078641891479492E+00    0.104144696712493889E+01    0.253095376491546631E+01   -0.399509668350219727E+02    0.119910478591918945E+02   -0.103715640139714615E+05   -0.889195633965035626E+01    1
    0.245321571862878363E+04    0.269772022204063910E+01   -0.369862804365334585E+00    0.424857737356928333E+00    0.104747351869473970E+01    0.275806597553772281E+01    0.123544365560532157E+02   -0.347721091828780402E+02   -0.103009653824568231E+05   -0.891195633965035761E+01    1
    0.262206817195670510E+04    0.498771584398700973E+01   -0.520793765979757906E+00    0.357903939699755425E+00    0.102965444519246319E+01    0.230378539809245853E+01   -0.601289388665694702E+01    0.439697593887068052E+02   -0.100692390095028750E+05   -0.893195633965035896E+01    1
    0.253857934574603405E+04    0.293501413817221302E+01   -0.278059345978253436E+00    0.513542999729987626E+00    0.103719870338164433E+01    0.259771793671184170E+01    0.318650392864598899E+02    0.324809982232424801E+02   -0.100657173711959604E+05   -0.895195633965035675E+01    1
    0.259744778677676322E+04    0.461054157389182695E+01   -0.383374472968442737E+00    0.521217691055390953E+00    0.102156146850568086E+01    0.234143065256801908E+01   -0.238110831154926927E+01    0.208974102333021818E+02   -0.993922036551594283E+04   -0.897195633965035633E+01    1
    0.244800214399202741E+04    0.411074954868308584E+01   -0.347215164135653898E+00    0.404119830740595765E+00    0.101021628121359930E+01    0.261166494174009056E+01    0.313997243896599514E+02   -0.284603374729321956E+01   -0.981755211603696807E+04   -0.899195633965035590E+01    1
    0.249095543399851977E+04    0.392837236246540611E+01   -0.528192097483358936E+00    0.375697324823097645E+00    0.104004888393109307E+01    0.267881103393973508E+01    0.276234726708743210E+02   -0.371163980667331330E+02   -0.975375672677776311E+04   -0.901195633965035547E+01    1
    0.257425812424759533E+04    0.503256886394559455E+01   -0.260206853552842232E+00    0.487760648239872752E+00    0.101939560947231067E+01    0.250168707861728556E+01    0.723210765945060530E+01    0.341812215920037232E+02   -0.940633026866207547E+04   -0.903195633965035682E+01    1
    0.246686254759813801E+04    0.286662318803367011E+01   -0.497582161269156942E+00    0.561747795528413807E+00    0.101537875259826293E+01    0.267178818154135111E+01    0.223779162119709696E+01    0.166016491221576388E+02   -0.931468031216301461E+04   -0.905195633965035817E+01    1
    0.244733531460531458E+04    0.407200387479479708E+01   -0.580015227640155118E+00    0.433986593917738306E+00    0.104240573025431238E+01    0.261006538431329904E+01    0.406501986098627270E+02    0.235439790282691064E+02   -0.930969581779385771E+04   -0.907195633965035952E+01    1
    0.248457351263646115E+04    0.424612677443094899E+01   -0.495719521721077139E+00    0.473159931724446481E+00    0.103180259156060905E+01    0.268468117894999292E+01    0.199169303012300958E+02   -0.380839973042231676E+02   -0.929515397682455114E+04   -0.909195633965035555E+01    1
    0.239691052827615385E+04    0.499879169133582657E+01    0.485564517074361990E+00    0.563108890965515085E+00    0.102907389437107755E+01    0.270661042327304768E+01    0.452321041173448890E+02   -0.198339961423738487E+02   -0.923683150838504662E+04   -0.911195633965035512E+01    1
    0.254918881917946874E+04    0.438082255889124994E+01   -0.394225785852902577E+00    0.384412376401528644E+00    0.101992155681815189E+01    0.252056694600581643E+01   -0.356583201537114292E+01    0.298739369722230066E+02   -0.901693178184290809E+04   -0.913195633965035647E+01    1
    0.237816743922633032E+04    0.540692979878571567E+01   -0.431048015808795149E+00    0.361397038266099813E+00    0.103764816396005766E+01    0.275875307987613683E+01   -0.215385547785079616E+02    0.171539177294646521E+02   -0.900237137982959575E+04   -0.915195633965035960E+01    1
    0.250178263918699304E+04    0.452649486464881790E+01   -0.595673282940570981E+00    0.442810096117176089E+00    0.101736584740386005E+01    0.264515334013609715E+01   -0.960692885024821663E+01    0.308322266533832163E+02   -0.898653873166233097E+04   -0.917195633965036095E+01    1
    0.238947799378344826E+04    0.494230319175190580E+01   -0.262455305863834476E+00    0.379031468776273917E+00    0.102905557432695915E+01    0.282779694241462476E+01   -0.296263435681097214E+02   -0.359437312650585028E+01   -0.896492774335343165E+04   -0.919195633965036052E+01    1
    0.256354960117924156E+04    0.411645054460161930E+01   -0.294942825003721765E+00    0.478079830137182027E+00    0.101691393917931761E+01    0.247146874925525761E+01    0.152313530625821159E+02   -0.873310885036678286E+01   -0.863856957383407644E+04   -0.921195633965035832E+01    1
    0.234540302987548694E+04    0.520500212294846865E+01   -0.479704340364760895E+00    0.522717250284010060E+00    0.101871076118120918E+01    0.283512145603590904E+01   -0.387978653043250361E+02    0.391253974587306317E+02   -0.854221701193725676E+04   -0.923195633965035434E+01    1
    0.235839186444323423E+04    0.467124930014669903E+01   -0.367856904763215198E+00    0.538373935616514698E+00    0.102976124026477955E+01    0.275024475521062461E+01    0.158839929298433020E+02    0.471355132160123560E+02   -0.841502972546632918E+04   -0.925195633965035391E+01    1
    0.241310453445576240E+04    0.461696031490467540E+01   -0.419584306321942324E+00    0.532580234104780170E+00    0.104505689386488876E+01    0.279405964906526316E+01    0.249047281261757263E+02   -0.107794276495885128E+02   -0.823887381051953525E+04   -0.927195633965035526E+01    1
    0.259159136580863378E+04    0.416045296276250376E+01   -0.540738875353112269E+00    0.569160474175085085E+00    0.104289364928229800E+01    0.241769632124986478E+01   -0.611738018797851169E+01    0.188825523112606675E+02   -0.814164884517136943E+04   -0.929195633965035661E+01    1
    0.254563531847325248E+04    0.388518995720591143E+01   -0.562321817033975435E+00    0.429816004739378421E+00    0.103736504696108023E+01    0.252913456611621346E+01    0.235618353877461715E+02    0.388839046328348843E+02   -0.811846421549375464E+04   -0.931195633965035974E+01    1
    0.242560870330800299E+04    0.300968272147104532E+01   -0.596747925892187725E+00    0.494675196966959607E+00    0.102874482625257779E+01    0.285352871801920305E+01   -0.456826459212089730E+02   -0.553698277528127392E-01   -0.809433015144884575E+04   -0.933195633965035576E+01    1
    0.240612762985187601E+04    0.280532615075941205E+01   -0.562049768610938472E+00    0.531928405883022815E+00    0.104293045368332371E+01    0.288923887716790118E+01   -0.222289336473025010E+02   -0.404351988344348001E+01   -0.802467258116110315E+04   -0.935195633965035533E+01    1
    0.236729615144575109E+04    0.336505401750147026E+01   -0.599448264984541401E+00    0.611159244859385442E+00    0.103260499023219876E+01    0.298594786606539575E+01   -0.776412911691915752E+01    0.420019819076265861E+02   -0.787621715873167796E+04   -0.937195633965035491E+01    1
    0.254604496790199119E+04    0.392979837114801089E+01   -0.351258100955537833E+00    0.476929920666200990E+00    0.104145120084309095E+01    0.249321545931036948E+01    0.288109719440586787E+02   -0.426558531123358620E+02   -0.785194310604769817E+04   -0.939195633965035448E+01    1
    0.230812389237517709E+04    0.456188144676333796E+01   -0.486895689639245233E+00    0.632563670049198556E+00    0.104384280397687501E+01    0.292144930812259140E+01   -0.126256623948307833E+01    0.296593090894696161E+02   -0.779433680515921878E+04   -0.941195633965035405E+01    1
    0.228778770535710646E+04    0.472110153382927855E+01   -0.497666224268537460E+00    0.554650030529891591E+00    0.103733286506808997E+01    0.296541213530805958E+01   -0.116423763927369421E+02    0.412605947417140015E+02   -0.777788102028226331E+04   -0.943195633965035363E+01    1
    0.237556587948620063E+04    0.366231413717855636E+01   -0.445623900364083281E+00    0.424197393741146067E+00    0.102590541000442270E+01    0.278775052630013764E+01    0.288736593772653549E+02   -0.303630036380544475E+02   -0.776341596367978946E+04   -0.945195633965035498E+01    1
    0.229602108579141668E+04    0.462125579602297254E+01   -0.475330808103153646E+00    0.583648429321747653E+00    0.102126354741855030E+01    0.299257445846902526E+01   -0.356542234031317378E+02    0.697907755424370890E+01   -0.771970727552541848E+04   -0.947195633965035810E+01    1
    0.232098749928295638E+04    0.421772549697088728E+01   -0.576439190811356417E+00    0.592922870996318130E+00    0.102457391401222520E+01    0.296326653226966386E+01   -0.380678081362175078E+02    0.310364246964558532E+02   -0.762380051636279677E+04   -0.949195633965035945E+01    1
    0.241426523291346166E+04    0.393048665782713735E+01   -0.453267217636413200E+00    0.669290336235705108E+00    0.102444690682981299E+01    0.272976060370646501E+01   -0.234247538325286442E+02    0.223681716242954423E+02   -0.761083033376053572E+04   -0.951195633965035725E+01    1
    0.232566860171187000E+04    0.410482012603988977E+01   -0.450717217190804265E+00    0.411471393035895361E+00    0.104458104217051395E+01    0.285465882156913064E+01    0.654490142025648680E+01   -0.154653015630869319E+02   -0.757346084725467426E+04   -0.953195633965035860E+01    1
    0.241954397902785968E+04    0.426359803331261311E+01   -0.314971770218499481E+00    0.420764833412707207E+00    0.104593095677894299E+01    0.277774466149020061E+01   -0.107058374200187387E+02    0.126816885705587339E+02   -0.740494247345158237E+04   -0.955195633965035817E+01    1
    0.253374089956295802E+04    0.423274326880933316E+01   -0.389666074694657472E+00    0.446334077783086480E+00    0.104347081852835166E+01    0.251270581706408835E+01   -0.105771981413695926E+00   -0.277051687278312642E+01   -0.718053211842186647E+04   -0.957195633965035775E+01    1
    0.230987779302795980E+04    0.435122657883001906E+01   -0.331354233039529378E+00    0.666846773995156350E+00    0.103937607432888202E+01    0.290081644392966442E+01   -0.227474544568277253E+02    0.431195604744433751E+02   -0.717535573324388770E+04   -0.959195633965035732E+01    1
    0.246658326275716900E+04    0.469598839358992493E+01   -0.474720425275256375E+00    0.339564645788827779E+00    0.104791441070126479E+01    0.265633842312279533E+01    0.130879711152542271E+02    0.365015084851623328E+02   -0.711798154140179759E+04   -0.961195633965035867E+01    1
    0.229303623652054284E+04    0.502220915467086382E+01   -0.417289588914645571E+00    0.530325810211744075E+00    0.102608687474248828E+01    0.298598177132770104E+01   -0.366529570385514418E+02   -0.147794424223325862E+02   -0.701774525759930657E+04   -0.963195633965035825E+01    1
    0.248532172528381761E+04    0.443672598456628720E+01   -0.527355373068531419E+00    0.536820971649550005E+00    0.103020620951839037E+01    0.264497992464415921E+01    0.236506149001866248E+02    0.467698652364038026E+02   -0.696272077845141939E+04   -0.965195633965035960E+01    1
    0.251852924530502878E+04    0.454565425901598985E+01   -0.517297426923432280E+00    0.362142077146670738E+00    0.102090877877638064E+01    0.255893335078969564E+01   -0.100098610787652262E+02    0.131012587238647171E+02   -0.695605823610379321E+04   -0.967195633965035739E+01    1
    0.250169780797075464E+04    0.437138321147449815E+01   -0.286328360729181886E+00    0.347633471932933535E+00    0.102965729231182346E+01    0.262706193648620001E+01   -0.222770611028611114E+02    0.419510885303989767E+01   -0.694696128690231671E+04   -0.969195633965035697E+01    1
    0.234999955098729424E+04    0.442515230152717187E+01   -0.474697855823536352E+00    0.619490612738915258E+00    0.103523847769016486E+01    0.283559594669548387E+01    0.188411239550477490E+02    0.205988704509468050E+02   -0.692625374097441454E+04   -0.971195633965035654E+01    1
    0.245629403740131966E+04    0.378786488391050735E+01   -0.476950745114283536E+00    0.386802538206342472E+00    0.102212182047621569E+01    0.265557215288762283E+01    0.344526307950944783E+02    0.112312348578376557E+02   -0.691606548333404498E+04   -0.973195633965035789E+01    1
    0.239291369214212455E+04    0.480020339145359287E+01   -0.539038953595059267E+00    0.580195685533061667E+00    0.104568770866770655E+01    0.279551248955627329E+01    0.157067703474980078E+02    0.286331982725651102E+02   -0.690175087117348994E+04   -0.975195633965035746E+01    1
    0.242062520401510574E+04    0.427008173113662259E+01   -0.529003695810120744E+00    0.618896545916254537E+00    0.102811296906064964E+01    0.272071506659790918E+01    0.161749777156070706E+02   -0.172757523709068366E+02   -0.683284895613893332E+04   -0.977195633965035526E+01    1
    0.248698925124221478E+04    0.464820957108643285E+01   -0.490921839508207225E+00    0.312460810466675176E+00    0.102344917873369834E+01    0.263052874601175679E+01   -0.105363709282050451E+02    0.399603937090299439E+02   -0.679580999114340375E+04   -0.979195633965035661E+01    1
    0.240529055991428277E+04    0.409059127245394016E+01   -0.525597273266465437E+00    0.566335776776583089E+00    0.104888412017360744E+01    0.283825977459694068E+01    0.407744056334081080E+02   -0.190277927214349987E+02   -0.668271129126115011E+04   -0.981195633965035796E+01    1
    0.249922307773692319E+04    0.449619073305873940E+01   -0.529701076714421681E+00    0.356311961704097180E+00    0.104900360741997800E+01    0.253661591388329111E+01   -0.593624157556762100E+01    0.646864568762657655E+01   -0.655203633678919050E+04   -0.983195633965035753E+01    1
    0.248473192680715738E+04    0.350431718960690475E+01   -0.506335087423477548E+00    0.654860557010961908E+00    0.103599948869643965E+01    0.266120244166380759E+01    0.209692059055769704E+02    0.973504720353876252E+01   -0.654027117939960499E+04   -0.985195633965035888E+01    1
    0.234233398765939910E+04    0.486186801225175014E+01   -0.574341189517528883E+00    0.407116874368782078E+00    0.103800214053192819E+01    0.283612561076143743E+01    0.380944161905383396E+02   -0.211962807197114955E+02   -0.644261142035131797E+04   -0.987195633965036023E+01    1
    0.244905950776704140E+04    0.391574671088925763E+01   -0.343637726462437454E+00    0.585207636360894456E+00    0.102408639028286652E+01    0.264419197362537606E+01   -0.770061557983338929E+01   -0.447023584265836860E+01   -0.641218955739926787E+04   -0.989195633965035981E+01    1
    0.231803421616285777E+04    0.303386876707393682E+01   -0.583603054337984650E+00    0.626541903099021580E+00    0.104493380648710121E+01    0.293178589324383942E+01   -0.305786461739463036E+02    0.245925095738066091E+02   -0.635105467455004964E+04   -0.991195633965035761E+01    1
    0.232880716301780103E+04    0.491489392392094970E+01   -0.514660954355906752E+00    0.498372015061794016E+00    0.103479655334081322E+01    0.288292606141493790E+01    0.437190240178155562E+02    0.188611059011307134E+02   -0.631609403017018121E+04   -0.993195633965035718E+01    1
    0.245407887396133037E+04    0.434258256953174371E+01   -0.474751520475462374E+00    0.479930534156864264E+00    0.101001554722941145E+01    0.269383650930160456E+01    0.330403116922042557E+02    0.207534333539944953E+02   -0.631371232774104828E+04   -0.995195633965035853E+01    1
    0.254342174705707293E+04    0.454928956454835642E+01   -0.363682306096214769E+00    0.531506947500342108E+00    0.104701051229102227E+01    0.246613892896333109E+01    0.442536003104258668E+02    0.163675496912111669E+02   -0.623699143963091137E+04   -0.997195633965035810E+01    1
    0.245384673250130618E+04    0.405561597981963473E+01   -0.479139802621489364E+00    0.315702997017370757E+00    0.104459970746565634E+01    0.269187887614341248E+01   -0.234827108805286073E+02   -0.187647081352941711E+02   -0.618037160163267981E+04   -0.999195633965035945E+01    1
    0.246912397688700048E+04    0.449936814052602418E+01   -0.434222275197416185E+00    0.318576877361943345E+00    0.104084809092528818E+01    0.264239638406151744E+01   -0.255650982811140111E+02    0.475056383979324863E+02   -0.611953334874316624E+04   -0.100119563396503626E+02    1
    0.243104663381933278E+04    0.365511416197901484E+01   -0.407527150957932682E+00    0.492853276727146183E+00    0.104717595649022166E+01    0.266757918332155786E+01    0.291095403618908790E+02   -0.143474264904646418E+02   -0.609820125389354871E+04   -0.100319563396503622E+02    1
    0.234045632363975710E+04    0.390813827216088860E+01   -0.327173164947455297E+00    0.563087267688500814E+00    0.103206733120105798E+01    0.299809903279220213E+01    0.202836556879260854E+01    0.291249903117744395E+02   -0.608288606381097270E+04   -0.100519563396503600E+02    1
    0.240107767877660808E+04    0.439372701646985497E+01   -0.300827596738582725E+00    0.373734513995790829E+00    0.101401920120506106E+01    0.270791307017421623E+01    0.325891269855582095E+02    0.299624268569526038E+02   -0.606676758644565416E+04   -0.100719563396503577E+02    1
    0.236150948185966945E+04    0.330537975032880649E+01   -0.548253168116892176E+00    0.527875754585397483E+00    0.102859793913580222E+01    0.298262239133459328E+01   -0.459212625555941187E+02    0.673571023320782558E+00   -0.605375032545053364E+04   -0.100919563396503591E+02    1
    0.236435136423524227E+04    0.486122860610062979E+01   -0.494832498431883649E+00    0.532592175540417601E+00    0.103676279470757371E+01    0.279666637985620392E+01   -0.291640814784875602E+01    0.274522308600670755E+02   -0.603302408019762424E+04   -0.101119563396503640E+02    1
    0.232355409207505227E+04    0.485980845341554613E+01   -0.475854532701666777E+00    0.473002956576369038E+00    0.103402424132567261E+01    0.287630029345079130E+01   -0.363728216048216240E+02    0.843169854535597807E+01   -0.603152274584973929E+04   -0.101319563396503618E+02    1
    0.246453203904216753E+04    0.444724146864816561E+01   -0.342277779770986224E+00    0.310688693985412268E+00    0.103394216822658280E+01    0.261020431719753221E+01    0.205120383132089614E+02    0.228941297122694039E+02   -0.592697332567599460E+04   -0.101519563396503578E+02    1
    0.248294358657391149E+04    0.383302788665461991E+01   -0.384435657787678520E+00    0.525979826974194986E+00    0.102876445543045270E+01    0.262572137350397705E+01    0.177636576754642448E+02   -0.119121241738386772E+02   -0.585890217059942097E+04   -0.101719563396503592E+02    1
    0.232278512008054213E+04    0.469875906842415070E+01   -0.306874709073488128E+00    0.402991901122773943E+00    0.101755658392921111E+01    0.298925363637728037E+01    0.174029867027163903E+02    0.548851269982358048E+01   -0.575833266799240755E+04   -0.101919563396503605E+02    1
    0.237448392003096660E+04    0.357942737340954542E+01   -0.563466351454401160E+00    0.383917725010506306E+00    0.101605891680009508E+01    0.293755604891056343E+01   -0.272128082180608573E+02    0.247044764250309186E+02   -0.572206810832438168E+04   -0.102119563396503601E+02    1
    0.227733590983146860E+04    0.495446709161618415E+01   -0.346595419341569344E+00    0.446136039024078002E+00    0.104508281375159973E+01    0.295872341121611182E+01    0.375219607779285695E+02    0.842325272736152897E+01   -0.570755410960872268E+04   -0.102319563396503597E+02    1
    0.236736654177641049E+04    0.421546829978519977E+01   -0.347876044442244403E+00    0.402623375129198990E+00    0.102402536918803455E+01    0.278731868602479382E+01    0.373251794343096606E+02   -0.151406991052669113E+02   -0.567056200628772513E+04   -0.102519563396503592E+02    1
    0.238210490161035705E+04    0.336769681750746175E+01   -0.498998552052069333E+00    0.452262147264312131E+00    0.102099124349336035E+01    0.292097167816798553E+01   -0.931593196211364472E+01   -0.971598181177176912E+01   -0.565444539143587735E+04   -0.102719563396503624E+02    1
    0.243957530353927814E+04    0.351334844762457132E+01   -0.444187799454902221E+00    0.385088302549747685E+00    0.103093327089779452E+01    0.271260626064802945E+01   -0.421105407302971670E+02   -0.375435781997881577E+02   -0.564580399655133624E+04   -0.102919563396503619E+02    1
    0.246621657787145705E+04    0.405502937740462421E+01   -0.506647454230827354E+00    0.378689792805922687E+00    0.104469162262836668E+01    0.263690371062271378E+01    0.318275351280770025E+01    0.327974633245725045E+02   -0.564377194475098804E+04   -0.103119563396503597E+02    1
    0.246658178077210141E+04    0.422784639305835430E+01   -0.550825096573585693E+00    0.304336377234271316E+00    0.103270312516302076E+01    0.265281208367126853E+01    0.170276130902929879E+02    0.259364359547811603E+02   -0.562919939146444813E+04   -0.103319563396503593E+02    1
    0.241544034562733259E+04    0.414559075506663710E+01   -0.471299791962884462E+00    0.459725476662166399E+00    0.101085750905409300E+01    0.278973883301114434E+01    0.335044510486493863E+01    0.201981746659930081E+02   -0.562697441792138306E+04   -0.103519563396503589E+02    1
    0.237014739119805017E+04    0.405416925408513684E+01   -0.453367212240642137E+00    0.428801444560238609E+00    0.103055654921385398E+01    0.280147915737936160E+01   -0.238099961876895456E+02    0.981639420724126666E+01   -0.562274531635898347E+04   -0.103719563396503585E+02    1
    0.246298678026767448E+04    0.465689750451715767E+01   -0.357896615989596156E+00    0.504729445876072602E+00    0.102397007184034616E+01    0.265113132847126964E+01    0.140126668049716159E+02    0.121482255271873072E+02   -0.556710076035410930E+04   -0.103919563396503580E+02    1
    0.245965947059389055E+04    0.418897836191012107E+01   -0.502752009899375407E+00    0.304162250320394789E+00    0.103270241901513526E+01    0.266535762056075853E+01   -0.332730345899024300E+02   -0.304508689924409346E+02   -0.551911592781041782E+04   -0.104119563396503576E+02    1
    0.240690009020899197E+04    0.406337372349183390E+01   -0.577092582985518354E+00    0.576064992303018775E+00    0.103566336083566934E+01    0.282600632906892590E+01    0.210652227060647874E+02    0.275116437887769507E+02   -0.551901440743118019E+04   -0.104319563396503590E+02    1
    0.248377544579624373E+04    0.464910916228284332E+01   -0.300727815299277723E+00    0.437921030082402574E+00    0.104344727705199025E+01    0.253467901249614824E+01    0.399579899780701879E+02    0.254208203570384796E+02   -0.548403236694456427E+04   -0.104519563396503603E+02    1
    0.239949179411872319E+04    0.299129536793545991E+01   -0.530109185221768975E+00    0.370369588341070199E+00    0.102412330390309214E+01    0.287573311580474122E+01    0.255760285043696172E+02   -0.172495709426313582E+02   -0.544668799937722633E+04   -0.104719563396503599E+02    1
    0.233305848782551584E+04    0.460141175615730091E+01   -0.325981975821527437E+00    0.565309202485256401E+00    0.101107609046997005E+01    0.289481272102986065E+01   -0.132310107543587492E+02    0.107524225671607354E+02   -0.542801846788445255E+04   -0.104919563396503612E+02    1
    0.238693654325043735E+04    0.352211060442821999E+01   -0.502555950707906263E+00    0.670851469634355935E+00    0.103791235606527810E+01    0.288640464988711765E+01    0.960203715813690906E+00    0.347704856708731000E+02   -0.542110471252517800E+04   -0.105119563396503608E+02    1
    0.243814413154360000E+04    0.378185825334823189E+01   -0.444284676162925107E+00    0.439575336610462553E+00    0.102918912994401479E+01    0.269695993749358731E+01    0.127485420426421214E+02    0.485540496545051212E+02   -0.539598013158622507E+04   -0.105319563396503586E+02    1
    0.244911419604958883E+04    0.440678062059603803E+01   -0.447477894302183210E+00    0.390594061507309076E+00    0.101353401040874846E+01    0.267542369685674464E+01   -0.260703516947770382E+02   -0.232329606443409631E+01   -0.537835951952293090E+04   -0.105519563396503617E+02    1
    0.230519592364198888E+04    0.370185296293932309E+01   -0.534424044474251403E+00    0.375810440164314530E+00    0.103595182170929512E+01    0.297092378778755384E+01   -0.295920969163457173E+02    0.304076456734914586E+02   -0.536188328322867801E+04   -0.105719563396503577E+02    1
    0.235742247955960511E+04    0.333558486642337826E+01   -0.310786775691483663E+00    0.691003052588919919E+00    0.103444270565560803E+01    0.295436084733302806E+01   -0.246096654463343114E+02   -0.212269595757467968E+02   -0.535963162472226031E+04   -0.105919563396503609E+02    1
    0.244169467445879400E+04    0.449060976247899024E+01   -0.305037496936865049E+00    0.400860945897736576E+00    0.103903988098016065E+01    0.262126186108805737E+01   -0.195088484233680752E+02    0.142002102194918223E+02   -0.529499015124364269E+04   -0.106119563396503622E+02    1
    0.239807784417320045E+04    0.302420801010148077E+01   -0.449669648605479144E+00    0.571850790202364401E+00    0.103612682459809391E+01    0.287040804298663588E+01    0.456616453791601629E+02   -0.121355418114763580E+01   -0.528165231572370067E+04   -0.106319563396503600E+02    1
    0.239116831634399205E+04    0.433923903218498808E+01   -0.398643585618913054E+00    0.318050929015171402E+00    0.102596801887502087E+01    0.274545088113618219E+01   -0.119399659817014623E+02   -0.165372186518138662E+02   -0.524960779445696426E+04   -0.106519563396503596E+02    1
    0.236752226738143963E+04    0.337503065855476647E+01   -0.356938649159015742E+00    0.466609155545101795E+00    0.103369955848089634E+01    0.282393531965647693E+01    0.187633798662669449E+02    0.206892310455706792E+02   -0.524756491005969383E+04   -0.106719563396503592E+02    1
    0.233795686183121006E+04    0.296784016792412508E+01   -0.414100895622233178E+00    0.658600205676168726E+00    0.102909850839039385E+01    0.292938860883499563E+01   -0.378497581590686494E+02   -0.328280747672151421E+02   -0.524087990002869174E+04   -0.106919563396503587E+02    1
    0.245912411206952083E+04    0.401728180311498662E+01   -0.327165673547564873E+00    0.447170132256955899E+00    0.103753602972540571E+01    0.264961821306471101E+01    0.433911239307583685E+00   -0.856004658108169991E+01   -0.521105214218437413E+04   -0.107119563396503583E+02    1
    0.236105783221423917E+04    0.516003671252726637E+01   -0.314594214733737887E+00    0.316435804173825164E+00    0.102046259389051830E+01    0.276978044294062320E+01   -0.754386408641020978E+01   -0.338941120624184862E+02   -0.513970277426002940E+04   -0.107319563396503597E+02    1
    0.242925631473153680E+04    0.431973534261208947E+01   -0.373680890030686219E+00    0.396060950556312852E+00    0.104738165711943543E+01    0.265862055029661537E+01    0.329824099839655958E+02    0.839637672087047804E+01   -0.513452949109536439E+04   -0.107519563396503610E+02    1
    0.232320958167924618E+04    0.353412700177517802E+01   -0.566489865332963527E+00    0.356264249184213733E+00    0.104960033901474592E+01    0.292460293805894977E+01   -0.254217055141301245E+02   -0.109148555446073914E+01   -0.508673130794832923E+04   -0.107719563396503588E+02    1
    0.234055148704725889E+04    0.408891640500003550E+01   -0.389003157904403540E+00    0.638133953512374230E+00    0.102676909780758852E+01    0.291525395788516750E+01   -0.293470192445182896E+02    0.185326696542545903E+02   -0.507677719472060289E+04   -0.107919563396503584E+02    1
    0.245509410548518963E+04    0.474988015135661534E+01   -0.429539597578558308E+00    0.311746051454285911E+00    0.102580669113682954E+01    0.264575815365793421E+01   -0.946703186758067261E+01    0.373441880119389680E+02   -0.501840403338774013E+04   -0.108119563396503615E+02    1
    0.240337497569482093E+04    0.461261653697467189E+01   -0.558075221935425692E+00    0.494011702255341634E+00    0.104808668709687058E+01    0.272705821505650192E+01    0.250438276987390083E+02   -0.718025642750362181E+00   -0.501082032256490675E+04   -0.108319563396503646E+02    1
    0.238478498753389022E+04    0.337033116064089899E+01   -0.453695882990483246E+00    0.372658651272563146E+00    0.103666076768356530E+01    0.288563889857043154E+01    0.297208241339037045E+02    0.426928148115258921E+00   -0.500994658886810248E+04   -0.108519563396503624E+02    1
    0.235160759688420694E+04    0.449672558016823576E+01   -0.300705462644007215E+00    0.631509701466070661E+00    0.102103942282699878E+01    0.287244291226534898E+01    0.825956847928927829E+01    0.386505675622327232E+02   -0.493871629009128992E+04   -0.108719563396503620E+02    1
    0.234793017849049374E+04    0.383497884099487063E+01   -0.329572887879357013E+00    0.454462762860146419E+00    0.103924387946818464E+01    0.283716260341124160E+01    0.582853805149651549E+01   -0.263528781782282842E+02   -0.492952822146941162E+04   -0.108919563396503634E+02    1
    0.243737077539850816E+04    0.423270284675728359E+01   -0.410185783774281387E+00    0.313738375721879070E+00    0.101853799632875752E+01    0.271676715824221571E+01   -0.113915500433470243E+02    0.373948822051290932E+02   -0.490665041821760042E+04   -0.109119563396503629E+02    1
    0.237450258130114571E+04    0.375427965207127956E+01   -0.575805675550164819E+00    0.608584836571942622E+00    0.103260294487138515E+01    0.286525724947437288E+01   -0.265233390729432266E+02    0.190458580652127978E+02   -0.490600188820864787E+04   -0.109319563396503607E+02    1
    0.238331981513952633E+04    0.296104471091710053E+01   -0.427809979268312102E+00    0.420814562279475335E+00    0.101986345364011233E+01    0.289159655588483400E+01   -0.329932354856050338E+02    0.167052580105756476E+02   -0.487496575658946858E+04   -0.109519563396503621E+02    1
    0.242855372500157227E+04    0.325560134603789653E+01   -0.380511986854605078E+00    0.548069274338729762E+00    0.104945468989654622E+01    0.273877270032014541E+01    0.333774725177356402E+02    0.296135900051682057E+02   -0.484436907806622276E+04   -0.109719563396503617E+02    1
    0.235046771006931067E+04    0.283818301199069722E+01   -0.367228889760375710E+00    0.594540293952280363E+00    0.104675436425541379E+01    0.297224640983155552E+01   -0.367832610374856088E+02   -0.352106458031049385E+01   -0.483017002968447650E+04   -0.109919563396503612E+02    1
    0.238336846640334761E+04    0.409962074146851663E+01   -0.318893102101291126E+00    0.562563592941121238E+00    0.101467383494983809E+01    0.285655548835571693E+01   -0.157178152558731767E+02    0.791525461750548232E+01   -0.481620918367435024E+04   -0.110119563396503608E+02    1
    0.242894843644883076E+04    0.428207933462690793E+01   -0.474827609561347841E+00    0.587416257060913938E+00    0.103656725100933578E+01    0.272987322486471218E+01   -0.145060654059754981E+02    0.295454383789768400E+02   -0.480063800949644610E+04   -0.110319563396503604E+02    1
    0.240890658454766799E+04    0.284153939608417438E+01   -0.440281371430950086E+00    0.542343479747515622E+00    0.104625998229827433E+01    0.280453644740463215E+01    0.816338940945527014E+01    0.196308848317954983E+02   -0.475924237014841947E+04   -0.110519563396503617E+02    1
    0.242089584817937339E+04    0.375846073714587714E+01   -0.393319363116495180E+00    0.492383208183562848E+00    0.102481180347026490E+01    0.277710544546983407E+01    0.298990780297371543E+02   -0.312821467191279012E+02   -0.474422152463886596E+04   -0.110719563396503613E+02    1
    0.235430440337410937E+04    0.429068015225300048E+01   -0.325048240390701237E+00    0.570739067292228119E+00    0.103384523613215928E+01    0.281350006350864446E+01   -0.232235548895381072E+01    0.523675840329089937E+01   -0.471316852741425828E+04   -0.110919563396503609E+02    1
    0.234972361024966267E+04    0.446589278110623944E+01   -0.361364870266917992E+00    0.437017495595777072E+00    0.104777480661465994E+01    0.280040384150485577E+01   -0.317623169952082591E+02   -0.481917165647109158E+02   -0.470872654027835870E+04   -0.111119563396503622E+02    1
    0.237049868109406088E+04    0.365016052306475069E+01   -0.371637533997482672E+00    0.503927923861605676E+00    0.104777021119691405E+01    0.279583091925760341E+01    0.178101651236195977E+02    0.781474309151035840E+01   -0.468360909982323847E+04   -0.111319563396503654E+02    1
    0.241047268983868526E+04    0.400158958943651477E+01   -0.307525290004041552E+00    0.383553000496773377E+00    0.102552092820762808E+01    0.273388407136950962E+01   -0.372787320383380276E+02    0.299611013813434681E+02   -0.468124190792476202E+04   -0.111519563396503649E+02    1
    0.233167461270184458E+04    0.382991209668120058E+01   -0.488139780895868070E+00    0.652073934723107596E+00    0.103501543968783261E+01    0.294924666398423074E+01    0.748295018619421626E+01    0.109304356131366021E+02   -0.462885688525496698E+04   -0.111719563396503645E+02    1
    0.233093494518695479E+04    0.272050764272700274E+01   -0.518022748784284004E+00    0.522915304184841223E+00    0.104853393286460506E+01    0.292924386413980820E+01   -0.121054748906470238E+02   -0.103679873737963817E+02   -0.462857764531343309E+04   -0.111919563396503658E+02    1
    0.236951460798288235E+04    0.257186439750327756E+01   -0.557650479426943235E+00    0.422883810066421506E+00    0.103017720204915997E+01    0.292472636495495575E+01   -0.785543025159455510E+00    0.254117507623004855E+02   -0.460008770063029351E+04   -0.112119563396503654E+02    1
    0.242723894793687577E+04    0.437326710542440722E+01   -0.435787825340863411E+00    0.567719013589646715E+00    0.103288349754343511E+01    0.270595850638536817E+01    0.282034126332905686E+02   -0.297503744807981718E+01   -0.458557939383037046E+04   -0.112319563396503614E+02    1
    0.240529594731368525E+04    0.284625287180420816E+01   -0.306735936524125175E+00    0.564107936896183992E+00    0.104761050539425837E+01    0.278260673885945931E+01   -0.274868975334572845E+02   -0.422918199465169593E+02   -0.454628782674228387E+04   -0.112519563396503610E+02    1
    0.241075393247869943E+04    0.424584236884621813E+01   -0.371127196064462261E+00    0.389631051605262790E+00    0.104066011643247647E+01    0.271111382715219662E+01   -0.342885284243657367E+02   -0.144723834024942164E+02   -0.453791190720953182E+04   -0.112719563396503606E+02    1
    0.233241024708555506E+04    0.450794540613334327E+01   -0.356825871462848498E+00    0.547671575481403328E+00    0.103672249300285046E+01    0.286056368017873375E+01   -0.479699506169444021E+02    0.103689399174218053E+02   -0.450878302458000962E+04   -0.112919563396503602E+02    1
    0.232765572574923362E+04    0.468431769301277612E+01   -0.360541749689383795E+00    0.534724144381016675E+00    0.103166482800969228E+01    0.293274401976959487E+01   -0.453400120261373658E+02   -0.465878751393519437E+02   -0.447667082460584152E+04   -0.113119563396503633E+02    1
    0.241248756247155507E+04    0.475169791621648141E+01   -0.417114197963510791E+00    0.530644782649073110E+00    0.104797199774551220E+01    0.269822554400858561E+01   -0.136064456547628083E+02    0.120263138947361625E+01   -0.442730398492072072E+04   -0.113319563396503629E+02    1
    0.233162033099161727E+04    0.487178793131847154E+01   -0.389869133481943075E+00    0.397609052479610092E+00    0.103970899974537079E+01    0.284852019700204107E+01   -0.331701982407217173E+02   -0.462928616207792984E+02   -0.442173192626041964E+04   -0.113519563396503624E+02    1
    0.236912460801643374E+04    0.440549930247065014E+01   -0.425034356310719896E+00    0.517717914673478941E+00    0.104027868137794410E+01    0.278879306035966312E+01   -0.273022708051056497E+02    0.172953945938873375E+02   -0.441070333153652700E+04   -0.113719563396503602E+02    1
    0.242517944291632466E+04    0.485969697486020102E+01   -0.263654122903950350E+00    0.520321629230756200E+00    0.102952277828898286E+01    0.285300150850577472E+01   -0.401954551352105440E+02    0.103271369098407035E+02   -0.440548891903057029E+04   -0.113919563396503616E+02    1
    0.240691728205251184E+04    0.323250903256411615E+01   -0.574290243839076675E+00    0.516248547491863441E+00    0.103948079251470005E+01    0.281016400531116384E+01    0.226304868052584851E+01    0.322357977318722817E+02   -0.434998365858886245E+04   -0.114119563396503612E+02    1
    0.241675575366121757E+04    0.444233731425801004E+01   -0.343840595197402843E+00    0.333329848007346108E+00    0.101411832189581697E+01    0.272428673986387615E+01    0.177831246735105708E+02   -0.136758962191576217E+01   -0.427134923337301370E+04   -0.114319563396503625E+02    1
    0.236864823139774398E+04    0.303542870808756149E+01   -0.508685253936216109E+00    0.579583073492106138E+00    0.104893445393399043E+01    0.291918045095078327E+01   -0.834802058439647254E+01    0.473943324254485958E+02   -0.426586091626982125E+04   -0.114519563396503639E+02    1
    0.236644203534494181E+04    0.407156057905493363E+01   -0.284586846175079289E+00    0.621717382046718448E+00    0.102317696228816812E+01    0.292698391508718148E+01   -0.300809419636359650E+02    0.214920101754226778E+02   -0.426039282528938656E+04   -0.114719563396503617E+02    1
    0.236188546675356838E+04    0.336459516353485455E+01   -0.323235429002875996E+00    0.480960820604861228E+00    0.102195691835171587E+01    0.287361370335803779E+01    0.162147239423851204E+02   -0.178005914590001524E+02   -0.425390619196460375E+04   -0.114919563396503612E+02    1
    0.244860712658097054E+04    0.356780999916534203E+01   -0.435470198194358726E+00    0.630495670760196192E+00    0.104955870383919025E+01    0.267766822598408316E+01   -0.352110306627314671E+02    0.524239598631580606E+01   -0.423539608295915514E+04   -0.115119563396503626E+02    1
    0.234040371515478091E+04    0.341002961961347317E+01   -0.508553633124250171E+00    0.488258481679751166E+00    0.102275335595007255E+01    0.297702239198667984E+01    0.561685061766249305E+01   -0.338352303164563821E+02   -0.421891256024687573E+04   -0.115319563396503639E+02    1
    0.235565094808510457E+04    0.487221482675224404E+01   -0.386863190133333923E+00    0.307020857755005538E+00    0.102126426094864464E+01    0.280321555471916017E+01   -0.938419367458863007E+01   -0.488557137410110371E+02   -0.421622203827942485E+04   -0.115519563396503635E+02    1
    0.240210732330605833E+04    0.368607625868995470E+01   -0.468402043331952900E+00    0.487955739343261419E+00    0.102941363889437154E+01    0.280470633981633366E+01    0.414779713468416418E+02    0.561185512554918375E+01   -0.419613840060549774E+04   -0.115719563396503631E+02    1
    0.241535647486464632E+04    0.344037866486701471E+01   -0.486468888136934563E+00    0.528186890746307536E+00    0.104392639480676408E+01    0.277281657005796189E+01   -0.245177046499703906E+02   -0.478302035554160980E+02   -0.419110288926695193E+04   -0.115919563396503627E+02    1
    0.236781906661135145E+04    0.280721410420007977E+01   -0.474906766480317710E+00    0.681797612845331136E+00    0.103529585113859812E+01    0.291804962483007824E+01    0.331602812851611475E+02   -0.116115560403504929E+02   -0.417652214950377129E+04   -0.116119563396503622E+02    1
    0.241157797191135933E+04    0.371825355358242682E+01   -0.303625575642790912E+00    0.506588579226173064E+00    0.103051141021073578E+01    0.274881075985395418E+01   -0.144752900991024589E+02    0.466772309641982162E+02   -0.414792019991689176E+04   -0.116319563396503636E+02    1
    0.237979632881042471E+04    0.302181770225213286E+01   -0.396249934535927828E+00    0.497540259570893428E+00    0.102997777249777256E+01    0.286111740561828620E+01    0.436577809451891596E+01   -0.194794127936852348E+02   -0.414654507917948104E+04   -0.116519563396503649E+02    1
    0.229522995421363885E+04    0.425776306052467923E+01   -0.340173208578698483E+00    0.326244623468907924E+00    0.104261084658481074E+01    0.295511079964925960E+01   -0.781876870358571097E+01   -0.243883272062734626E+02   -0.412737741798747447E+04   -0.116719563396503663E+02    1
    0.240631404988318809E+04    0.314500314988392748E+01   -0.336932130354440695E+00    0.611937693731869903E+00    0.103492911463696702E+01    0.278541001944872191E+01   -0.578124979988790955E+01    0.316559406525686882E+01   -0.410449350545064499E+04   -0.116919563396503641E+02    1
    0.236174678441782817E+04    0.323192629137689025E+01   -0.465554495850280636E+00    0.529691965891694760E+00    0.102977779971390015E+01    0.289412828078654227E+01   -0.494342309967785809E+02    0.346743497718947538E+02   -0.402503629996665359E+04   -0.117119563396503636E+02    1
    0.237920326313103578E+04    0.384213120381074846E+01   -0.369372353826269817E+00    0.330531304725036834E+00    0.103050469708309400E+01    0.282295103013850568E+01   -0.180902822050146419E+02    0.364424242767321971E+02   -0.402357771677389746E+04   -0.117319563396503650E+02    1
    0.237408624026764664E+04    0.406776965688014158E+01   -0.502944496163522103E+00    0.480415760187884011E+00    0.103017671361522489E+01    0.287689392081649897E+01   -0.350061725827650960E+02    0.185535726163779913E+01   -0.393964121072611351E+04   -0.117519563396503663E+02    1
    0.238796399155949348E+04    0.320148328338530952E+01   -0.327398857061379556E+00    0.551688284506821169E+00    0.102971500613224354E+01    0.283462109597785616E+01   -0.438809629636224656E+02    0.328524815387315527E+01   -0.392766975199069020E+04   -0.117719563396503641E+02    1
    0.234215127890922804E+04    0.409881584427129564E+01   -0.471949283512051343E+00    0.536417514306724241E+00    0.103271332021814644E+01    0.290425249747521930E+01    0.943862627906699458E+01   -0.451853196216872561E+02   -0.392585840183819528E+04   -0.117919563396503619E+02    1
    0.235285332343988830E+04    0.315261446341880713E+01   -0.597358522239346823E+00    0.520240953169840759E+00    0.104059853622286491E+01    0.290572797912943104E+01    0.946725809722650524E+00    0.298871002968196109E+02   -0.386598166548213612E+04   -0.118119563396503633E+02    1
    0.235864160585968784E+04    0.464874280346950730E+01   -0.315044815747621498E+00    0.488875357589775072E+00    0.101950872626663602E+01    0.282078038979363788E+01    0.239545208543736692E+02   -0.189164630920971462E+02   -0.385686180981984671E+04   -0.118319563396503664E+02    1
    0.240269444184354870E+04    0.346344891512717412E+01   -0.505672348169730834E+00    0.616409195998247394E+00    0.104232637748057799E+01    0.280789736532023237E+01    0.391010811294446654E+02   -0.678764151042611985E+01   -0.382523454001784603E+04   -0.118519563396503660E+02    1
    0.238120413690823716E+04    0.306034442768274362E+01   -0.302750531614574603E+00    0.561776779640660751E+00    0.103536763181911962E+01    0.283443788576673095E+01   -0.152294872822751941E+02    0.130698219299507912E+01   -0.380926029898813749E+04   -0.118719563396503673E+02    1
    0.234915989055080900E+04    0.399736124484819744E+01   -0.368558390071409558E+00    0.570215079047819651E+00    0.102558227893888687E+01    0.290367819002922234E+01   -0.112954902371904140E+02   -0.418053606278669037E+02   -0.379916778797885900E+04   -0.118919563396503651E+02    1
    0.234667797420939132E+04    0.451691754770689347E+01   -0.464978715534200615E+00    0.315031880504864081E+00    0.102647636461361147E+01    0.293159785108384163E+01   -0.215021989773440296E+02    0.289459661941259441E+02   -0.377558734113447827E+04   -0.119119563396503629E+02    1
    0.236972815665205871E+04    0.371814939969019242E+01   -0.331498987226336472E+00    0.435336511297726547E+00    0.102884809226313001E+01    0.289254209122948103E+01    0.242501184286011551E+02    0.107224845516082610E+02   -0.377303427841893381E+04   -0.119319563396503643E+02    1
    0.231669438731617174E+04    0.393795066131644322E+01   -0.467056307083917766E+00    0.355241402645180504E+00    0.104702108499920765E+01    0.293739433575921183E+01   -0.355357744525504415E+01    0.111609735166581459E+02   -0.375268971477476998E+04   -0.119519563396503639E+02    1
    0.230638869481532311E+04    0.475826857786256951E+01   -0.308219187832304842E+00    0.322118845262307774E+00    0.101456299348593104E+01    0.292532842665839432E+01    0.282117184908048557E+02   -0.101488192280487866E+02   -0.373777243842066855E+04   -0.119719563396503634E+02    1
    0.237594763891585353E+04    0.322578891403556867E+01   -0.491879128796493315E+00    0.501524791107102685E+00    0.103712183046732842E+01    0.287248330889749059E+01   -0.406031908306457723E+02   -0.208997178895820817E+02   -0.371309906006760684E+04   -0.119919563396503648E+02    1
    0.232159655382403844E+04    0.379801675814867412E+01   -0.457588385783858187E+00    0.549636809620144384E+00    0.102816781781374411E+01    0.298937163622251134E+01   -0.344644042162709567E+02   -0.165010453754827822E+02   -0.369491876879789743E+04   -0.120119563396503644E+02    1
    0.235642218455498369E+04    0.396973052684273542E+01   -0.301265485259303301E+00    0.503076151454192155E+00    0.103136004709238582E+01    0.284013539526096181E+01   -0.331980937383882662E+02   -0.464952131592937903E+02   -0.368862118125262532E+04   -0.120319563396503657E+02    1
    0.236868417960884517E+04    0.310511868159393334E+01   -0.334401677517108142E+00    0.552549024718006598E+00    0.104402634004473427E+01    0.284607982445160479E+01    0.368436548794594643E+02   -0.740146909231842187E+01   -0.368432340460285741E+04   -0.120519563396503653E+02    1
    0.236772427545347273E+04    0.482312279511379582E+01   -0.367914783659320510E+00    0.358092510061000735E+00    0.102666339002634310E+01    0.279549153327403621E+01    0.742658186031358269E+01    0.237678910380971331E+02   -0.368194328515199186E+04   -0.120719563396503631E+02    1
    0.234582602086879706E+04    0.279859139040706983E+01   -0.574779757696242566E+00    0.624860081595160377E+00    0.103898123787198959E+01    0.297778270272720658E+01    0.197372380625536437E+02    0.205361203493437472E+01   -0.367118164328994681E+04   -0.120919563396503627E+02    1
    0.242657942759302387E+04    0.414279306780309398E+01   -0.306246674591245716E+00    0.598947545205614107E+00    0.103992337902773757E+01    0.270448401505498914E+01   -0.400016694031521354E+02    0.217415245961004047E+02   -0.367073956861232955E+04   -0.121119563396503640E+02    1
    0.233245907597936548E+04    0.351635155288513968E+01   -0.443988939388164583E+00    0.647981130332786925E+00    0.103410545085661765E+01    0.296185840314052573E+01   -0.441291760677936296E+02    0.365820432393428661E+02   -0.367060438989527483E+04   -0.121319563396503671E+02    1
    0.233521705504689908E+04    0.444054343111825212E+01   -0.452239407711886976E+00    0.384991848474777076E+00    0.102991505277293061E+01    0.295938159933902956E+01   -0.449016169104609730E+02   -0.142542567214356666E+02   -0.366662366268957248E+04   -0.121519563396503685E+02    1
    0.238131132357577508E+04    0.322770024965681523E+01   -0.511299063989034241E+00    0.518368811527629259E+00    0.104692592466564705E+01    0.285329526010787538E+01   -0.434347514943167639E+02   -0.493964612154679870E+02   -0.366412804931992468E+04   -0.121719563396503698E+02    1
    0.233920965014161084E+04    0.283762938041544821E+01   -0.590523002872587854E+00    0.521730015114839962E+00    0.104107934201118457E+01    0.294992573265620583E+01   -0.483427545204040143E+01    0.290036500404657573E+02   -0.365894790902546038E+04   -0.121919563396503694E+02    1
    0.234834346997429930E+04    0.327068782960254900E+01   -0.433098573280732091E+00    0.433339026435020647E+00    0.102727055406175949E+01    0.296285397357966174E+01   -0.453454868837297198E+02   -0.133632601004948199E+02   -0.362751407463842816E+04   -0.122119563396503654E+02    1
    0.238383131195313172E+04    0.387312425010732753E+01   -0.507230400258786074E+00    0.536284664137002487E+00    0.104164492439297951E+01    0.281551945370253476E+01   -0.193242545441418621E+02    0.192388889874027171E+02   -0.361560569132107639E+04   -0.122319563396503632E+02    1
    0.231635283318761503E+04    0.440542823842725007E+01   -0.408040471117252723E+00    0.355795834967102043E+00    0.103560604106372711E+01    0.292012214664850855E+01   -0.435638437440076203E+02    0.149735608695015543E+01   -0.361376794914387028E+04   -0.122519563396503628E+02    1
    0.236613220993646382E+04    0.474918424475183532E+01   -0.369538487719262232E+00    0.397924046693467648E+00    0.103785262679210621E+01    0.279596148240700382E+01   -0.233519840757426884E+02   -0.362295534852138843E+02   -0.361184371792584989E+04   -0.122719563396503641E+02    1
    0.233875955467979202E+04    0.268009784534586126E+01   -0.534779925550780022E+00    0.556220108866348761E+00    0.104911082883718731E+01    0.298417175655115496E+01   -0.437485623759061681E+02    0.362240124003449324E+02   -0.359831015093508677E+04   -0.122919563396503637E+02    1
    0.235190626497101130E+04    0.407628544078023403E+01   -0.361419653602146895E+00    0.310473326656995063E+00    0.101679605885304958E+01    0.288230459512207648E+01   -0.147954503997641567E+02   -0.298190418267966102E+02   -0.359277124446989910E+04   -0.123119563396503633E+02    1
    0.236536958203000268E+04    0.351605374744620836E+01   -0.314841494725308813E+00    0.559244553488594587E+00    0.102487244331620153E+01    0.288636351842971361E+01    0.119008026635649031E+02    0.910625636163111096E+00   -0.358898996694937659E+04   -0.123319563396503646E+02    1
    0.233184545388759170E+04    0.430408148232632026E+01   -0.391823192633057871E+00    0.422378535243969455E+00    0.101573043769513327E+01    0.295051920768925147E+01   -0.454281915301847832E+02   -0.106934397303509741E+02   -0.357083490438087074E+04   -0.123519563396503660E+02    1
    0.232612081015835338E+04    0.358542593954582811E+01   -0.350818508913834259E+00    0.422169118104455066E+00    0.102076446440062507E+01    0.296128458050439614E+01   -0.204853507278548186E+02    0.495874890407101532E+00   -0.355974477056210480E+04   -0.123719563396503656E+02    1
    0.234702049209765573E+04    0.396119323626846409E+01   -0.538552082811866617E+00    0.341283904676513039E+00    0.103467127318887231E+01    0.290202876463161985E+01    0.177616226106708552E+01   -0.260270789512776730E+02   -0.355723971373020595E+04   -0.123919563396503669E+02    1
    0.235672660401358416E+04    0.407091159763747346E+01   -0.397528712989096422E+00    0.461020042379167938E+00    0.102802555279806884E+01    0.286571600673741456E+01   -0.328553621427947817E+02    0.347004123191742337E+02   -0.353957033044276386E+04   -0.124119563396503665E+02    1
    0.235690258092410477E+04    0.393925886253602275E+01   -0.392438039034092578E+00    0.380091643293194614E+00    0.104716598176482267E+01    0.285695225501521755E+01   -0.300711376747187025E+02   -0.258329935800477557E+02   -0.352724484497109961E+04   -0.124319563396503661E+02    1
    0.232788666162242771E+04    0.454927201593636887E+01   -0.397936205960204847E+00    0.350766674969074876E+00    0.103481427798543746E+01    0.295614209768941993E+01    0.209801644675880539E+02   -0.237159858013011160E+02   -0.351325730925776907E+04   -0.124519563396503656E+02    1
    0.237405979424632687E+04    0.470264294647499259E+01   -0.345791515394233751E+00    0.382454310590348734E+00    0.102400737368073202E+01    0.278851455807339343E+01   -0.341805640334000955E+02   -0.312916120517064194E+02   -0.350001309294449129E+04   -0.124719563396503652E+02    1
    0.235301069728341326E+04    0.331634711189202847E+01   -0.557910940855086301E+00    0.541858764391841663E+00    0.104376575565433072E+01    0.289667549888382947E+01    0.140914865976291992E+02   -0.379420609958679478E+02   -0.344740554040697680E+04   -0.124919563396503630E+02    1
    0.233812700401972916E+04    0.344697574424134956E+01   -0.434372188194467435E+00    0.327481173416659777E+00    0.103751456758887772E+01    0.295885565133589346E+01    0.729606625125884989E+01    0.417224502882326789E+02   -0.344337233518577386E+04   -0.125119563396503644E+02    1
    0.234269175689721624E+04    0.428954376939979642E+01   -0.325696197467120474E+00    0.349183009983006776E+00    0.101019369296610351E+01    0.289670988103973359E+01   -0.408418292841892949E+02   -0.378422343364447755E+02   -0.343884037839015537E+04   -0.125319563396503675E+02    1
    0.233867796475504383E+04    0.465514683290724740E+01   -0.416045865033706552E+00    0.363389719532131172E+00    0.102142140448944096E+01    0.288940952736279799E+01   -0.302423835064051438E+02   -0.413923866967380860E+01   -0.343274770771235626E+04   -0.125519563396503688E+02    1
    0.229978492892002214E+04    0.408444121075197319E+01   -0.538490828505962416E+00    0.487348684916201758E+00    0.104636276721833865E+01    0.299581463954095550E+01   -0.263653506444679486E+02    0.582779684205168280E+01   -0.342285256023717966E+04   -0.125719563396503684E+02    1
    0.239975537906504633E+04    0.370411782121046862E+01   -0.375660993699137191E+00    0.558668585767299719E+00    0.104860138562270166E+01    0.277144734159508799E+01   -0.272560338459564839E+02    0.247662899045339202E+02   -0.341529467634820548E+04   -0.125919563396503662E+02    1
    0.232572214914075857E+04    0.332283200873213636E+01   -0.475225977963180335E+00    0.480432702433643444E+00    0.103663792122231979E+01    0.296086560678646116E+01    0.319370482710611441E+02    0.415921453546307447E+02   -0.338812335143247356E+04   -0.126119563396503658E+02    1
    0.233883778783991784E+04    0.414298306479199052E+01   -0.469362969990691159E+00    0.534341557882009210E+00    0.103588969995364222E+01    0.292496252431929049E+01   -0.693696879003810096E+01   -0.451130463809236630E+02   -0.338746291472008852E+04   -0.126319563396503654E+02    1
    0.231857322278020183E+04    0.348577874404360877E+01   -0.338324501965223789E+00    0.437624742580604797E+00    0.104313408037316169E+01    0.294949637170113421E+01   -0.190359535141576401E+02   -0.704800138458053738E+01   -0.338717674789294369E+04   -0.126519563396503649E+02    1
    0.236913742683809596E+04    0.421669672995641509E+01   -0.476873218370467700E+00    0.357630054062128222E+00    0.102877010642516087E+01    0.286629004779987673E+01   -0.326149954845363652E+02   -0.262407279165092042E+02   -0.338596521915072890E+04   -0.126719563396503698E+02    1
    0.236573523216270132E+04    0.262983738306954740E+01   -0.382436236625578241E+00    0.683430398785197069E+00    0.104891824377569898E+01    0.285052125908165799E+01    0.178407217555383539E+02    0.435375147994220839E+02   -0.338200771304935006E+04   -0.126919563396503712E+02    1
    0.236134637993019487E+04    0.471179433060864294E+01   -0.286965524284937712E+00    0.403254209194392921E+00    0.102995274969468786E+01    0.286752822555303544E+01    0.333180377674615897E+02   -0.133515400101530730E+02   -0.336088780155781069E+04   -0.127119563396503672E+02    1
    0.233292358565849918E+04    0.363472339773134179E+01   -0.373929186293328775E+00    0.531006369578490345E+00    0.102571865581964583E+01    0.297870561534832579E+01   -0.453127767573535323E+01    0.759297014164626916E+01   -0.334640258257405821E+04   -0.127319563396503650E+02    1
    0.234220744232013158E+04    0.381252081285719369E+01   -0.313427352721108499E+00    0.326427114132632090E+00    0.103192554117622914E+01    0.293237094399487797E+01   -0.355727501159143102E+02    0.240132396616057520E+02   -0.332159195027211308E+04   -0.127519563396503681E+02    1
    0.236066605080637646E+04    0.376453233536798271E+01   -0.398628252615138901E+00    0.406437937761698342E+00    0.103981497331694728E+01    0.289215206156579940E+01    0.160122556599140609E+01   -0.339421622073936504E+02   -0.331928016284487148E+04   -0.127719563396503695E+02    1
    0.235378636788397853E+04    0.380517312195409652E+01   -0.366604376004228349E+00    0.387512368988984279E+00    0.104257604924218650E+01    0.288725219076088857E+01    0.290662682143450013E+01   -0.235261233068483122E+02   -0.330815011817516552E+04   -0.127919563396503690E+02    1
    0.234740929376603481E+04    0.398601117846174358E+01   -0.368317244844018843E+00    0.576562764180688969E+00    0.103655385878785999E+01    0.292642733242650221E+01    0.309139073443926122E+02   -0.154054002604575331E+02   -0.329389573517328472E+04   -0.128119563396503651E+02    1
    0.235635551737375681E+04    0.371091885531036025E+01   -0.553887699551387946E+00    0.451747232748044902E+00    0.104857335320990552E+01    0.287743835478070231E+01   -0.310574619617811685E+02    0.206151173602756046E+02   -0.329299769281325689E+04   -0.128319563396503664E+02    1
    0.237201530379943142E+04    0.418235411524797573E+01   -0.354716164573934511E+00    0.413581233395278747E+00    0.103519702897035026E+01    0.285100773899859972E+01    0.946780598806847706E+01    0.305229576433966372E+02   -0.328851192955458373E+04   -0.128519563396503695E+02    1
    0.235505251047368392E+04    0.396246959255165043E+01   -0.317064660982622093E+00    0.370250019538406416E+00    0.101780736410813022E+01    0.289232036301296569E+01    0.104656617933889677E+02   -0.291975239785063181E+02   -0.328514530915764726E+04   -0.128719563396503673E+02    1
    0.237568177324994667E+04    0.444079593806659201E+01   -0.408984571026176802E+00    0.443234285487988433E+00    0.104532584438804999E+01    0.279673128539125182E+01    0.111453594826766675E+02    0.665141952890702015E+01   -0.325901431542053751E+04   -0.128919563396503669E+02    1
    0.231068743005870783E+04    0.314729356134232585E+01   -0.592492917137092956E+00    0.496305015574804553E+00    0.104748388603653519E+01    0.299647547165356487E+01   -0.206459234232752209E+01    0.380547075027705404E+02   -0.323395094137470505E+04   -0.129119563396503683E+02    1
    0.233080755097086558E+04    0.442618847703034035E+01   -0.366177864442208179E+00    0.472657565603851970E+00    0.103756557366776314E+01    0.288917986138014404E+01    0.227143636123100805E+02   -0.129569789516796803E+02   -0.323347764924615467E+04   -0.129319563396503678E+02    1
    0.230824941607003802E+04    0.452231530011234550E+01   -0.355563697729160577E+00    0.446076998502950128E+00    0.103477205376338532E+01    0.299365078739833468E+01    0.134720178090738969E+02    0.353871457647358483E+02   -0.322756510351135103E+04   -0.129519563396503656E+02    1
    0.233334284093257338E+04    0.422272779748754523E+01   -0.321718597597306366E+00    0.438623541616021462E+00    0.102528103943411675E+01    0.290135155160424141E+01    0.346082246151987789E+02   -0.290073029973803074E+02   -0.322434200953356867E+04   -0.129719563396503670E+02    1
    0.237621519778310267E+04    0.341808112590758872E+01   -0.425668673443329704E+00    0.585769797567205597E+00    0.104273837585610618E+01    0.285898996390652727E+01    0.300845473630894418E+02   -0.365218454661861003E+02   -0.321724836000793039E+04   -0.129919563396503666E+02    1
    0.233269872363303875E+04    0.431048607786381055E+01   -0.316433703154620993E+00    0.587133675796801979E+00    0.104114538168345305E+01    0.292659689848462712E+01   -0.247854198144400364E+02   -0.122611990333813168E+02   -0.321698698189170727E+04   -0.130119563396503661E+02    1
    0.237527602759761157E+04    0.314097081342004092E+01   -0.337208934742416699E+00    0.598633576579749693E+00    0.104747446585934623E+01    0.284799793013678304E+01    0.465381640632984954E+02   -0.659288624069211693E+01   -0.320354194851260581E+04   -0.130319563396503657E+02    1
    0.234871115118677153E+04    0.332733970342243079E+01   -0.539675560684191646E+00    0.518269783528529704E+00    0.104573432356112561E+01    0.290839997365639613E+01   -0.342187794162459795E+02    0.474972391844988238E+02   -0.319606792932718008E+04   -0.130519563396503653E+02    1
    0.234126946485233020E+04    0.435913943028273998E+01   -0.540985004221565369E+00    0.325721464947536399E+00    0.104756644441374425E+01    0.292570084417108234E+01    0.339447857371006592E+02   -0.396030168055672505E+01   -0.317674934891563862E+04   -0.130719563396503666E+02    1
    0.234308739412465593E+04    0.278465614068224188E+01   -0.513789508375052995E+00    0.664065172613498955E+00    0.104471502701258334E+01    0.296912051622391759E+01   -0.214635671453800576E+02    0.259612686345064247E+01   -0.317543994541851498E+04   -0.130919563396503680E+02    1
    0.233602745216247877E+04    0.375243847938603770E+01   -0.421640527819466149E+00    0.403321455191097744E+00    0.104947411130204893E+01    0.294582237495745236E+01    0.484975830211368191E+02    0.449234952589155938E+02   -0.317115167360527084E+04   -0.131119563396503676E+02    1
    0.235277195743461380E+04    0.435410315018840244E+01   -0.318517122603606595E+00    0.510399680116434884E+00    0.103902575462864188E+01    0.288365983531623549E+01    0.345755549299596083E+02    0.110841489480046604E+02   -0.316429030505897936E+04   -0.131319563396503689E+02    1
    0.230640514226946925E+04    0.448771287618071568E+01   -0.306460720976871492E+00    0.523710592389166396E+00    0.104675124370403272E+01    0.293078429847278432E+01    0.135821576884842727E+02   -0.163084763973395965E+02   -0.315580966647685455E+04   -0.131519563396503685E+02    1
    0.234051805588712523E+04    0.341998719816140540E+01   -0.487780760306517402E+00    0.447459051490957993E+00    0.103323221102246876E+01    0.296349954294790541E+01   -0.878271921606476980E+01   -0.156713867186048930E+02   -0.315429152759706994E+04   -0.131719563396503681E+02    1
    0.234422214273135432E+04    0.437379458729964288E+01   -0.454897385213372751E+00    0.363665618092836207E+00    0.103931439480170762E+01    0.287790055189983951E+01    0.430157724989803825E+01    0.307857112218689366E+02   -0.313818797966853390E+04   -0.131919563396503676E+02    1
    0.232436174279550232E+04    0.305579238592973068E+01   -0.343372966034274418E+00    0.428920630898525168E+00    0.103402856757578765E+01    0.298136001851834331E+01   -0.441753330867743372E+02    0.182550178784253347E+02   -0.313515725314458541E+04   -0.132119563396503690E+02    1
    0.235743831522555593E+04    0.314991981959603473E+01   -0.503277815887139046E+00    0.631017981030866038E+00    0.104383054701165934E+01    0.291009385905268703E+01   -0.261024315142250067E+02    0.306284521702675079E+02   -0.309960484114006613E+04   -0.132319563396503685E+02    1
    0.233409115147152806E+04    0.342648592444184619E+01   -0.481379956911919649E+00    0.564184609171295648E+00    0.104044401876201587E+01    0.298609601567295835E+01   -0.179426271965006876E+02    0.153502709107892343E+01   -0.308323913900213211E+04   -0.132519563396503663E+02    1
    0.234526050228445820E+04    0.365349663661361301E+01   -0.517898069388769366E+00    0.518359694406505978E+00    0.104376126533733871E+01    0.290801068430853116E+01   -0.441381815841901783E+02    0.131354577034641551E+01   -0.307415286645241531E+04   -0.132719563396503695E+02    1
    0.234591176974865903E+04    0.412344795717625523E+01   -0.374347802685615572E+00    0.304026866555422437E+00    0.102008954130941798E+01    0.292109644074771291E+01   -0.172092237449850316E+02   -0.556909013389891072E+00   -0.306996278811551974E+04   -0.132919563396503690E+02    1
    0.233293158511167894E+04    0.336134321572985995E+01   -0.540474636981167267E+00    0.389219213374271900E+00    0.103867968020601698E+01    0.298042210295588328E+01   -0.256461005032487570E+02   -0.252275099628572974E+01   -0.306550556093387922E+04   -0.133119563396503704E+02    1
    0.232819198418037922E+04    0.387396471369897810E+01   -0.387947510123210104E+00    0.369207041654588175E+00    0.104794718410638144E+01    0.295121068514395235E+01   -0.375566142603426556E+01    0.442060080440796241E+02   -0.306492747343059773E+04   -0.133319563396503717E+02    1
    0.234488691536555507E+04    0.295524863902319090E+01   -0.360888268590270289E+00    0.593284553875247145E+00    0.103715228559368766E+01    0.294508099991649708E+01    0.161766114516421027E+02   -0.418829640686869951E+02   -0.304954266751226351E+04   -0.133519563396503695E+02    1
    0.233978546633612814E+04    0.393979904722222418E+01   -0.305738335315867471E+00    0.555415606715768728E+00    0.104943378160649115E+01    0.293219227487469469E+01   -0.222846580836181474E+02   -0.351778028332845594E+02   -0.303672417958633878E+04   -0.133719563396503673E+02    1
    0.232528664095735712E+04    0.378017309115793410E+01   -0.501473728805278629E+00    0.457602135938505461E+00    0.104716273831233031E+01    0.293848827525908129E+01   -0.148812728388033406E+02   -0.340346204246620516E+02   -0.303021933439307395E+04   -0.133919563396503687E+02    1
    0.233880640463435975E+04    0.451947505790739612E+01   -0.365578534120513665E+00    0.300706162418838296E+00    0.102524421450604719E+01    0.288829771128635615E+01    0.905722870936109814E+00    0.373612178478837649E+02   -0.301586770946906836E+04   -0.134119563396503700E+02    1
    0.235210512513753474E+04    0.378903411205508878E+01   -0.404658772735606576E+00    0.487495299023188777E+00    0.103651553731778545E+01    0.291799233883624121E+01   -0.675965358790100623E+01    0.127725245018610494E+02   -0.300938208398609277E+04   -0.134319563396503696E+02    1
    0.238027780646162682E+04    0.290635505552926743E+01   -0.345285348769464095E+00    0.699560429017778707E+00    0.104846468787389391E+01    0.283871644501367992E+01    0.192496593060519814E+02   -0.456313105810535546E+01   -0.300800131392800040E+04   -0.134519563396503674E+02    1
    0.232514889483428306E+04    0.357453032317129438E+01   -0.381069599735876952E+00    0.500456445638572722E+00    0.104140670683164283E+01    0.293833807756760512E+01    0.414897333324666135E+02   -0.355426899331983037E+01   -0.299951570927860712E+04   -0.134719563396503670E+02    1
    0.232593433324480429E+04    0.401951487571172716E+01   -0.526030154774531078E+00    0.371156382462466461E+00    0.104718209055516676E+01    0.293865519064933833E+01   -0.226974072985250750E+02   -0.348520867032699542E+02   -0.298924982855485223E+04   -0.134919563396503701E+02    1
    0.230469294276122810E+04    0.346005523049505648E+01   -0.375924480504791436E+00    0.552149100565760831E+00    0.103760220327998876E+01    0.299701100130144127E+01    0.297432556896097395E+02    0.129584737982898162E+02   -0.298207851445913366E+04   -0.135119563396503732E+02    1
    0.234687683487915911E+04    0.315177586217337069E+01   -0.376260982405921318E+00    0.670160920775102920E+00    0.104913456128200377E+01    0.293907283764020466E+01    0.495262261451898667E-01   -0.460710012172578729E+02   -0.297913053792353503E+04   -0.135319563396503693E+02    1
    0.230754696473991271E+04    0.446323644133848951E+01   -0.357806542830837904E+00    0.301079408588389497E+00    0.101213891480562324E+01    0.298534926652353239E+01   -0.120090825226626592E+02   -0.289298574219729616E+02   -0.297714770938037009E+04   -0.135519563396503671E+02    1
    0.232891043349592746E+04    0.438691028654379522E+01   -0.538299885245021259E+00    0.342008275724702382E+00    0.104413748717991917E+01    0.293197824936558860E+01    0.148649379090768718E+01    0.324577625846530538E+01   -0.297233333882138822E+04   -0.135719563396503720E+02    1
    0.234192224403584987E+04    0.423889632271459860E+01   -0.407930554987687155E+00    0.565761304944062404E+00    0.104602649016733285E+01    0.288913445671373204E+01    0.201656786730544013E+01    0.320142395281835803E+02   -0.296917942088955442E+04   -0.135919563396503733E+02    1
    0.232470328749363944E+04    0.354827222816963284E+01   -0.537127815303190870E+00    0.634591442751069268E+00    0.104542866746092566E+01    0.298424620709209387E+01    0.818169387107361246E+01   -0.324951371140651162E+02   -0.296874730355960219E+04   -0.136119563396503693E+02    1
    0.233413849848007339E+04    0.289539571289556052E+01   -0.547349883507278756E+00    0.554746121971987138E+00    0.104891291425451016E+01    0.297117850972287023E+01    0.418359703804597416E+01    0.106717408588998239E+02   -0.295911480901692448E+04   -0.136319563396503671E+02    1
    0.234736022055495869E+04    0.345700003908882714E+01   -0.389748483678823032E+00    0.526295710291505237E+00    0.104297486958564201E+01    0.293110756261658834E+01    0.187534722530788116E+02    0.108917346371780539E+02   -0.293872167255066233E+04   -0.136519563396503685E+02    1
    0.232876991837624155E+04    0.400830449752455920E+01   -0.538698059659718398E+00    0.525530737844227658E+00    0.104512158962174562E+01    0.296249565831716755E+01   -0.394744803162204505E+01    0.228075646497069613E+02   -0.293846906573625120E+04   -0.136719563396503681E+02    1
    0.233993694732209133E+04    0.418113709829744451E+01   -0.459133115680503745E+00    0.495995462166079482E+00    0.104469708240878245E+01    0.289815998782587947E+01    0.175070609540581614E+02   -0.951593835523085829E+01   -0.293734415664809603E+04   -0.136919563396503676E+02    1
    0.232824810278003042E+04    0.433130779634835683E+01   -0.317454113173910979E+00    0.566925041229521698E+00    0.104413033270698596E+01    0.292942615817848662E+01   -0.309995366441252500E+02   -0.297173074473705938E+02   -0.293581482838576676E+04   -0.137119563396503672E+02    1
    0.231719009405427187E+04    0.330691124437483452E+01   -0.321733083805570586E+00    0.467616956176542031E+00    0.103051510316910266E+01    0.298554421801792724E+01   -0.494339819482237814E+02    0.308203672201193513E+01   -0.293164247310820883E+04   -0.137319563396503703E+02    1
    0.229912574895883199E+04    0.458043446972662061E+01   -0.372373707736492032E+00    0.374120928886189530E+00    0.103352119882492688E+01    0.298260111190206567E+01    0.205100272818468170E+02    0.149500681472859469E+02   -0.291201853697280239E+04   -0.137519563396503717E+02    1
    0.229573626211573264E+04    0.421823352322168255E+01   -0.412373852794923668E+00    0.513624626173498133E+00    0.104734019555237978E+01    0.298976456872267260E+01   -0.619061820106308147E+01    0.431228448784501808E+02   -0.291069540049660191E+04   -0.137719563396503695E+02    1
    0.229085069428302995E+04    0.439430071862676463E+01   -0.353476282909932937E+00    0.362278177522457057E+00    0.103757311596250235E+01    0.299103625030871711E+01   -0.391303143411036487E+02   -0.270473023264395387E+02   -0.290870442943820535E+04   -0.137919563396503673E+02    1
    0.233811352531951934E+04    0.380075570596482804E+01   -0.387026966659837157E+00    0.369408139890325893E+00    0.103462156530071137E+01    0.293478287426412265E+01    0.214139758534392683E+02   -0.303958679435133483E+02   -0.290831771834512074E+04   -0.138119563396503668E+02    1
    0.234317770773666507E+04    0.343425550728144868E+01   -0.444290974809480099E+00    0.486675628102958391E+00    0.104454556650570196E+01    0.293066620660366750E+01   -0.832353970157420520E+00    0.339452183636174993E+02   -0.289994674206767922E+04   -0.138319563396503682E+02    1
    0.235335913036891907E+04    0.318282326769448343E+01   -0.485533839769725362E+00    0.612348120562428377E+00    0.104850890939970820E+01    0.291982557378871377E+01    0.189056554430551955E+02   -0.191241556983944854E+02   -0.288983500132943846E+04   -0.138519563396503713E+02    1
    0.232314795080068006E+04    0.427989201134038222E+01   -0.368283080551508379E+00    0.581741275737733710E+00    0.104932304363946804E+01    0.292331857824922681E+01   -0.154606409674259879E+02    0.141708483094278819E+02   -0.288825187388220729E+04   -0.138719563396503709E+02    1
    0.233496271929024533E+04    0.262131659729517352E+01   -0.482194832888046376E+00    0.662704575574068033E+00    0.104826825203707674E+01    0.294370026757189507E+01    0.306786500415655752E+02    0.449525961618261505E+01   -0.288820764479444870E+04   -0.138919563396503705E+02    1
    0.231672466447075931E+04    0.457262489583727483E+01   -0.346267465443488576E+00    0.403735400363775310E+00    0.103274314753368124E+01    0.294820465484713790E+01    0.891763784660595604E+01   -0.200666881535624348E+02   -0.288411896110643056E+04   -0.139119563396503718E+02    1
    0.233244032222223723E+04    0.347424847274543191E+01   -0.423861542911954547E+00    0.626312501901723495E+00    0.104380019236061439E+01    0.293154337048348035E+01   -0.135429903823263942E+01   -0.293249617631087354E+02   -0.287759717815930617E+04   -0.139319563396503714E+02    1
    0.231361858526317883E+04    0.395629170126434637E+01   -0.427591654655741504E+00    0.553869190614511009E+00    0.104430752959393369E+01    0.296139574491531610E+01   -0.147726410421851497E+02   -0.493529834317386786E+02   -0.287721259563245212E+04   -0.139519563396503692E+02    1
    0.232073305785651610E+04    0.443133041974390629E+01   -0.380039567603723816E+00    0.420914613448114594E+00    0.104907725532384233E+01    0.294574168243101564E+01    0.278246698997687645E+02    0.381233885979650751E+02   -0.287617074958824469E+04   -0.139719563396503688E+02    1
    0.231798178495124830E+04    0.387055628198754142E+01   -0.527571002911714659E+00    0.535151504878783824E+00    0.104701327784724763E+01    0.296644678660819361E+01    0.111577235223352247E+02    0.174328381193016639E+02   -0.287289917088227685E+04   -0.139919563396503701E+02    1
    0.232736152869890611E+04    0.259989276169385164E+01   -0.470375051342740325E+00    0.655861778453894928E+00    0.104271730572650401E+01    0.298524081499059113E+01   -0.167740826962387999E+02    0.416490741105459534E+02   -0.287226467912341695E+04   -0.140119563396503697E+02    1
    0.234123405704344896E+04    0.434433982677972708E+01   -0.396883471667927479E+00    0.391301884502306352E+00    0.104629779859781968E+01    0.288607706841046685E+01    0.413422755793835535E+02   -0.328937116387186990E+01   -0.286790776603967151E+04   -0.140319563396503693E+02    1
    0.233406443805891286E+04    0.318889107173000674E+01   -0.350791281188694348E+00    0.522746745035910121E+00    0.103747528349088292E+01    0.297127387595569825E+01    0.918170046473384360E+01    0.336215775406000716E+02   -0.286636476690789823E+04   -0.140519563396503724E+02    1
    0.232160965449637024E+04    0.260614197044602269E+01   -0.578685987816741187E+00    0.626049675162510533E+00    0.104726534728544851E+01    0.299634374102593215E+01    0.153141531077643549E+02    0.163494154019303295E+02   -0.286070478092259327E+04   -0.140719563396503684E+02    1
    0.231034866166673055E+04    0.389615973001769511E+01   -0.335821369924928947E+00    0.617731961251948070E+00    0.104729753864674358E+01    0.295244928383600946E+01    0.234396127687120241E+02    0.320379966706183410E+02   -0.285647562377814302E+04   -0.140919563396503662E+02    1
    0.230261087598648191E+04    0.344636518312374385E+01   -0.499955749198354282E+00    0.575494216608517961E+00    0.104932488384229683E+01    0.299734298692643719E+01    0.386218002525037463E+01   -0.306923004357421050E+02   -0.285582075083751124E+04   -0.141119563396503676E+02    1
    0.232444469124819352E+04    0.343213973489952506E+01   -0.591228813423488542E+00    0.636930331959205009E+00    0.104853469463135585E+01    0.298494417805819801E+01    0.492767144968042601E+02   -0.146133410064513996E+02   -0.284604704220447775E+04   -0.141319563396503689E+02    1
    0.233183582527507633E+04    0.336546441155344933E+01   -0.365074893696785918E+00    0.525943482540720653E+00    0.104045176968250774E+01    0.297813389848867072E+01    0.184537539584439259E+02   -0.823486627584216535E+00   -0.284379629542055955E+04   -0.141519563396503703E+02    1
    0.234921510107274480E+04    0.327700022987740036E+01   -0.344353489220733777E+00    0.600390794613812950E+00    0.104559614238922105E+01    0.288828471096149064E+01    0.112017403354804230E+02    0.480729078968293493E+02   -0.284368302541549792E+04   -0.141719563396503698E+02    1
    0.229996008847458461E+04    0.369217493019731524E+01   -0.470889678897588038E+00    0.566579419819432273E+00    0.104944200586268077E+01    0.299590020706436189E+01   -0.378857620100593806E+02   -0.365378894733073452E+02   -0.283729808629940590E+04   -0.141919563396503658E+02    1
    0.237062416512390018E+04    0.349599042444770935E+01   -0.345613586353056779E+00    0.696086394872110548E+00    0.104737793649543454E+01    0.285128664433265655E+01   -0.944776099246252699E+01    0.251719579828073421E+02   -0.283544055720536471E+04   -0.142119563396503690E+02    1
    0.230087176837100606E+04    0.408965585993119252E+01   -0.351700424905724063E+00    0.570306981709141514E+00    0.104238321442385384E+01    0.298724752509994396E+01    0.138297040764488557E+02   -0.252280596999888900E+02   -0.283092482731555810E+04   -0.142319563396503703E+02    1
    0.232989939245970345E+04    0.317887839384070503E+01   -0.531101444462253380E+00    0.616188147262800356E+00    0.104757268269827231E+01    0.295216261937362745E+01   -0.388235910079760203E+02   -0.257115611506281994E+02   -0.282916234836722197E+04   -0.142519563396503699E+02    1
    0.232474897141787005E+04    0.309553545088767068E+01   -0.532609963369188311E+00    0.655663153920887809E+00    0.104584835989166125E+01    0.297576292936779918E+01   -0.489582946118765960E+01   -0.409077000951705756E+02   -0.282865540146051626E+04   -0.142719563396503695E+02    1
    0.232194974353722228E+04    0.452397939012256778E+01   -0.324492303347939381E+00    0.475150169519142795E+00    0.104265903840058050E+01    0.291824840997535606E+01   -0.343883678692377970E+02    0.419305633952580195E+02   -0.282821523227378520E+04   -0.142919563396503690E+02    1
    0.232323083011978360E+04    0.421092406017804333E+01   -0.403053029470345214E+00    0.537787485972644252E+00    0.104298250159558359E+01    0.295749152244624280E+01   -0.338006109986472580E+02   -0.285466495710044121E+02   -0.282509408065079606E+04   -0.143119563396503704E+02    1
    0.231726638681603526E+04    0.352977392009525648E+01   -0.353904917480988124E+00    0.632562763392618965E+00    0.104224361128710852E+01    0.295858966796687328E+01   -0.177973156175918490E+02    0.736750636530692304E+01   -0.282360185948599201E+04   -0.143319563396503700E+02    1
    0.235497329728900604E+04    0.388302944629174007E+01   -0.400423396807927046E+00    0.527624278534538194E+00    0.104829372360688677E+01    0.286154352533145540E+01    0.126055246283415485E+02    0.178037045892685342E+01   -0.282074875556734241E+04   -0.143519563396503695E+02    1
    0.232143182816956232E+04    0.421819639898001686E+01   -0.386886303545510402E+00    0.446249650086633642E+00    0.103055926011493004E+01    0.295571358120351046E+01   -0.182905420834309993E+02   -0.410859278833542305E+02   -0.282046892184003855E+04   -0.143719563396503709E+02    1
    0.234432724387887492E+04    0.359880398442844518E+01   -0.481944779146888158E+00    0.627651733200652373E+00    0.104985366819306414E+01    0.293317086471895916E+01    0.481127725797098549E+02    0.191295941344872347E+02   -0.281694680117275311E+04   -0.143919563396503705E+02    1
    0.233871424748344361E+04    0.281599288284550830E+01   -0.495907317787951996E+00    0.613764406348969227E+00    0.104771441176698921E+01    0.295022445387812260E+01   -0.208808540277472083E+02    0.141820651627782723E+02   -0.281543372743476721E+04   -0.144119563396503718E+02    1
    0.233901164792730015E+04    0.251144332043380514E+01   -0.379517063528724885E+00    0.681335786900826745E+00    0.104423287632695816E+01    0.295043087111638513E+01   -0.350573813316551721E+02   -0.377896838874789864E+00   -0.281209187001846158E+04   -0.144319563396503696E+02    1
    0.234577214174037726E+04    0.267020751320326788E+01   -0.484091860047338896E+00    0.679219493635176752E+00    0.104923200483011159E+01    0.294254307342246868E+01   -0.209984096585009112E+02   -0.332250899946293572E+02   -0.281073160877436248E+04   -0.144519563396503692E+02    1
    0.234643230328120353E+04    0.360430573002237153E+01   -0.319758744758745883E+00    0.554236416077558580E+00    0.103637320812630040E+01    0.290109590823456331E+01    0.107684170622418875E+02    0.207465029957571971E+02   -0.280368897996363421E+04   -0.144719563396503705E+02    1
    0.233319911084857085E+04    0.410045932450704065E+01   -0.316141175824823095E+00    0.462835251237244782E+00    0.103720892539862652E+01    0.289993405047484476E+01   -0.303188416966062810E+02    0.168791500017048293E+02   -0.280092130835731859E+04   -0.144919563396503719E+02    1
    0.233994937133594249E+04    0.407309555408862334E+01   -0.458048608820342984E+00    0.406886995603750912E+00    0.103791366843850308E+01    0.293265421508126201E+01    0.121603589595311590E+02    0.273514615656833655E+02   -0.279297455270329101E+04   -0.145119563396503697E+02    1
    0.234272672026636474E+04    0.314362982537858615E+01   -0.526771793132621569E+00    0.602467409191924652E+00    0.104878884792550897E+01    0.294828024483605056E+01    0.591886300149901956E+00   -0.447616857412015960E+02   -0.278387242609026225E+04   -0.145319563396503693E+02    1
    0.229344489038330266E+04    0.446541191608208266E+01   -0.340247925409909446E+00    0.475244398232595011E+00    0.104556348848930769E+01    0.299634093514650335E+01    0.244154779245423157E+02   -0.659053298212931793E+00   -0.278240677971430023E+04   -0.145519563396503706E+02    1
    0.231371214352143897E+04    0.329671364487308427E+01   -0.347440166850035759E+00    0.698861911059317165E+00    0.104414722485002320E+01    0.297436450944383646E+01   -0.408952110347085807E+01    0.112032672437280425E+02   -0.277905705407236246E+04   -0.145719563396503702E+02    1
    0.232855545714322807E+04    0.406471796341008940E+01   -0.432022824360616897E+00    0.368923768213263725E+00    0.102985899330142239E+01    0.296194380835465676E+01    0.135251248361228562E+02    0.179082143839692378E+02   -0.276621839952345226E+04   -0.145919563396503715E+02    1
    0.234421151790675231E+04    0.443196414338329259E+01   -0.301076240758435421E+00    0.523629668244657065E+00    0.104602928739347112E+01    0.285757133257809759E+01    0.135446396329668630E+02   -0.101636753039270502E+02   -0.276598026909430519E+04   -0.146119563396503747E+02    1
    0.232079940490999252E+04    0.293576299073023339E+01   -0.452528619919341013E+00    0.547772198331298310E+00    0.104717802537677640E+01    0.298724633389675809E+01    0.489483095774009485E+02    0.143602041138880310E+02   -0.276200221472066323E+04   -0.146319563396503707E+02    1
    0.230796960986046179E+04    0.433695114209681520E+01   -0.415070708727365068E+00    0.343357306555510722E+00    0.104206734725724748E+01    0.296456118137290892E+01   -0.357917527290504651E+02   -0.206298369716041634E+02   -0.276008358389845671E+04   -0.146519563396503720E+02    1
    0.233246192777227270E+04    0.358437988965086074E+01   -0.410658824933457067E+00    0.552960483516155676E+00    0.103697342469458831E+01    0.296492285614647066E+01    0.145499087255623181E+02   -0.366573259949290531E+01   -0.275129641296972795E+04   -0.146719563396503734E+02    1
    0.231786584907195993E+04    0.429134405648817019E+01   -0.418357536611234537E+00    0.445561973615750728E+00    0.103807127964785773E+01    0.297447139009390682E+01    0.230067201501255880E+02    0.432916986252516693E+02   -0.274913166003347305E+04   -0.146919563396503694E+02    1
    0.233255285964616269E+04    0.375255247424327187E+01   -0.419237255693306166E+00    0.567998371316940309E+00    0.104013499794898223E+01    0.295827676455333144E+01   -0.240052589928679794E+02   -0.596123080588122178E+01   -0.274461119807421210E+04   -0.147119563396503690E+02    1
    0.229881452491559048E+04    0.434698968797157015E+01   -0.369403130276451164E+00    0.472905472451419562E+00    0.104882636363382176E+01    0.297352747991236654E+01    0.129021566194579407E+02   -0.833737881770604616E+01   -0.274387026845463151E+04   -0.147319563396503703E+02    1
    0.231873281168764879E+04    0.424999330160474198E+01   -0.390381259565534267E+00    0.385886255200210138E+00    0.104546543109204637E+01    0.293622747538061857E+01   -0.136452710732931806E+02    0.832061404829802598E+01   -0.273307005401202787E+04   -0.147519563396503717E+02    1
    0.232019556575317984E+04    0.419757713588859094E+01   -0.430970032685831617E+00    0.435315940256198575E+00    0.104360794197549067E+01    0.294065830106881787E+01    0.252702593062304857E+02   -0.487944082590589545E+02   -0.273216496296242485E+04   -0.147719563396503730E+02    1
    0.232486791871141668E+04    0.327379858194431739E+01   -0.397035430798754085E+00    0.646746676514252772E+00    0.104065555180206060E+01    0.298025137372246984E+01   -0.356485198479583261E+02   -0.797940762509842472E+01   -0.271662560369931316E+04   -0.147919563396503690E+02    1
    0.233196737329566531E+04    0.367323155798925072E+01   -0.293287163651123561E+00    0.559029206552565716E+00    0.103541367440908938E+01    0.296115231879409357E+01    0.119151508346497224E+02   -0.389779117877239543E+02   -0.271034236742497797E+04   -0.148119563396503704E+02    1
    0.233136145017643412E+04    0.395031035469644465E+01   -0.419055123363504367E+00    0.489260342090894140E+00    0.103742163099186735E+01    0.294246930017303709E+01    0.686805031658472842E+01   -0.182356281518048604E+02   -0.270825538431000177E+04   -0.148319563396503753E+02    1
    0.233542927685586119E+04    0.410277293091902351E+01   -0.462969943114751981E+00    0.456450083872673884E+00    0.104224169375191988E+01    0.293202641196194325E+01   -0.189948643555157943E+02    0.264780387438823368E+02   -0.270514882168825307E+04   -0.148519563396503766E+02    1
    0.233142751042389773E+04    0.406539450002954528E+01   -0.400415319887418075E+00    0.411027525586276032E+00    0.104906066900234585E+01    0.293141995680120360E+01   -0.221111530244462529E+01    0.449609820178532118E+02   -0.270263356138116842E+04   -0.148719563396503727E+02    1
    0.232414162372408555E+04    0.362410337255712856E+01   -0.419481516321858261E+00    0.461478486444094227E+00    0.103483556389289877E+01    0.297507106820620848E+01    0.187450253553022748E+02   -0.344506990253297047E+02   -0.270259750818352131E+04   -0.148919563396503687E+02    1
    0.232032815769242961E+04    0.434249661259045361E+01   -0.389778941985293281E+00    0.432764425495860861E+00    0.104452841206927594E+01    0.295698950949843109E+01    0.140355245527184280E+02   -0.811088023032991856E+01   -0.270169079332440288E+04   -0.149119563396503683E+02    1
    0.231374355562951632E+04    0.431662425750974954E+01   -0.365295211883882309E+00    0.406289908448580761E+00    0.104147800845107086E+01    0.294380493934882548E+01    0.230001105728502324E+02    0.249462526208790933E+02   -0.269959654049465007E+04   -0.149319563396503696E+02    1
    0.233631674430035446E+04    0.400128391616061574E+01   -0.336380771752232854E+00    0.442052808189982382E+00    0.104484980188314824E+01    0.290523206414507529E+01    0.217199183355626957E+02   -0.192605680680494658E+02   -0.269726859860855620E+04   -0.149519563396503710E+02    1
    0.232475030473557672E+04    0.381255797983969558E+01   -0.476810432179160471E+00    0.399372814372502161E+00    0.104005799368149265E+01    0.296528914512198671E+01   -0.393941257080910106E+02   -0.260070797546161039E+02   -0.269723018215120419E+04   -0.149719563396503688E+02    1
    0.235085317616020438E+04    0.352597242421709955E+01   -0.420666049227640060E+00    0.573029318273489574E+00    0.104616001690031557E+01    0.290616324112900282E+01   -0.838873876978647104E+01   -0.474117401817949542E+02   -0.269720401029673440E+04   -0.149919563396503719E+02    1
    0.232506848805672507E+04    0.354476024510424459E+01   -0.485966278083215908E+00    0.575442601384692276E+00    0.104349846067517449E+01    0.299127379715509178E+01    0.411190882348384577E+02   -0.168763504104506055E+02   -0.269481483708214637E+04   -0.150119563396503732E+02    1
    0.232224613213321936E+04    0.388210593085736289E+01   -0.492859007535890403E+00    0.445562325135986481E+00    0.103923311050072642E+01    0.299319422111160627E+01    0.463782096796273038E+02   -0.929518493578250116E+01   -0.269289767241291338E+04   -0.150319563396503710E+02    1
    0.232661867442684888E+04    0.409528943411618584E+01   -0.427110060273421910E+00    0.455107707900787473E+00    0.104256296039729679E+01    0.293296584483213962E+01   -0.279961448358264420E+01    0.368019371321642410E+02   -0.268819009738538352E+04   -0.150519563396503742E+02    1
    0.234592469395448279E+04    0.379731539168417553E+01   -0.405857810228020144E+00    0.560659404030288133E+00    0.104976158054105317E+01    0.288291451117039443E+01    0.210853427522756220E+02   -0.279890110239338341E+02   -0.268391164872787158E+04   -0.150719563396503737E+02    1
    0.232119534633503918E+04    0.422804990704590633E+01   -0.323752014523555121E+00    0.558424250718160931E+00    0.104183982209178239E+01    0.293151478739252402E+01    0.458493545890641485E+01    0.399868251564521131E+02   -0.268264165171575587E+04   -0.150919563396503733E+02    1
    0.231755183052593384E+04    0.374793460043246185E+01   -0.548274228990826451E+00    0.379272512221802693E+00    0.104941651104266831E+01    0.298657674563528008E+01    0.142574496271639788E+02   -0.172895923601938861E+02   -0.268108038540077496E+04   -0.151119563396503711E+02    1
    0.231309636141926603E+04    0.320518682503292629E+01   -0.385672688016148568E+00    0.676242712539614099E+00    0.104912774489350502E+01    0.296548132666593656E+01   -0.573845453274947204E+01    0.233108143510480090E+02   -0.267941989755064151E+04   -0.151319563396503707E+02    1
    0.234910013521760993E+04    0.350466055423984724E+01   -0.388064910154090059E+00    0.683063919432433053E+00    0.104793040452983455E+01    0.289383992165109349E+01   -0.212483984685263039E+01    0.254587723774218517E+02   -0.267536088163240584E+04   -0.151519563396503738E+02    1
    0.231884718971882921E+04    0.397744508810790975E+01   -0.423205833506203333E+00    0.476473531235963643E+00    0.104416635846909300E+01    0.299602401046868705E+01    0.648643302002787436E+01    0.627733278079632129E+01   -0.267242523801782818E+04   -0.151719563396503734E+02    1
    0.232555014773929315E+04    0.320415551954675859E+01   -0.398853171435902931E+00    0.528979389292317026E+00    0.104265493980259905E+01    0.297182771686102232E+01   -0.349893533235393406E+02    0.304678614913008232E+02   -0.266439270060685567E+04   -0.151919563396503730E+02    1
    0.235960695705349735E+04    0.402385964910197469E+01   -0.310088126034319178E+00    0.526341189549415667E+00    0.104452597879435838E+01    0.285354584806423439E+01   -0.328884627843788167E+02   -0.303372690790941419E+02   -0.266117306563823422E+04   -0.152119563396503725E+02    1
    0.234848706103619588E+04    0.392474876960520103E+01   -0.416535321096724087E+00    0.568104657688944137E+00    0.104873410061354111E+01    0.288254286987603203E+01    0.174905197872993909E+02    0.207511520533958134E+02   -0.265913278968027089E+04   -0.152319563396503721E+02    1
    0.232348218101239036E+04    0.330637317799787134E+01   -0.344185008397464021E+00    0.541780053014027652E+00    0.103433984099657472E+01    0.298483034838094596E+01   -0.446631903081165191E+02   -0.450669290261524083E+02   -0.265870169153701727E+04   -0.152519563396503717E+02    1
    0.232885151960257463E+04    0.381626150635302608E+01   -0.501183667087273244E+00    0.418152140450310128E+00    0.104482606349140905E+01    0.295700844010710018E+01   -0.371699989850680907E+02    0.179652049500653561E+02   -0.265742735557291689E+04   -0.152719563396503730E+02    1
    0.232126528168923005E+04    0.325247546996940651E+01   -0.523796162966115975E+00    0.650723171724260641E+00    0.104743848866541667E+01    0.299939866747980810E+01    0.156516852808397715E+02   -0.256210208724114636E+02   -0.265374715951660983E+04   -0.152919563396503762E+02    1
    0.231202508546515583E+04    0.348145627952947034E+01   -0.582753651427508457E+00    0.512309993301685584E+00    0.104804026655301197E+01    0.299850878294880818E+01   -0.247186288745044713E+02    0.304799397095846558E+01   -0.265297505291234938E+04   -0.153119563396503757E+02    1
    0.231804552245285549E+04    0.328463833821626405E+01   -0.387393716455234904E+00    0.517471228026437191E+00    0.104325438370085610E+01    0.297814461781351669E+01   -0.105003769388058785E+02   -0.169177235493121714E+02   -0.265156520598787665E+04   -0.153319563396503753E+02    1
    0.231614636849562248E+04    0.425665197698819320E+01   -0.307518815041647797E+00    0.498116191109775452E+00    0.103299140818328139E+01    0.295290775464424060E+01    0.463387193623843103E+02    0.415373015019017231E+02   -0.265070244311045462E+04   -0.153519563396503731E+02    1
    0.232353092299538639E+04    0.419001575509099489E+01   -0.395228780681720737E+00    0.398654219879450211E+00    0.104095458128202534E+01    0.296398417094685618E+01    0.444107236246885577E+02   -0.342140363015739979E+02   -0.264796682287572139E+04   -0.153719563396503727E+02    1
    0.231698649892662161E+04    0.386470282994649494E+01   -0.347801603329972397E+00    0.451615834394727855E+00    0.103127263379821454E+01    0.297445652570086949E+01    0.512797080352438428E+01    0.372553678183482901E+02   -0.262674872689958556E+04   -0.153919563396503722E+02    1
    0.232592723597864369E+04    0.347310488231296688E+01   -0.429462822644940512E+00    0.491581390370426807E+00    0.103939970915798874E+01    0.297549091160209134E+01   -0.290605014816024720E+01    0.361318827255503408E+02   -0.262623909546015238E+04   -0.154119563396503718E+02    1
    0.232495739212871376E+04    0.364105408387826035E+01   -0.524219762667667122E+00    0.517941459314339658E+00    0.104521082872721394E+01    0.296951161240270523E+01    0.727163080661561878E+00   -0.335670193628401492E+02   -0.261862903999679156E+04   -0.154319563396503749E+02    1
    0.231637573044548390E+04    0.373916027252937377E+01   -0.485092907773884086E+00    0.570652092675124401E+00    0.104725742021163382E+01    0.297397830242068917E+01    0.248878262185612869E+02   -0.262611112710475822E+02   -0.261837354804727374E+04   -0.154519563396503727E+02    1
    0.232864606707654093E+04    0.413655857367428403E+01   -0.388624513602948141E+00    0.504100934937924849E+00    0.104035488947915056E+01    0.293431774398583389E+01   -0.232078697689505056E+02    0.265519715137279633E+02   -0.261752993167064187E+04   -0.154719563396503723E+02    1
    0.235500028484324957E+04    0.389421132625349919E+01   -0.344114004935461459E+00    0.585811639144960594E+00    0.104943977468209759E+01    0.288018339416888303E+01   -0.201713538299380666E+02   -0.333116695673712826E+01   -0.261654434394355894E+04   -0.154919563396503737E+02    1
    0.231853484182398051E+04    0.360716216247523169E+01   -0.400775753677533486E+00    0.461341025935150806E+00    0.104461642192566795E+01    0.296903202970667079E+01   -0.374905485406250563E+02   -0.142893689830420598E+02   -0.261649657281925647E+04   -0.155119563396503715E+02    1
    0.230019564876976301E+04    0.435851842131076861E+01   -0.297270190640147647E+00    0.449525162519636978E+00    0.104283395885984342E+01    0.298182853965835637E+01    0.529178808603735007E+01   -0.288348273645246600E+02   -0.261510673583054995E+04   -0.155319563396503746E+02    1
    0.232593811213061917E+04    0.387019229163160228E+01   -0.464350738981788913E+00    0.501431984613995851E+00    0.104154963871940320E+01    0.296861018751109151E+01   -0.315290452312991043E+02    0.178559260163161326E+01   -0.260894404122253900E+04   -0.155519563396503759E+02    1
    0.232166394786908040E+04    0.393242397718648062E+01   -0.541048977273585363E+00    0.391301463178954145E+00    0.104402057033137807E+01    0.298480823337762491E+01    0.348897339600592460E+02    0.441668227065744219E+02   -0.260723603129155708E+04   -0.155719563396503737E+02    1
    0.231699656169155605E+04    0.425152012420020586E+01   -0.434710780804396624E+00    0.377967381110276057E+00    0.103825285009185886E+01    0.297963389612404406E+01   -0.494208622218495961E+02   -0.111448157057747892E+02   -0.260662264610488910E+04   -0.155919563396503733E+02    1
    0.234706989322678783E+04    0.315213154442697840E+01   -0.408597542871323716E+00    0.640489901113490800E+00    0.104908882036026219E+01    0.291948460271470367E+01    0.272635860532746079E+02    0.312678106308750614E+02   -0.259841747591015519E+04   -0.156119563396503729E+02    1
    0.231225566553403223E+04    0.402520157989074789E+01   -0.300265013498481503E+00    0.378770082461328539E+00    0.103781995030852348E+01    0.299176993798057467E+01   -0.745245327404992253E+01    0.156543788724174959E+01   -0.259549150381887102E+04   -0.156319563396503760E+02    1
    0.233259178590522924E+04    0.357034643873266289E+01   -0.376847975500346877E+00    0.568784984266131888E+00    0.103919361780711506E+01    0.294935726058890024E+01   -0.304938914730727291E+02    0.229499274550706218E+02   -0.259211616756010199E+04   -0.156519563396503774E+02    1
    0.231674693581876909E+04    0.372271308068102780E+01   -0.369937119553434002E+00    0.437907857636977149E+00    0.104005193692984066E+01    0.297124478027602246E+01    0.492451879219443782E+02   -0.229550053241661445E+02   -0.258276456074445969E+04   -0.156719563396503716E+02    1
    0.233364412020983491E+04    0.281582339462160292E+01   -0.430985209577335826E+00    0.644048567083456147E+00    0.104887416058775162E+01    0.296118270945228534E+01    0.408509451615309871E+01   -0.618462216221608685E+00   -0.257303952227276750E+04   -0.156919563396503694E+02    1
    0.232247001579150492E+04    0.332532040710422372E+01   -0.446361659112932518E+00    0.543398228606904787E+00    0.104942823394140294E+01    0.299092952569132597E+01   -0.212832040346973557E+02    0.264609624203268226E+02   -0.257260339751657966E+04   -0.157119563396503725E+02    1
    0.231501717471393476E+04    0.372926702933757603E+01   -0.543956494019015246E+00    0.412605459952509968E+00    0.104550259053235051E+01    0.299572277166937884E+01   -0.284123750001708437E+02    0.554316952824676434E+01   -0.257225614100948223E+04   -0.157319563396503757E+02    1
    0.232957899926690061E+04    0.366148235969122515E+01   -0.388104744958357450E+00    0.529020054271186480E+00    0.103877122711156700E+01    0.295301696369118405E+01   -0.477688420762413557E+02   -0.937017756980651484E+01   -0.257101447294011723E+04   -0.157519563396503752E+02    1
    0.233770810960674680E+04    0.310097741057437126E+01   -0.370780141664503793E+00    0.623832745354642837E+00    0.104815526167898487E+01    0.294777522924679580E+01    0.501020876286849415E+01    0.258120228374168192E+02   -0.257069466428991200E+04   -0.157719563396503730E+02    1
    0.233108135630142351E+04    0.351383254688330648E+01   -0.366687928507821614E+00    0.533597229114906368E+00    0.104242030717420020E+01    0.296269526956216556E+01   -0.376892334800862727E+01    0.192981349268793423E+02   -0.256472049747116534E+04   -0.157919563396503726E+02    1
    0.230146968662831569E+04    0.426272657738303806E+01   -0.363536252066751442E+00    0.517496661835250116E+00    0.104652985041976443E+01    0.299521118640425987E+01    0.278460858257582515E+02    0.193163465833750081E+01   -0.256209880517506372E+04   -0.158119563396503739E+02    1
    0.231469269309798574E+04    0.409864072989783867E+01   -0.474699264695821466E+00    0.407018195443565212E+00    0.104006422484091576E+01    0.298648477142318569E+01    0.366303945008689738E+02    0.316625019808945041E+02   -0.255914284310873745E+04   -0.158319563396503735E+02    1
    0.232102547259011135E+04    0.351107207759160334E+01   -0.518295441631307030E+00    0.529011428968401920E+00    0.104715081190831705E+01    0.297538541149183544E+01    0.405372899188878222E+01   -0.457522891219445427E+01   -0.255361356191059713E+04   -0.158519563396503749E+02    1
    0.231235126505607059E+04    0.399048035230346265E+01   -0.348020120925837229E+00    0.453624741832046152E+00    0.104975397954477545E+01    0.295511027943507898E+01   -0.166918662988282307E+02   -0.474558568281649400E+02   -0.255051294781414117E+04   -0.158719563396503744E+02    1
    0.231728300883722068E+04    0.429030804504560326E+01   -0.375351647858564119E+00    0.446692125475420365E+00    0.104166447660425354E+01    0.296172467335337020E+01    0.417539801614415467E+02   -0.172700962462025132E+01   -0.254963262747499721E+04   -0.158919563396503740E+02    1
    0.231666912929736100E+04    0.413790139038856619E+01   -0.301629206534814731E+00    0.467409211254397716E+00    0.104157626551717097E+01    0.297549917198499081E+01   -0.148645514123523910E+02    0.224521931096721516E+02   -0.254691673342695003E+04   -0.159119563396503736E+02    1
    0.232903748710758737E+04    0.399194159167068907E+01   -0.429089773320012746E+00    0.529859475272825509E+00    0.104564646452646959E+01    0.293756679142350574E+01   -0.353654657548490547E+02    0.996423628738474321E+01   -0.254279528048075690E+04   -0.159319563396503732E+02    1
    0.231109250306406830E+04    0.404342041954592180E+01   -0.377559722065418490E+00    0.337908127145796267E+00    0.103241577291961883E+01    0.298964750105051502E+01    0.253811339945003880E+02   -0.319673567582672007E+02   -0.254002900047576850E+04   -0.159519563396503763E+02    1
    0.232080929741931868E+04    0.390523891161261405E+01   -0.366852651011586206E+00    0.398049565116901982E+00    0.103747396260328606E+01    0.297813523212950892E+01   -0.211114115383662195E+02   -0.142469398881495266E+02   -0.253847340916716621E+04   -0.159719563396503759E+02    1
    0.231693792432998634E+04    0.310542577849650669E+01   -0.322994081899563579E+00    0.587525581875003033E+00    0.104832225361420805E+01    0.296891588197788181E+01    0.481951717621507072E+02    0.397933135180463893E+01   -0.253795625922142472E+04   -0.159919563396503737E+02    1
    0.231596768304813395E+04    0.401056427523094161E+01   -0.352013819208924772E+00    0.417613868476204630E+00    0.104759985330633576E+01    0.296955312906161284E+01   -0.176634402066728953E+02   -0.295104992026197124E+02   -0.253092131411779201E+04   -0.160119563396503786E+02    1
    0.231436155793463286E+04    0.396662964919795069E+01   -0.434142494271057555E+00    0.475955649081911736E+00    0.103877059786608039E+01    0.299323461842819860E+01    0.325884330286570503E+02    0.328130213256375356E+02   -0.252738337794635208E+04   -0.160319563396503781E+02    1
    0.231416338312692551E+04    0.320187199494770436E+01   -0.301904087953313249E+00    0.530026560142641934E+00    0.103781321527264891E+01    0.299643299803861618E+01   -0.115297595803193786E+02   -0.297704268533348682E+02   -0.252546731562536297E+04   -0.160519563396503742E+02    1
    0.230455815950306669E+04    0.394691188144142213E+01   -0.331310136373907160E+00    0.475735140738139217E+00    0.104255302503617808E+01    0.297708082019041731E+01   -0.267130302030360802E+02   -0.177081636035146630E+02   -0.252483504997022101E+04   -0.160719563396503737E+02    1
    0.231190340541546720E+04    0.397901034207661564E+01   -0.414895072000767362E+00    0.424898728058643094E+00    0.103632765996052711E+01    0.298956405063584940E+01   -0.337773044433484841E+02   -0.181629192686972658E+02   -0.252472418814599814E+04   -0.160919563396503733E+02    1
    0.231828093110887221E+04    0.330703296581046180E+01   -0.300111685362538294E+00    0.564266077804363442E+00    0.103920038582771901E+01    0.297338347693878458E+01    0.286105938376098266E+02    0.427235680228086778E+02   -0.251855117253531398E+04   -0.161119563396503764E+02    1
    0.231471469252053339E+04    0.428019298464522002E+01   -0.330158478117231646E+00    0.442795924894058501E+00    0.103593171426291542E+01    0.297084854601725201E+01   -0.529586149244051541E+01    0.391650140846363968E+02   -0.251680286565289725E+04   -0.161319563396503760E+02    1
    0.233994324171568269E+04    0.346570859510708607E+01   -0.394386120175841959E+00    0.624417603796979970E+00    0.104605803206670389E+01    0.292560782062271985E+01   -0.211710182443962225E+01    0.126012269950291440E+02   -0.251644477876839437E+04   -0.161519563396503756E+02    1
    0.232166823587472663E+04    0.359860175169158625E+01   -0.367726105962155547E+00    0.527178814296384468E+00    0.104058190286851615E+01    0.296220366418979353E+01    0.169120035443053496E+01    0.451279831902244979E+02   -0.251059143251764544E+04   -0.161719563396503752E+02    1
    0.232464357878289411E+04    0.390399945865351850E+01   -0.497256892563400554E+00    0.465632231235566740E+00    0.104863269928845648E+01    0.296872748548253140E+01   -0.189713299773910649E+01   -0.393272207550553361E+02   -0.250763670180881809E+04   -0.161919563396503747E+02    1
    0.232121566685126027E+04    0.398790389798065492E+01   -0.384682570708518634E+00    0.585689511138037244E+00    0.104787323479820560E+01    0.294835766644017649E+01   -0.331167714242289577E+02   -0.502564854465391164E+01   -0.250201018631084662E+04   -0.162119563396503743E+02    1
    0.232226757154660572E+04    0.348279546215084057E+01   -0.408537932928421721E+00    0.633499536026728705E+00    0.104438112007073269E+01    0.297455590393022584E+01   -0.126340629280572472E+02   -0.152285606030333298E+02   -0.250129623039201397E+04   -0.162319563396503739E+02    1
    0.231885832664218060E+04    0.411893000538050824E+01   -0.399607621001475399E+00    0.388126886366379098E+00    0.104101463711845943E+01    0.296957400705495989E+01    0.460708605520919150E+02    0.293842988179230105E+02   -0.249866553621062667E+04   -0.162519563396503735E+02    1
    0.231673826962655403E+04    0.389864994338185777E+01   -0.512302541264407663E+00    0.419884425163677633E+00    0.104454554883298023E+01    0.299373671990101009E+01    0.313232576960438251E+02    0.402374487891188579E+02   -0.249766661969669349E+04   -0.162719563396503730E+02    1
    0.232053683676374112E+04    0.331720649690736824E+01   -0.418400987239769706E+00    0.529370817601512056E+00    0.104497835038781095E+01    0.298442388185263674E+01   -0.268021709165385822E+02    0.481044978340163993E+02   -0.249490018153988740E+04   -0.162919563396503726E+02    1
    0.230695450794262433E+04    0.432512055297989129E+01   -0.305437729107212730E+00    0.430937379848472246E+00    0.103871215271040684E+01    0.296420692120733609E+01   -0.909939254646828743E+01   -0.309859576958400318E+02   -0.249427370755029460E+04   -0.163119563396503722E+02    1
    0.231599061017999156E+04    0.407992456867379794E+01   -0.357856171770395304E+00    0.465759941964373925E+00    0.103460818542860689E+01    0.297675507732375877E+01    0.300983255668011509E+02    0.477633631254919919E+02   -0.249049295697197431E+04   -0.163319563396503717E+02    1
    0.232497565357883013E+04    0.355750688093894363E+01   -0.344359403290939781E+00    0.564332514862529333E+00    0.103911234852899681E+01    0.295899135477648656E+01   -0.267806721877212119E+02   -0.163047464878799175E+02   -0.248987531602144963E+04   -0.163519563396503749E+02    1
    0.230615083425753073E+04    0.388182514340962737E+01   -0.343625895402551507E+00    0.626573941433021142E+00    0.104759292728808107E+01    0.299026667859539819E+01   -0.425810025977710183E+01    0.266862160637652295E+02   -0.248500997100390305E+04   -0.163719563396503744E+02    1
    0.231539631455899780E+04    0.390097918403182131E+01   -0.308870635963354678E+00    0.498378350865485098E+00    0.104662355855742484E+01    0.294612330399748901E+01    0.271651813345523863E+02    0.139060941219949186E+02   -0.248285419297046519E+04   -0.163919563396503740E+02    1
    0.232478069376572603E+04    0.330835720496180974E+01   -0.307645848033071101E+00    0.609838361277102114E+00    0.103962067439796346E+01    0.296383337581244799E+01    0.407701966940603171E+02    0.447525921838505809E+02   -0.247811744843086171E+04   -0.164119563396503736E+02    1
    0.232965607160334366E+04    0.365792151547378452E+01   -0.395934264843462225E+00    0.534991621274277573E+00    0.104516776717388105E+01    0.294194360946047473E+01    0.686648350285206277E+01   -0.594140601177663541E+01   -0.247104563556769153E+04   -0.164319563396503732E+02    1
    0.232105484942363819E+04    0.359820526579316802E+01   -0.498421621998872966E+00    0.504354390492807836E+00    0.104734499237668688E+01    0.298970944095670887E+01   -0.379918815669595418E+02   -0.292142692185773889E+02   -0.246892074995263420E+04   -0.164519563396503763E+02    1
    0.231358218091561275E+04    0.382000864674498430E+01   -0.438544519469168559E+00    0.425293483651957516E+00    0.104018916735098710E+01    0.299205769388155840E+01   -0.234943757358995988E+02    0.273418055978287811E+02   -0.246759808196365202E+04   -0.164719563396503759E+02    1
    0.232243879286274387E+04    0.340664203943669186E+01   -0.355787071451996784E+00    0.549404589235456653E+00    0.103923468030047284E+01    0.298164873665131047E+01   -0.309802358033519205E+02    0.749883060589615980E+01   -0.246621383000629339E+04   -0.164919563396503754E+02    1
    0.232119910765924806E+04    0.325970612675937854E+01   -0.406567879130064425E+00    0.553523338346102678E+00    0.104659186917341684E+01    0.298610230758933382E+01    0.220405785020742115E+02    0.405097243044722433E+02   -0.246405730415575817E+04   -0.165119563396503786E+02    1
    0.230979468272079157E+04    0.430306928076372230E+01   -0.318001384352371463E+00    0.421202347772461572E+00    0.103592268303992574E+01    0.296769512723557449E+01    0.656119610901394168E+01    0.168379994365298984E+02   -0.246351016403554968E+04   -0.165319563396503746E+02    1
    0.231369224934745080E+04    0.403798015744241567E+01   -0.333579715533984189E+00    0.512191458235334851E+00    0.104149837024818970E+01    0.299154071825795853E+01    0.455791683646344978E+02   -0.242529699878619738E+02   -0.246346878462726727E+04   -0.165519563396503742E+02    1
    0.231609457737783214E+04    0.320212282860131481E+01   -0.360751054712114660E+00    0.645563729398716979E+00    0.104542314976762429E+01    0.297465169417072284E+01    0.401778474403379704E+02   -0.335515264248823897E+02   -0.245691058283931716E+04   -0.165719563396503737E+02    1
    0.232556148201378073E+04    0.404191768511912208E+01   -0.342536645818162178E+00    0.461018177553065844E+00    0.104615690476650292E+01    0.293341206674439237E+01   -0.225132954885455199E+02    0.158996892847203242E+02   -0.245493046403472772E+04   -0.165919563396503769E+02    1
    0.231104464826631465E+04    0.354238360289298271E+01   -0.320454481431648286E+00    0.573159808730930642E+00    0.104231315410647962E+01    0.297614582661293348E+01    0.666374274722186755E+01    0.487646751196187296E+02   -0.245207824370744083E+04   -0.166119563396503764E+02    1
    0.232613157375213950E+04    0.368080116296898119E+01   -0.422908643418667574E+00    0.531463717900829247E+00    0.104563533267983955E+01    0.295290714531376697E+01    0.280052949401329414E+02    0.345124070446495494E+02   -0.245077149861099633E+04   -0.166319563396503796E+02    1
    0.230120241925131631E+04    0.409926486758076170E+01   -0.392346321405896870E+00    0.435553391267483936E+00    0.104244159801248992E+01    0.299559906244154783E+01    0.256143215521295247E+02   -0.662874313151192496E+00   -0.244625589938486110E+04   -0.166519563396503756E+02    1
    0.232851786448082794E+04    0.345264112113688171E+01   -0.313052704660895409E+00    0.563233386010918213E+00    0.104547013946885969E+01    0.294202003349484675E+01    0.231690447844893725E+02   -0.354047574022768998E+02   -0.244491282715955413E+04   -0.166719563396503752E+02    1
    0.231991062747379965E+04    0.374581889224189224E+01   -0.485702105605476608E+00    0.537612496488748759E+00    0.104701936410760066E+01    0.298374115011427188E+01    0.204097134778880616E+02   -0.242138452745755579E+02   -0.244281113891137375E+04   -0.166919563396503783E+02    1
    0.232050758960855001E+04    0.388471929416744999E+01   -0.327301439801790384E+00    0.485453651378593531E+00    0.104182362235234538E+01    0.294793257754908744E+01   -0.665210386566573675E+01    0.364546273607814868E+02   -0.244222049951860481E+04   -0.167119563396503743E+02    1
    0.232427221697292134E+04    0.327700334172656405E+01   -0.378092321237848639E+00    0.569734415342279421E+00    0.104841492331337416E+01    0.297345809784108184E+01   -0.294115565233000211E+02    0.275311824961598717E+02   -0.244111547543185770E+04   -0.167319563396503739E+02    1
    0.231371659914403426E+04    0.352147275186992115E+01   -0.325762533780628971E+00    0.560635617120115004E+00    0.104955419976444775E+01    0.296266897624333936E+01    0.409963112038400084E+02    0.108152195589669020E+01   -0.244021952372375472E+04   -0.167519563396503770E+02    1
    0.231995610123889492E+04    0.361416783705223166E+01   -0.317746475498114911E+00    0.544082290182664852E+00    0.103563087147946864E+01    0.297828040837452557E+01   -0.152308054114904365E+02   -0.474339403944769700E+02   -0.243832056560155570E+04   -0.167719563396503766E+02    1
    0.230702071718601974E+04    0.402621290999511050E+01   -0.349069018755764571E+00    0.373066184260616662E+00    0.103967197587949856E+01    0.299717348727901145E+01   -0.362522337819540041E+02   -0.367217151834570359E+02   -0.243636418479113536E+04   -0.167919563396503762E+02    1
    0.230222028109561006E+04    0.377562376733326754E+01   -0.362812348627907677E+00    0.535681264188065831E+00    0.104584445839903806E+01    0.299017137408647704E+01   -0.290831767848118261E+00   -0.119544723880087318E+02   -0.242883176390330254E+04   -0.168119563396503757E+02    1
    0.231373115491697945E+04    0.395574528554099025E+01   -0.420886603388656022E+00    0.474479290477336946E+00    0.104835567039817956E+01    0.296715128637806647E+01   -0.311547801545948140E+02    0.419052785296880330E+02   -0.242699829760806415E+04   -0.168319563396503789E+02    1
    0.231955327661488991E+04    0.339360327399597939E+01   -0.385964091267437803E+00    0.544912834982889893E+00    0.104895709437367435E+01    0.298333840077950807E+01   -0.786296764383307334E+01    0.319661275115594634E+01   -0.242628436914134727E+04   -0.168519563396503749E+02    1
    0.233603528158354402E+04    0.374083002394478426E+01   -0.357287787895096742E+00    0.546202773673793995E+00    0.104890514092446385E+01    0.292045100313110861E+01   -0.133128698731941668E+02    0.112226459451318377E+02   -0.242256456606206802E+04   -0.168719563396503744E+02    1
    0.232238497833188831E+04    0.386845859555790650E+01   -0.347687448646557373E+00    0.569445476989724808E+00    0.104239231674324473E+01    0.296475440248955113E+01   -0.241032747702061556E+02   -0.307249958360854514E+02   -0.241167290810334589E+04   -0.168919563396503740E+02    1
    0.230902024944670848E+04    0.411293883899677581E+01   -0.331664696744278176E+00    0.446779392119206475E+00    0.104495527308236968E+01    0.296556066374243699E+01    0.385692422444869720E+02   -0.406394297323050324E+02   -0.241155493169385227E+04   -0.169119563396503771E+02    1
    0.229943035996513026E+04    0.411295835627994499E+01   -0.305270791299731725E+00    0.429261765222916536E+00    0.103646722914644784E+01    0.299419333531403042E+01    0.501141826837056215E+01    0.288526611432159257E+02   -0.240670015562838762E+04   -0.169319563396503803E+02    1
    0.233909720194575539E+04    0.335725302899079514E+01   -0.313009251748977924E+00    0.628751807795995377E+00    0.104768805820478450E+01    0.292955753956374121E+01    0.320363949527716159E+02   -0.359448551917928683E+00   -0.239898236106839931E+04   -0.169519563396503763E+02    1
    0.231756909995980277E+04    0.389100986209495270E+01   -0.366010156843439960E+00    0.439269414436528116E+00    0.103981840975003692E+01    0.298017327902361595E+01    0.133736725606538585E+02   -0.153842555713656992E+02   -0.239849016538253909E+04   -0.169719563396503759E+02    1
    0.230654553083835390E+04    0.374859533477930063E+01   -0.385112847002599956E+00    0.535962737390698774E+00    0.104367092634809078E+01    0.299121027911077420E+01   -0.174671596288397950E+02    0.136210732801518191E+02   -0.239327226923906483E+04   -0.169919563396503790E+02    1
    0.231567160253697057E+04    0.389230416301476634E+01   -0.328834759776936547E+00    0.569657384369985698E+00    0.104168117882022804E+01    0.296646141544702724E+01   -0.111028435183748257E+02    0.427834136830204415E+02   -0.239311658128313547E+04   -0.170119563396503750E+02    1
    0.231483491279287409E+04    0.375725489687714020E+01   -0.437283045812968951E+00    0.507903749849295760E+00    0.104312571598646953E+01    0.299927537226009600E+01    0.481078204656447355E+02    0.339984210597665708E+02   -0.239063479010587298E+04   -0.170319563396503781E+02    1
    0.231673753984911036E+04    0.358196969945404753E+01   -0.308434342044112686E+00    0.534483920387001210E+00    0.104981093751445487E+01    0.296447007247708871E+01   -0.330694751953046051E+02   -0.471365057992017782E+02   -0.239018891304021508E+04   -0.170519563396503777E+02    1
    0.232239255896279337E+04    0.380656160450335790E+01   -0.390205255566222098E+00    0.589808145028645425E+00    0.104697443724023831E+01    0.296077835082195628E+01   -0.477447643572714640E+02    0.159136781438612473E+02   -0.238770912976371665E+04   -0.170719563396503773E+02    1
    0.231970549627413129E+04    0.342818235206779587E+01   -0.313662135134408770E+00    0.543230152876182038E+00    0.104486383609204680E+01    0.297517466879959835E+01    0.182405813515627955E+02   -0.286523991347199747E+02   -0.238408843423253029E+04   -0.170919563396503804E+02    1
    0.231700408980059774E+04    0.368607937933257812E+01   -0.386574801836641724E+00    0.492846010816757274E+00    0.104201856527232595E+01    0.299347705788486174E+01   -0.156094678833521243E+02   -0.287282418221295188E-01   -0.238286817571643087E+04   -0.171119563396503800E+02    1
    0.230907109418749496E+04    0.379848472994894504E+01   -0.307072697861189181E+00    0.466151486765454981E+00    0.104618015806531450E+01    0.298131499839593550E+01    0.968409091229741392E+01    0.231705079103536917E+02   -0.238188887998457494E+04   -0.171319563396503760E+02    1
    0.233152828491140008E+04    0.382896982097146843E+01   -0.356331365692978352E+00    0.535528547801303989E+00    0.104618168939772427E+01    0.293649194584140094E+01    0.961781752533426015E+01    0.431080405283323103E+02   -0.237631334684632566E+04   -0.171519563396503791E+02    1
    0.231517132863748884E+04    0.377286714868422557E+01   -0.358612396672510880E+00    0.548917927159893848E+00    0.104387877819605301E+01    0.299624559338064644E+01    0.463259089841030232E+02    0.383396059371513758E+02   -0.237193981455530093E+04   -0.171719563396503787E+02    1
    0.232789150405161126E+04    0.339475874407699241E+01   -0.394271773136240733E+00    0.602314622316201032E+00    0.104658012667691813E+01    0.296054301951304311E+01   -0.366575466327571391E+02   -0.835214857500865548E+01   -0.237110475881558068E+04   -0.171919563396503783E+02    1
    0.230266234022114259E+04    0.418757826774858533E+01   -0.325700265471569494E+00    0.443739565097404143E+00    0.104398004112114284E+01    0.298278206197443918E+01    0.112530254048823792E+02    0.283648853630927249E+02   -0.236742373653979712E+04   -0.172119563396503779E+02    1
    0.230426102762578466E+04    0.388422684263644236E+01   -0.350450104759225667E+00    0.419665091924118716E+00    0.104145313568302855E+01    0.299979590015534869E+01   -0.278280485392312151E+02   -0.415978676395206008E+02   -0.236674136035228867E+04   -0.172319563396503774E+02    1
    0.231939381918737126E+04    0.390079141579375666E+01   -0.324589685256175153E+00    0.581563538221282039E+00    0.104427149395636154E+01    0.295182811941979129E+01    0.216368155631852233E+01    0.277055675684707410E+02   -0.236596566369897346E+04   -0.172519563396503806E+02    1
    0.230938101610428248E+04    0.387724628735420929E+01   -0.415517219464081378E+00    0.421396079351875397E+00    0.104235112888980863E+01    0.299965084810757610E+01   -0.437483861170870298E+02    0.331522719786757136E+02   -0.236472169661222915E+04   -0.172719563396503801E+02    1
    0.231855032207679687E+04    0.310967777998819939E+01   -0.455192549075406516E+00    0.634126219914053935E+00    0.104807719900184138E+01    0.299719694932116232E+01    0.378181515920649503E+02   -0.253235454252349044E+02   -0.236378111333103016E+04   -0.172919563396503797E+02    1
    0.231517685590555448E+04    0.406432872573386472E+01   -0.360507024565362433E+00    0.493366648419153675E+00    0.104587224995872541E+01    0.297731759473754032E+01    0.348514920702446318E+02    0.385470618019914895E+02   -0.236365649928311677E+04   -0.173119563396503793E+02    1
    0.232267210208701817E+04    0.332598740783088109E+01   -0.314190308503474014E+00    0.639680004490004617E+00    0.104565752599416495E+01    0.295190584749776530E+01    0.242264909389786141E+02   -0.112736189911943399E+02   -0.236340703950365605E+04   -0.173319563396503789E+02    1
    0.231038917463104735E+04    0.373106317438045965E+01   -0.483489779026633870E+00    0.472905386601402467E+00    0.104854969049919333E+01    0.299850015126109248E+01   -0.362208979821013202E+02   -0.390591824823606970E+02   -0.235866809865345704E+04   -0.173519563396503784E+02    1
    0.231512164407727278E+04    0.394342852129535526E+01   -0.394864432365214180E+00    0.516489138099054945E+00    0.104339914525096966E+01    0.297942350868163341E+01    0.346437450628550749E+02    0.385917191690938353E+02   -0.235606608382540981E+04   -0.173719563396503816E+02    1
    0.232113861613640665E+04    0.398837395319390042E+01   -0.332237329917411006E+00    0.508981874104809662E+00    0.104027065054796775E+01    0.295474473814702820E+01    0.953641742504288459E+00   -0.288688735388262927E+02   -0.235567623106104156E+04   -0.173919563396503776E+02    1
    0.233379234204870090E+04    0.401596025693002279E+01   -0.338295136751344261E+00    0.555650072851497479E+00    0.104948871103608443E+01    0.291596157904749376E+01    0.388602489281273051E+02    0.260676956447034769E+01   -0.235209091000228636E+04   -0.174119563396503807E+02    1
    0.230941465353193962E+04    0.369375617830109526E+01   -0.372335672639097337E+00    0.590060081460879515E+00    0.104466799903164209E+01    0.298890724106640615E+01   -0.451643171164375019E+02   -0.443640022682270327E+02   -0.235000909271983755E+04   -0.174319563396503803E+02    1
    0.231797414940571980E+04    0.312148856499673233E+01   -0.408002058252344257E+00    0.639602305816719063E+00    0.104787133220642970E+01    0.298030873701854215E+01    0.727442337445176435E+01    0.390158284743310304E+02   -0.234778692257550028E+04   -0.174519563396503798E+02    1
    0.232511170074483880E+04    0.353707650799279127E+01   -0.409228293198799609E+00    0.566136003590000492E+00    0.104952235020100093E+01    0.295586018390931837E+01   -0.281593733158236290E+02    0.265982707953173758E+02   -0.234631741578332094E+04   -0.174719563396503794E+02    1
    0.231341021489531704E+04    0.382929964109631360E+01   -0.311769542660907562E+00    0.512695774142105098E+00    0.103735210721158522E+01    0.297742248985169455E+01   -0.506658448516484583E+01   -0.474356367905660079E+02   -0.234470146365903202E+04   -0.174919563396503790E+02    1
    0.232690020935072289E+04    0.342249771091063870E+01   -0.356641835744030633E+00    0.581897211123313607E+00    0.104867122088744735E+01    0.295281830294374936E+01    0.250979260962218831E+02    0.139037478829190349E+02   -0.233721057454072115E+04   -0.175119563396503821E+02    1
    0.231445861130793219E+04    0.371126591420139373E+01   -0.346036565340765434E+00    0.496051729751311288E+00    0.103870838664594656E+01    0.299440824152716045E+01    0.294114162041004761E+02   -0.109020682907672892E+02   -0.233298510722270703E+04   -0.175319563396503817E+02    1
    0.231727371022774742E+04    0.358140727467354392E+01   -0.348603896014887560E+00    0.617834902254070117E+00    0.104750843111733727E+01    0.299050882345878666E+01    0.251185371276067855E+02   -0.150840681965670811E+02   -0.233250495985090583E+04   -0.175519563396503813E+02    1
    0.230901466321973840E+04    0.409731634301882508E+01   -0.363755303587039336E+00    0.486098881871045496E+00    0.104573921915251966E+01    0.297456807594211270E+01   -0.207351456248263446E+02    0.491350672429319530E+02   -0.233246383964768347E+04   -0.175719563396503808E+02    1
    0.232496226328932062E+04    0.389014873017111862E+01   -0.334890374387357526E+00    0.514756022882217334E+00    0.104864754816021910E+01    0.294088628683270814E+01    0.154513079398726347E+02    0.344300893503871066E+02   -0.233162454457888543E+04   -0.175919563396503804E+02    1
    0.231031130969698825E+04    0.314777994305242981E+01   -0.376314605002377567E+00    0.603494901574816001E+00    0.104673971939457289E+01    0.299643483943599032E+01    0.262034702600063412E+02    0.441130025434396345E+01   -0.233150908493715997E+04   -0.176119563396503800E+02    1
    0.232907530677995692E+04    0.386751889879760924E+01   -0.326297455163434114E+00    0.578416648844039094E+00    0.104724033301746022E+01    0.294172754213875765E+01    0.452679059267119328E+02   -0.214141840025245926E+02   -0.233045889593970469E+04   -0.176319563396503831E+02    1
    0.231343328439378092E+04    0.400697764368093701E+01   -0.307779403383459715E+00    0.533288329658227922E+00    0.103921931048716965E+01    0.298038037335740436E+01   -0.114327244354570183E+02   -0.502722317738331981E+01   -0.233000254226386005E+04   -0.176519563396503827E+02    1
    0.231231301021163381E+04    0.346125937160109398E+01   -0.390604510928975412E+00    0.608390809315309644E+00    0.104389889692271209E+01    0.299918612575679688E+01    0.170650048700823618E+02    0.327161277993482997E+02   -0.232840174036935150E+04   -0.176719563396503823E+02    1
    0.231420960714901503E+04    0.348383800076545214E+01   -0.336002911305132046E+00    0.528641019491459252E+00    0.104396218227660564E+01    0.298858143168618851E+01    0.180667961212340629E+02   -0.345207240096238337E+02   -0.232794927316694793E+04   -0.176919563396503818E+02    1
    0.231299423828508225E+04    0.378232821766179761E+01   -0.334936315400075735E+00    0.485947953889261153E+00    0.103743763430052627E+01    0.299635872348754262E+01    0.479296678609224074E+02    0.242652189349853273E+02   -0.232623619189256942E+04   -0.177119563396503814E+02    1
    0.231282737861075748E+04    0.384141343916267886E+01   -0.423994764994135687E+00    0.480230830186267443E+00    0.104700442544536254E+01    0.298381530053059141E+01   -0.432980112508582309E+02    0.248906956922029963E+02   -0.232492150393130214E+04   -0.177319563396503739E+02    1
    0.231310284856151111E+04    0.293427971961532785E+01   -0.319236492974458719E+00    0.659967806447744332E+00    0.104886199729732477E+01    0.297843594879819928E+01   -0.753533521254522043E+01    0.347222406459768109E+02   -0.232336023048364450E+04   -0.177519563396503806E+02    1
    0.230883188462915541E+04    0.350075606031239950E+01   -0.323045673608969131E+00    0.558525618264667845E+00    0.104061269871218709E+01    0.299504905564469848E+01   -0.252825149258428681E+02   -0.341381838961853674E+02   -0.232186775281893415E+04   -0.177719563396503766E+02    1
    0.231002141600376035E+04    0.386548399016720046E+01   -0.460375850606377091E+00    0.478635394912762857E+00    0.104788918655995889E+01    0.299614104522029612E+01    0.142588663484512921E+02   -0.211314149867094798E+02   -0.232038617078294646E+04   -0.177919563396503797E+02    1
    0.232181894282586381E+04    0.365973638533728174E+01   -0.367132796317716004E+00    0.587682429372008652E+00    0.104540601163708136E+01    0.297142163481359223E+01   -0.180604779602520793E+02    0.333551024491700048E+02   -0.231618088936039339E+04   -0.178119563396503793E+02    1
    0.232308560787358556E+04    0.376608964097736720E+01   -0.391502723560506694E+00    0.551056039628997185E+00    0.104762500511851897E+01    0.295459750365364915E+01    0.243888990630387497E+02    0.491226232041403534E+02   -0.231422355526299179E+04   -0.178319563396503789E+02    1
    0.230863310648962761E+04    0.402340645685632481E+01   -0.425310843370429903E+00    0.467474663243621358E+00    0.104957288900965229E+01    0.298812916363472825E+01    0.284085765229570484E+02    0.488916543772203198E+02   -0.231329811062101635E+04   -0.178519563396503820E+02    1
    0.231931695204379912E+04    0.387958723650315207E+01   -0.326113501532468542E+00    0.537612920582798526E+00    0.104286030890110748E+01    0.295454386233602762E+01   -0.969671460455635525E+01   -0.364438499743068220E+02   -0.231077504025498911E+04   -0.178719563396503816E+02    1
    0.231480992209750821E+04    0.344218984421810648E+01   -0.409451893219669460E+00    0.635806707893554424E+00    0.104802573330969850E+01    0.298391728545225376E+01    0.245310805645259222E+02    0.398976416305875716E+02   -0.230982782835800617E+04   -0.178919563396503811E+02    1
    0.233362962507170596E+04    0.307996813721641027E+01   -0.317571802460218822E+00    0.675212187743316150E+00    0.104901693677868924E+01    0.293712411124875450E+01    0.111113184063398194E+02    0.364429838682914067E+02   -0.230683035130908002E+04   -0.179119563396503807E+02    1
    0.230908931263999330E+04    0.392099024775830740E+01   -0.395471804542489425E+00    0.473699067541641039E+00    0.104511911225459886E+01    0.298775954752087092E+01    0.145769834863356920E+02    0.337513330635981958E+02   -0.230479210183686291E+04   -0.179319563396503803E+02    1
    0.231490493950989594E+04    0.327894527522260715E+01   -0.379543093372347595E+00    0.623561843305350028E+00    0.104489811817303035E+01    0.299532984037386729E+01   -0.164745547698029213E+02    0.131871482792474737E+02   -0.230419256678819602E+04   -0.179519563396503798E+02    1
    0.232386072239766099E+04    0.369618350845014465E+01   -0.340685260015492430E+00    0.567797142966273038E+00    0.104639961826121164E+01    0.294623527426299070E+01    0.257582239061739955E+02    0.331964225236234824E+02   -0.230227590121096637E+04   -0.179719563396503794E+02    1
    0.231742675032456282E+04    0.380155948284567291E+01   -0.400293114724900034E+00    0.512680329830512260E+00    0.104822971576238233E+01    0.296925250238060734E+01   -0.449999424760892595E+02   -0.267945373760545138E+02   -0.230168264998809764E+04   -0.179919563396503825E+02    1
    0.231885410327795671E+04    0.366969680806469167E+01   -0.361903600709631235E+00    0.577577410418928738E+00    0.104405162224576475E+01    0.297820552527648363E+01   -0.179735384604813788E+02    0.228524956838829070E+02   -0.230023943724238234E+04   -0.180119563396503821E+02    1
    0.231058189466572094E+04    0.401609120806283659E+01   -0.316645813300141021E+00    0.521277867272527340E+00    0.104247606685706895E+01    0.299064639142895272E+01   -0.238923308345083285E+01   -0.327069062859318294E+02   -0.229983574592146124E+04   -0.180319563396503781E+02    1
    0.231313351639000302E+04    0.384839674693514988E+01   -0.300108244665682256E+00    0.529498822906127709E+00    0.104601094169460396E+01    0.295865913032359806E+01   -0.116494001397489129E+02   -0.400375581079243261E+02   -0.229799785642440656E+04   -0.180519563396503813E+02    1
    0.233350792539165377E+04    0.336433716734108312E+01   -0.335684204552875287E+00    0.644791889724193212E+00    0.104846578591785722E+01    0.293405843845433578E+01   -0.471665583255336571E+02    0.313197130244280970E+02   -0.229574976710893043E+04   -0.180719563396503773E+02    1
    0.231286755788222354E+04    0.390021633734708928E+01   -0.341143001851726857E+00    0.466164227746314719E+00    0.104197275630962682E+01    0.298454972457089918E+01    0.142546784281344827E+02    0.398911586065104018E+02   -0.229008184291515090E+04   -0.180919563396503804E+02    1
    0.232771230472677826E+04    0.380343329136721353E+01   -0.350591036847069104E+00    0.566238508120481043E+00    0.104775691112592972E+01    0.294286842142372551E+01   -0.454932160639474219E+02   -0.178970362149616946E+02   -0.228938714171843685E+04   -0.181119563396503800E+02    1
    0.232896249800667010E+04    0.316071700421447455E+01   -0.317857578281942721E+00    0.672428984844524180E+00    0.104775721910498998E+01    0.294658866500169392E+01    0.323576353685136553E+02    0.489358855474940668E+02   -0.228875852421826585E+04   -0.181319563396503796E+02    1
    0.232326962152537544E+04    0.391636157335179469E+01   -0.337159881762014502E+00    0.551892309726802033E+00    0.104619806726735409E+01    0.295414628426802528E+01    0.376540539608224094E+02    0.644462446951813206E+01   -0.228713162719630873E+04   -0.181519563396503791E+02    1
    0.231758550035953886E+04    0.365421403754301988E+01   -0.348881036866946714E+00    0.525035162633164965E+00    0.104505921336117624E+01    0.297620734546460097E+01   -0.412806633545037087E+02    0.174821875908589419E+01   -0.228618541976255028E+04   -0.181719563396503823E+02    1
    0.231304468950295086E+04    0.375566125970676445E+01   -0.366562170521659514E+00    0.525328517681122431E+00    0.104289976136522156E+01    0.298336621230896437E+01   -0.159071317144757813E+02    0.132751615820656852E+02   -0.228443526098508437E+04   -0.181919563396503818E+02    1
    0.231259071713450203E+04    0.357318873599038067E+01   -0.340348463544328517E+00    0.570084568042882545E+00    0.104152121844104983E+01    0.298958707703691351E+01    0.393354973618593391E+02    0.480311002426909113E+02   -0.228188494602517676E+04   -0.182119563396503814E+02    1
    0.231776543630584183E+04    0.333075282756420243E+01   -0.308986993071505012E+00    0.603872566937763255E+00    0.104231753956627315E+01    0.298586061637886413E+01   -0.173330345937428376E+01   -0.356323047285082311E+02   -0.228045758015338652E+04   -0.182319563396503810E+02    1
    0.232157912068913492E+04    0.345841188008987377E+01   -0.326735185670179396E+00    0.619995655576255245E+00    0.104537289113750376E+01    0.297697572860575477E+01    0.461352791698663935E+02    0.195031794792105870E+02   -0.227960258398260748E+04   -0.182519563396503806E+02    1
    0.231801629747161405E+04    0.359184628132778094E+01   -0.314319533493262360E+00    0.656739985677564309E+00    0.104714456122429289E+01    0.296554639200869330E+01    0.362056125772776340E+02    0.389648107519406750E+02   -0.227723294056010673E+04   -0.182719563396503837E+02    1
    0.231131333368444029E+04    0.314875763518319207E+01   -0.364743425955231237E+00    0.687748560976002565E+00    0.104779690329141673E+01    0.299463927605918734E+01    0.124516219397628802E+02   -0.936456208561196490E+00   -0.227688019482056370E+04   -0.182919563396503797E+02    1
    0.231458783599182152E+04    0.348438857600618945E+01   -0.386385260583812062E+00    0.634200029877418414E+00    0.104796001707000475E+01    0.299620846795366269E+01    0.240821808491156020E+01   -0.301474689673985345E+02   -0.227609141133502862E+04   -0.183119563396503828E+02    1
    0.231153580743402108E+04    0.289213651884692258E+01   -0.335714240048392176E+00    0.668688889909241913E+00    0.104869511499074131E+01    0.298821779976597801E+01   -0.127673039373864441E+02    0.196325225557936704E+02   -0.227519413133666785E+04   -0.183319563396503824E+02    1
    0.230297753414756744E+04    0.394226380422711919E+01   -0.321057568884215161E+00    0.518820869518933803E+00    0.104214339326494820E+01    0.299220453632926775E+01   -0.498641328257656653E+02    0.204755372209054798E+01   -0.227450202735288804E+04   -0.183519563396503820E+02    1
    0.231087876215542019E+04    0.378648377104800993E+01   -0.343369714028796236E+00    0.581816984441391738E+00    0.104675993425631098E+01    0.297401219425998509E+01   -0.107601444426139921E+02   -0.614766404247526310E+01   -0.227003485566521204E+04   -0.183719563396503816E+02    1
    0.232425107498935449E+04    0.399602871714759589E+01   -0.321701436762023840E+00    0.554770106031945431E+00    0.104722798340848122E+01    0.293810765204098701E+01   -0.222718557656514875E+02   -0.462006509069945537E+02   -0.226964533694633792E+04   -0.183919563396503776E+02    1
    0.231527831280068949E+04    0.300464117167516731E+01   -0.318588489919323259E+00    0.630551480523411589E+00    0.104913208758136367E+01    0.298160917997246644E+01    0.422538775637486879E+02    0.251068244670044294E+02   -0.226894090310738329E+04   -0.184119563396503771E+02    1
    0.233732947010452017E+04    0.356746405881816386E+01   -0.296966173771706032E+00    0.631160606494568954E+00    0.104930983697234259E+01    0.292488128742205289E+01   -0.102742292725263553E+02   -0.160638546027237155E+02   -0.226705616480244908E+04   -0.184319563396503803E+02    1
    0.230423155987840619E+04    0.397394255468397573E+01   -0.337796335017951088E+00    0.512636810171385959E+00    0.104740481982530187E+01    0.298227673418443873E+01    0.217265909242357225E+00   -0.422188818622485940E+02   -0.226628623880804389E+04   -0.184519563396503798E+02    1
    0.230716890903343437E+04    0.378653599431936794E+01   -0.350975816836919807E+00    0.546567065272956065E+00    0.104742309753580987E+01    0.298085106791952681E+01   -0.213322247440354147E+02   -0.428499305456789870E+01   -0.226440276504969188E+04   -0.184719563396503794E+02    1
    0.231639357623423439E+04    0.291355816110014754E+01   -0.315388275943178031E+00    0.672874848150851523E+00    0.104871908997497365E+01    0.297492845105238191E+01   -0.351691994330744464E+02    0.416572547484545908E+01   -0.226257858765689662E+04   -0.184919563396503825E+02    1
    0.231770825980660038E+04    0.307957146356584932E+01   -0.371389563214829410E+00    0.674274622331227258E+00    0.104926395834931241E+01    0.299342321137641898E+01    0.749450896759618956E+00    0.339232310647345940E+02   -0.226174571922105133E+04   -0.185119563396503821E+02    1
    0.231903298973512710E+04    0.377648789073890168E+01   -0.344819068148984831E+00    0.598181023452680760E+00    0.104734341174900347E+01    0.296131275257988280E+01   -0.267305989340760490E+02   -0.408837370445303279E+02   -0.226163262542210350E+04   -0.185319563396503781E+02    1
    0.231446371133601224E+04    0.400190259585141739E+01   -0.295256271207105514E+00    0.508435319881787251E+00    0.104640553837454653E+01    0.297911309179216399E+01    0.113011377584066395E+02    0.261922975943492276E+02   -0.226087721421399465E+04   -0.185519563396503813E+02    1
    0.231250393883755896E+04    0.371831061403286389E+01   -0.384670765846412910E+00    0.516715710469164424E+00    0.104666058706592979E+01    0.299595922031847417E+01    0.151124037551194021E+02    0.231504592593086613E+02   -0.226083722825592713E+04   -0.185719563396503844E+02    1
    0.230711589139624994E+04    0.378150600840539530E+01   -0.333584496166692390E+00    0.486919303642336487E+00    0.104731717813583036E+01    0.299467501830875094E+01    0.228528575785259136E+02   -0.480025736534010150E+00   -0.225801535125689907E+04   -0.185919563396503840E+02    1
    0.232099145137698997E+04    0.398576435014049268E+01   -0.314542153826640747E+00    0.526367205345509626E+00    0.104568470762738608E+01    0.295057170520136136E+01    0.296242394631715058E+02   -0.498322073950409532E+02   -0.225546955012155695E+04   -0.186119563396503800E+02    1
    0.231742840811013230E+04    0.351795337902276728E+01   -0.346256589847658114E+00    0.578287712913531537E+00    0.104439779782352193E+01    0.298702889822899342E+01    0.240408019771183206E+02   -0.167878230816443335E+02   -0.225536584127296737E+04   -0.186319563396503796E+02    1
    0.231321173620630589E+04    0.379335788611156932E+01   -0.417457004359082173E+00    0.534601277487612658E+00    0.104864845242995952E+01    0.298769672549731258E+01   -0.176008637766995903E+02   -0.218707399520706112E+02   -0.224933450965503198E+04   -0.186519563396503791E+02    1
    0.231002895924997665E+04    0.359607136728429833E+01   -0.434683995116540101E+00    0.556740407402403603E+00    0.104951897473519784E+01    0.299233136705974179E+01   -0.277526462521254018E+02    0.222370602459746607E+02   -0.224933150818155400E+04   -0.186719563396503823E+02    1
    0.232754006658933304E+04    0.342148653063599317E+01   -0.352525893150487657E+00    0.659603902767203820E+00    0.104978371581493635E+01    0.294486000652849755E+01    0.496538603310821287E+02    0.493767739732771389E+02   -0.224830727064165058E+04   -0.186919563396503818E+02    1
    0.232631181174822405E+04    0.334012497880226311E+01   -0.325520050320646570E+00    0.629079747594166294E+00    0.104817335519509136E+01    0.295969252927944204E+01   -0.165036602314669736E+02    0.202357388585522671E+02   -0.224739862902082859E+04   -0.187119563396503850E+02    1
    0.230725622986783492E+04    0.399552041859325424E+01   -0.300285945061275927E+00    0.570281537606023292E+00    0.104588320909551635E+01    0.297691673494372244E+01   -0.427280128527875505E+02   -0.686248540933121376E+01   -0.224273895812882347E+04   -0.187319563396503845E+02    1
    0.231821792227320202E+04    0.386287896159762134E+01   -0.306771781121139508E+00    0.552729836971202593E+00    0.104275143963695549E+01    0.296166066595431321E+01   -0.412004190951375193E+02    0.487616372154099054E+01   -0.224049566895788939E+04   -0.187519563396503841E+02    1
    0.231538770080980430E+04    0.350704603034519780E+01   -0.389830365580075666E+00    0.605946500074466599E+00    0.104960701677162294E+01    0.297289525782092046E+01   -0.101349291084081941E+02   -0.341786587206364203E+02   -0.223760091351623123E+04   -0.187719563396503801E+02    1
    0.231119439787178908E+04    0.362527830089305914E+01   -0.318475173144638024E+00    0.535163895810162549E+00    0.104309257351947426E+01    0.298644333260991779E+01   -0.947381822852786115E+01    0.128273237758135608E+02   -0.223597156367917296E+04   -0.187919563396503797E+02    1
    0.230650308696466573E+04    0.391399399927037495E+01   -0.333223719533514706E+00    0.508815642158664483E+00    0.104392485452249351E+01    0.298634455948105515E+01   -0.320765939573651693E+02   -0.126565714077691709E+02   -0.223493301378540673E+04   -0.188119563396503828E+02    1
    0.231700755859231958E+04    0.361937871667118616E+01   -0.331950515257416867E+00    0.658370862228360831E+00    0.104995886776372060E+01    0.296986440721872791E+01   -0.316513421170408371E+02   -0.247809755929973363E+01   -0.223399905131128298E+04   -0.188319563396503860E+02    1
    0.231536691921898364E+04    0.351907038555215479E+01   -0.375500252444179561E+00    0.629444097191029783E+00    0.104871267506107535E+01    0.299058190486520470E+01   -0.316368707346583733E-01   -0.410310775546274940E+02   -0.223359659377231992E+04   -0.188519563396503820E+02    1
    0.231398544394592955E+04    0.347785975050714047E+01   -0.387644124938796797E+00    0.591593414752319746E+00    0.104750898979597040E+01    0.298409107078142233E+01   -0.221621685496060259E+02   -0.723034536845895559E+01   -0.223303868018450339E+04   -0.188719563396503780E+02    1
    0.230718510706741199E+04    0.396120904187402934E+01   -0.339341300697142578E+00    0.495515820488997449E+00    0.104624246444467772E+01    0.298287121853948634E+01   -0.395193805061280301E+02   -0.183251275027126503E+02   -0.223038277520847669E+04   -0.188919563396503776E+02    1
    0.231292935387086709E+04    0.343959044039188644E+01   -0.350969069520730925E+00    0.591055131914245191E+00    0.104398608096602263E+01    0.299514912629332253E+01   -0.316557704335141956E+02    0.139319155061565993E+02   -0.222953404938236054E+04   -0.189119563396503807E+02    1
    0.231854226186724190E+04    0.331809821844949981E+01   -0.299904231372103924E+00    0.646249249343247123E+00    0.104748620734957165E+01    0.296104003734119647E+01    0.536818317213851515E+01    0.598061647506731475E+01   -0.222610051956472535E+04   -0.189319563396503838E+02    1
    0.230705705638847030E+04    0.397977488692153347E+01   -0.335218051189262067E+00    0.495868754813783452E+00    0.104474816967262485E+01    0.299706485702590175E+01    0.177050548913206995E+01    0.208413327295037902E+02   -0.222082136259097388E+04   -0.189519563396503834E+02    1
    0.230937037590625641E+04    0.390271380166600235E+01   -0.366941615937115273E+00    0.503467891351227714E+00    0.104909325154815547E+01    0.298734424622309946E+01    0.238504908523877504E+02    0.167669899256018198E+02   -0.221957644297979095E+04   -0.189719563396503794E+02    1
    0.230830145629678009E+04    0.388121545479599650E+01   -0.383696527045150892E+00    0.509724542715094930E+00    0.104672622171061414E+01    0.299467833951801321E+01    0.329723976573326922E+02   -0.122942270494187866E+02   -0.221703981832809268E+04   -0.189919563396503790E+02    1
    0.231647243103235451E+04    0.308976020880350699E+01   -0.299524362251905207E+00    0.665937112160039146E+00    0.104609472353965183E+01    0.298517543633144555E+01   -0.287346836626703066E+02    0.279901376763528447E+02   -0.221610432874293065E+04   -0.190119563396503821E+02    1
    0.230874893004182468E+04    0.297720179704586396E+01   -0.302784937118493136E+00    0.661563484963640036E+00    0.104937869417562557E+01    0.298849014080917819E+01    0.424577215711793770E+02   -0.309379672743948291E+02   -0.221384807517280569E+04   -0.190319563396503852E+02    1
    0.231725241808805185E+04    0.305170441757593069E+01   -0.355816044934520681E+00    0.645576351801791071E+00    0.104933278386632400E+01    0.298772848867520580E+01    0.400027821626568851E+02   -0.301061439081168913E+01   -0.221355980486150384E+04   -0.190519563396503848E+02    1
    0.231091682564063467E+04    0.357814408314300358E+01   -0.326681487157977346E+00    0.629491404170122726E+00    0.104648922609370909E+01    0.299713413446052845E+01   -0.127473402292336289E+02    0.664963869486875581E+00   -0.221067685293269824E+04   -0.190719563396503844E+02    1
    0.231539518406080697E+04    0.356119831900414940E+01   -0.361383442903740915E+00    0.600519286153705756E+00    0.104998476718467004E+01    0.298994334653852478E+01    0.118467780081923806E+02    0.298772838604531898E+02   -0.220940002322528335E+04   -0.190919563396503840E+02    1
    0.231300919103225397E+04    0.327905964825260643E+01   -0.372844311782679239E+00    0.654010389422750471E+00    0.104816770156854000E+01    0.299627199380852804E+01    0.342019544807106968E+02   -0.912572462275711160E+01   -0.220724603477354776E+04   -0.191119563396503835E+02    1
    0.232187935397586625E+04    0.346112734497805796E+01   -0.315108452196164401E+00    0.654003896469158019E+00    0.104786477031725989E+01    0.296612642058577958E+01   -0.310027491672191999E+02    0.385439827616999082E+02   -0.220707544739877267E+04   -0.191319563396503867E+02    1
    0.231335154767451695E+04    0.340969345032855786E+01   -0.375389038406397535E+00    0.638694783684676137E+00    0.104814675852201900E+01    0.299465360720680440E+01    0.297941534396121455E+01    0.282658868134911074E+02   -0.220688286710089460E+04   -0.191519563396503827E+02    1
    0.232065356759099268E+04    0.387049466065312986E+01   -0.313087742594704288E+00    0.585401314051365196E+00    0.104870695949352077E+01    0.294674174953942547E+01    0.393180810310067130E+02    0.237809671180614970E+02   -0.220557553792014369E+04   -0.191719563396503823E+02    1
    0.230651100935048953E+04    0.368016529388619951E+01   -0.349122490707596378E+00    0.608107078881475860E+00    0.104725072388497731E+01    0.299541698664876588E+01    0.159188336835405124E+02   -0.227532174544129049E+02   -0.220499333829645457E+04   -0.191919563396503818E+02    1
    0.231131249753848442E+04    0.371463225126071261E+01   -0.360547542782938324E+00    0.590346510957666881E+00    0.104724439323547225E+01    0.298824400299604909E+01   -0.267378840318728663E+02   -0.437600439408546222E+02   -0.220164609351930676E+04   -0.192119563396503850E+02    1
    0.231097668201330271E+04    0.395868459343913903E+01   -0.318347868307551074E+00    0.576714929797705445E+00    0.104928381754225097E+01    0.296810685789948936E+01    0.499448892428476086E+02   -0.349952925770386258E+01   -0.220148152713235322E+04   -0.192319563396503845E+02    1
    0.231163495641196505E+04    0.389705407417622940E+01   -0.315616058591009330E+00    0.518320995201122181E+00    0.104347429111550039E+01    0.298072197144175988E+01   -0.229340119697259084E+02    0.489978117863572891E+02   -0.219921399936119906E+04   -0.192519563396503841E+02    1
    0.230704985248644971E+04    0.384754297316409932E+01   -0.316309764948893457E+00    0.570719214982704726E+00    0.104504191330350937E+01    0.299936049491888213E+01   -0.225449903572544237E+02   -0.467273877833880533E+02   -0.219883943322380810E+04   -0.192719563396503837E+02    1
    0.230952352723009699E+04    0.341917874600875171E+01   -0.389631863267849821E+00    0.607591091789493998E+00    0.104759259795586357E+01    0.299807834486873004E+01    0.704853364609556365E+01    0.439423564426134590E+02   -0.219860369390936467E+04   -0.192919563396503833E+02    1
    0.232166188238397081E+04    0.318950672154810455E+01   -0.297093662182615015E+00    0.675134210539105495E+00    0.104864246245034898E+01    0.297140139374324130E+01   -0.282758562614043463E+02    0.393927386430227244E+01   -0.219760671448337007E+04   -0.193119563396503828E+02    1
    0.231613065148739315E+04    0.314615861988688295E+01   -0.301478733351864536E+00    0.685485437008785059E+00    0.104772049389047295E+01    0.297473052296117890E+01   -0.267763558729188382E+02   -0.560099179136445713E+01   -0.219734540356082925E+04   -0.193319563396503824E+02    1
    0.231138461055034622E+04    0.381077499110983764E+01   -0.364513285363737782E+00    0.578924301320161927E+00    0.104916473522888665E+01    0.297972118229546856E+01    0.362152520948482248E+02    0.478057137820113525E+02   -0.219634973596160035E+04   -0.193519563396503820E+02    1
    0.232026861017992769E+04    0.334000770395976776E+01   -0.338018624580340044E+00    0.613633101525951519E+00    0.104994353623041903E+01    0.297262109541239639E+01   -0.199909134756028770E+02   -0.108837590143864134E+02   -0.219473641267256380E+04   -0.193719563396503851E+02    1
    0.230300151345380527E+04    0.387843659965343601E+01   -0.321262829110474601E+00    0.520023069507177471E+00    0.104388836355265946E+01    0.299566453468271154E+01   -0.896080244807816939E+01    0.461068677698427081E+02   -0.219397045232108985E+04   -0.193919563396503847E+02    1
    0.230526856458144539E+04    0.381132517908014323E+01   -0.298694827062952639E+00    0.567630792346292656E+00    0.104477102158708401E+01    0.299247120587408677E+01   -0.456423823926025918E+02    0.221079987992751654E+02   -0.219396548607700424E+04   -0.194119563396503843E+02    1
    0.230517697385723204E+04    0.403588294712570761E+01   -0.305902896041718997E+00    0.507481051011638762E+00    0.104520937420705384E+01    0.298598269428229868E+01   -0.352060080895103766E+01    0.469887684708617996E+02   -0.219342221878365945E+04   -0.194319563396503838E+02    1
    0.230211705949826865E+04    0.376815465574668007E+01   -0.329248458840942282E+00    0.546259315379354238E+00    0.104571743871874423E+01    0.299732793568091838E+01   -0.472609257939335237E+02   -0.352203020611965840E+02   -0.219158038513092515E+04   -0.194519563396503834E+02    1
    0.232317844850151960E+04    0.358081165918296707E+01   -0.326835956826995122E+00    0.603569666417950956E+00    0.104962144238922028E+01    0.294845085774328908E+01    0.752536838192396118E+01    0.391887078602104566E+01   -0.219124865255711802E+04   -0.194719563396503830E+02    1
    0.231058774376798738E+04    0.355485173742718308E+01   -0.328784058384558986E+00    0.616212595694241472E+00    0.104893784316867533E+01    0.297506143342444274E+01   -0.255442445647075402E+02    0.245724580026526809E+02   -0.218994486521495492E+04   -0.194919563396503825E+02    1
    0.230347163291807055E+04    0.335607245500392137E+01   -0.304638780949106125E+00    0.594184118534877292E+00    0.104736627218999745E+01    0.299982978475160866E+01   -0.532531598145764917E+01    0.343705038752944887E+02   -0.218982823488499753E+04   -0.195119563396503821E+02    1
    0.231311646918070346E+04    0.339240247688442409E+01   -0.360730136514989197E+00    0.590698927248350381E+00    0.104737340892402120E+01    0.299172616482656384E+01   -0.345122551041010013E+02   -0.181934468901838784E+02   -0.218828427855757172E+04   -0.195319563396503852E+02    1
    0.230754909327984660E+04    0.354961631449026749E+01   -0.344024903237156787E+00    0.574634440649378297E+00    0.104605018734954536E+01    0.299409957050857400E+01    0.321257094774993135E+02   -0.373836039477328370E+02   -0.218778904022194547E+04   -0.195519563396503848E+02    1
    0.230909299059986051E+04    0.342952133493425837E+01   -0.346528771864259399E+00    0.672401958845003200E+00    0.104979398997821738E+01    0.298916838571225840E+01    0.347515699107390219E-01    0.429853285335804429E+02   -0.218727357812263017E+04   -0.195719563396503844E+02    1
    0.230485631825972951E+04    0.381986836210411518E+01   -0.330674358149787240E+00    0.505893998948505619E+00    0.104574884699780268E+01    0.299502609230117089E+01   -0.857170296154421862E+00   -0.140881136002975467E+02   -0.218712984163514830E+04   -0.195919563396503804E+02    1
    0.231517629644211002E+04    0.368262267772199436E+01   -0.329855723983987659E+00    0.560934436168222250E+00    0.104580086105525005E+01    0.297628329318613805E+01   -0.208299800795234198E+02    0.209514107983321338E+02   -0.218573471716132553E+04   -0.196119563396503800E+02    1
    0.231831914948556823E+04    0.363066468693605771E+01   -0.309552601387048099E+00    0.573574028931813973E+00    0.104837454431199539E+01    0.297031959193300965E+01    0.221619475141097269E+02    0.141729203453056698E+02   -0.218548417050802163E+04   -0.196319563396503831E+02    1
    0.231127551360285042E+04    0.368247979641046719E+01   -0.315312692487293544E+00    0.592781896930931973E+00    0.104548206612920147E+01    0.297968314626916575E+01    0.180690982349211708E+02    0.748156094500544810E+01   -0.218406200680263009E+04   -0.196519563396503827E+02    1
    0.231446732550144861E+04    0.315886384053202285E+01   -0.311269778828582644E+00    0.661057369213043033E+00    0.104960354680957435E+01    0.297185599760264152E+01   -0.455025308540882634E+01    0.386700954255316276E+02   -0.218349405950244409E+04   -0.196719563396503823E+02    1
    0.232745440060595320E+04    0.323827791718814950E+01   -0.305375962823148439E+00    0.679949640538903277E+00    0.104993163414582535E+01    0.294463710220912755E+01    0.338084640349415082E+02    0.137312258818100972E+02   -0.218291777740219095E+04   -0.196919563396503854E+02    1
    0.230614091806099077E+04    0.319599801214811574E+01   -0.311627928275203414E+00    0.619840841628287231E+00    0.104874992384237120E+01    0.299578182291230766E+01   -0.468718300427390062E+02   -0.142447728122155368E+02   -0.218265468937860351E+04   -0.197119563396503814E+02    1
    0.230981423175925465E+04    0.345440643172879724E+01   -0.360252893203346747E+00    0.610350740327244456E+00    0.104860314446531366E+01    0.298707122438018580E+01   -0.118654796165362910E+02   -0.365436562561285427E+02   -0.218252260792885636E+04   -0.197319563396503810E+02    1
    0.231639789877324256E+04    0.312600675987490639E+01   -0.297090468653448181E+00    0.664527032778170157E+00    0.104799791774617401E+01    0.298809075540178792E+01   -0.166313840414975260E+02   -0.516124626372319995E+01   -0.218182649155841455E+04   -0.197519563396503806E+02    1
    0.232010529565293336E+04    0.316192351249477444E+01   -0.313009041860504655E+00    0.683843642336851465E+00    0.104872475715384628E+01    0.297160147051138734E+01   -0.368086789862220698E+02   -0.280787387683184519E+02   -0.218161161478707254E+04   -0.197719563396503837E+02    1
    0.230451111078929262E+04    0.400965088140559445E+01   -0.310601632035491126E+00    0.545128258593918780E+00    0.104614177935434394E+01    0.299132086597883173E+01   -0.304233342743710260E+02   -0.439178801663328215E+02   -0.218066199241315780E+04   -0.197919563396503833E+02    1
    0.230955217066120667E+04    0.322243749787732314E+01   -0.300043775838085169E+00    0.637600389146625757E+00    0.104997325830727095E+01    0.298002674020976688E+01    0.136998730427162485E+02    0.722930108086317347E+01   -0.217968645906100119E+04   -0.198119563396503828E+02    1
    0.231683832148857346E+04    0.340672455824176090E+01   -0.348331657410424433E+00    0.612789604958219325E+00    0.104851647241722357E+01    0.297448845396633610E+01    0.444142645801385783E+02    0.478101905626279233E+01   -0.217885436590615518E+04   -0.198319563396503824E+02    1
    0.231015626798000631E+04    0.382666494201991991E+01   -0.305865679001621760E+00    0.529349668648640637E+00    0.104340534504014926E+01    0.298287697993982670E+01   -0.259640609351741176E+02   -0.236659858517313531E+02   -0.217720861536166876E+04   -0.198519563396503855E+02    1
    0.230740409606371122E+04    0.380688946851646204E+01   -0.312566883958104114E+00    0.541403900647677960E+00    0.104768263554015140E+01    0.297998073348802750E+01    0.597997762450714987E+01    0.142287501055539991E+02   -0.217662929455056928E+04   -0.198719563396503851E+02    1
    0.232174334518868909E+04    0.357872950667720868E+01   -0.304806979664110522E+00    0.655684573600178844E+00    0.104974677770284663E+01    0.294825522604626267E+01    0.122091725995469247E+02    0.262844559459782943E+02   -0.217623215382314538E+04   -0.198919563396503847E+02    1
    0.231425448543249786E+04    0.289610027646614787E+01   -0.338603031964862355E+00    0.669083098285061517E+00    0.104993035114420930E+01    0.299050951842497659E+01    0.447399803753877023E+01    0.296331150996393546E+02   -0.217543928678890416E+04   -0.199119563396503843E+02    1
    0.231535027756219188E+04    0.356372149504041591E+01   -0.315685732583723622E+00    0.639049269290138722E+00    0.104903419702437706E+01    0.298325644092325248E+01   -0.257502715205829169E+02   -0.445308579049954858E+02   -0.217458968843090952E+04   -0.199319563396503838E+02    1
    0.231496141381295638E+04    0.305288353375742894E+01   -0.298712793599167914E+00    0.655332821222248119E+00    0.104895321225238281E+01    0.298464588064634295E+01   -0.227783662810324472E+01    0.225960573665782221E+02   -0.217442176383210290E+04   -0.199519563396503834E+02    1
    0.230364493341144407E+04    0.391989682960729269E+01   -0.343232968996978971E+00    0.536642208788586483E+00    0.104663708247655052E+01    0.299593854449237806E+01   -0.733984180592177893E+01    0.231080158584936299E+02   -0.217406359478342256E+04   -0.199719563396503865E+02    1
    0.231400529258997631E+04    0.332815497808314209E+01   -0.339096690627574027E+00    0.634448228214895216E+00    0.104897825645678600E+01    0.299619495840720873E+01   -0.632335353400326738E+01   -0.175103574976502330E+01   -0.217187601593894124E+04   -0.199919563396503861E+02    1
    0.229999072387279284E+04    0.397945114287422008E+01   -0.325458228419429674E+00    0.514960960086587982E+00    0.104792770701767912E+01    0.299779342197505372E+01    0.287977994131442046E+02    0.383623915032846696E+02   -0.217106986911080912E+04   -0.200119563396503857E+02    1
    0.231204838867361013E+04    0.376290802769123367E+01   -0.342659655834107846E+00    0.579063496102391051E+00    0.104819444242194382E+01    0.297633458729181521E+01   -0.347592375211269697E+02   -0.232137424292411900E+02   -0.217039800064947713E+04   -0.200319563396503888E+02    1
    0.231210190141927296E+04    0.335518432216399143E+01   -0.360814935381575386E+00    0.619951082353308536E+00    0.104791924492799771E+01    0.299035723771118933E+01    0.183489354853541329E+02   -0.695662414620876746E+00   -0.216940736015388211E+04   -0.200519563396503848E+02    1
    0.231843527256466314E+04    0.344272137000606993E+01   -0.334460125303651434E+00    0.625746421111996076E+00    0.104778865703078883E+01    0.297277868746572249E+01   -0.306874399577362027E+02   -0.118193901370269785E+02   -0.216847131765506720E+04   -0.200719563396503844E+02    1
    0.231360945375943720E+04    0.332099013754146766E+01   -0.304849998797873001E+00    0.636828743788343088E+00    0.104567464309479763E+01    0.299306301018853071E+01    0.275809374902597710E+02   -0.438150765628564187E+02   -0.216831532994300460E+04   -0.200919563396503840E+02    1
    0.230177373212805378E+04    0.386646641292933957E+01   -0.344366011273850137E+00    0.548763580680899032E+00    0.104697528240008197E+01    0.299980512810189914E+01   -0.323039544788506703E+02   -0.339952845372852153E+02   -0.216674248052517032E+04   -0.201119563396503835E+02    1
    0.231648560287636337E+04    0.343657593364009317E+01   -0.329552361199161481E+00    0.607638121735511016E+00    0.104701194883148818E+01    0.298026726450778590E+01   -0.160023891935474438E+02   -0.139438534879824303E+02   -0.216581298451655584E+04   -0.201319563396503831E+02    1
    0.231311444572804476E+04    0.285236901237909057E+01   -0.334761105338443277E+00    0.682011748210295754E+00    0.104962820314671257E+01    0.299709808067284023E+01    0.528268268187289891E+00   -0.251715291997422241E+02   -0.216564718957028208E+04   -0.201519563396503827E+02    1
    0.230260345982873378E+04    0.382624967851464914E+01   -0.310297319342999256E+00    0.562114742244238963E+00    0.104799477544162678E+01    0.298853407935308102E+01    0.464712786093677721E+00   -0.125542060213822921E+02   -0.216494372775677493E+04   -0.201719563396503858E+02    1
    0.231897472672469758E+04    0.317702947906723132E+01   -0.302164747059372019E+00    0.669315866431925977E+00    0.104803340659481403E+01    0.297340312163025899E+01   -0.206632308004082681E+02   -0.108787198059027901E+01   -0.216466631416004657E+04   -0.201919563396503854E+02    1
    0.231456177970812405E+04    0.349777609394507971E+01   -0.331843630739811213E+00    0.591419825335936622E+00    0.104692971328024909E+01    0.298794950426969841E+01   -0.349186586787712230E+02    0.142989672592411239E+02   -0.216292399155882140E+04   -0.202119563396503885E+02    1
    0.231590331534284587E+04    0.384663015076851789E+01   -0.325846003922545813E+00    0.574496734619836857E+00    0.104963211537770662E+01    0.296393726166235716E+01    0.280941156707479252E+02   -0.375302790053220292E+02   -0.216208590434286816E+04   -0.202319563396503881E+02    1
    0.230797325304116066E+04    0.332112066721461563E+01   -0.330518389109516808E+00    0.648481203950732388E+00    0.104738017801838179E+01    0.299588985250261208E+01    0.291225123108182231E+02    0.264190004424685299E+02   -0.216184502799193751E+04   -0.202519563396503877E+02    1
    0.231340565890822199E+04    0.355027364840267445E+01   -0.306557322051623005E+00    0.624592675204697079E+00    0.104573248177215539E+01    0.298586396402362775E+01    0.439447321404449127E+02   -0.319869209700721591E+02   -0.216156800600480892E+04   -0.202719563396503872E+02    1
    0.230510386952609770E+04    0.357382327759814578E+01   -0.302891949449596243E+00    0.612696293237346978E+00    0.104536841323024099E+01    0.299555656771515633E+01   -0.104371569455790194E+02    0.300384456328061589E+02   -0.216110146250921616E+04   -0.202919563396503868E+02    1
    0.230873377254662728E+04    0.366560997759582463E+01   -0.302115764607687465E+00    0.538385003123555528E+00    0.104407449239894135E+01    0.299674322146404926E+01    0.745872035393789901E+01    0.364021189471958735E+02   -0.216109178910219589E+04   -0.203119563396503899E+02    1
    0.231554763808472171E+04    0.364885693039822145E+01   -0.303428870993270206E+00    0.573390571869866195E+00    0.104998444754527509E+01    0.296468873028093416E+01    0.303888638959058000E+02   -0.432817733238152798E+02   -0.216081364114249800E+04   -0.203319563396503895E+02    1
    0.231104750047901280E+04    0.374854664838985840E+01   -0.327188029401712710E+00    0.546980051758923613E+00    0.104899863036334939E+01    0.298413600324162065E+01   -0.311730320932537097E+01    0.289971300817896918E+02   -0.216045824059325696E+04   -0.203519563396503855E+02    1
    0.230401431667614588E+04    0.399391711214239509E+01   -0.317168599567890785E+00    0.525121008115983390E+00    0.104916267124240536E+01    0.299081733904711866E+01    0.218901858483150846E+02   -0.124583805771752623E+02   -0.215986148361737105E+04   -0.203719563396503887E+02    1
    0.232035901555113060E+04    0.369863152418313668E+01   -0.304030384067461634E+00    0.595089084563096615E+00    0.104934319337063520E+01    0.296086552965521355E+01   -0.154030499156929110E+02   -0.285015020312675027E+02   -0.215599960071818032E+04   -0.203919563396503847E+02    1
    0.230530130038029347E+04    0.388808911404054847E+01   -0.347677198212143934E+00    0.528083805675586992E+00    0.104824473541815633E+01    0.299776583098056548E+01   -0.312256765504969280E+01   -0.180897278673276745E+02   -0.215476272582489310E+04   -0.204119563396503878E+02    1
    0.231345205742548387E+04    0.334177727150832204E+01   -0.305091386370949735E+00    0.612974544586748715E+00    0.104638671828118501E+01    0.298464702520356084E+01    0.280642490331725298E+02   -0.332577740910511750E+02   -0.215309766621518156E+04   -0.204319563396503874E+02    1
    0.231857592796807057E+04    0.333338249955885324E+01   -0.304874155403923763E+00    0.628021030459802843E+00    0.104772635937575909E+01    0.297418795364983524E+01   -0.208579033407506671E+02    0.466422377995901485E+02   -0.215263358629261211E+04   -0.204519563396503870E+02    1
    0.231210634294314332E+04    0.324203594114898719E+01   -0.357843213180973341E+00    0.663252298087796621E+00    0.104920894595841241E+01    0.299309727447920171E+01    0.195957525015482332E+02   -0.318717682260448321E+02   -0.215217692176030369E+04   -0.204719563396503865E+02    1
    0.231204761844019595E+04    0.346876320653479375E+01   -0.297893480508957254E+00    0.639668694917492897E+00    0.104710788256072340E+01    0.298798416239671383E+01    0.296917087431373972E+02   -0.400141898311857105E+02   -0.215135151860118322E+04   -0.204919563396503861E+02    1
    0.231297836885922607E+04    0.358141990926750697E+01   -0.310933520670447050E+00    0.588108452061901987E+00    0.104499906340469662E+01    0.298417038235581300E+01    0.338287289379534855E+02    0.606649474072613515E+01   -0.215104404294285132E+04   -0.205119563396503857E+02    1
    0.230732511251445476E+04    0.368188120891905113E+01   -0.329732154089713958E+00    0.598858975205516453E+00    0.104874123567932864E+01    0.298431022513578981E+01   -0.312149826428327692E+02   -0.300596709938865772E+02   -0.215034969969820850E+04   -0.205319563396503888E+02    1
    0.231660237047520150E+04    0.328583163517600774E+01   -0.307863452236658397E+00    0.648516688000805974E+00    0.104744873369833003E+01    0.298088073106188034E+01   -0.321190784910369302E+02    0.241698411451139350E+02   -0.214978227132982602E+04   -0.205519563396503848E+02    1
    0.231304679490018998E+04    0.363215739768197832E+01   -0.311009577639636714E+00    0.572612863000356853E+00    0.104762201412243550E+01    0.297504927789563833E+01   -0.480465566123237693E+02    0.994022474053141281E+01   -0.214956681885070930E+04   -0.205719563396503844E+02    1
    0.230428929702171445E+04    0.342891699516721182E+01   -0.309308740137751115E+00    0.635549565715955778E+00    0.104869679355943490E+01    0.299214193928090122E+01    0.232167792715390391E+02   -0.405411231560759333E+02   -0.214941537208053751E+04   -0.205919563396503875E+02    1
    0.231370499893536453E+04    0.367148564410013289E+01   -0.316388301288073437E+00    0.584826126569053750E+00    0.104998008237000895E+01    0.296571849030097168E+01   -0.474656311277688729E+02   -0.949782342392228429E+01   -0.214930576277195223E+04   -0.206119563396503871E+02    1
    0.231062312765231991E+04    0.362246633739874646E+01   -0.309723503876657480E+00    0.557968697761999755E+00    0.104609100527940035E+01    0.298875961352657038E+01    0.234293283555161622E+02   -0.279365334672770942E+02   -0.214870568706833228E+04   -0.206319563396503867E+02    1
    0.231399705900001891E+04    0.347719367883362374E+01   -0.338733892705483430E+00    0.641412939340558319E+00    0.104996620065254920E+01    0.297194502606115218E+01    0.144832156207010883E+02   -0.468077680892747594E+01   -0.214856120101955548E+04   -0.206519563396503862E+02    1
    0.231409318727681512E+04    0.335603576328644593E+01   -0.329420718546772906E+00    0.625341712433612695E+00    0.104720589529556118E+01    0.298787328380363970E+01    0.331711791605227120E+02    0.228314454022334132E+02   -0.214848540186528180E+04   -0.206719563396503858E+02    1
    0.231662753226398991E+04    0.302493293115357265E+01   -0.305692551548975677E+00    0.663287640262160139E+00    0.104965246669235190E+01    0.298098206227087426E+01   -0.454695411511584311E+02   -0.105196457519942470E+02   -0.214819683169089558E+04   -0.206919563396503854E+02    1
    0.231037704297170239E+04    0.353827597221743506E+01   -0.381025083734601977E+00    0.588367348643096588E+00    0.104929314317961531E+01    0.299178678302934342E+01   -0.173015774644820652E+02    0.197677779821142536E+02   -0.214751126452631615E+04   -0.207119563396503850E+02    1
    0.231499962158861035E+04    0.342800856251611652E+01   -0.364247830629727209E+00    0.611114270651081259E+00    0.104961054974648782E+01    0.298584521734323927E+01    0.799136631119555574E+01   -0.400749930260291407E+02   -0.214729199972091919E+04   -0.207319563396503881E+02    1
    0.231714312750294948E+04    0.298302930488261886E+01   -0.308088080097206896E+00    0.681934558167903160E+00    0.104962834241733649E+01    0.298037905179201923E+01   -0.457067101061991394E+02   -0.123902530043391437E+02   -0.214695189019491954E+04   -0.207519563396503877E+02    1
    0.231615847155285701E+04    0.370530162523117745E+01   -0.300771103634409842E+00    0.592993312403105488E+00    0.104660671775005887E+01    0.297104762312056137E+01    0.574368125174272848E+01    0.231020587549073753E+02   -0.214611827410196702E+04   -0.207719563396503872E+02    1
    0.230995774305202940E+04    0.329667039049832322E+01   -0.341720357516166084E+00    0.622469303044281608E+00    0.104828707309822300E+01    0.299272099402224612E+01   -0.173363465610039498E+02    0.196798189847949345E+02   -0.214535378418419532E+04   -0.207919563396503868E+02    1
    0.231048269555230218E+04    0.337272633271836275E+01   -0.342238748801851289E+00    0.600808986496184749E+00    0.104912574982736162E+01    0.298982097060422092E+01   -0.259267120030155880E+02    0.199481386456695731E+01   -0.214517943293504413E+04   -0.208119563396503899E+02    1
    0.230744913269522385E+04    0.367017833217369205E+01   -0.346434542249774657E+00    0.550259208191631322E+00    0.104674461027461208E+01    0.299726694733078247E+01    0.320598403110959680E+02   -0.233084664455814554E+02   -0.214513242144750666E+04   -0.208319563396503895E+02    1
    0.231232956411460464E+04    0.352668245098165656E+01   -0.343844621635931269E+00    0.610778215299536353E+00    0.104960805513628164E+01    0.297694676732061403E+01   -0.353165435167826516E+02    0.192066122689504795E+02   -0.214444497749967377E+04   -0.208519563396503891E+02    1
    0.230880251529348971E+04    0.350831222929440312E+01   -0.310139764015551878E+00    0.653337181775296871E+00    0.104898839007261957E+01    0.298192628875797672E+01   -0.860273489665812718E+01   -0.145979156588499848E+02   -0.214390607199552824E+04   -0.208719563396503887E+02    1
    0.230975754972216555E+04    0.348059394538072642E+01   -0.358815736797986840E+00    0.592543846754586379E+00    0.104981555335907473E+01    0.298858746280169596E+01   -0.561459888508258587E+01    0.354723435460313397E+01   -0.214342524260889013E+04   -0.208919563396503882E+02    1
    0.230710880545934833E+04    0.365959079413455068E+01   -0.303787239154031552E+00    0.599509683611231248E+00    0.104474238865143398E+01    0.299913415212482715E+01    0.975278017042929690E+01   -0.384335980061675997E+01   -0.214324746887926312E+04   -0.209119563396503878E+02    1
    0.230715655457334924E+04    0.339829919378026446E+01   -0.301860583086135226E+00    0.620110731196389597E+00    0.104918098038744434E+01    0.298511576954114899E+01    0.132954354147301927E+02   -0.171904319563947112E+02   -0.214210494781829084E+04   -0.209319563396503874E+02    1
    0.231199252299800446E+04    0.316604932269843165E+01   -0.346427603376818938E+00    0.660503809800023434E+00    0.104909233592418216E+01    0.299938763162491906E+01    0.517018158530893857E+01    0.272822225649701693E+02   -0.214187286410532715E+04   -0.209519563396503905E+02    1
    0.231115226866139847E+04    0.368429880252968145E+01   -0.330280743311548608E+00    0.586761203639777351E+00    0.104687141836049302E+01    0.298591717389702627E+01   -0.407545579423534647E+02    0.138626584848247774E+02   -0.214165470370967250E+04   -0.209719563396503865E+02    1
    0.230609685927852297E+04    0.375216085404883160E+01   -0.320341103537535643E+00    0.566604912215002754E+00    0.104484976554155895E+01    0.299664549781438927E+01    0.406246877317208828E+02    0.286621115858111608E+02   -0.214136141778384899E+04   -0.209919563396503861E+02    1
    0.231495456340035253E+04    0.357741392781601331E+01   -0.311890739623922497E+00    0.617337371302858373E+00    0.104693856284213282E+01    0.297911357235052598E+01    0.166405999380491210E+02   -0.344918151216918005E+02   -0.214130188445249632E+04   -0.210119563396503857E+02    1
    0.231022093894601039E+04    0.336711729025537965E+01   -0.299250639611836844E+00    0.593600887611504202E+00    0.104594388329532650E+01    0.299938192146459137E+01   -0.405615272267250546E+02    0.279774612807159002E+02   -0.214118383556864228E+04   -0.210319563396503888E+02    1
    0.230395829417471623E+04    0.365200367379027213E+01   -0.361329480649685175E+00    0.582195505947644021E+00    0.104900305413364792E+01    0.299860137526618109E+01    0.375032115963062438E+02   -0.111633935176557486E+01   -0.214076967189886773E+04   -0.210519563396503884E+02    1
    0.231432637756680879E+04    0.313245100648331798E+01   -0.306321526323480864E+00    0.657865118905892610E+00    0.104863905354838294E+01    0.299240403180998804E+01   -0.150758926252256416E+02    0.236420710056749925E+02   -0.214037877415996309E+04   -0.210719563396503879E+02    1
    0.231438040323763516E+04    0.345890996037315901E+01   -0.309295535466219851E+00    0.633056678976564813E+00    0.104851935588978251E+01    0.297056499536959251E+01   -0.159566869663182942E+02   -0.487946919240956802E+02   -0.213781926983233507E+04   -0.210919563396503875E+02    1
    0.230644430031461661E+04    0.305205870319842365E+01   -0.302847990753608298E+00    0.658312367299538792E+00    0.104857594140172172E+01    0.299860702641025556E+01    0.426511615858125737E+02   -0.337609625134534213E+02   -0.213774238075890071E+04   -0.211119563396503871E+02    1
    0.231331150672866625E+04    0.331316513936888901E+01   -0.352330475348313132E+00    0.651855371745452938E+00    0.104948910417805830E+01    0.298595468830894628E+01    0.149781067145043068E+02    0.398501570114023593E+02   -0.213636777457821881E+04   -0.211319563396503867E+02    1
    0.231963379764310048E+04    0.334832140573264025E+01   -0.307919366581593301E+00    0.669316107499802637E+00    0.104942915594182562E+01    0.296740338884573340E+01   -0.284740107563177354E+02   -0.106326265477249393E+01   -0.213580664681791268E+04   -0.211519563396503898E+02    1
    0.231155823045376383E+04    0.314382122845265899E+01   -0.333165518917156511E+00    0.656542507170653655E+00    0.104876613965484156E+01    0.299173613392737847E+01   -0.970178138907058241E+01   -0.222073993426839422E+02   -0.213528871473512436E+04   -0.211719563396503858E+02    1
    0.231684257114786851E+04    0.349786450088338663E+01   -0.325482260971100723E+00    0.616823324108745297E+00    0.104820998561256951E+01    0.297269497834282337E+01    0.229668735074148316E+02   -0.149515596864613158E+02   -0.213513229353859469E+04   -0.211919563396503889E+02    1
    0.230901757382899177E+04    0.360988178615704580E+01   -0.305970754945267043E+00    0.606837998494644371E+00    0.104613824205340733E+01    0.298669462334757263E+01    0.201569511944903752E+02   -0.161695867469430752E+02   -0.213510231507300205E+04   -0.212119563396503921E+02    1
    0.231047826449195509E+04    0.342818964055751829E+01   -0.303592353983677898E+00    0.641512764474919339E+00    0.104688264622341465E+01    0.298579729385751724E+01   -0.468311182250461329E+02    0.213503246699184501E+01   -0.213504764752763913E+04   -0.212319563396503881E+02    1
    0.231470750014665919E+04    0.351709689153793459E+01   -0.335582562836395926E+00    0.602332248665836678E+00    0.104816856897130384E+01    0.297994870840048698E+01    0.292794915164823522E+01   -0.582504972500660045E+01   -0.213473767003292005E+04   -0.212519563396503877E+02    1
    0.231300775238876304E+04    0.340000633336660352E+01   -0.335498949406892011E+00    0.640860653787777346E+00    0.104868549416943324E+01    0.299232334081116980E+01    0.666235856522360592E+01    0.230471777011081400E+02   -0.213448314658841673E+04   -0.212719563396503872E+02    1
    0.231039029084574031E+04    0.309252326213205642E+01   -0.338869165888913526E+00    0.643795940463242178E+00    0.104914467042574211E+01    0.299905522505437716E+01   -0.421860803115239236E+02   -0.232819384247768646E+02   -0.213192865482850402E+04   -0.212919563396503904E+02    1
    0.230294629564754814E+04    0.370640422872138853E+01   -0.312580055801559009E+00    0.596819033082181427E+00    0.104754635126748985E+01    0.299587565554670254E+01   -0.510032480407552669E+01    0.195396088190871353E+02   -0.213094661651324213E+04   -0.213119563396503899E+02    1
    0.230925577435424248E+04    0.365707341887146242E+01   -0.314356303661492920E+00    0.588647002246943440E+00    0.104586794232625513E+01    0.298872485306521218E+01    0.325029975338897117E+02   -0.362606890503238333E+01   -0.213058777816336442E+04   -0.213319563396503895E+02    1
    0.230969000515166636E+04    0.336009437166002733E+01   -0.312370788424841617E+00    0.603120974608701843E+00    0.104707871181821943E+01    0.299332509830782234E+01   -0.267016432415228024E+02    0.725876971657586267E+01   -0.213056810948060047E+04   -0.213519563396503926E+02    1
    0.230655223274524542E+04    0.349950295911571763E+01   -0.306740680230859541E+00    0.598357132362087540E+00    0.104767981823728173E+01    0.299019608619530786E+01    0.337559081667226479E+02    0.482509835676783609E+02   -0.213046064920460458E+04   -0.213719563396503887E+02    1
    0.231297368564639828E+04    0.336527518404714288E+01   -0.310292260065690717E+00    0.664259295564025187E+00    0.104830271711292178E+01    0.298352338556208574E+01   -0.356536777021449609E+02   -0.441556867895133394E+02   -0.212979981274680085E+04   -0.213919563396503882E+02    1
    0.231388829975364479E+04    0.358266850767210698E+01   -0.303060950158577425E+00    0.624811160429615819E+00    0.104878212701922902E+01    0.296766993117879352E+01   -0.833808536883023521E+01   -0.277480142052389986E+02   -0.212945837200720507E+04   -0.214119563396503878E+02    1
    0.231153220702948374E+04    0.325110291309231370E+01   -0.337879545524422953E+00    0.622605014699919357E+00    0.104882815051515976E+01    0.299625420424412114E+01    0.629099494403548931E+01    0.130299206564394510E+02   -0.212755795557174542E+04   -0.214319563396503874E+02    1
    0.230729184947274643E+04    0.341681669339644234E+01   -0.325134182792136350E+00    0.624118758158689557E+00    0.104652757818630171E+01    0.299930664079520870E+01   -0.327796942368458062E+02    0.524722213975469032E+01   -0.212720612046387760E+04   -0.214519563396503870E+02    1
    0.230960611299971242E+04    0.381687232042129887E+01   -0.325188690347103349E+00    0.584709726257199858E+00    0.104965290054627047E+01    0.298148032422039355E+01   -0.188100370917643076E+02   -0.499681219913159680E+01   -0.212680204387384765E+04   -0.214719563396503865E+02    1
    0.230445921612624443E+04    0.368878473912275373E+01   -0.319687874133117111E+00    0.563237772387177538E+00    0.104759592266117707E+01    0.299378015923114971E+01   -0.288003478548882370E+02   -0.391150376530637089E+01   -0.212664983763609916E+04   -0.214919563396503861E+02    1
    0.231063186423540219E+04    0.319547918910980444E+01   -0.322999023022462362E+00    0.660086246648905250E+00    0.104975491476984306E+01    0.298497399078828218E+01   -0.112704607534217160E+02   -0.128686336240027046E+02   -0.212637129039967749E+04   -0.215119563396503857E+02    1
    0.230579419186926498E+04    0.352501966698884939E+01   -0.307444236074222832E+00    0.608375361427701433E+00    0.104822853855559783E+01    0.298912675801458683E+01    0.166285294108127175E+02   -0.310769204641115451E+02   -0.212625142961644451E+04   -0.215319563396503888E+02    1
    0.230950039461385040E+04    0.365180786272643321E+01   -0.320406351929180933E+00    0.590316740370925852E+00    0.104630389426157699E+01    0.299393598414249285E+01    0.428358998978306715E+01   -0.252744811544715198E+02   -0.212583532644400293E+04   -0.215519563396503884E+02    1
    0.231152424033175794E+04    0.340041570854970576E+01   -0.326124790689892474E+00    0.601369782612672266E+00    0.104798113778681645E+01    0.299413658214907619E+01   -0.353868553917976527E+02   -0.341049688288641590E+02   -0.212447168395700646E+04   -0.215719563396503915E+02    1
    0.230363521220766961E+04    0.354523595661133140E+01   -0.309188057681822392E+00    0.630257924485394971E+00    0.104988037565613701E+01    0.298989928315635556E+01   -0.380715135271303637E+02   -0.229082718044262954E+02   -0.212348391556054730E+04   -0.215919563396503911E+02    1
    0.231680053676076750E+04    0.361959692159324753E+01   -0.316427841680682387E+00    0.595967453094470523E+00    0.104958533159750300E+01    0.297104954933471754E+01   -0.286501732209819977E+02    0.339898518309470461E+02   -0.212344224680963362E+04   -0.216119563396503906E+02    1
    0.231097707368679312E+04    0.330428429707970350E+01   -0.356977397477617031E+00    0.628396220051938181E+00    0.104900380675398552E+01    0.299681876020398663E+01    0.266420773929967680E+02   -0.178538369872976048E+02   -0.212314059798661719E+04   -0.216319563396503902E+02    1
    0.230827688516411035E+04    0.381069938926796326E+01   -0.314718195412884150E+00    0.559267575460231869E+00    0.104760679328399808E+01    0.298403491322521530E+01   -0.406211076800416890E+02    0.383868455380666234E+02   -0.212199578192807940E+04   -0.216519563396503898E+02    1
    0.231527414305787352E+04    0.328223346395839455E+01   -0.309429371520609509E+00    0.634263480392301515E+00    0.104850316098703744E+01    0.298100096141736737E+01   -0.194279814390687200E+02   -0.485215082271629896E+02   -0.212133880981002130E+04   -0.216719563396503929E+02    1
    0.230731914087652467E+04    0.380577021401342597E+01   -0.340653519511321445E+00    0.571250019780959795E+00    0.104966767392983007E+01    0.298918549756098040E+01   -0.179136533308162313E+02   -0.238621281902398934E+02   -0.212077106636895360E+04   -0.216919563396503889E+02    1
    0.230889667850665046E+04    0.359594150242163879E+01   -0.303027937692891658E+00    0.583295335482187927E+00    0.104456466290110983E+01    0.299620734381832232E+01    0.129552531187982183E+02   -0.112436254360516159E+02   -0.211923295339154447E+04   -0.217119563396503850E+02    1
    0.230593919488970732E+04    0.355967565153630261E+01   -0.340856252137238414E+00    0.577710609776098449E+00    0.104929133245606931E+01    0.299567350680503930E+01    0.389035838193516526E+01    0.226455276924835118E+02   -0.211873122293088090E+04   -0.217319563396503916E+02    1
    0.231050927974506158E+04    0.350047286512105815E+01   -0.299809733418943902E+00    0.589930240654101712E+00    0.104963135139104380E+01    0.298360465286686605E+01   -0.531101194248317654E+01    0.131706165893330081E+02   -0.211800157354094154E+04   -0.217519563396503912E+02    1
    0.231166686585971274E+04    0.316942917695392001E+01   -0.316808882739308795E+00    0.635224058416186566E+00    0.104948857468148726E+01    0.299085481196033731E+01    0.375301308262524600E+02    0.165627906857884426E+02   -0.211540816802469453E+04   -0.217719563396503908E+02    1
    0.231378760056180863E+04    0.354410601335734032E+01   -0.303633684774132107E+00    0.606411724494647419E+00    0.104820531274952833E+01    0.297308590153745156E+01    0.177523502397636435E+02    0.372402170681873628E+02   -0.211449000917713010E+04   -0.217919563396503904E+02    1
    0.230819155512226280E+04    0.371737531802792143E+01   -0.349433355926840883E+00    0.578068419114395438E+00    0.104967263198694361E+01    0.299457108942196770E+01   -0.183342267295007133E+01   -0.527705790482629311E+01   -0.211422072686838874E+04   -0.218119563396503899E+02    1
    0.231218715389072577E+04    0.352439753591436400E+01   -0.332275600140755523E+00    0.592197753502583968E+00    0.104988682127970301E+01    0.298312593597767561E+01   -0.709525637955863431E+01    0.110514788461639952E+02   -0.211379887366990351E+04   -0.218319563396503895E+02    1
    0.230979185883406171E+04    0.347075501917067797E+01   -0.368140018370772149E+00    0.606392200878167253E+00    0.104973347144158669E+01    0.299341740230080156E+01   -0.154710393526598367E+02    0.327974351188000384E+02   -0.211365943451123030E+04   -0.218519563396503891E+02    1
    0.231093337774445718E+04    0.362327406941803698E+01   -0.302731587070678654E+00    0.583209897091220397E+00    0.104618669998876279E+01    0.299038743612573965E+01   -0.471351787918882081E+02    0.258824826127579968E+02   -0.211345012410166328E+04   -0.218719563396503922E+02    1
    0.230539353004951226E+04    0.350874097114398609E+01   -0.322670549453635103E+00    0.578461695254224528E+00    0.104876261759763323E+01    0.299898856611126785E+01    0.302276451180325694E+02   -0.200087632855431252E+02   -0.211261425157262420E+04   -0.218919563396503882E+02    1
    0.231190669804185427E+04    0.332606599798644309E+01   -0.312382425462272628E+00    0.668192647155166797E+00    0.104923554969139454E+01    0.299221989766970431E+01   -0.305345666295975668E+02    0.101505220666732967E+02   -0.211260205898984577E+04   -0.219119563396503949E+02    1
    0.231050605027531947E+04    0.333621344984336776E+01   -0.325243387850903287E+00    0.618220755319991655E+00    0.104813876422601937E+01    0.299253054285456166E+01    0.276337766146661323E+02   -0.421515075785374691E+02   -0.211235092134774686E+04   -0.219319563396503909E+02    1
    0.231184195474919670E+04    0.359158890402454878E+01   -0.318512461056214946E+00    0.587184939901822522E+00    0.104756929494486517E+01    0.298606703644693194E+01    0.267039125585862962E+02    0.329603298896085448E+02   -0.211204516053224188E+04   -0.219519563396503870E+02    1
    0.231450806553488019E+04    0.329149202496607618E+01   -0.311466560903637724E+00    0.655322798022151543E+00    0.104866471365230329E+01    0.298198521702848218E+01    0.167448334308605240E+02    0.131930145578535800E+02   -0.211079270193662114E+04   -0.219719563396503865E+02    1
    0.230902295618253174E+04    0.334975360129809197E+01   -0.302156906690235094E+00    0.608249377128559532E+00    0.104965752006002311E+01    0.298839240836885267E+01   -0.259960762213606351E+02    0.473444085368753917E+02   -0.211045087310643976E+04   -0.219919563396503897E+02    1
    0.230868314720188209E+04    0.346080468337645364E+01   -0.304590935071048008E+00    0.642550911576806327E+00    0.104715374954270213E+01    0.299200709710502544E+01   -0.211370573208062034E+02    0.274118254936470294E+02   -0.211038189771288626E+04   -0.220119563396503892E+02    1
    0.230797907766545814E+04    0.358041117017920207E+01   -0.314313091511306431E+00    0.600045608351850612E+00    0.104709879576481990E+01    0.298978233883707878E+01    0.181010569827921017E+02    0.692763400668773954E+00   -0.211017111801629017E+04   -0.220319563396503888E+02    1
    0.231500701283777744E+04    0.312398555129454314E+01   -0.309096330606655201E+00    0.662074585460572407E+00    0.104990460363564519E+01    0.298543399618406946E+01    0.110341268761066189E+02    0.308958087542701776E+02   -0.210842363229648981E+04   -0.220519563396503919E+02    1
    0.230851905958524003E+04    0.367281101684770839E+01   -0.301025384923727490E+00    0.613713721364685827E+00    0.104792139332243561E+01    0.299282287273752567E+01   -0.135592682605660357E+02    0.599990270884930510E+00   -0.210779398772129935E+04   -0.220719563396503915E+02    1
    0.231423811631491390E+04    0.353948658161804319E+01   -0.298617231132682903E+00    0.612304162719456535E+00    0.104825027319639008E+01    0.297865469925833448E+01   -0.639843906298868603E+01    0.848690183122755570E+00   -0.210773138031773078E+04   -0.220919563396503911E+02    1
    0.231127938638783235E+04    0.364819295517160036E+01   -0.309314012405595695E+00    0.600204895353269485E+00    0.104781602071845570E+01    0.297996202463949400E+01    0.293451794803263653E+02   -0.272651547902784017E+02   -0.210650557309151600E+04   -0.221119563396503906E+02    1
    0.230915795041127922E+04    0.323969795352193657E+01   -0.343221657298541150E+00    0.649598578006756577E+00    0.104981221772207900E+01    0.299375832749481141E+01    0.461285836499491779E+02   -0.294802626643137700E+02   -0.210432917663961143E+04   -0.221319563396503902E+02    1
    0.230694849566519633E+04    0.364216242593457151E+01   -0.302769872866408440E+00    0.596120635372916485E+00    0.104689297931017999E+01    0.298944049498376296E+01   -0.445677148523546762E+02   -0.668204048342960277E+01   -0.210370603776318694E+04   -0.221519563396503898E+02    1
    0.230496329161077756E+04    0.375134911492081136E+01   -0.348040546328953759E+00    0.565613292986166805E+00    0.104956891948611997E+01    0.299787208596649224E+01    0.150983145954301392E+02   -0.368669248047130793E+01   -0.210279104685184939E+04   -0.221719563396503929E+02    1
    0.231202904524803853E+04    0.344474795689314428E+01   -0.299424509499204849E+00    0.627707090795725176E+00    0.104691971114278015E+01    0.298828925968035852E+01    0.157811319862112072E+02   -0.188556090335364352E+02   -0.210258582878582820E+04   -0.221919563396503925E+02    1
    0.230799873038650367E+04    0.330073083456032457E+01   -0.308936563134994235E+00    0.659990869413464742E+00    0.104802339575300452E+01    0.299640051212210023E+01   -0.175019435672849326E+02    0.263034021277437375E+02   -0.210212662014465104E+04   -0.222119563396503885E+02    1
    0.230454045365185812E+04    0.343105141948394365E+01   -0.342138361262566359E+00    0.616987202096120901E+00    0.104931343443897562E+01    0.299991994978808707E+01   -0.497165280391977049E+02   -0.156024661432775318E+02   -0.210187724942993918E+04   -0.222319563396503881E+02    1
    0.230279912058828268E+04    0.370662155540094052E+01   -0.305995532326941599E+00    0.601029961070954188E+00    0.104780570075658441E+01    0.299790001209862034E+01   -0.456858557258393461E+02   -0.104810587179937684E+02   -0.210092013703630937E+04   -0.222519563396503877E+02    1
    0.231213756163447124E+04    0.337691706257130875E+01   -0.335889267366085320E+00    0.625263698096707232E+00    0.104915108838797444E+01    0.299006912073199871E+01   -0.405125326371557861E+02    0.173817325038912145E+02   -0.210063629669437478E+04   -0.222719563396503908E+02    1
    0.231264838468633707E+04    0.346709043726418864E+01   -0.306157722640098995E+00    0.616782652690763822E+00    0.104920125839059586E+01    0.297611516872137294E+01    0.487431116676888365E+02   -0.845385705710054225E+01   -0.210056223432297566E+04   -0.222919563396503904E+02    1
    0.231242809795982794E+04    0.344308941355345777E+01   -0.316861891400657403E+00    0.631663902459189686E+00    0.104985369590733901E+01    0.299213428432004447E+01   -0.603699226251372068E+00    0.213960172063966780E+02   -0.210039017497631994E+04   -0.223119563396503899E+02    1
    0.230862150221750107E+04    0.378564289007963328E+01   -0.302465618338838504E+00    0.573086550834244868E+00    0.104964005658490955E+01    0.297805678585405298E+01   -0.359466156450216658E+02    0.247724417726403914E+02   -0.210037278847160815E+04   -0.223319563396503931E+02    1
    0.230785733840347984E+04    0.324468788836925803E+01   -0.308195097590400702E+00    0.630572800803492539E+00    0.104857096989004406E+01    0.299531373231347997E+01    0.230302211815286171E+02   -0.338435395541549724E+02   -0.210029847996683475E+04   -0.223519563396503926E+02    1
    0.231202703664501951E+04    0.373224270623979759E+01   -0.302037886868310790E+00    0.585835353015017546E+00    0.104860255252862244E+01    0.297514242569281961E+01    0.327162040157470955E+02   -0.268637040946802195E+02   -0.209998419579502661E+04   -0.223719563396503922E+02    1
    0.231142998810001427E+04    0.350130032962295257E+01   -0.351965723620911941E+00    0.608898089384007468E+00    0.104973487445072822E+01    0.299108491727136805E+01    0.218523973336674402E+02    0.413849825447306330E+01   -0.209993138146212505E+04   -0.223919563396503918E+02    1
    0.230894890492593595E+04    0.357026458555382753E+01   -0.306755788367546578E+00    0.579704678728953260E+00    0.104846190696887609E+01    0.298913732632356188E+01    0.356332699934014130E+01    0.123180050259063734E+02   -0.209983237820123804E+04   -0.224119563396503914E+02    1
    0.230944411392996790E+04    0.333294793134010536E+01   -0.323852822389497141E+00    0.614221051912434257E+00    0.104888033260519231E+01    0.299430879260468874E+01    0.399529796686290410E+02   -0.197022667305823020E+02   -0.209966785708436009E+04   -0.224319563396503909E+02    1
    0.231400072021859887E+04    0.343110737241075459E+01   -0.313317155177032347E+00    0.617034268363473082E+00    0.104880325582302802E+01    0.298350639003406837E+01   -0.156781926068826962E+02   -0.452792116324106786E+01   -0.209946795005365857E+04   -0.224519563396503905E+02    1
    0.231398228680173270E+04    0.337545339012945345E+01   -0.331549389682866569E+00    0.645971712155514299E+00    0.104981000426193050E+01    0.298103261477748838E+01   -0.215017605408743577E+02    0.273325912245103808E+01   -0.209935073855733208E+04   -0.224719563396503901E+02    1
    0.230646956600696240E+04    0.376818449308895209E+01   -0.318220257575912269E+00    0.561970977668442506E+00    0.104870680842102915E+01    0.299462891507750228E+01   -0.540942255363851388E+01    0.467422376045043677E+02   -0.209869703347172754E+04   -0.224919563396503897E+02    1
    0.231332294363235815E+04    0.354908833783715139E+01   -0.305001914014077335E+00    0.604768599400706375E+00    0.104776157085425892E+01    0.297995518207092713E+01   -0.282382221649598399E+02    0.164843352161636858E+01   -0.209841266814391111E+04   -0.225119563396503928E+02    1
    0.230893661454509947E+04    0.363280897073038389E+01   -0.322694032025170385E+00    0.579678400962065021E+00    0.104834366166490511E+01    0.299468088592591641E+01    0.308619779105763570E+02    0.183358971580122585E+02   -0.209840627239969035E+04   -0.225319563396503959E+02    1
    0.230882766603903337E+04    0.352386097604852910E+01   -0.311174083264687373E+00    0.584231749647882270E+00    0.104897197691031341E+01    0.299255542449155998E+01   -0.198485764383227021E+02    0.413131325612394136E+02   -0.209829944860452269E+04   -0.225519563396503955E+02    1
    0.230784551241385361E+04    0.330595505247829946E+01   -0.324255809866294264E+00    0.665263258170157190E+00    0.104987061425010508E+01    0.299155446922193313E+01    0.469708384308194127E+01   -0.231950060897703700E+02   -0.209814409688845581E+04   -0.225719563396503915E+02    1
    0.231320250819210014E+04    0.358369231403485822E+01   -0.305603774415403984E+00    0.637604467974346778E+00    0.104974115442878024E+01    0.297252145435518411E+01    0.125119287530488705E+02   -0.468571211631130566E+02   -0.209541194502611552E+04   -0.225919563396503911E+02    1
    0.231083345792383261E+04    0.352570008024553205E+01   -0.307455532671396969E+00    0.623842831382384833E+00    0.104914977401954990E+01    0.297797080109664458E+01    0.249347570330225210E+02    0.149562197949967413E+02   -0.209526463472031855E+04   -0.226119563396503942E+02    1
    0.230874880720359943E+04    0.337665119106829525E+01   -0.310598153338754623E+00    0.617081077448333515E+00    0.104757224014285888E+01    0.299417265901860574E+01   -0.179405661548358282E+02   -0.620470043669857318E+01   -0.209520896162795088E+04   -0.226319563396503938E+02    1
    0.230677341841402085E+04    0.379155732923440913E+01   -0.303632946736130782E+00    0.564554677057542253E+00    0.104843438202645234E+01    0.299211039094814613E+01    0.418001561892222639E+02   -0.281008158142378370E+02   -0.209449804298136496E+04   -0.226519563396503933E+02    1
    0.231324387589837079E+04    0.327461522598254984E+01   -0.322676493941795706E+00    0.651256953234593094E+00    0.104983181686152283E+01    0.298230899315321984E+01    0.165505047733036577E+02   -0.126696979080261869E+02   -0.209414352557776010E+04   -0.226719563396503894E+02    1
    0.230754018784850359E+04    0.370949270950591803E+01   -0.332996049633832836E+00    0.584056723895290064E+00    0.104993988450220499E+01    0.299520402957469001E+01   -0.818593103899925723E+01    0.129374375233889864E+02   -0.209388792099394959E+04   -0.226919563396503925E+02    1
    0.230817389426461023E+04    0.371075328979705787E+01   -0.315035194537848007E+00    0.587819178475242787E+00    0.104818577451331718E+01    0.298841780468232265E+01    0.332549226974665402E+02    0.396880639563934778E+02   -0.209351453690341486E+04   -0.227119563396503921E+02    1
    0.230625736614961261E+04    0.345505514884892806E+01   -0.319023415270028143E+00    0.639758786968610993E+00    0.104850349800166454E+01    0.299556047773985679E+01   -0.265883498585340021E+02   -0.271341770973383021E+02   -0.209308020116979742E+04   -0.227319563396503916E+02    1
    0.230858335239714324E+04    0.336710321342968566E+01   -0.322991923890215860E+00    0.630205473278533823E+00    0.104836421377376920E+01    0.299405463930340110E+01    0.373421743180292651E+02   -0.192019792612597229E+02   -0.209261592025059690E+04   -0.227519563396503948E+02    1
    0.230927156371652109E+04    0.337538111595922485E+01   -0.345102999314939540E+00    0.629490534847725103E+00    0.104922447208727654E+01    0.299587903028915159E+01    0.813982516202587192E+01   -0.465661187699244437E+02   -0.209238761125534120E+04   -0.227719563396503943E+02    1
    0.230865649698472953E+04    0.350908443779480583E+01   -0.322975114036067212E+00    0.605808005069718991E+00    0.104863720471477584E+01    0.298932900010231073E+01    0.185857596457696985E+02    0.144496187070297992E+02   -0.209232717855020610E+04   -0.227919563396503939E+02    1
    0.231358975225153517E+04    0.353420164536125503E+01   -0.312285755712027269E+00    0.615571526265012881E+00    0.104854130752798302E+01    0.297992075899327391E+01   -0.473172405977700947E+02    0.750396043171973304E+01   -0.209140220700065174E+04   -0.228119563396503935E+02    1
    0.230823160812431433E+04    0.361134580222346813E+01   -0.317059417652315212E+00    0.582234413412685115E+00    0.104833833017662159E+01    0.299000080383915723E+01    0.835975314368171496E+01   -0.131814647996306462E+02   -0.209135266675477305E+04   -0.228319563396503931E+02    1
    0.230366726572674997E+04    0.358507491737649664E+01   -0.323375041304354849E+00    0.599531967423640011E+00    0.104864900549156248E+01    0.299787813034255546E+01    0.119828998814247711E+02    0.108872855046161519E+02   -0.209041016395291535E+04   -0.228519563396503926E+02    1
    0.230992979177934103E+04    0.355356528964610163E+01   -0.321045615627627623E+00    0.589171774413716820E+00    0.104951681723991586E+01    0.298868999170640715E+01   -0.415533963334575418E+02   -0.451661293391834420E+02   -0.209025350790316133E+04   -0.228719563396503922E+02    1
    0.231006289329940410E+04    0.346298054247884801E+01   -0.306582099319100021E+00    0.657141181588070555E+00    0.104957621212078211E+01    0.299363315815101805E+01   -0.314939489219557558E+02    0.742321138532984293E+01   -0.208991119398028013E+04   -0.228919563396503918E+02    1
    0.231041153537825176E+04    0.356141177731878988E+01   -0.311733886569975527E+00    0.608050471324792507E+00    0.104793670061589506E+01    0.298538122322404975E+01   -0.301810603715564625E+02   -0.353167018123728269E+02   -0.208961012026406615E+04   -0.229119563396503914E+02    1
    0.230617627358488153E+04    0.341761251089336859E+01   -0.298178423337443543E+00    0.626240963152105867E+00    0.104992526891314997E+01    0.299690559495695741E+01   -0.444952484040776781E+02    0.646842834000186429E+01   -0.208930208974459083E+04   -0.229319563396503909E+02    1
    0.230499114211437109E+04    0.342178927643178943E+01   -0.303019816086636362E+00    0.635037018222761596E+00    0.104789331270569197E+01    0.299700495708262959E+01    0.751718235082503838E+01    0.353610212906640555E+02   -0.208854542460449647E+04   -0.229519563396503941E+02    1
    0.230961783538782447E+04    0.306716829980475714E+01   -0.305564540958361219E+00    0.684584022172558093E+00    0.104929598832800641E+01    0.299646372526959492E+01   -0.166522891344895427E+02    0.442193462319996513E+02   -0.208803139023588392E+04   -0.229719563396503936E+02    1
    0.231272914337443262E+04    0.351000653789891892E+01   -0.312226111286616148E+00    0.651784894544197968E+00    0.104989593883869725E+01    0.298216513612546086E+01   -0.101508773502442438E+02   -0.252145873923416488E+02   -0.208791801526409881E+04   -0.229919563396503932E+02    1
    0.230393052629429667E+04    0.383408027742614710E+01   -0.305105914886931173E+00    0.577097610099850389E+00    0.104919625237749958E+01    0.299386345020967193E+01    0.591540954924770546E+01    0.111109650923218481E+02   -0.208748593249430814E+04   -0.230119563396503892E+02    1
    0.230950488808820046E+04    0.365058283565054120E+01   -0.299166359262880432E+00    0.584076049543928777E+00    0.104722095109296864E+01    0.299147601944666430E+01    0.172693161585619208E+02   -0.493351578757207605E+02   -0.208732993308334062E+04   -0.230319563396503924E+02    1
    0.231065969820677674E+04    0.335670760605012619E+01   -0.313594323882947668E+00    0.628293154754862249E+00    0.104814619501627915E+01    0.299258753728621452E+01   -0.123193619966035257E+02   -0.392785828320053128E+02   -0.208717764580064295E+04   -0.230519563396503919E+02    1
    0.230445297742020193E+04    0.376364893374633525E+01   -0.319677638643326101E+00    0.573585828531645303E+00    0.104991221893783249E+01    0.299168665551534518E+01   -0.273300274938600118E+02   -0.134090195076627481E+02   -0.208646399564844751E+04   -0.230719563396503915E+02    1
    0.231078435413455554E+04    0.335533438717531673E+01   -0.311124973831770013E+00    0.623952691745066623E+00    0.104841674536577223E+01    0.299048112568029634E+01   -0.232301968068943161E+02   -0.243132108957890658E+02   -0.208612757928575957E+04   -0.230919563396503946E+02    1
    0.231160714925234061E+04    0.363801165082790945E+01   -0.301748748240753983E+00    0.619285235927093503E+00    0.104961176546527435E+01    0.297415913342510985E+01    0.226693117528040915E+02    0.262520887294816987E+02   -0.208612272934124712E+04   -0.231119563396503942E+02    1
    0.230262487545869135E+04    0.378105890758673757E+01   -0.300263734144809002E+00    0.554625397041745405E+00    0.104912205309154527E+01    0.299659009009863997E+01    0.472704728701427257E+01    0.108570065183138027E+02   -0.208560096771804501E+04   -0.231319563396503938E+02    1
    0.230877353555476429E+04    0.323162022343033950E+01   -0.302979004042323086E+00    0.641573252895742407E+00    0.104808216480459349E+01    0.299636832021234545E+01   -0.588748140080960525E+01   -0.375083368534663251E+02   -0.208551354902879666E+04   -0.231519563396503898E+02    1
    0.231173293306457163E+04    0.354751799904008269E+01   -0.312439712057115626E+00    0.612873046200466565E+00    0.104970157813408660E+01    0.297715356165768386E+01    0.871600863906319745E+01   -0.323342762284898626E+02   -0.208532345744403210E+04   -0.231719563396503894E+02    1
    0.230955550789729432E+04    0.367340180039388642E+01   -0.312772113167758603E+00    0.597217536822169492E+00    0.104865485415435433E+01    0.298689169463138082E+01    0.455737760137265724E+02   -0.456318135265963249E+02   -0.208522375016026899E+04   -0.231919563396503925E+02    1
    0.230666825738659873E+04    0.370993243557139651E+01   -0.308255872649566387E+00    0.574305509878184850E+00    0.104757940765411939E+01    0.299660735940206635E+01    0.487383722518297589E+02    0.213797849868523144E+02   -0.208469610666888912E+04   -0.232119563396503956E+02    1
    0.230864943629617574E+04    0.355304257175268123E+01   -0.302005253245837824E+00    0.601538416262651809E+00    0.104725467091464908E+01    0.299915387940758738E+01    0.309741830778875737E+02   -0.475348627655574916E+02   -0.208467017644993894E+04   -0.232319563396503952E+02    1
    0.231197267509621179E+04    0.325777204165498224E+01   -0.300282385398552842E+00    0.652223132061371613E+00    0.104876066712739968E+01    0.299221459794054301E+01   -0.497827139523585700E+02   -0.214367562810118777E+02   -0.208427939088934727E+04   -0.232519563396503912E+02    1
    0.230958727799733288E+04    0.363213185096462521E+01   -0.304396466930477672E+00    0.589797094607945382E+00    0.104905560051006375E+01    0.298180470287742061E+01   -0.292999607219795166E+02    0.600950009917225003E+01   -0.208404144055578854E+04   -0.232719563396503872E+02    1
    0.231104045208786647E+04    0.339753230396984840E+01   -0.311090957367144649E+00    0.654153085503154763E+00    0.104989533957712955E+01    0.298056855002104459E+01    0.494440627858372750E+01    0.375879863047891405E+02   -0.208380210229254362E+04   -0.232919563396503904E+02    1
    0.230732445549217391E+04    0.345580172551098297E+01   -0.333959430623454345E+00    0.629417161774589617E+00    0.104910305928867609E+01    0.299509492032287072E+01   -0.153992242059677906E+02   -0.341374096609727573E+02   -0.208341313637915437E+04   -0.233119563396503899E+02    1
    0.230561866037139907E+04    0.359030313596805328E+01   -0.317328400253474086E+00    0.604578559340430477E+00    0.104842668615349011E+01    0.299408946165558287E+01    0.385572895429159246E+01    0.178191148985644645E+02   -0.208220219164548462E+04   -0.233319563396503931E+02    1
    0.231174236544813630E+04    0.332087409749804818E+01   -0.304402009937511597E+00    0.656166714750963220E+00    0.104882766700886232E+01    0.298691852564519067E+01    0.400256905869410389E+02   -0.414188457639295535E+02   -0.208151073085378539E+04   -0.233519563396503926E+02    1
    0.230941745974636706E+04    0.349251968640009514E+01   -0.315873567151621570E+00    0.607330332256604599E+00    0.104807881207209808E+01    0.299119678566544600E+01   -0.847567439016062707E+01    0.394688529750992103E+02   -0.208117575678457888E+04   -0.233719563396503958E+02    1
    0.230746938876055901E+04    0.335480451411927172E+01   -0.311004053078136944E+00    0.627325880564177263E+00    0.104828898713586671E+01    0.299537371322485368E+01   -0.352462076736850420E+02    0.157364056512554669E+02   -0.208114633927695650E+04   -0.233919563396503918E+02    1
    0.230281714127666510E+04    0.351931303017473418E+01   -0.311002840710044914E+00    0.615050751190975631E+00    0.104892287562857400E+01    0.299831979098313051E+01    0.146338848366538201E+02   -0.238714120379376737E+01   -0.208106837553341620E+04   -0.234119563396503914E+02    1
    0.230679028292833164E+04    0.369611024482321149E+01   -0.303095129626636595E+00    0.578263492447344096E+00    0.104736288676046452E+01    0.299250324452895233E+01    0.703859671509310658E+01   -0.126168786879192041E+02   -0.207949487404007459E+04   -0.234319563396503945E+02    1
    0.231112819128515139E+04    0.340018948890966222E+01   -0.322317918223977873E+00    0.637394414565013889E+00    0.104951064281620909E+01    0.298555665804584702E+01   -0.116697681739950880E+02   -0.551823675783384004E+01   -0.207929310381303185E+04   -0.234519563396503905E+02    1
    0.230913873026261808E+04    0.366402857782626734E+01   -0.315660152946242945E+00    0.600237068257156725E+00    0.104910684972864088E+01    0.298803998262075599E+01   -0.118757242285694815E+02   -0.147911762476143309E+02   -0.207929201600842543E+04   -0.234719563396503901E+02    1
    0.231089250979544340E+04    0.331023446377110808E+01   -0.300020146724394365E+00    0.650809206968074982E+00    0.104933867786708923E+01    0.298301752268289500E+01   -0.332629422225404170E+01    0.333763945808704818E+02   -0.207851242448704033E+04   -0.234919563396503932E+02    1
    0.230532599758074957E+04    0.357491978471611560E+01   -0.307577252616813457E+00    0.642951660655858181E+00    0.104947535390372115E+01    0.299699687943998505E+01    0.619034111416538479E+01   -0.448314580239225364E+02   -0.207804809062534741E+04   -0.235119563396503928E+02    1
    0.230782396785398169E+04    0.342304161287547482E+01   -0.323072569763873663E+00    0.616815750749838632E+00    0.104855635410411119E+01    0.299555044391602276E+01    0.190575482780170375E+02    0.448680162981907387E+02   -0.207804433946932659E+04   -0.235319563396503924E+02    1
    0.230717032360413987E+04    0.345719158271264604E+01   -0.307832429857593237E+00    0.596659429637780403E+00    0.104981657340572720E+01    0.299473635751579348E+01   -0.252203298711672836E+02    0.382234237770797876E+02   -0.207721800414629752E+04   -0.235519563396503919E+02    1
    0.230627567993133971E+04    0.370254935553347986E+01   -0.303364623118347110E+00    0.597085262010583206E+00    0.104914289088168955E+01    0.299803909041890737E+01    0.228117670711134224E+01    0.643272198765991732E+01   -0.207704996650853218E+04   -0.235719563396503915E+02    1
    0.231137704204110514E+04    0.331108270529139492E+01   -0.321955121955868673E+00    0.656095539443659614E+00    0.104984363144262249E+01    0.298793349933519492E+01    0.737074810142341619E+01   -0.446632559009998431E+02   -0.207661468571087835E+04   -0.235919563396503946E+02    1
    0.231040167665143690E+04    0.326411815104138903E+01   -0.312121011235118428E+00    0.643298213472966340E+00    0.104921842488541817E+01    0.299115960370577216E+01    0.466373813583623331E+02   -0.193269732373844931E+02   -0.207554829701607832E+04   -0.236119563396503978E+02    1
    0.230456338729852814E+04    0.344527696289160135E+01   -0.303482856188391048E+00    0.635697385470370913E+00    0.104775952946513162E+01    0.299993015092892623E+01   -0.263291396663556903E+02   -0.252124997896990450E+02   -0.207532545797290186E+04   -0.236319563396503973E+02    1
    0.231474084675713038E+04    0.343512465648921017E+01   -0.307351777192549636E+00    0.638598741931817426E+00    0.104963101506713707E+01    0.297699421400441144E+01    0.344616553532235486E+02   -0.520710769099312643E+01   -0.207455955598831724E+04   -0.236519563396503969E+02    1
    0.230695114158655133E+04    0.321617030123057468E+01   -0.309139403535761692E+00    0.665438922941041788E+00    0.104917028742559459E+01    0.299750475938819694E+01   -0.321528600455074240E+02   -0.350273560479930097E+02   -0.207443100895438465E+04   -0.236719563396503965E+02    1
    0.230928787399788234E+04    0.368611405590998675E+01   -0.306756807511082474E+00    0.587730629437273278E+00    0.104931121358772295E+01    0.298620663151898080E+01    0.169914581302518286E+02   -0.498315574859660302E+02   -0.207430964591582051E+04   -0.236919563396503925E+02    1
    0.231307413552365551E+04    0.346136613313418184E+01   -0.302222542071611200E+00    0.622317941223228921E+00    0.104940550165561142E+01    0.297755706725818925E+01   -0.231774833438772276E+01   -0.400714227183931087E+02   -0.207407119472494969E+04   -0.237119563396503956E+02    1
    0.230831426106941399E+04    0.338981109474941489E+01   -0.316061584685573493E+00    0.609278076973805760E+00    0.104947469325988796E+01    0.299532237182195260E+01   -0.199563779070329446E+02   -0.473049636207116180E+02   -0.207406047248122650E+04   -0.237319563396503952E+02    1
    0.230558664203743638E+04    0.363563501232304809E+01   -0.299425565277106009E+00    0.590475797936387714E+00    0.104677038408658030E+01    0.299956049147389248E+01    0.242460881312945418E+02   -0.420811777591369989E+02   -0.207331523254195145E+04   -0.237519563396503948E+02    1
    0.230916030949801507E+04    0.356555446990149649E+01   -0.318708014067834333E+00    0.612735476396287226E+00    0.104950118717520402E+01    0.299536132599899796E+01   -0.420561265022625363E+02    0.360054583222273550E+01   -0.207304420495880777E+04   -0.237719563396503908E+02    1
    0.230478231365527836E+04    0.360516979234022683E+01   -0.308913854312905245E+00    0.599681457617689873E+00    0.104880695114548605E+01    0.299354681271968515E+01    0.362078694498655551E+02   -0.207832347994035338E+02   -0.207231717945943774E+04   -0.237919563396503939E+02    1
    0.230503862629215655E+04    0.364777603909528469E+01   -0.304624662267705792E+00    0.591416911423773062E+00    0.104699511501343845E+01    0.299890225110661524E+01    0.301127839243550426E+02    0.171685110568674872E+02   -0.207196596837966536E+04   -0.238119563396503935E+02    1
    0.230964780738398531E+04    0.356194219658256817E+01   -0.304518108042187541E+00    0.631238115915202069E+00    0.104893155697277951E+01    0.298598682525010517E+01    0.871514050859920530E+01    0.304334837793772977E+02   -0.207151881186157516E+04   -0.238319563396503966E+02    1
    0.230568422910839308E+04    0.358858515268725142E+01   -0.332763296381363427E+00    0.595171065250804210E+00    0.104944418711084309E+01    0.299669010994693119E+01   -0.238627091172513559E+02    0.286230556675487122E+02   -0.207086070335566728E+04   -0.238519563396503926E+02    1
    0.230581574193512643E+04    0.369853784416436193E+01   -0.302292650617329239E+00    0.585318721051259150E+00    0.104839410346210893E+01    0.299095775478523773E+01    0.396354505435066073E+02    0.976522195480404065E+01   -0.207070363193088497E+04   -0.238719563396503922E+02    1
    0.230990793580723675E+04    0.337696835894134395E+01   -0.303132034945900186E+00    0.649862744988194407E+00    0.104860217477575679E+01    0.299088155422405189E+01   -0.178666171161088840E+02    0.256017592173456592E+02   -0.207049183542739547E+04   -0.238919563396503953E+02    1
    0.230451928721175955E+04    0.355706051755401909E+01   -0.319840683640458534E+00    0.632423902979779573E+00    0.104937836237414217E+01    0.299883084220030760E+01    0.464107784508330212E+02   -0.306948685139709809E+02   -0.207043714190136006E+04   -0.239119563396503949E+02    1
    0.231048594698835495E+04    0.351672724573214213E+01   -0.316642626774889357E+00    0.606508007292836715E+00    0.104974198489500359E+01    0.298568365543581127E+01   -0.195444764474924106E+02    0.337469802855366083E+02   -0.207042293953607623E+04   -0.239319563396503980E+02    1
    0.230929268677594337E+04    0.347567488738918318E+01   -0.322763066088603667E+00    0.613204747790303317E+00    0.104909347501401928E+01    0.299138882656587723E+01   -0.139496369867179197E+02    0.188820396230860865E+01   -0.207015202005983474E+04   -0.239519563396503976E+02    1
    0.230224608077591574E+04    0.371402051176292058E+01   -0.303528242377163304E+00    0.579211560919434598E+00    0.104837229984542502E+01    0.299836160641380634E+01    0.244714975311253795E+02   -0.131183205080754988E+02   -0.206931182229510523E+04   -0.239719563396503936E+02    1
    0.230877084822738561E+04    0.341873112282798797E+01   -0.298588136045817354E+00    0.614600209677639286E+00    0.104967781003935712E+01    0.299456705023628578E+01   -0.473082018337004797E+02   -0.364915350720425735E+02   -0.206914896251652681E+04   -0.239919563396503932E+02    1
    0.231250945044530636E+04    0.336676627008784024E+01   -0.302925612367027641E+00    0.640186295506512626E+00    0.104912755388479773E+01    0.298627602107802614E+01    0.150042102189327977E+02    0.493949050701842651E+02   -0.206891499356588383E+04   -0.240119563396503928E+02    1
    0.230851628104906649E+04    0.363488927270007078E+01   -0.321300664218433063E+00    0.595018581231162358E+00    0.104976227509577291E+01    0.298982221625580991E+01   -0.489004866139722196E+02   -0.316043737265995439E+02   -0.206863441380811764E+04   -0.240319563396503959E+02    1
    0.230870821746382717E+04    0.340414016276401243E+01   -0.315512827851978261E+00    0.612416243978781250E+00    0.104948749527402985E+01    0.299887817040588667E+01   -0.337766337273523902E+02    0.428578172399525243E+02   -0.206832973224362240E+04   -0.240519563396503955E+02    1
    0.230502198543429131E+04    0.370572842898906840E+01   -0.307127109628862305E+00    0.572738061487216177E+00    0.104968790003827173E+01    0.299816626441001643E+01   -0.332914550218774110E+02    0.320885189785704483E+01   -0.206825921396345075E+04   -0.240719563396503951E+02    1
    0.230460080432735413E+04    0.354790771126551574E+01   -0.320173986089046958E+00    0.601361882765997224E+00    0.104996257602565257E+01    0.299510446297402622E+01   -0.497526489966176229E+02   -0.193433689076356323E+02   -0.206821856507996699E+04   -0.240919563396503946E+02    1
    0.230674584960959510E+04    0.369351020509285899E+01   -0.313486574665840956E+00    0.600221183140834391E+00    0.104973330552630961E+01    0.299387151355958503E+01   -0.118991542518569275E+02    0.137591076706546431E+02   -0.206813446794421088E+04   -0.241119563396503978E+02    1
    0.230470155113429519E+04    0.348455261509331660E+01   -0.305124735476157538E+00    0.646626850718790891E+00    0.104861246573693445E+01    0.299936873375002921E+01   -0.124377530771923617E+02   -0.320288161159266167E+02   -0.206796431745393102E+04   -0.241319563396503938E+02    1
    0.230658862086470799E+04    0.360777799506770780E+01   -0.332383139913554115E+00    0.603183792460615154E+00    0.104992109145835766E+01    0.299367777542297819E+01    0.191617319715998491E+01   -0.194644568092385768E+02   -0.206783724068969877E+04   -0.241519563396503933E+02    1
    0.230525142036600027E+04    0.354924196299672889E+01   -0.306509403962018812E+00    0.623151354662142776E+00    0.104929306357538987E+01    0.299183375042779431E+01   -0.314090183978340640E+02    0.334912856917332675E+02   -0.206776438979345903E+04   -0.241719563396503965E+02    1
    0.230781998080571429E+04    0.355101180491514246E+01   -0.316965784028400144E+00    0.626928622620500420E+00    0.104943067455141548E+01    0.298987422113042367E+01    0.342592905645164763E+02   -0.422759609446071352E+02   -0.206720518830903484E+04   -0.241919563396503960E+02    1
    0.231212801468714997E+04    0.346438470259692721E+01   -0.317085669107885382E+00    0.632789231320454615E+00    0.104994401959939032E+01    0.298106569036338298E+01   -0.389880141960543583E+02    0.601491563378452554E+00   -0.206691919907375268E+04   -0.242119563396503956E+02    1
    0.230817111684423435E+04    0.339652256312227507E+01   -0.303690403677867093E+00    0.654952481863575020E+00    0.104891878111465942E+01    0.299809282096646701E+01    0.355618782276664263E+02   -0.429751559684647901E+02   -0.206651600366908133E+04   -0.242319563396503952E+02    1
    0.230683119455581027E+04    0.346161217459985071E+01   -0.303108713623229498E+00    0.619795991309972427E+00    0.104760089067005979E+01    0.299607384567546475E+01   -0.400163521730981984E+02    0.195378898288240919E+02   -0.206637715533231858E+04   -0.242519563396503948E+02    1
    0.230343899620133334E+04    0.356351196268176640E+01   -0.308527367034520827E+00    0.641703529121748772E+00    0.104993422177000073E+01    0.299779071203318459E+01    0.350008409423152784E+02    0.228302837932316436E+02   -0.206635750800009373E+04   -0.242719563396503979E+02    1
    0.231132810977049212E+04    0.345150037648608299E+01   -0.318660731764972671E+00    0.626759663308550596E+00    0.104954372825613040E+01    0.298658184173843644E+01   -0.514836235995905156E+01    0.211544193758175396E+02   -0.206624440002290430E+04   -0.242919563396503939E+02    1
    0.231044731134763606E+04    0.341048190513133909E+01   -0.301427301150731020E+00    0.649470029419745409E+00    0.104986247920215625E+01    0.298094904226756707E+01   -0.228475107022435182E+02   -0.438816940972419900E+01   -0.206592612482550885E+04   -0.243119563396503935E+02    1
    0.230219969721104508E+04    0.357971895998896494E+01   -0.299958700769547448E+00    0.627965431248216799E+00    0.104997038786330643E+01    0.299587739110686213E+01   -0.167497662414654869E+02    0.104362447626908192E+02   -0.206552085543261092E+04   -0.243319563396503966E+02    1
    0.230845672838359951E+04    0.349659836437296878E+01   -0.309254494969478100E+00    0.616433765666165479E+00    0.104877036117000499E+01    0.299993907432362228E+01    0.262577610576459364E+02   -0.548687878448539834E+00   -0.206501553035920188E+04   -0.243519563396503962E+02    1
    0.231031569381546888E+04    0.349743329664241553E+01   -0.310286831349541770E+00    0.615248142586464986E+00    0.104970454782354250E+01    0.299309377009387845E+01   -0.129554948980400724E+02   -0.395926909314446007E+02   -0.206501524925487774E+04   -0.243719563396503958E+02    1
    0.230862228226915158E+04    0.353937267812740330E+01   -0.313178673270349761E+00    0.632017224998732363E+00    0.104920570649922373E+01    0.299075111566761320E+01    0.361128514628279902E+02   -0.144895063041055749E+02   -0.206478978330328573E+04   -0.243919563396503953E+02    1
    0.230868146384502279E+04    0.346505451485704574E+01   -0.311500048756125636E+00    0.642087752580084881E+00    0.104892615590259441E+01    0.299458987593240211E+01    0.539261205283318645E+01   -0.483464671981406724E+02   -0.206460261962710274E+04   -0.244119563396503949E+02    1
    0.230462564584877873E+04    0.354904838591006921E+01   -0.301995085263114749E+00    0.599071282615356138E+00    0.104953403334248119E+01    0.299358308988882182E+01   -0.441902239450763474E+02    0.393475192860720426E+02   -0.206400561041593392E+04   -0.244319563396503945E+02    1
    0.230752599001137423E+04    0.346926445899431712E+01   -0.321149470276080595E+00    0.601291062062749182E+00    0.104991558124540019E+01    0.299876276308229572E+01    0.118483782979444427E+02   -0.456713620535755140E+02   -0.206372572552996644E+04   -0.244519563396503941E+02    1
    0.230637154427872019E+04    0.355452913800453718E+01   -0.325415667685399146E+00    0.599919319710066956E+00    0.104877195771898046E+01    0.299814619837390151E+01   -0.303467399701338536E+01    0.139502287506284119E+02   -0.206364912083751915E+04   -0.244719563396503936E+02    1
    0.230343760858660698E+04    0.365836724474656982E+01   -0.324843244730246616E+00    0.586267864545590767E+00    0.104960565021671903E+01    0.299914418536826899E+01   -0.383140631370920843E+02    0.610549244954956549E+01   -0.206355058269686106E+04   -0.244919563396503968E+02    1
    0.230868988903952686E+04    0.342839152262512048E+01   -0.304433942316236272E+00    0.647925020612313496E+00    0.104889374886577991E+01    0.299110320513128247E+01    0.278578453780175863E+02    0.861605354583345928E+01   -0.206344653997762907E+04   -0.245119563396503999E+02    1
    0.231070741162543982E+04    0.350195926445506700E+01   -0.313874972061154389E+00    0.625231571580152745E+00    0.104916350941222847E+01    0.298955746606932049E+01    0.435985346406503709E+02   -0.433306621889302619E+02   -0.206312222785035692E+04   -0.245319563396503959E+02    1
    0.230708425863873072E+04    0.345796031293620088E+01   -0.305869882936471216E+00    0.644296580391361173E+00    0.104847772896500668E+01    0.299775994041602978E+01    0.158864098465484602E+02    0.164952956401325110E+02   -0.206310498379253704E+04   -0.245519563396503919E+02    1
    0.230939752417912177E+04    0.329842173391500060E+01   -0.312912625904838371E+00    0.638001886317839495E+00    0.104926382763188308E+01    0.299479601976812848E+01    0.411910183783759720E+02    0.405603870954349759E+02   -0.206271997739213066E+04   -0.245719563396503951E+02    1
    0.230851612523243693E+04    0.355037648445283560E+01   -0.312113017585903429E+00    0.611699485351080430E+00    0.104853675365253185E+01    0.299493461931004035E+01    0.349672339102428964E+02    0.121815377446490061E+02   -0.206267088280884627E+04   -0.245919563396503982E+02    1
    0.230691430942820352E+04    0.358812791892606420E+01   -0.322035638452251527E+00    0.597490130127832031E+00    0.104921051299341839E+01    0.299919301562842344E+01    0.208334645111462322E+02   -0.448094195868391338E+02   -0.206189211113166084E+04   -0.246119563396503978E+02    1
    0.230863062678360620E+04    0.359775903790595519E+01   -0.300512613427046660E+00    0.630775842746961857E+00    0.104962684837459652E+01    0.298533531961641829E+01    0.123452335593589808E+02    0.324677618163736526E+01   -0.206172803891339800E+04   -0.246319563396503973E+02    1
    0.231011378201669959E+04    0.345962140386720129E+01   -0.312526384925943534E+00    0.645045954819398526E+00    0.104976248973765052E+01    0.298578596631039916E+01    0.360725561047531187E+02   -0.349654281231523640E+02   -0.206137137709140325E+04   -0.246519563396503969E+02    1
    0.230647451740839597E+04    0.365167690792698485E+01   -0.312881522267672796E+00    0.588998183015870591E+00    0.104942289041014192E+01    0.299228669332636699E+01   -0.221238674285817893E+01    0.271087146616084738E+02   -0.206105956289002734E+04   -0.246719563396503929E+02    1
    0.230864740213165896E+04    0.350227885899239233E+01   -0.316247716466420692E+00    0.634914289552186872E+00    0.104978310773953654E+01    0.299739688458775566E+01    0.193344645599000415E+02   -0.122001934154476999E+02   -0.206091154762290125E+04   -0.246919563396503960E+02    1
    0.230629055627444905E+04    0.372256368261760429E+01   -0.301641922522888239E+00    0.583542084265596506E+00    0.104978572854723984E+01    0.298902825146743822E+01    0.107360539384101372E+02   -0.133245554636431862E+02   -0.206073357844111160E+04   -0.247119563396503992E+02    1
    0.230677205382701095E+04    0.333859148946272244E+01   -0.320624743182843452E+00    0.649069143151725259E+00    0.104935542917178815E+01    0.299885405368178315E+01   -0.239321807010579413E+02   -0.371044791039479591E+02   -0.206025186236218178E+04   -0.247319563396503987E+02    1
    0.230870461578132472E+04    0.355632710897042781E+01   -0.299187247217513386E+00    0.628928623964572164E+00    0.104968263630879433E+01    0.298690680844186573E+01   -0.332694003885456340E+02   -0.826501003869992701E-01   -0.206003320510133153E+04   -0.247519563396503983E+02    1
    0.230585452914216194E+04    0.369504045919282076E+01   -0.301272911533257581E+00    0.595252414054725509E+00    0.104992659018747858E+01    0.299757276989630972E+01   -0.797113861082996777E+01    0.251781928635000867E+02   -0.206000488904965323E+04   -0.247719563396503943E+02    1
    0.230421864265139266E+04    0.361538275552757460E+01   -0.299950034496269280E+00    0.622142855293896346E+00    0.104883598872671557E+01    0.299693677533832137E+01    0.109563140606444307E+02    0.994361343926664887E+01   -0.205979117745241228E+04   -0.247919563396503975E+02    1
    0.230883288787243600E+04    0.333071635138877920E+01   -0.309727258253432058E+00    0.629760998469886868E+00    0.104909214973083942E+01    0.299850760899110247E+01    0.274123929647893760E+02    0.326176920952792102E+02   -0.205931203821976032E+04   -0.248119563396503970E+02    1
    0.230334367410784216E+04    0.339052305205076898E+01   -0.303406378497381890E+00    0.626643410486607655E+00    0.104958571518187260E+01    0.299895984815022754E+01    0.399156073281233859E+02    0.245713908601447173E+02   -0.205916558405978913E+04   -0.248319563396503966E+02    1
    0.231166421946720402E+04    0.352273704610595795E+01   -0.299710154864666400E+00    0.634695312719768423E+00    0.104958977628085615E+01    0.298725343618931394E+01    0.168447176026212020E+02   -0.200308959488142264E+02   -0.205900902109792514E+04   -0.248519563396503962E+02    1
    0.230751205898203352E+04    0.345188267120733983E+01   -0.301105812643406801E+00    0.612225207391339454E+00    0.104912110990469398E+01    0.299160735497974217E+01   -0.788359078153970216E+01   -0.291060295662802062E+02   -0.205867366748402583E+04   -0.248719563396503958E+02    1
    0.230801029808146632E+04    0.353046689795531288E+01   -0.304737855668051616E+00    0.610125041038906968E+00    0.104835651002488861E+01    0.299832948147306988E+01   -0.203307168090083188E+02   -0.347657636446100895E+02   -0.205787652955802423E+04   -0.248919563396503953E+02    1
    0.230513898129043810E+04    0.360858630205100184E+01   -0.302838038186513225E+00    0.608251788938789506E+00    0.104828712822138925E+01    0.299575644654611439E+01    0.454146382400772097E+02   -0.264086009660829220E+02   -0.205770701414757741E+04   -0.249119563396503985E+02    1
    0.230495049115182837E+04    0.341498036875947886E+01   -0.310021835847372418E+00    0.612502936010227428E+00    0.104940281759595844E+01    0.299880317398992746E+01    0.495265454011186392E+02    0.378450042853574473E+02   -0.205765536532510623E+04   -0.249319563396503980E+02    1
    0.230707041041211414E+04    0.354571726405137078E+01   -0.309997104431555204E+00    0.595472972363221276E+00    0.104944785703694499E+01    0.299888991088398882E+01   -0.783610148467825951E+01    0.474605359331438876E+02   -0.205761887938429163E+04   -0.249519563396503976E+02    1
    0.230823088075768464E+04    0.361990711453291913E+01   -0.306550376399309710E+00    0.618654458708324473E+00    0.104971323142412221E+01    0.298734486883680894E+01   -0.716177237787007925E+00   -0.247984293565319156E+02   -0.205744388264561303E+04   -0.249719563396504007E+02    1
    0.230269288645765482E+04    0.362600757692321451E+01   -0.313488978926413253E+00    0.587327468391020346E+00    0.104976697506025340E+01    0.299904661171176601E+01    0.999484870370898904E+01   -0.401893673149035919E+02   -0.205744070075805121E+04   -0.249919563396503968E+02    1
    0.230690977271361771E+04    0.341980447694013545E+01   -0.302907582267044340E+00    0.607635720365533594E+00    0.104861005110617378E+01    0.299913069047013447E+01   -0.138526569059955946E+02   -0.360055076788336166E+02   -0.205687651547452970E+04   -0.250119563396503999E+02    1
    0.230751584538070210E+04    0.353887601221245029E+01   -0.316877197447585524E+00    0.613419983778500155E+00    0.104923636800279585E+01    0.299226527671966780E+01   -0.313842819502880346E+02    0.372195805958474182E+02   -0.205656061168945689E+04   -0.250319563396503995E+02    1
    0.230745416778579602E+04    0.353704924832944201E+01   -0.308775812195449806E+00    0.606326715529876159E+00    0.104837351210931140E+01    0.299908963550681751E+01   -0.357836997353572954E+02    0.378370170808827027E+02   -0.205640932104786680E+04   -0.250519563396503990E+02    1
    0.230558106568334642E+04    0.358980161929143993E+01   -0.311837972003977559E+00    0.586675814586369748E+00    0.104971110397607359E+01    0.299705041046103648E+01   -0.248969027944782049E+02   -0.435763132712648726E+02   -0.205633696881228525E+04   -0.250719563396503986E+02    1
    0.230612440590529786E+04    0.349527474402591931E+01   -0.328026875769028892E+00    0.606614337144054883E+00    0.104932039006702071E+01    0.299919839604853866E+01    0.488041173375144268E+02   -0.380093154618632028E+02   -0.205626343567284584E+04   -0.250919563396503982E+02    1
    0.230676471274041887E+04    0.357997672439769143E+01   -0.298693409500101648E+00    0.618763893183852387E+00    0.104960626562474713E+01    0.299365915822571882E+01   -0.625257127425286541E+01    0.158956360169241151E+01   -0.205582028480812824E+04   -0.251119563396503978E+02    1
    0.230646542716487284E+04    0.362363232807404678E+01   -0.305294955260341005E+00    0.595210761862082549E+00    0.104841023816104029E+01    0.299492773704628679E+01   -0.104034329405928219E+02    0.138978372181779548E+02   -0.205581293616947596E+04   -0.251319563396504009E+02    1
    0.230614481057402554E+04    0.365360433939000906E+01   -0.301955948506368699E+00    0.603042452663747230E+00    0.104909233672711322E+01    0.299087464286100868E+01   -0.133962169387467611E+02   -0.345975720697668621E+02   -0.205546370472303897E+04   -0.251519563396504005E+02    1
    0.230890398955697583E+04    0.334153473355413766E+01   -0.310284732296727039E+00    0.623923390776479403E+00    0.104993512271070566E+01    0.299655490729709406E+01   -0.412373445809889176E+02   -0.254060121517129645E+02   -0.205535367140024209E+04   -0.251719563396504000E+02    1
    0.230836057521015846E+04    0.347347548286703978E+01   -0.305385020393752427E+00    0.614534436463431533E+00    0.104844666272298248E+01    0.299387219160892837E+01    0.250509977303235303E+02    0.157508509246139283E+02   -0.205477853436580244E+04   -0.251919563396503960E+02    1
    0.230796654140183909E+04    0.360412590285457135E+01   -0.300391349393549389E+00    0.605344142830618770E+00    0.104883018655176374E+01    0.299435402921523952E+01    0.262423084131887521E+02   -0.463382758963879482E+02   -0.205448621582578380E+04   -0.252119563396503956E+02    1
    0.230707782046886132E+04    0.341944515968248197E+01   -0.307416221119304833E+00    0.638645582340838680E+00    0.104917983339939425E+01    0.299310667010857623E+01    0.279204053731508850E+01   -0.464150743796229577E+02   -0.205445993522740355E+04   -0.252319563396503952E+02    1
    0.230913358651054114E+04    0.344333901390789121E+01   -0.312885251496173133E+00    0.621441358560846702E+00    0.104915033924980894E+01    0.299343952104828315E+01    0.414787743195334571E+02    0.158234664410700816E+02   -0.205431913664633657E+04   -0.252519563396503948E+02    1
    0.230791397352379818E+04    0.359841875892273588E+01   -0.314840248922609089E+00    0.615783238708763170E+00    0.104988295515037100E+01    0.299321291302005044E+01    0.227495763904152710E+02   -0.417369460803706005E+01   -0.205404795412037447E+04   -0.252719563396503943E+02    1
    0.230885552786551489E+04    0.337317957281675262E+01   -0.300019547505165962E+00    0.661800872727926426E+00    0.104983962659782870E+01    0.298797512033992607E+01    0.931295282212705189E+01    0.126318504957602329E+00   -0.205388531983883104E+04   -0.252919563396503975E+02    1
    0.230430900689278587E+04    0.344772927443581123E+01   -0.304588736660106496E+00    0.619535342878358319E+00    0.104914174336290400E+01    0.299773916732896328E+01    0.369575456859998894E+02    0.128764502764280948E+02   -0.205360796762116570E+04   -0.253119563396503970E+02    1
    0.230697382145073880E+04    0.356722779987548755E+01   -0.305427889362853699E+00    0.622948445889378144E+00    0.104928850944541496E+01    0.299038858292133991E+01    0.434813148883127099E+02    0.749301539059099753E+01   -0.205348020769642244E+04   -0.253319563396503966E+02    1
    0.230748556427827634E+04    0.354359853425507065E+01   -0.302048161154667150E+00    0.596083807237651087E+00    0.104961222404111210E+01    0.299507630489041698E+01    0.218695305499682320E+02    0.143618733132921932E+02   -0.205335623941619451E+04   -0.253519563396503962E+02    1
    0.231003456151312002E+04    0.333511592236949728E+01   -0.314378369476761232E+00    0.643572872404237217E+00    0.104992069409381639E+01    0.299053564471708944E+01    0.173993845558739366E+02    0.279128027368141716E+02   -0.205307106196217683E+04   -0.253719563396503993E+02    1
    0.230591563406801743E+04    0.355084261477847729E+01   -0.317771160309473499E+00    0.597344619426285361E+00    0.104988268296304121E+01    0.299580911571360531E+01   -0.136922374541025746E+02   -0.203013702940405487E+02   -0.205299549837130508E+04   -0.253919563396504024E+02    1
    0.230849576590846254E+04    0.345175640859314115E+01   -0.316104492944115245E+00    0.630290057505748624E+00    0.104965518503951083E+01    0.299052095661333528E+01    0.179352542562435104E+02   -0.988761545463923142E+01   -0.205261677343312112E+04   -0.254119563396503985E+02    1
    0.230674382466676752E+04    0.350961429926678026E+01   -0.310437261161311651E+00    0.613867402542646823E+00    0.104931562111687882E+01    0.299251837542415711E+01   -0.996661513658511922E+01   -0.869017577478080483E+01   -0.205259738762429970E+04   -0.254319563396503980E+02    1
    0.230720386086527333E+04    0.337639045395165738E+01   -0.308542290737791158E+00    0.626022238821954069E+00    0.104858918452770178E+01    0.299901000322341771E+01    0.191601687898353674E+02   -0.312041180388629691E+02   -0.205234644916125671E+04   -0.254519563396503976E+02    1
    0.230691191244053698E+04    0.363909568274406769E+01   -0.305399512341688772E+00    0.591369126058754357E+00    0.104981376301922036E+01    0.299426472235691499E+01   -0.474922105772716776E+02   -0.154489340357840845E+02   -0.205226051083916218E+04   -0.254719563396504007E+02    1
    0.230652947588089773E+04    0.354230194384072838E+01   -0.300536547455998226E+00    0.621242664748682505E+00    0.104940620325801248E+01    0.298923313919382672E+01    0.343408100721836007E+01   -0.220638988293470746E+02   -0.205190088859458683E+04   -0.254919563396504003E+02    1
    0.230536096212490793E+04    0.339740368539213211E+01   -0.302897418037408050E+00    0.638157450986641672E+00    0.104914110753932222E+01    0.299627409457406690E+01    0.439734067206601509E+02    0.273381313110166388E+02   -0.205112795630221990E+04   -0.255119563396504034E+02    1
    0.230870773389995338E+04    0.352002776501685677E+01   -0.313772270102044781E+00    0.622460028178685509E+00    0.104928627349833392E+01    0.299188099471716251E+01   -0.191101377702360864E+02   -0.309102860103785630E+02   -0.205089800883732460E+04   -0.255319563396503995E+02    1
    0.230961816077957064E+04    0.350394381098104724E+01   -0.305960755362599424E+00    0.642584489445707008E+00    0.104970372847188353E+01    0.298696143083980292E+01   -0.482159136595193374E+02   -0.184710383607452684E+02   -0.205079212911473996E+04   -0.255519563396503990E+02    1
    0.230602340755976275E+04    0.363805387554325810E+01   -0.301256773855276327E+00    0.600007481356530370E+00    0.104857199309625293E+01    0.299455232566698948E+01   -0.266910213180146272E+02   -0.779515060286206563E+01   -0.205071463799729599E+04   -0.255719563396504022E+02    1
    0.230777484483973240E+04    0.334957464133595106E+01   -0.310352289730201680E+00    0.632872837971076185E+00    0.104895812824395862E+01    0.299848753489989761E+01   -0.335361352814743441E+00    0.374556196015254699E+02   -0.205066242935157061E+04   -0.255919563396504017E+02    1
    0.230540266816322583E+04    0.359147304510950338E+01   -0.317950366664001782E+00    0.601725983936705511E+00    0.104903435909585463E+01    0.299884846476053246E+01   -0.471926115264333390E+02   -0.273132010339489462E+02   -0.205049396013034584E+04   -0.256119563396504013E+02    1
    0.230262674256069386E+04    0.372820374489677997E+01   -0.305755592953713629E+00    0.589156986611038658E+00    0.104987237987570969E+01    0.299788480700452187E+01    0.494311902189116665E+02   -0.218725179162226446E+02   -0.205033559159700371E+04   -0.256319563396504009E+02    1
    0.230345630171410539E+04    0.356982968515011212E+01   -0.306914090142798635E+00    0.604240566552465719E+00    0.104997287018645480E+01    0.299601110890734734E+01    0.183202973336272379E+02    0.273893484844072219E+02   -0.205006461950992525E+04   -0.256519563396504005E+02    1
    0.230856109522489714E+04    0.335623186152585173E+01   -0.301033630794966700E+00    0.629590700347071319E+00    0.104892509512376253E+01    0.299804188710110386E+01    0.424797323905187056E+02    0.189307463137526497E+02   -0.204966723965436222E+04   -0.256719563396503965E+02    1
    0.230408072166840429E+04    0.359773614579436396E+01   -0.305885373377673797E+00    0.613396875598660740E+00    0.104891616132068055E+01    0.299804139390391455E+01   -0.271120966774820964E+02   -0.321644076148971934E+02   -0.204862319870722740E+04   -0.256919563396503960E+02    1
    0.230766902810012016E+04    0.362102789298015182E+01   -0.306118532193583148E+00    0.598857012944701061E+00    0.104979398598227203E+01    0.299045656485317579E+01   -0.469793372451534523E+02    0.284554154238167740E+02   -0.204844078529273474E+04   -0.257119563396503992E+02    1
    0.230472890890088502E+04    0.357294629298677213E+01   -0.306907219471359516E+00    0.594442959460457443E+00    0.104936283506659067E+01    0.299702827380332604E+01    0.495458508956501191E+02    0.122805146940568619E+02   -0.204840402351047578E+04   -0.257319563396503987E+02    1
    0.231002939514491527E+04    0.346347369612926892E+01   -0.310141744829643629E+00    0.626154420879332374E+00    0.104962332042351703E+01    0.299056956033980015E+01    0.247332271039796439E+02    0.257060516066200648E+02   -0.204825280852932838E+04   -0.257519563396504019E+02    1
    0.230774410996799406E+04    0.339621797781075063E+01   -0.310288114530101911E+00    0.616875778933243746E+00    0.104981013826225178E+01    0.299645291902126187E+01    0.464889941950467147E+02   -0.146894180136472770E+02   -0.204824162552096459E+04   -0.257719563396504014E+02    1
    0.230548255483268986E+04    0.352226380501611036E+01   -0.305161307410177884E+00    0.647218930514305457E+00    0.104984706361838231E+01    0.299597647086983887E+01    0.330219951646015204E+02    0.310787202003200775E+02   -0.204817772116800552E+04   -0.257919563396503975E+02    1
    0.230599805817504284E+04    0.341657943447430412E+01   -0.304547925646729944E+00    0.660614460970116335E+00    0.104993899259986967E+01    0.299586576855249476E+01    0.138786577408335461E+02   -0.186480467012635387E+01   -0.204778182081079058E+04   -0.258119563396504006E+02    1
    0.230994371193987763E+04    0.349542569032696360E+01   -0.313003222026727090E+00    0.625913507447647288E+00    0.104997998826571348E+01    0.299147080760786643E+01   -0.208565156019522178E+02    0.416289800583890468E+02   -0.204774965262944011E+04   -0.258319563396504002E+02    1
    0.230743451366970521E+04    0.352430181750175286E+01   -0.305513611761959070E+00    0.629777969157484185E+00    0.104966303700663000E+01    0.298885195909428791E+01    0.305833922472230029E+02   -0.154448616120435389E+02   -0.204771355642988419E+04   -0.258519563396503997E+02    1
    0.230417906796163243E+04    0.362803615539609403E+01   -0.314073404653759269E+00    0.613423624085131625E+00    0.104974443674433604E+01    0.299904835768482902E+01   -0.206649103053466412E+02    0.170037358648092578E+02   -0.204726128812672346E+04   -0.258719563396504029E+02    1
    0.230478429075328404E+04    0.355172291623315184E+01   -0.307005712231817496E+00    0.632442673271541578E+00    0.104988249355797381E+01    0.299461768731016997E+01   -0.304678832499381258E+01   -0.295781616103295342E+02   -0.204684894032217403E+04   -0.258919563396504024E+02    1
    0.230801839531829728E+04    0.342974593605151146E+01   -0.322329566596771477E+00    0.639641066827833282E+00    0.104999208406842159E+01    0.299609638325402550E+01   -0.180479008741123224E+02   -0.164427582784428949E+02   -0.204589129058789263E+04   -0.259119563396503985E+02    1
    0.230762057135722853E+04    0.343510146946463468E+01   -0.306859411738605259E+00    0.615445938088085009E+00    0.104942941584755856E+01    0.299493524326087046E+01    0.338872862060573254E+01   -0.227876786027770848E+02   -0.204588630046637377E+04   -0.259319563396503980E+02    1
    0.230744142608806942E+04    0.354930050477719616E+01   -0.306225345657561598E+00    0.623583638022548126E+00    0.104971640464641003E+01    0.298903142057941640E+01    0.437511944456868918E+01    0.115786420942503554E+02   -0.204581899929731117E+04   -0.259519563396504012E+02    1
    0.230741776766787279E+04    0.347966814546126280E+01   -0.313192845564917166E+00    0.612010449795402423E+00    0.104948882955115508E+01    0.299933858006941545E+01   -0.142271708436838793E+02   -0.206774617310720608E+02   -0.204537140862196793E+04   -0.259719563396504007E+02    1
    0.230714513179019150E+04    0.338629261999979114E+01   -0.322689365627748803E+00    0.640940175571325321E+00    0.104980948040956013E+01    0.299850094239110998E+01    0.114937533995402319E+02    0.444272337785430693E+02   -0.204517505619173744E+04   -0.259919563396504003E+02    1
    0.230652687129210472E+04    0.345996063514042884E+01   -0.314027251860987788E+00    0.627458810785499144E+00    0.104939582800090236E+01    0.299549541573761768E+01    0.359917818344235911E+02    0.152722224961450905E+02   -0.204497270267403974E+04   -0.260119563396504034E+02    1
    0.230663941174919546E+04    0.356701012617666668E+01   -0.309847078359365813E+00    0.622955404208563657E+00    0.104956376326923628E+01    0.299374958873191677E+01    0.266864319744165357E+02   -0.299124792618202306E+02   -0.204465345930170156E+04   -0.260319563396503995E+02    1
    0.230702241765721192E+04    0.355377881765629233E+01   -0.312342693897970036E+00    0.608305819530871927E+00    0.104926731716831712E+01    0.299700470457599222E+01   -0.547535429285733954E+01    0.189647287146297714E+02   -0.204459870266456460E+04   -0.260519563396503990E+02    1
    0.230505273086626948E+04    0.354760863355020417E+01   -0.302553301316920542E+00    0.605503865812954567E+00    0.104963889039613978E+01    0.299418633907627108E+01   -0.377042412365995716E+01    0.270789263502062738E+02   -0.204389955548390412E+04   -0.260719563396503986E+02    1
    0.230755153599715049E+04    0.345922984881657714E+01   -0.317806565875078662E+00    0.633266931108055431E+00    0.104968504942440655E+01    0.299899720776582601E+01    0.336079782573078916E+02    0.287654402231941901E+02   -0.204383365868027954E+04   -0.260919563396503982E+02    1
    0.230761029775913994E+04    0.333853592928112608E+01   -0.304720896306915068E+00    0.647235316564725216E+00    0.104912753653422097E+01    0.299924663536780267E+01   -0.454220680068296545E+02    0.144598329551517821E+02   -0.204378528043065626E+04   -0.261119563396504013E+02    1
    0.230743824456929769E+04    0.320272865096163395E+01   -0.301380641818912443E+00    0.669714001133321357E+00    0.104977175628405717E+01    0.299761860792792989E+01    0.231260321623491620E+02   -0.860735821045647498E+01   -0.204377457336159932E+04   -0.261319563396504009E+02    1
    0.230591264959372256E+04    0.329179314891001695E+01   -0.301841391135117487E+00    0.643751937671239283E+00    0.104953648553334733E+01    0.299755284205782502E+01   -0.476809461713445017E+02   -0.135433554461714962E+02   -0.204375554305530818E+04   -0.261519563396504005E+02    1
    0.230717058608087336E+04    0.335438395590423521E+01   -0.306499418113562183E+00    0.645391334828838037E+00    0.104927208197851618E+01    0.299653472698137158E+01   -0.842371822924938130E+01   -0.922513288978102253E+00   -0.204370895843892436E+04   -0.261719563396504000E+02    1
    0.230868100596622662E+04    0.333446231973933482E+01   -0.302320423355963541E+00    0.662958279081820478E+00    0.104992028468334975E+01    0.299261955015381487E+01    0.424828338909980232E+02    0.204136647181413622E+02   -0.204354674149753532E+04   -0.261919563396503996E+02    1
    0.230662325258824239E+04    0.347510013033761744E+01   -0.303624319170051893E+00    0.614075861752448660E+00    0.104828845969582263E+01    0.299920794145630154E+01    0.147375796658502480E+02    0.160293533601415135E+02   -0.204354341130842590E+04   -0.262119563396504027E+02    1
    0.230578756215351359E+04    0.351455938271878443E+01   -0.304837755763849028E+00    0.639573669122317945E+00    0.104918598379763961E+01    0.299899671190842732E+01    0.294313978205243814E+02   -0.270175713279803631E+02   -0.204334748030682090E+04   -0.262319563396503987E+02    1
    0.230884940575206838E+04    0.342839932006692472E+01   -0.306700541327139087E+00    0.644207613262674506E+00    0.104967851018362168E+01    0.299058659849507347E+01   -0.569984309509713682E+01   -0.118278901029519545E+00   -0.204331030760935801E+04   -0.262519563396503983E+02    1
    0.230742410646183725E+04    0.341293944045252573E+01   -0.302773597745858047E+00    0.626432345436206850E+00    0.104979297250802284E+01    0.299153181406416024E+01    0.190041661573276457E+02    0.483087657133224724E+02   -0.204261692645495714E+04   -0.262719563396504014E+02    1
    0.230787191525656635E+04    0.343252702046123570E+01   -0.308232735323163920E+00    0.638625711510363514E+00    0.104933085107315560E+01    0.299767981878367884E+01   -0.386498597798188541E+02    0.175932651300433633E+02   -0.204260404331959080E+04   -0.262919563396504046E+02    1
    0.230608830141381895E+04    0.339533159175108601E+01   -0.315818997389987088E+00    0.649255346494008734E+00    0.104990980360836295E+01    0.299791760570805188E+01    0.354243749399632719E+02    0.552420836059177844E+01   -0.204239338762923762E+04   -0.263119563396504041E+02    1
    0.230774295161950477E+04    0.350588160194658993E+01   -0.305183307937190174E+00    0.632369253615471694E+00    0.104918944972076988E+01    0.299643089196667667E+01    0.834144006909768621E+01    0.101067222638151577E+01   -0.204213157809874224E+04   -0.263319563396504037E+02    1
    0.230566078327038258E+04    0.355142629390606590E+01   -0.309457895529365146E+00    0.634722307470438452E+00    0.104997165343253340E+01    0.299575555193822973E+01   -0.416696339648122915E+01   -0.289413792357112882E+02   -0.204148752765884979E+04   -0.263519563396503997E+02    1
    0.230633298705333436E+04    0.355284305660948352E+01   -0.298958642361418558E+00    0.605435147849511912E+00    0.104911854420065964E+01    0.299868154704434797E+01    0.153940466349907723E+01    0.369963916766181455E+02   -0.204114096631166422E+04   -0.263719563396503993E+02    1
    0.230760427052964133E+04    0.340653974331502329E+01   -0.300981921244456385E+00    0.624160393960286997E+00    0.104953457752832247E+01    0.299291445188052752E+01   -0.212315450883968708E+02   -0.413161263032199031E+02   -0.204107313524340248E+04   -0.263919563396503989E+02    1
    0.230895231457664795E+04    0.336482481734779881E+01   -0.302771387225168498E+00    0.653140748970694740E+00    0.104972981499110696E+01    0.299223713000208313E+01   -0.458351141655958685E+02    0.229265508476409963E+02   -0.204078789173404584E+04   -0.264119563396504020E+02    1
    0.230826722787174549E+04    0.356724039953204297E+01   -0.306943444826935419E+00    0.616879053149601009E+00    0.104987327984229317E+01    0.298932167079923072E+01   -0.106202238772388569E+01    0.243218066500785710E+02   -0.204076441179115841E+04   -0.264319563396504016E+02    1
    0.230843475859294085E+04    0.343043698009384013E+01   -0.301822150499423680E+00    0.651382342332735842E+00    0.104974315216190006E+01    0.299130508599997347E+01   -0.118916759105773053E+02    0.613749700655628061E+01   -0.204070839470030660E+04   -0.264519563396504012E+02    1
    0.230734351652800569E+04    0.342810759011025556E+01   -0.302159020735425443E+00    0.624320821033159667E+00    0.104989954085877657E+01    0.299121827223118242E+01    0.170551427684065970E+02    0.785000111362486308E+01   -0.204065572604749173E+04   -0.264719563396504007E+02    1
    0.230217547345840148E+04    0.361499436151790743E+01   -0.305339455430929052E+00    0.615324492467194339E+00    0.104987503087593503E+01    0.299969189049209417E+01   -0.388590312435758918E+02   -0.135630210713173156E+02   -0.204024364048836537E+04   -0.264919563396504003E+02    1
    0.230518536235157490E+04    0.363553894233073294E+01   -0.305889095547640655E+00    0.604870599452415725E+00    0.104949623215363563E+01    0.299691353313362141E+01    0.131025181875549706E+02    0.215962801044068726E+02   -0.204007959440605714E+04   -0.265119563396504034E+02    1
    0.230808300998319555E+04    0.344472586497197053E+01   -0.301330595265292822E+00    0.618753613181652451E+00    0.104922449979559151E+01    0.299430477947217843E+01   -0.422487382535723910E+02    0.442796873195843546E+02   -0.204002468188929083E+04   -0.265319563396504030E+02    1
    0.230472699046993694E+04    0.354527143598178585E+01   -0.304377650397061217E+00    0.617453582786516852E+00    0.104990620649713651E+01    0.299386409904362338E+01    0.351388437405394001E+02    0.283099547942856447E+02   -0.203976170912052930E+04   -0.265519563396504061E+02    1
    0.230570841526988443E+04    0.360831085906501770E+01   -0.308927463005677860E+00    0.609176901809448834E+00    0.104977146789278297E+01    0.299457429488085802E+01   -0.912564738980996282E+01   -0.156509130161359948E+02   -0.203960064104046319E+04   -0.265719563396504022E+02    1
    0.230935129713776223E+04    0.350507482063863085E+01   -0.300614605833838811E+00    0.619128861556445198E+00    0.104940568088483155E+01    0.299013810278810599E+01   -0.488349894748966165E+02    0.243714275472895423E+02   -0.203954560681751195E+04   -0.265919563396503982E+02    1
    0.230953133027279273E+04    0.342207327291052277E+01   -0.306514322269427097E+00    0.643079781187392396E+00    0.104992271883754995E+01    0.299158093714548512E+01   -0.226662182280431175E+02   -0.246430161216521277E+02   -0.203953435290416087E+04   -0.266119563396504013E+02    1
    0.230703425350261932E+04    0.358978725440614088E+01   -0.302783163190463445E+00    0.614108190349407890E+00    0.104951587196830642E+01    0.299159341861524730E+01    0.481194166794078484E+02   -0.262083111238204012E+02   -0.203950052333380040E+04   -0.266319563396504009E+02    1
    0.230530416407952725E+04    0.350824439554489098E+01   -0.312667287493386403E+00    0.612398531539618762E+00    0.104941137142214247E+01    0.299784539503847780E+01   -0.391643309124465446E+02    0.111957456226013150E+02   -0.203918022855228037E+04   -0.266519563396504005E+02    1
    0.230727951179488809E+04    0.353089183883116009E+01   -0.312190104715389327E+00    0.613901190486837445E+00    0.104953287808622742E+01    0.299608712832636037E+01   -0.117847805342929632E+02   -0.169007782598468381E+02   -0.203914256171842067E+04   -0.266719563396504000E+02    1
    0.230638791775860136E+04    0.350071788302895914E+01   -0.310812861415869335E+00    0.625022287928943765E+00    0.104915638919659338E+01    0.299648759218391758E+01   -0.407441015185097655E+02   -0.236846595619617517E+02   -0.203899867595997398E+04   -0.266919563396503996E+02    1
    0.230734473481484747E+04    0.331198234118197155E+01   -0.312150596473567576E+00    0.646050072919682861E+00    0.104984742560136279E+01    0.299738958943119638E+01    0.487363822985542754E+02   -0.245350343586705506E+02   -0.203870147496711957E+04   -0.267119563396504027E+02    1
    0.230665117196033088E+04    0.343206990221862895E+01   -0.300955838468690284E+00    0.611828261734525647E+00    0.104957258171547019E+01    0.299835824660278272E+01   -0.207481813766604333E+02    0.259597722063374192E+01   -0.203851754492332088E+04   -0.267319563396504023E+02    1
    0.230515537241329912E+04    0.364878197701230311E+01   -0.301689288390759092E+00    0.594232804853658925E+00    0.104969868577002168E+01    0.299541367581278406E+01    0.331901198244087681E+01   -0.190306243400005073E+02   -0.203849229065736381E+04   -0.267519563396504019E+02    1
    0.230999396335051961E+04    0.345784861394312415E+01   -0.305909396741114170E+00    0.631935081494407358E+00    0.104994540628235344E+01    0.298805124823232449E+01    0.434844810137020659E+02    0.312152208078007902E+02   -0.203847448107284981E+04   -0.267719563396504014E+02    1
    0.230817641540216391E+04    0.336745622591291172E+01   -0.300552914449092268E+00    0.629633911183544948E+00    0.104939981411797634E+01    0.299719348118489348E+01   -0.329107708942918293E+02    0.713163048077680628E+01   -0.203826774180726875E+04   -0.267919563396504010E+02    1
    0.230695688476201030E+04    0.355216304643444669E+01   -0.313416612088129987E+00    0.617450631629092861E+00    0.104978935231923720E+01    0.299641239579018137E+01    0.313479196058822396E+01   -0.667648072106885593E-02   -0.203826279375572426E+04   -0.268119563396504041E+02    1
    0.230841251445869784E+04    0.347916083494038153E+01   -0.302426615214269112E+00    0.627095410895571082E+00    0.104910463058810377E+01    0.299415145862156917E+01    0.344985359780863803E+02   -0.301043244228249307E+01   -0.203821613969639520E+04   -0.268319563396504037E+02    1
    0.230833516016624526E+04    0.353006262373934465E+01   -0.305688487155522381E+00    0.615561570961469684E+00    0.104961467113239126E+01    0.299256505280867202E+01   -0.251523844982309654E+02   -0.374042939302815824E+02   -0.203818550305793156E+04   -0.268519563396503997E+02    1
    0.230810704562528463E+04    0.343175017257136528E+01   -0.303696984852634966E+00    0.627809485783583088E+00    0.104923068507222994E+01    0.299430503057788666E+01    0.941623837317688839E+01   -0.104616585355687661E+02   -0.203792592168688452E+04   -0.268719563396504029E+02    1
    0.230747536488381047E+04    0.331780344095905733E+01   -0.306210610610949896E+00    0.646886901531312120E+00    0.104946716186693134E+01    0.299858092004797649E+01   -0.200313356249559327E+02    0.142461976692094794E+02   -0.203792221679195131E+04   -0.268919563396504024E+02    1
    0.230472822123723563E+04    0.359294615970968589E+01   -0.312728740889101353E+00    0.607268345280765232E+00    0.104967113624314035E+01    0.299787503761403329E+01    0.356706286026170716E+02    0.133803687012976198E+02   -0.203772887493636222E+04   -0.269119563396504020E+02    1
    0.230597023703670720E+04    0.350842016381355570E+01   -0.313248227600276541E+00    0.637699919877388721E+00    0.104976489276374152E+01    0.299889599983129518E+01    0.637772836669692111E+01    0.251595039957744859E+02   -0.203761732364356612E+04   -0.269319563396504016E+02    1
    0.230700981504239735E+04    0.347801817852602824E+01   -0.300850770695260950E+00    0.610501248593520840E+00    0.104978224801075948E+01    0.299418037029064266E+01   -0.582531380287922218E+01    0.191573200578259275E+02   -0.203741777157843762E+04   -0.269519563396504047E+02    1
    0.230692253112434537E+04    0.347318058810520736E+01   -0.305935876836688769E+00    0.623971525767962554E+00    0.104970848333718614E+01    0.299239582246408675E+01   -0.290545222402779082E+02   -0.669463986824725765E+01   -0.203736707290373602E+04   -0.269719563396504007E+02    1
    0.230762877592861514E+04    0.340559748598096412E+01   -0.313799107447644610E+00    0.627259936239719984E+00    0.104979722761617289E+01    0.299765118931228791E+01    0.183808049537766465E+02    0.490859445836557740E+01   -0.203730502025139276E+04   -0.269919563396504003E+02    1
    0.230696677357110548E+04    0.346218440869450816E+01   -0.311074657379486585E+00    0.632742745704837795E+00    0.104999217438880899E+01    0.299250647105063772E+01    0.120453256342342243E+02   -0.442073930082719855E+02   -0.203729807260917391E+04   -0.270119563396504034E+02    1
    0.230226447570633445E+04    0.365666810914247087E+01   -0.301207238500070473E+00    0.600798474181557740E+00    0.104955210905188334E+01    0.299957750779483767E+01   -0.179629071935484674E+02   -0.363797189095315829E+02   -0.203721000048262204E+04   -0.270319563396504030E+02    1
    0.230568902609749875E+04    0.357300596962046679E+01   -0.303609862212292414E+00    0.603929398053780320E+00    0.104891310983497754E+01    0.299806466437503571E+01   -0.283309418582871899E+02    0.420331611230352991E+02   -0.203700910535226717E+04   -0.270519563396504026E+02    1
    0.230559869920187293E+04    0.350214052380675600E+01   -0.312899083632162067E+00    0.630532253052921599E+00    0.104976322218806239E+01    0.299594778066914502E+01   -0.176223041301410674E+02   -0.234180019962590400E+02   -0.203691918677278795E+04   -0.270719563396504022E+02    1
    0.230632170322858929E+04    0.348933321652608042E+01   -0.319290504898153860E+00    0.612732312811539837E+00    0.104977249261677752E+01    0.299967911682771904E+01   -0.394100876190290563E+02   -0.164193596563990667E+02   -0.203685888578457434E+04   -0.270919563396504017E+02    1
    0.230655894674194224E+04    0.358008277436451738E+01   -0.302094784403858452E+00    0.618745871566720895E+00    0.104942229941108889E+01    0.299612697016178631E+01   -0.169711069113977047E+02   -0.854949558399560061E+01   -0.203683723777489899E+04   -0.271119563396504049E+02    1
    0.230635516169201173E+04    0.347455674834110262E+01   -0.307137170045128416E+00    0.620617975918485554E+00    0.104917530408782689E+01    0.299638534060124506E+01    0.298968832292609790E+02   -0.133593065622037486E+02   -0.203678340990265247E+04   -0.271319563396504044E+02    1
    0.230841043105316794E+04    0.343484011828404245E+01   -0.299608314132078890E+00    0.641582915719405289E+00    0.104992986087638629E+01    0.298980193364920455E+01    0.201309440539550764E+02    0.455696221509128634E+02   -0.203666586990911219E+04   -0.271519563396504040E+02    1
    0.230268982956185300E+04    0.364251280147548195E+01   -0.305480816913601072E+00    0.604422129350303039E+00    0.104992569548762771E+01    0.299875033216900810E+01    0.100526135088599204E+02   -0.184371583445936835E+02   -0.203652640113817574E+04   -0.271719563396504000E+02    1
    0.230686234039745887E+04    0.346431764559379873E+01   -0.320473943538085060E+00    0.619771458694827637E+00    0.104994502654429334E+01    0.299962300035033103E+01   -0.304154258159998392E+01    0.390557450229280505E+02   -0.203628821138587114E+04   -0.271919563396504032E+02    1
    0.230682355877630653E+04    0.340780989935273260E+01   -0.302571586098965839E+00    0.639690348366577011E+00    0.104906186952002467E+01    0.299740951618741391E+01    0.385019122449221385E+01   -0.384139060419646583E+02   -0.203618391890842690E+04   -0.272119563396504063E+02    1
    0.230737273328922038E+04    0.350238576637442378E+01   -0.307263751128742768E+00    0.618437669679780200E+00    0.104924161139388294E+01    0.299517286787619597E+01    0.304723230593774588E+02   -0.879090102119221228E+01   -0.203616844923560416E+04   -0.272319563396504059E+02    1
    0.230818132328041247E+04    0.333053155051879113E+01   -0.303580983871251375E+00    0.639044661275680714E+00    0.104989363187085227E+01    0.299370186485097500E+01    0.108991069638674247E+02   -0.468512349142083906E+01   -0.203605705630052489E+04   -0.272519563396504054E+02    1
    0.230885515998030314E+04    0.333348035841853108E+01   -0.300700779188578626E+00    0.640052631047766551E+00    0.104971455264900260E+01    0.299439331694261934E+01   -0.461293121186406125E+02    0.165787354788792243E+02   -0.203596359448909493E+04   -0.272719563396504050E+02    1
    0.230626123186671521E+04    0.336573234632586882E+01   -0.299499368182674808E+00    0.648995496139760819E+00    0.104988121188410299E+01    0.299633927782582843E+01   -0.338719698020434166E+02   -0.418465479337148878E+02   -0.203581343802904757E+04   -0.272919563396504046E+02    1
    0.230280071445865906E+04    0.358492519220199046E+01   -0.305621035702322297E+00    0.604558112463362107E+00    0.104956176425041092E+01    0.299981091557008117E+01    0.401794364921128135E+02    0.349565452626368227E+02   -0.203576932062016090E+04   -0.273119563396504006E+02    1
    0.230835001918115859E+04    0.337239261509488575E+01   -0.301164736126705856E+00    0.633144288442813785E+00    0.104957257261999448E+01    0.299392267706262993E+01   -0.669805333981507545E+01   -0.438079517197718360E+02   -0.203555650680483109E+04   -0.273319563396504037E+02    1
    0.230380736023522695E+04    0.357932740357730150E+01   -0.299988825425439198E+00    0.611058133086512800E+00    0.104917399325555571E+01    0.299766614178693436E+01    0.163415323160397321E+02   -0.253674976784421133E+02   -0.203550853255615357E+04   -0.273519563396504068E+02    1
    0.230276737952681106E+04    0.367687788636210744E+01   -0.302026530343958877E+00    0.590699430322214503E+00    0.104965057742713164E+01    0.299987439285876700E+01    0.310495482926177431E+02    0.380180625036280304E+02   -0.203549768964766054E+04   -0.273719563396504029E+02    1
    0.230599707917911110E+04    0.352357078125437884E+01   -0.309566097716027055E+00    0.606495155801898722E+00    0.104960421650127134E+01    0.299779777431507455E+01   -0.161415064669624613E+02   -0.670470508011014488E+00   -0.203524308728354799E+04   -0.273919563396504024E+02    1
    0.230566264846894046E+04    0.340881514019055576E+01   -0.303044108738295126E+00    0.637532441548811502E+00    0.104939322085584275E+01    0.299683812996647747E+01    0.379016691716695675E+01   -0.277534621803752479E+02   -0.203519379999392117E+04   -0.274119563396504056E+02    1
    0.230561051068866254E+04    0.352513896855533204E+01   -0.306379736502764066E+00    0.610088291127633076E+00    0.104938907553857308E+01    0.299664941895569825E+01    0.932194795128376796E+01    0.353543087801592293E+02   -0.203493304700010390E+04   -0.274319563396504051E+02    1
    0.230712484114282870E+04    0.346008813531649961E+01   -0.316138438954074119E+00    0.628229170714217355E+00    0.104990618836593730E+01    0.299554076259625912E+01    0.424979301108852354E+02    0.269033532865401952E+02   -0.203482515432258174E+04   -0.274519563396504012E+02    1
    0.230534375747571539E+04    0.356800440176775480E+01   -0.308604721663550907E+00    0.604818568215907071E+00    0.104933494958223084E+01    0.299869230316083524E+01    0.422793902318937143E+02    0.286923656123927913E+02   -0.203470161865698651E+04   -0.274719563396504043E+02    1
    0.230813695571749031E+04    0.350086842920780184E+01   -0.300881454904238954E+00    0.637114023266931784E+00    0.104975857701098230E+01    0.298881136981619733E+01   -0.388026608122068453E+02    0.399867304697597064E+02   -0.203448278951817019E+04   -0.274919563396504039E+02    1
    0.230734682544939915E+04    0.345182586159195193E+01   -0.301456222618090686E+00    0.648226203693210712E+00    0.104976784161444847E+01    0.299310418195647499E+01    0.457557622673094073E+02    0.482825786779864501E+02   -0.203434480673623648E+04   -0.275119563396504070E+02    1
    0.230650253470407733E+04    0.352449308853167054E+01   -0.299161762887091898E+00    0.609018940217878058E+00    0.104992286087394437E+01    0.299674944563059409E+01   -0.278665029203570072E+02    0.683848724232499450E+01   -0.203427815284366397E+04   -0.275319563396504030E+02    1
    0.230669989407124285E+04    0.340495967380863584E+01   -0.303361414348296332E+00    0.654845877444867330E+00    0.104989368943749306E+01    0.299591259281023836E+01   -0.337843361385432601E+02   -0.482967811297849110E+02   -0.203422824537854331E+04   -0.275519563396504026E+02    1
    0.230815416712309070E+04    0.346103927945039391E+01   -0.307488630752870973E+00    0.638404671653858946E+00    0.104986648328123655E+01    0.299199774031774446E+01   -0.269434379995513815E+02    0.670834885112329005E+01   -0.203408631065616783E+04   -0.275719563396504057E+02    1
    0.230604941885469907E+04    0.357896467903503313E+01   -0.301398089850110240E+00    0.614929972022481452E+00    0.104923260185415468E+01    0.299747091572497215E+01   -0.371917747512894294E+02   -0.197425165234924478E+02   -0.203390469554986407E+04   -0.275919563396504053E+02    1
    0.230581359161015007E+04    0.356092164722661941E+01   -0.315435401594556297E+00    0.615257623311819102E+00    0.104993055049844597E+01    0.299925429352911976E+01   -0.238499945193274563E+02   -0.776389115981353228E+01   -0.203389354973200079E+04   -0.276119563396504049E+02    1
    0.230549894860236964E+04    0.359177445162034559E+01   -0.305278168664931682E+00    0.619773375552481243E+00    0.104985477086593137E+01    0.299552001553189040E+01    0.107035102217204212E+02    0.388012510086592357E+02   -0.203373388602539103E+04   -0.276319563396504080E+02    1
    0.230806364159325585E+04    0.346212842770225926E+01   -0.302016399151596893E+00    0.625778942054935006E+00    0.104934215087531935E+01    0.299581535592712633E+01   -0.696052001251154451E+01   -0.375341961897687284E+02   -0.203369923690450696E+04   -0.276519563396504040E+02    1
    0.230734749824320716E+04    0.328926275682076330E+01   -0.305521335540095307E+00    0.647014239059174101E+00    0.104984828588684564E+01    0.299727292619592367E+01   -0.174546923925307880E+02   -0.126130810526654003E+02   -0.203368565720813262E+04   -0.276719563396504036E+02    1
    0.230523732763798671E+04    0.352176493105039512E+01   -0.301709935423067566E+00    0.605760380385665931E+00    0.104952590570411219E+01    0.299709271011023093E+01   -0.337451779976617416E+02   -0.238744919403347531E+02   -0.203339841623503639E+04   -0.276919563396504067E+02    1
    0.230742004696095910E+04    0.350909867838550182E+01   -0.299775274149604087E+00    0.617447344474322257E+00    0.104921724369476221E+01    0.299411854936987387E+01   -0.102125851844604796E+02   -0.356079129916469910E+02   -0.203333615189368720E+04   -0.277119563396504027E+02    1
    0.230628859630352235E+04    0.345487478288446148E+01   -0.300689833121067895E+00    0.622287732023731333E+00    0.104908900402692407E+01    0.299625106027952492E+01   -0.443066438107083869E+02    0.469639298437844843E+02   -0.203320890674466727E+04   -0.277319563396504023E+02    1
    0.230362907162652527E+04    0.353791046592775071E+01   -0.299572381495723128E+00    0.622887528056774831E+00    0.104991554643532270E+01    0.299812680859881464E+01   -0.392806856140245770E+02   -0.153398092253112637E+02   -0.203292750161550612E+04   -0.277519563396504054E+02    1
    0.230596408106411991E+04    0.344915615871049486E+01   -0.305307266045485748E+00    0.613682682502174393E+00    0.104939182750415960E+01    0.299986394449071936E+01   -0.354860095666300168E+01   -0.917763684020301440E+01   -0.203281211981257525E+04   -0.277719563396504086E+02    1
    0.230574634654554484E+04    0.355058418251784769E+01   -0.305039172746159049E+00    0.634155617742962474E+00    0.104998662040606128E+01    0.299758701857128296E+01    0.704391474547541918E+01    0.432445061947158251E+02   -0.203268567903023677E+04   -0.277919563396504046E+02    1
    0.230745113483265959E+04    0.349789788186927009E+01   -0.310679326283479162E+00    0.625522406616555005E+00    0.104993648373810622E+01    0.299256764784837870E+01    0.167870602334164829E+02   -0.468632751790240576E+01   -0.203242420751284226E+04   -0.278119563396504041E+02    1
    0.230675075591592213E+04    0.331438568535841593E+01   -0.303857899078994242E+00    0.638799513518990114E+00    0.104951325276788321E+01    0.299961800015745439E+01   -0.688453887857249924E+00    0.292341961176824441E+02   -0.203239964748453235E+04   -0.278319563396504073E+02    1
    0.230715365318232261E+04    0.332032912146352110E+01   -0.303749077004971391E+00    0.641442923530047615E+00    0.104984086597892645E+01    0.299616477946201165E+01   -0.414562198086169076E+02   -0.726622524884321308E+01   -0.203230158937851979E+04   -0.278519563396504068E+02    1
    0.230735777631406108E+04    0.349977939260865600E+01   -0.300304511684365061E+00    0.613767473843801703E+00    0.104978779414479062E+01    0.299246281984339468E+01    0.166057986991193189E+02   -0.253802653147314103E+02   -0.203205343781528882E+04   -0.278719563396504064E+02    1
    0.230593967341824600E+04    0.349577123974838244E+01   -0.302073265157164483E+00    0.627206575902552910E+00    0.104892062742179859E+01    0.299718062423618425E+01   -0.141380111497310139E+02    0.779338754493655728E+01   -0.203189203342039309E+04   -0.278919563396504060E+02    1
    0.230673282225233288E+04    0.334115859015320149E+01   -0.299132498564231075E+00    0.638161601426340486E+00    0.104981660345088779E+01    0.299955278326078156E+01    0.474564430396129353E+02    0.448105608446383030E+02   -0.203181035491001080E+04   -0.279119563396504056E+02    1
    0.230452279343254349E+04    0.362220988102871022E+01   -0.304829863421042846E+00    0.610393110736322742E+00    0.104978461401690981E+01    0.299842571292335469E+01    0.340793300022329930E+02   -0.404143487459172590E+02   -0.203167788725955893E+04   -0.279319563396504016E+02    1
    0.230558794296594897E+04    0.347669471598740021E+01   -0.303422844314241213E+00    0.628645043345734233E+00    0.104921515744543936E+01    0.299688811250787612E+01   -0.427123152389874079E+02   -0.453044435143156861E+02   -0.203167388135454166E+04   -0.279519563396504012E+02    1
    0.230721316871998897E+04    0.332931054843967322E+01   -0.301333731065804800E+00    0.637410753078648917E+00    0.104972872068075729E+01    0.299639327230989627E+01   -0.254522486199854043E+02   -0.124131376799378472E+02   -0.203156488937395329E+04   -0.279719563396504043E+02    1
    0.230685906741572535E+04    0.332779893539037674E+01   -0.309277612484389730E+00    0.647118862545795870E+00    0.104990580058157423E+01    0.299793971854422114E+01    0.146495386077321257E+02    0.116149230709353333E+02   -0.203150010978090768E+04   -0.279919563396504039E+02    1
    0.230757274504179532E+04    0.347415177006416176E+01   -0.300882304229403430E+00    0.645102735573817476E+00    0.104977555589212357E+01    0.299366935686432623E+01    0.174611452684856516E+02   -0.174647887417085101E+02   -0.203133471475928809E+04   -0.280119563396504034E+02    1
    0.230663252082377767E+04    0.353731071616860593E+01   -0.299696183679290906E+00    0.627498983084880058E+00    0.104970825562713821E+01    0.299316964550158326E+01   -0.201619163495516460E+02   -0.326510726127436186E+02   -0.203107519547213269E+04   -0.280319563396504030E+02    1
    0.230536836007052625E+04    0.353097345858974787E+01   -0.300748835968461969E+00    0.610315917030837873E+00    0.104897881915409874E+01    0.299777524914968030E+01   -0.383868559771477464E+02   -0.476410226064123918E+02   -0.203103265165162497E+04   -0.280519563396504061E+02    1
    0.230755898739808026E+04    0.340766358033510564E+01   -0.302716039296513695E+00    0.629031333086895850E+00    0.104972376261840861E+01    0.299420428197726451E+01    0.494345579988030863E+02    0.376407495942630987E+02   -0.203102767235715805E+04   -0.280719563396504093E+02    1
    0.230828957639571809E+04    0.339223570285393805E+01   -0.302777730364373276E+00    0.630743744327657563E+00    0.104993594150836222E+01    0.299384995614991078E+01   -0.124943001057836867E+02    0.228991484760304331E+02   -0.203066664888389300E+04   -0.280919563396504053E+02    1
    0.230531249654772546E+04    0.349517836821586858E+01   -0.302526162480490524E+00    0.606191782663015655E+00    0.104971885348223481E+01    0.299926741943331576E+01   -0.237761651252308575E+02   -0.184026305657854614E+02   -0.203050820840099391E+04   -0.281119563396504049E+02    1
    0.230533642916338249E+04    0.350285973423031827E+01   -0.314468600936962828E+00    0.611012587477878233E+00    0.104991329877759476E+01    0.299930051921686758E+01    0.132951343399521988E+02   -0.429068628950093682E+02   -0.203031385343047896E+04   -0.281319563396504044E+02    1
    0.230465632051452076E+04    0.359049883902612965E+01   -0.305828793358508766E+00    0.602539028450239877E+00    0.104946147129153466E+01    0.299983903651691541E+01    0.322847442545852772E+02    0.467327779657379523E+02   -0.203019399185411157E+04   -0.281519563396504040E+02    1
    0.230407443737486437E+04    0.351738992071537915E+01   -0.301679321544827017E+00    0.613732480674605396E+00    0.104971845566085165E+01    0.299744680141092967E+01   -0.300311780629608442E+02    0.298708998654990268E+02   -0.203003539134125367E+04   -0.281719563396504071E+02    1
    0.230498044080665295E+04    0.357988944533519859E+01   -0.301262173448951176E+00    0.601126555890254100E+00    0.104935303516079803E+01    0.299856089323853858E+01    0.372904416354523676E+02   -0.289370262284214057E+02   -0.203000652368478472E+04   -0.281919563396504067E+02    1
    0.230394126371687844E+04    0.352735360320740732E+01   -0.312884531121078613E+00    0.617527644849790391E+00    0.104983156830751323E+01    0.299963353555214107E+01    0.361860214903763477E+02   -0.383368261502481005E+02   -0.202996899076466298E+04   -0.282119563396504063E+02    1
    0.230814521363489166E+04    0.334152512784777667E+01   -0.302222054195110001E+00    0.650646697089165005E+00    0.104993532800882572E+01    0.299424939418547753E+01   -0.293936032572971584E+01    0.268494192361608555E+02   -0.202995014262384370E+04   -0.282319563396504059E+02    1
    0.230556378315955681E+04    0.358277729273866719E+01   -0.304197920480979822E+00    0.611496364566166850E+00    0.104979544942359238E+01    0.299504753450959837E+01   -0.527235207408548234E+01   -0.363771535683253262E+02   -0.202994544152526669E+04   -0.282519563396504054E+02    1
    0.230775049728001068E+04    0.341727353604168727E+01   -0.303660964287168156E+00    0.634184919812161407E+00    0.104997382530365591E+01    0.299198733274685313E+01   -0.170025603894815092E+02    0.230166574276255886E+02   -0.202993041506942177E+04   -0.282719563396504050E+02    1
    0.230591301952152480E+04    0.358591603381250934E+01   -0.302525097833429013E+00    0.604634121896214016E+00    0.104987336399618725E+01    0.299731232282495341E+01    0.466023689611373726E+01   -0.420691079380853523E+02   -0.202983734603260245E+04   -0.282919563396504046E+02    1
    0.230654102983682469E+04    0.355271804817087133E+01   -0.302384232034052347E+00    0.630465833083614591E+00    0.104993801272764586E+01    0.299435733229206402E+01    0.315612056997422741E+01   -0.499426106533753114E+02   -0.202964151252502938E+04   -0.283119563396504077E+02    1
    0.230641692777458866E+04    0.351309484068785327E+01   -0.299543781517729979E+00    0.609473273847335517E+00    0.104970253159741489E+01    0.299762000618483571E+01   -0.228521475008195196E+02   -0.257547787795449388E+02   -0.202957571877086389E+04   -0.283319563396504073E+02    1
    0.230757506282308987E+04    0.338679079821741746E+01   -0.302576990189351691E+00    0.643782921279619780E+00    0.104977684307742503E+01    0.299405271366157599E+01    0.197571048251629122E+02    0.133483473930540271E+02   -0.202953559787404151E+04   -0.283519563396504068E+02    1
    0.230570600623483097E+04    0.337312854684887853E+01   -0.299800089561079286E+00    0.624929900173442965E+00    0.104965632131984221E+01    0.299995534555571197E+01    0.108646565924783687E+02    0.161338934674781171E+02   -0.202937513287947263E+04   -0.283719563396504064E+02    1
    0.230622163400812133E+04    0.341981173318783238E+01   -0.307808741674535313E+00    0.627024315178557723E+00    0.104998109707183507E+01    0.299617206891901944E+01   -0.782286304460499338E+01   -0.185075132701207359E+02   -0.202933902467129610E+04   -0.283919563396504060E+02    1
    0.230396419268366208E+04    0.356745009787275436E+01   -0.302326847456963421E+00    0.623999507943391318E+00    0.104941007648872797E+01    0.299999372203667436E+01   -0.409259446921891055E+02    0.138591967917340213E+02   -0.202930651420082609E+04   -0.284119563396504056E+02    1
    0.230554562569253630E+04    0.357545000257345702E+01   -0.300197437816860480E+00    0.621266441622237542E+00    0.104997036240932506E+01    0.299293997749087382E+01   -0.440046457911121536E+02    0.143004572630225226E+02   -0.202916075406663663E+04   -0.284319563396504051E+02    1
    0.230528416160518736E+04    0.348499135065433352E+01   -0.302447661616042862E+00    0.630460085071542720E+00    0.104988710788576300E+01    0.299444515019722024E+01   -0.356607106800640139E+01   -0.116012731339928763E+02   -0.202915328210699113E+04   -0.284519563396504083E+02    1
    0.230781972434032377E+04    0.344913500505306292E+01   -0.300538391960650797E+00    0.628238176517944336E+00    0.104941686706737669E+01    0.299498097367661664E+01   -0.242713701904384465E+02   -0.158072616546310130E+02   -0.202913278239209649E+04   -0.284719563396504078E+02    1
    0.230587424338165056E+04    0.328737029455194030E+01   -0.301422168840934868E+00    0.652460763165386037E+00    0.104977383054997508E+01    0.299897653964980693E+01   -0.171245884641320814E+02    0.358420563491942232E+02   -0.202904739148229373E+04   -0.284919563396504110E+02    1
    0.230654522156908797E+04    0.341009308577577741E+01   -0.300308095147683751E+00    0.645565892552066201E+00    0.104961492388981426E+01    0.299544444352802008E+01   -0.261253548903685697E+02    0.452875362238356871E+02   -0.202882547286538352E+04   -0.285119563396504070E+02    1
    0.230595086007799364E+04    0.347000826264229634E+01   -0.301158517948582893E+00    0.643674764612131467E+00    0.104961528077734223E+01    0.299641053056326534E+01    0.215173693889798301E+02   -0.347837386560247523E+02   -0.202866063440261200E+04   -0.285319563396504066E+02    1
    0.230815733687193278E+04    0.340290874328157766E+01   -0.299807216589459746E+00    0.634917027490927932E+00    0.104977875934105436E+01    0.299340913461210967E+01   -0.205262349274051914E+02   -0.200826040367586849E+02   -0.202865810962535465E+04   -0.285519563396504097E+02    1
    0.230584189005915323E+04    0.343794869868456932E+01   -0.302219751150611726E+00    0.629989019018001861E+00    0.104943889442277127E+01    0.299671019314791565E+01    0.918739579297375286E+01    0.517917273253593891E+01   -0.202840488813058118E+04   -0.285719563396504057E+02    1
    0.230633162537614953E+04    0.334601974278163938E+01   -0.302258892967888382E+00    0.632733674359352460E+00    0.104951938953843604E+01    0.299981948320298697E+01   -0.401056017202692772E+02    0.790225372588477626E+01   -0.202836202655530428E+04   -0.285919563396504053E+02    1
    0.230625364799117142E+04    0.342518458778779245E+01   -0.302180205129682466E+00    0.630454189365846851E+00    0.104911047343835762E+01    0.299899634631612289E+01   -0.472270195054307038E+02   -0.131573426453439311E+02   -0.202827441273783711E+04   -0.286119563396504049E+02    1
    0.230785534675390045E+04    0.346796818106775850E+01   -0.302679351419035181E+00    0.636714891616123380E+00    0.104997995975835012E+01    0.299648298880955544E+01    0.372621656217951625E+00    0.271293331267673210E+01   -0.202826644977778619E+04   -0.286319563396504080E+02    1
    0.230682873749406190E+04    0.335555410188426873E+01   -0.299936376607048971E+00    0.641140591124318426E+00    0.104946690059969883E+01    0.299755859107979772E+01   -0.859623685668498894E+01   -0.231762228869265172E+02   -0.202819808174275659E+04   -0.286519563396504076E+02    1
    0.230516390697798670E+04    0.341561682511806630E+01   -0.310560824508624100E+00    0.628335171738372500E+00    0.104972990899041974E+01    0.299982664406704647E+01    0.615264545936221907E+01    0.211677617937976947E+02   -0.202818063938849446E+04   -0.286719563396504036E+02    1
    0.230706529425083227E+04    0.346119242865390575E+01   -0.304346786108888823E+00    0.637934877646496257E+00    0.104996410231251125E+01    0.299933230177781418E+01    0.408683307347640579E+02    0.315510870122070486E+02   -0.202803393655040531E+04   -0.286919563396504067E+02    1
    0.230441278220918230E+04    0.350229049119821578E+01   -0.301588988516250212E+00    0.625234822034326010E+00    0.104989721650482104E+01    0.299584449349987869E+01   -0.316785298469095267E+01   -0.472949571756569966E+02   -0.202792071210610743E+04   -0.287119563396504098E+02    1
    0.230604043318334789E+04    0.346619241465743544E+01   -0.306193632905888191E+00    0.628809026388125192E+00    0.104968909810099253E+01    0.299586134923365854E+01   -0.858195997757002971E+01    0.171925470633903075E+02   -0.202785262731712191E+04   -0.287319563396504059E+02    1
    0.230703785410387445E+04    0.347412527543406746E+01   -0.304334097397991388E+00    0.636099147558096822E+00    0.104970089282225088E+01    0.299800666363569901E+01    0.207103739859361013E+02    0.395120497305684637E+01   -0.202782710916221413E+04   -0.287519563396504054E+02    1
    0.230536393624170478E+04    0.340586169138301775E+01   -0.304268412043815772E+00    0.636800461610202984E+00    0.104954538654000129E+01    0.299852418379178065E+01   -0.249261535658789057E+00    0.442930763953042970E+02   -0.202775817318363011E+04   -0.287719563396504086E+02    1
    0.230447167558010779E+04    0.347271305105160799E+01   -0.299811386269988489E+00    0.634969907046203152E+00    0.104982028806505867E+01    0.299714192491428166E+01    0.155253208365249264E+02   -0.186678765507465698E+02   -0.202775101184800519E+04   -0.287919563396504081E+02    1
    0.230862201453412672E+04    0.344806745801767622E+01   -0.299830882785123320E+00    0.632116995718582486E+00    0.104978295564535684E+01    0.299335245724568599E+01   -0.347030747904775296E+02   -0.470533455575715109E+02   -0.202754322041952082E+04   -0.288119563396504041E+02    1
    0.230629789881610577E+04    0.354295542868541702E+01   -0.301764372445402829E+00    0.624127950245451979E+00    0.104991685047468208E+01    0.299248509902565374E+01   -0.190996935333711875E+02    0.115015396716873965E+02   -0.202753008837739367E+04   -0.288319563396504073E+02    1
    0.230737150981241530E+04    0.350291828517556514E+01   -0.298363544664101477E+00    0.629917061310179660E+00    0.104979947557815811E+01    0.299881458932334199E+01   -0.165867033719447221E+01   -0.204951698471325265E+02   -0.202740998343358251E+04   -0.288519563396504104E+02    1
    0.230738486673266652E+04    0.343114533047158154E+01   -0.307852570714883367E+00    0.634200907743067477E+00    0.104989071803692235E+01    0.299543417859548988E+01    0.288126803861423042E+02    0.259927325655249319E+01   -0.202733001003108961E+04   -0.288719563396504100E+02    1
    0.230612078242805546E+04    0.346896012930380415E+01   -0.309345786054114058E+00    0.630708166964004446E+00    0.104979765091845345E+01    0.299646934717161750E+01    0.252200470498827940E+02    0.160120571569006671E+02   -0.202727228117869277E+04   -0.288919563396504095E+02    1
    0.230550016122838724E+04    0.355528858512099388E+01   -0.302788906105491251E+00    0.617259306321058299E+00    0.104933322030339382E+01    0.299821830384658616E+01    0.379233874883165356E+02    0.252373376242024108E+02   -0.202727116785905082E+04   -0.289119563396504091E+02    1
    0.230468158786117328E+04    0.349690991250517325E+01   -0.301182516825423074E+00    0.627045380765446358E+00    0.104914683359677285E+01    0.299848705137862925E+01   -0.498331662064838667E+02   -0.813190108114851284E+01   -0.202719298310715044E+04   -0.289319563396504087E+02    1
    0.230662033513711049E+04    0.344309546881892548E+01   -0.302296927823749340E+00    0.647355471197380128E+00    0.104983753484250908E+01    0.299729131116701142E+01   -0.669191672412019045E+00   -0.284501058445211932E+02   -0.202690802947087104E+04   -0.289519563396504047E+02    1
    0.230585838673427315E+04    0.348115091399429932E+01   -0.300834365156424588E+00    0.619624563133726269E+00    0.104906827516004597E+01    0.299808658183391197E+01    0.405428956455231031E+02   -0.440806722311005004E+02   -0.202689331261756774E+04   -0.289719563396504043E+02    1
    0.230677525336957115E+04    0.349115264223949140E+01   -0.301534593357729475E+00    0.618234804010169281E+00    0.104984158583331944E+01    0.299977525946350498E+01   -0.279139644187407896E+02    0.262895194399479664E+02   -0.202688778345442097E+04   -0.289919563396504074E+02    1
    0.230358852364536870E+04    0.357022294404617746E+01   -0.303616951185980199E+00    0.617961417099763821E+00    0.104956950151268646E+01    0.299959899164894717E+01    0.323834576048184886E+02    0.219715603112275062E+02   -0.202679097992998527E+04   -0.290119563396504070E+02    1
    0.230786030045128700E+04    0.337018025696950696E+01   -0.300115157785565634E+00    0.643096434136330442E+00    0.104986250213145582E+01    0.299351099737402437E+01   -0.425025149254552588E+02    0.374956654712553501E+02   -0.202675627064128321E+04   -0.290319563396504101E+02    1
    0.230707229870953370E+04    0.351068028186358827E+01   -0.300161511142925996E+00    0.617321566975914005E+00    0.104997651887384302E+01    0.299182515567550800E+01   -0.435262609093541641E+00    0.286531256733199200E+02   -0.202670864613779304E+04   -0.290519563396504097E+02    1
    0.230420917727823598E+04    0.350280637922644811E+01   -0.306262684428601051E+00    0.610380025528329373E+00    0.104975126846963462E+01    0.299996510304098196E+01    0.258409606071341926E+02    0.240844873815070173E+02   -0.202669861058979518E+04   -0.290719563396504093E+02    1
    0.230429741218670824E+04    0.353937161811325751E+01   -0.309510860127013343E+00    0.618727675040169567E+00    0.104965597785237708E+01    0.299961636464247938E+01   -0.130194798997611940E+02   -0.178128901095278209E+02   -0.202666900457218935E+04   -0.290919563396504088E+02    1
    0.230507410569610693E+04    0.352376296227348451E+01   -0.303351662881317152E+00    0.640012144280617923E+00    0.104997675013976810E+01    0.299821689098861643E+01   -0.491436034581954146E+02    0.330365932273730891E+02   -0.202666500045863199E+04   -0.291119563396504084E+02    1
    0.230779979328968602E+04    0.340067124106840835E+01   -0.302716396034407809E+00    0.635855228302612097E+00    0.104977796746194518E+01    0.299579381600060346E+01    0.306731487676532169E+02   -0.303301885330559813E+02   -0.202663883946971964E+04   -0.291319563396504080E+02    1
    0.230510444299911978E+04    0.360351879729969227E+01   -0.301248823276090316E+00    0.606290766766648836E+00    0.104980093934026519E+01    0.299870756567561880E+01    0.156365124484158571E+02   -0.103712980822737748E+02   -0.202647349694449304E+04   -0.291519563396504076E+02    1
    0.230619463023487242E+04    0.349940895360209936E+01   -0.302639849901309432E+00    0.640177067538824307E+00    0.104970596670125071E+01    0.299782030513821152E+01   -0.339150679067025180E+02   -0.125329643577573719E+02   -0.202647181602298929E+04   -0.291719563396504071E+02    1
    0.230673748178519554E+04    0.348025110078065669E+01   -0.309819151522122027E+00    0.635069023989127235E+00    0.104995583128866476E+01    0.299798505908570290E+01    0.371164873766307579E+01   -0.273933915280797748E+02   -0.202645690606923904E+04   -0.291919563396504067E+02    1
    0.230646332719127122E+04    0.344629782329674494E+01   -0.302479086158062460E+00    0.641883103431083901E+00    0.104986577845161388E+01    0.299441460980363683E+01   -0.161573849589048777E+02   -0.419671923286699666E+01   -0.202645541935016331E+04   -0.292119563396504063E+02    1
    0.230647117565982171E+04    0.348029381461046361E+01   -0.307716271966539556E+00    0.620893956222283716E+00    0.104961236913459444E+01    0.299785839183058966E+01    0.314372276585252450E+02   -0.381682275870378902E+02   -0.202645023459135928E+04   -0.292319563396504094E+02    1
    0.230788416316933308E+04    0.346208590891172197E+01   -0.300691623486678328E+00    0.640452091856367423E+00    0.104989692120453526E+01    0.299505160591254915E+01    0.575254549241179802E+01   -0.126357349700503931E+02   -0.202630824352907280E+04   -0.292519563396504090E+02    1
    0.230706007318744105E+04    0.342916710269591052E+01   -0.304455545742997435E+00    0.632509592383712849E+00    0.104970681890454443E+01    0.299935934769800649E+01   -0.356887299318864137E+02   -0.457798804388021594E+02   -0.202623773633904852E+04   -0.292719563396504086E+02    1
    0.230422861502768683E+04    0.345455300466173476E+01   -0.303151501825697167E+00    0.620918725615491995E+00    0.104951767270812102E+01    0.299996918905085774E+01    0.208096465326867701E+02   -0.922737161108715753E+01   -0.202607362273586705E+04   -0.292919563396504117E+02    1
    0.230709836721208103E+04    0.337639059477437486E+01   -0.300697896143313437E+00    0.641825962138360739E+00    0.104995403022183975E+01    0.299391230384737117E+01    0.277784207219921200E+02    0.143301315976817563E+02   -0.202570292040458776E+04   -0.293119563396504077E+02    1
    0.230599510863860996E+04    0.353421827266954436E+01   -0.304055088605498569E+00    0.629644577034187636E+00    0.104994457950865128E+01    0.299478986951335324E+01    0.107747368361906979E+02   -0.285746371928111742E+02   -0.202556280380907037E+04   -0.293319563396504073E+02    1
    0.230607119076245408E+04    0.351868824276936021E+01   -0.303376945138196907E+00    0.617060246396034406E+00    0.104998225750045782E+01    0.299409439834746571E+01    0.248739035365553747E+02    0.719912233078441233E+01   -0.202548323635354768E+04   -0.293519563396504104E+02    1
    0.230600579498355455E+04    0.350915927000471095E+01   -0.299413199737557145E+00    0.612704619429773611E+00    0.104973854911535569E+01    0.299855253845246406E+01   -0.242092793806097006E+02   -0.360718016788913047E+02   -0.202544184877045859E+04   -0.293719563396504100E+02    1
    0.230739787248421862E+04    0.351969110525566808E+01   -0.299363092905705230E+00    0.620127779280936098E+00    0.104965244965085702E+01    0.299730269311020781E+01    0.289930332436359919E+02   -0.329453828355195526E+02   -0.202534599834822416E+04   -0.293919563396504131E+02    1
    0.230684362902568500E+04    0.347261741770451371E+01   -0.301019723635222336E+00    0.627573289748798224E+00    0.104933314737181838E+01    0.299708627763540436E+01    0.110840403165904462E+02   -0.418622087675248622E+01   -0.202484168689353737E+04   -0.294119563396504091E+02    1
    0.230431057038616382E+04    0.360741755964854605E+01   -0.303328193373386290E+00    0.611132776388861321E+00    0.104986174091167173E+01    0.299937702493207192E+01   -0.148479847701132428E+00   -0.277801381980843587E+01   -0.202478728345643162E+04   -0.294319563396504122E+02    1
    0.230601410705090530E+04    0.354593662129637277E+01   -0.304666523770009301E+00    0.616788360605500685E+00    0.104979948578277660E+01    0.299868905910297290E+01    0.294558651948330237E+02    0.194050631249180583E+01   -0.202472682863673458E+04   -0.294519563396504118E+02    1
    0.230480601682049837E+04    0.344106979122066470E+01   -0.300501299617117135E+00    0.635603296717892396E+00    0.104939842169224562E+01    0.299880970262516522E+01    0.398775756203691145E+02   -0.357335639222392842E+02   -0.202467127992778956E+04   -0.294719563396504114E+02    1
    0.230655997533217305E+04    0.346723942010526276E+01   -0.300932249931773033E+00    0.640810977491543032E+00    0.104977945682868312E+01    0.299929788559689126E+01   -0.301890513920063270E+02   -0.479733938147038117E+02   -0.202463935467285773E+04   -0.294919563396504110E+02    1
    0.230594928385020148E+04    0.331934793203805878E+01   -0.305485549983741889E+00    0.647697588930736590E+00    0.104999477171635847E+01    0.299895189259567863E+01    0.794270328210539844E+01    0.168446155558373505E+02   -0.202456914045950703E+04   -0.295119563396504105E+02    1
    0.230469615476288527E+04    0.345719196113230209E+01   -0.304697202065067896E+00    0.619693486200140975E+00    0.104967043988482289E+01    0.299948187229709973E+01    0.372179415923316981E+02   -0.104632318123888126E+02   -0.202456240590799666E+04   -0.295319563396504137E+02    1
    0.230638484099370635E+04    0.334568284139152095E+01   -0.299734325542276470E+00    0.652716166107082385E+00    0.104990158902682329E+01    0.299803348996705132E+01   -0.435371109630160333E+02   -0.320145422587617858E+02   -0.202453476092117080E+04   -0.295519563396504097E+02    1
    0.230533118820124582E+04    0.349630717129486923E+01   -0.302929041138682797E+00    0.636180703448809726E+00    0.104977166889326234E+01    0.299625536986228980E+01   -0.318234231615158834E+02    0.248122060883380584E+02   -0.202447915333357355E+04   -0.295719563396504093E+02    1
    0.230792158177632609E+04    0.350272435697103379E+01   -0.301625262565683894E+00    0.628680861927529255E+00    0.104998548298202143E+01    0.299062610971345499E+01    0.552713409486007379E+01    0.215437701016944771E+02   -0.202445174188977762E+04   -0.295919563396504088E+02    1
    0.230718353207961445E+04    0.332511731520007059E+01   -0.300674856763829046E+00    0.650806553490525075E+00    0.104992289298424879E+01    0.299653474893193650E+01    0.198851274953051558E+02    0.450822809275245930E+02   -0.202444823517368718E+04   -0.296119563396504084E+02    1
    0.230626474928601510E+04    0.348573979409544821E+01   -0.299112282501117488E+00    0.622215737489133280E+00    0.104982056458397888E+01    0.299827072803825301E+01   -0.226410466892642930E+02    0.248284648095433624E+01   -0.202444749217283402E+04   -0.296319563396504115E+02    1
    0.230608393907075560E+04    0.354231005946355770E+01   -0.300155234696555973E+00    0.611255694509097225E+00    0.104957437129849440E+01    0.299720453539654752E+01    0.468760618780374045E+02   -0.133652186383860538E+01   -0.202444161995437480E+04   -0.296519563396504111E+02    1
    0.230640046431894370E+04    0.335682599081175015E+01   -0.302126402163146901E+00    0.637900695307551002E+00    0.104973034370541929E+01    0.299805498272905036E+01   -0.138443930193522320E+02    0.433484890780159446E+02   -0.202431054715454570E+04   -0.296719563396504071E+02    1
    0.230568739247054145E+04    0.354087289542884465E+01   -0.301069578590501985E+00    0.620036510252024442E+00    0.104981343834446195E+01    0.299441268034414954E+01    0.185551871101054360E+02    0.268044726001670881E+02   -0.202425820975903480E+04   -0.296919563396504103E+02    1
    0.230327052475285564E+04    0.345941617028263870E+01   -0.300959562895197541E+00    0.640236646686262678E+00    0.104988835907157241E+01    0.299975324644240970E+01    0.401863718883174528E+02    0.544234005745845906E+01   -0.202417311747131976E+04   -0.297119563396504098E+02    1
    0.230608876988445081E+04    0.353898872440756795E+01   -0.300663025232197845E+00    0.612753905703769419E+00    0.104992532373133529E+01    0.299437029733661442E+01   -0.131460761928326946E+02    0.142816725124958737E+02   -0.202416286135711175E+04   -0.297319563396504094E+02    1
    0.230548732638971160E+04    0.345980990510049047E+01   -0.310099036510795900E+00    0.621336420324590799E+00    0.104995855940750737E+01    0.299859690872562767E+01    0.199116071798791126E+02    0.864521009344535685E+01   -0.202414060510894797E+04   -0.297519563396504090E+02    1
    0.230626336253471118E+04    0.333752259008543284E+01   -0.300432570461306558E+00    0.643562117913758058E+00    0.104961050645145426E+01    0.299890548351901520E+01   -0.153848284305328065E+01   -0.130489892311294469E+02   -0.202404346385584040E+04   -0.297719563396504121E+02    1
    0.230740832097651173E+04    0.343400958117253596E+01   -0.301709590400959127E+00    0.637079457771455138E+00    0.104987933006666800E+01    0.299348973895046022E+01    0.196059226863525993E+02   -0.283998646440771871E+02   -0.202382740325998930E+04   -0.297919563396504117E+02    1
    0.230694068088655058E+04    0.341641030889687602E+01   -0.300461046994960457E+00    0.629807706959060853E+00    0.104955030605004529E+01    0.299879619087472848E+01    0.397636831083315059E+02    0.298017800663886874E+02   -0.202378422609961967E+04   -0.298119563396504113E+02    1
    0.230658344006874177E+04    0.349374461236921707E+01   -0.302023230996863346E+00    0.629019061984354755E+00    0.104942623504529919E+01    0.299794012430770662E+01   -0.302284778738356330E+02    0.358265959512910968E+02   -0.202370210930809003E+04   -0.298319563396504108E+02    1
    0.230364519241016387E+04    0.355540560020769103E+01   -0.300600050020563947E+00    0.609411363117723370E+00    0.104951266904028606E+01    0.299948718003140957E+01    0.478768503761461091E+02    0.315211059646233593E+02   -0.202351110517905568E+04   -0.298519563396504068E+02    1
    0.230520871123057486E+04    0.337404267604115571E+01   -0.302159045721488051E+00    0.643576982123489794E+00    0.104958989369482003E+01    0.299998072363746182E+01    0.154683167524976852E+02   -0.422958470742480017E+02   -0.202324900842153193E+04   -0.298719563396504100E+02    1
    0.230441442939778699E+04    0.346617744496700642E+01   -0.300021472379198462E+00    0.631768894235892775E+00    0.104928481697842857E+01    0.299951898644695314E+01   -0.119382059548777661E+02    0.245579329884952244E+02   -0.202322655710017079E+04   -0.298919563396504131E+02    1
    0.230412872222558053E+04    0.349460710257555984E+01   -0.300139893456488949E+00    0.609460783840922504E+00    0.104996984699006002E+01    0.299959251103240510E+01    0.153456780403992923E+02    0.311125025747021766E+02   -0.202314412488841754E+04   -0.299119563396504091E+02    1
    0.230662582090641308E+04    0.354595492836380632E+01   -0.302543879770488078E+00    0.621921411311556982E+00    0.104998784976196413E+01    0.299415378130756826E+01    0.117171602929652892E+02    0.463574487190618356E+02   -0.202314215194526946E+04   -0.299319563396504087E+02    1
    0.230642284618789790E+04    0.343335979914258971E+01   -0.300025995946709978E+00    0.622852212945354200E+00    0.104951784331539621E+01    0.299967528001211559E+01    0.684623190794557956E+01   -0.356058418523227971E+01   -0.202308541017105244E+04   -0.299519563396504118E+02    1
    0.230620619477300761E+04    0.348949922704280535E+01   -0.305399022845792012E+00    0.621479342025656356E+00    0.104959099013723156E+01    0.299780979961398852E+01   -0.167386331210532830E+02    0.246056960405979481E+02   -0.202307389762156231E+04   -0.299719563396504114E+02    1
    0.230526575938635915E+04    0.353217551094316828E+01   -0.302095944425904206E+00    0.616190025474455449E+00    0.104972957426878644E+01    0.299634601600960870E+01    0.420912482945053483E+02   -0.259661561043919313E+02   -0.202304322014058653E+04   -0.299919563396504110E+02    1
    0.230708478753697636E+04    0.337997017533144639E+01   -0.302494325517685847E+00    0.635393531647613252E+00    0.104986963631274177E+01    0.299910434867508435E+01    0.738052356431737167E+00   -0.433215888692813422E+02   -0.202280736951229596E+04   -0.300119563396504105E+02    1
    0.230602529881944884E+04    0.349733328950772115E+01   -0.301022076923281146E+00    0.640088639016468064E+00    0.104995722204616371E+01    0.299451189242323945E+01   -0.126420708850640864E+02   -0.729398634057154283E+01   -0.202275903847624045E+04   -0.300319563396504101E+02    1
    0.230532028346264906E+04    0.347621259853982911E+01   -0.300708020769344775E+00    0.632935120278667718E+00    0.104916765345928309E+01    0.299986871028537383E+01   -0.478351784719399973E+02   -0.215233914647604720E+02   -0.202273273244612551E+04   -0.300519563396504097E+02    1
    0.230714681125602692E+04    0.334780446901393702E+01   -0.301170756927862660E+00    0.641746772553418388E+00    0.104998760216732911E+01    0.299605161291603839E+01    0.960620993360443975E+01    0.102943629100796556E+02   -0.202262600194802621E+04   -0.300719563396504093E+02    1
    0.230751836030645973E+04    0.342157591493475977E+01   -0.301320642869837119E+00    0.643105410839990843E+00    0.104995302775605204E+01    0.299585975081225975E+01    0.261277871306554061E+02    0.160966580459610924E+02   -0.202255860028535108E+04   -0.300919563396504088E+02    1
    0.230386961967848401E+04    0.349182709983173378E+01   -0.306342501133997747E+00    0.634484803604016934E+00    0.104984521578731793E+01    0.299984317325863925E+01   -0.207587016034663350E+02    0.113222416837838296E+02   -0.202252977758966313E+04   -0.301119563396504084E+02    1
    0.230650152328449622E+04    0.351609566561503240E+01   -0.303166946927831416E+00    0.620781878004613485E+00    0.104993325107237645E+01    0.299415391327439062E+01    0.104454845952318252E+02   -0.495834035705317078E+02   -0.202250185526992118E+04   -0.301319563396504115E+02    1
    0.230693935317495925E+04    0.344504222222091183E+01   -0.301279969600813990E+00    0.630548825908629818E+00    0.104962506682651857E+01    0.299823286878030881E+01   -0.803413041607861800E+01   -0.127415518592358907E+02   -0.202227150689303221E+04   -0.301519563396504111E+02    1
    0.230478673173609559E+04    0.346599402557015868E+01   -0.303347525057841960E+00    0.645309472701279363E+00    0.104990713158068338E+01    0.299939777296156151E+01    0.195428717794489160E+02    0.178758042247771840E+02   -0.202225443251702404E+04   -0.301719563396504107E+02    1
    0.230566288509911737E+04    0.340672679987217242E+01   -0.301022431215049846E+00    0.631590770547739488E+00    0.104940387312760497E+01    0.299946609414295651E+01   -0.192535003733065864E+02   -0.304162044379569352E+02   -0.202221974944881595E+04   -0.301919563396504103E+02    1
    0.230387925863766031E+04    0.346698892531434311E+01   -0.306251469944181287E+00    0.634342651171828864E+00    0.104987167922060154E+01    0.299996048383286507E+01    0.490683549250878031E+02    0.417292895660677488E+02   -0.202208177304087349E+04   -0.302119563396504134E+02    1
    0.230584517833435348E+04    0.346961461909697810E+01   -0.302977265493886205E+00    0.628051316447099217E+00    0.104935525951005104E+01    0.299898796844433546E+01   -0.385028436986654299E+01    0.104306581063478561E+02   -0.202204384357189292E+04   -0.302319563396504130E+02    1
    0.230588333886019882E+04    0.348001798693649000E+01   -0.301355888105876935E+00    0.629992501969107721E+00    0.104926257829218517E+01    0.299982355988737659E+01    0.512463865310655819E+01    0.300061048390337817E+02   -0.202193686651426560E+04   -0.302519563396504125E+02    1
    0.230544793717371749E+04    0.340499985272765882E+01   -0.302071820751684761E+00    0.653071531301799624E+00    0.104998549164031973E+01    0.299985172441966519E+01   -0.194837784033923995E+02   -0.447525428235170608E+02   -0.202186417521518479E+04   -0.302719563396504121E+02    1
    0.230704818762613741E+04    0.348334895765623687E+01   -0.300740994789404192E+00    0.633494843836539534E+00    0.104970213069462970E+01    0.299646759001012475E+01    0.171619721121467563E+02   -0.805007289516203883E+01   -0.202178204699151934E+04   -0.302919563396504117E+02    1
    0.230449094329659329E+04    0.347580786506414130E+01   -0.304510198596838588E+00    0.620080582421334570E+00    0.104964384716944847E+01    0.299977691520197531E+01   -0.244924113254666302E+02    0.211165475195591767E+02   -0.202130208383326976E+04   -0.303119563396504113E+02    1
    0.230687494843065224E+04    0.350120014044746686E+01   -0.299580646120472749E+00    0.617459786776288544E+00    0.104989288438225792E+01    0.299739640251943085E+01    0.100111321063402130E+02   -0.176306781713037566E+02   -0.202121747085926086E+04   -0.303319563396504144E+02    1
    0.230592885733323283E+04    0.334522817375538306E+01   -0.300115567494770863E+00    0.646846675333062060E+00    0.104993867726904933E+01    0.299743874424787204E+01   -0.604184917345610017E+01    0.406863249414617769E+02   -0.202120633977198804E+04   -0.303519563396504068E+02    1
    0.230508080562477835E+04    0.355928031578760518E+01   -0.299248037048786053E+00    0.619561227610656906E+00    0.104988534006410816E+01    0.299945453403794771E+01   -0.167781396939188667E+02   -0.247922521915535334E+02   -0.202113168982507455E+04   -0.303719563396504100E+02    1
    0.230675600535404601E+04    0.345398123257370404E+01   -0.300017032367846381E+00    0.640965298542779727E+00    0.104995960931125176E+01    0.299376302395897875E+01    0.404822542111147499E+02    0.198541642468647979E+02   -0.202099107349582505E+04   -0.303919563396504131E+02    1
    0.230455915585144885E+04    0.357089960527435535E+01   -0.299546654937024315E+00    0.623922278927297347E+00    0.104994950472467186E+01    0.299954377857159038E+01   -0.485379055609779400E+02    0.371404325571151617E+02   -0.202091039554139365E+04   -0.304119563396504127E+02    1
    0.230469374134371992E+04    0.350999857303119533E+01   -0.301589243041116950E+00    0.621219990106410047E+00    0.104920487445012522E+01    0.299988341483768917E+01    0.420379966248781756E+02    0.286138408781911693E+02   -0.202088843384246616E+04   -0.304319563396504087E+02    1
    0.230535716720915661E+04    0.336273439983343980E+01   -0.302032536010232666E+00    0.645938264265829121E+00    0.104992285005085328E+01    0.299863590160840632E+01    0.234349765604555671E+01    0.304062302457072491E+02   -0.202084379093761549E+04   -0.304519563396504154E+02    1
    0.230666793122099989E+04    0.351901472528537074E+01   -0.301347830328937138E+00    0.632734156108883727E+00    0.104997026977483898E+01    0.299544909241820756E+01    0.306274896835404746E+02   -0.437887675475834470E+02   -0.202074881309430566E+04   -0.304719563396504114E+02    1
    0.230734596670933706E+04    0.345560706575242627E+01   -0.301245274132448004E+00    0.637553124885877343E+00    0.104994660869223644E+01    0.299395122025478466E+01    0.414743199700566834E+01   -0.412171471469492374E+02   -0.202071947058633305E+04   -0.304919563396504110E+02    1
    0.230360714476601333E+04    0.352843917868524670E+01   -0.302661335163681156E+00    0.619753502685101099E+00    0.104963980265382895E+01    0.299981898113548828E+01   -0.259625256186256017E+02    0.231619022229032794E+02   -0.202065151633851951E+04   -0.305119563396504141E+02    1
    0.230612502053172739E+04    0.350108207723346609E+01   -0.303126315559156034E+00    0.618267900308429708E+00    0.104968056944076893E+01    0.299778060927462242E+01   -0.327125597439466205E+02    0.552498410617411650E+01   -0.202059004947348262E+04   -0.305319563396504101E+02    1
    0.230626520274806899E+04    0.353428382210096537E+01   -0.302230449498253173E+00    0.619260622645569025E+00    0.104985716382394689E+01    0.299690483661047624E+01    0.105614059388632739E+02    0.350919541663061665E+02   -0.202058011569969153E+04   -0.305519563396504097E+02    1
    0.230671410749100687E+04    0.350177674036575981E+01   -0.301236119666066560E+00    0.624511617424226673E+00    0.104979383574050877E+01    0.299833612548475736E+01    0.161149971569632271E+02    0.384861432904360470E+02   -0.202052027222532433E+04   -0.305719563396504128E+02    1
    0.230612265878498874E+04    0.343456509406296862E+01   -0.304546663170517706E+00    0.638718524032715673E+00    0.104996912567993705E+01    0.299655883225611674E+01   -0.298080378070085601E+02   -0.621409981552987745E+01   -0.202044473763435167E+04   -0.305919563396504124E+02    1
    0.230540738917414956E+04    0.351222258361940298E+01   -0.299915955069244844E+00    0.617792518219399511E+00    0.104944099810813518E+01    0.299812218038803202E+01    0.242808009550025616E+02   -0.380588822883495581E+02   -0.202036691233705415E+04   -0.306119563396504120E+02    1
    0.230648569501236216E+04    0.348060290111626358E+01   -0.302221972993226229E+00    0.635257742292096306E+00    0.104987300806683059E+01    0.299506263559760821E+01    0.258656034767355294E+02    0.484708439288243227E+02   -0.202023993634544036E+04   -0.306319563396504080E+02    1
    0.230578992309351815E+04    0.350342070306564635E+01   -0.306547384454865013E+00    0.622676796918710251E+00    0.104970108247765781E+01    0.299877764570230410E+01    0.236760461707385446E+02   -0.215653622352051926E+02   -0.202011448791174053E+04   -0.306519563396504111E+02    1
    0.230617051823428392E+04    0.342198771248027978E+01   -0.304846104239699101E+00    0.627137025420707150E+00    0.104983798852504728E+01    0.299946282435829881E+01   -0.399959180304391637E+02    0.377754571858205281E+02   -0.202008711756857087E+04   -0.306719563396504107E+02    1
    0.230464670242183365E+04    0.356417130343089594E+01   -0.300796121418335227E+00    0.613575633606512127E+00    0.104972206213722630E+01    0.299802691837934576E+01   -0.398453893507773742E+02    0.313037446599791309E+02   -0.201993615215615682E+04   -0.306919563396504103E+02    1
    0.230525034948558095E+04    0.353157847166551608E+01   -0.300357744687577199E+00    0.608412876109814316E+00    0.104999864528100728E+01    0.299841443636417182E+01   -0.189815380009308967E+02   -0.200436373722206689E+02   -0.201993295983804978E+04   -0.307119563396504098E+02    1
    0.230518815774549194E+04    0.351712773226088338E+01   -0.305639074175197256E+00    0.618353178722627739E+00    0.104991045387774151E+01    0.299763717370822969E+01   -0.291945751347431717E+02    0.384722976460124357E+02   -0.201988420649505838E+04   -0.307319563396504130E+02    1
    0.230695759901256952E+04    0.348504543911562958E+01   -0.300671241812774603E+00    0.636797620494389927E+00    0.104989234384767038E+01    0.299606496660044774E+01    0.192697554171994909E+02    0.176820661586751413E+02   -0.201981222451019539E+04   -0.307519563396504125E+02    1
    0.230476801530693274E+04    0.353273186112143467E+01   -0.305130424975650738E+00    0.618653441109407454E+00    0.104966779149962131E+01    0.299939376011436742E+01    0.409573999893337231E+02    0.189893898775213898E+01   -0.201979610992025346E+04   -0.307719563396504086E+02    1
    0.230554593400411886E+04    0.348031829319797481E+01   -0.304655089874216523E+00    0.618378373152792316E+00    0.104971316614206422E+01    0.299950151299246537E+01    0.384498952130852700E+02    0.295546684738354060E+02   -0.201969294365969131E+04   -0.307919563396504117E+02    1
    0.230642510422795431E+04    0.351432708927021409E+01   -0.302819296014782580E+00    0.631195458709259638E+00    0.104998081752345729E+01    0.299739168072707951E+01    0.761904102387530457E+01   -0.195565498000356719E+02   -0.201968840460945921E+04   -0.308119563396504113E+02    1
    0.230503571084791201E+04    0.356097980994749408E+01   -0.302402617010785357E+00    0.615433082508133333E+00    0.104979434125124826E+01    0.299991412329849538E+01   -0.296630898078257843E+01    0.513844485892060732E+01   -0.201958686095953453E+04   -0.308319563396504108E+02    1
    0.230614398441493722E+04    0.344483322962832439E+01   -0.301188861408144382E+00    0.634096188602739419E+00    0.104973915552705033E+01    0.299652404077199686E+01    0.296070361948778782E+02   -0.247718154714015490E+02   -0.201938443850979388E+04   -0.308519563396504140E+02    1
    0.230536444158024142E+04    0.344866659523428254E+01   -0.303034426204551677E+00    0.627383382988178084E+00    0.104954838753045698E+01    0.299937857781074602E+01   -0.190134531733440753E+02   -0.210933716504556337E+02   -0.201938159078492254E+04   -0.308719563396504135E+02    1
    0.230646799088549324E+04    0.349140849548663557E+01   -0.299775407253837722E+00    0.618397574300217912E+00    0.104989215309495476E+01    0.299964577485469031E+01    0.159247231042124326E+02    0.363884660130413806E+02   -0.201936900514258400E+04   -0.308919563396504095E+02    1
    0.230549456046691921E+04    0.351908317833784023E+01   -0.300306840801113584E+00    0.610629716090283603E+00    0.104994590014091771E+01    0.299989248284884269E+01   -0.182896295383417886E+02   -0.388681744534060698E+02   -0.201928527194705021E+04   -0.309119563396504091E+02    1
    0.230599356794940468E+04    0.349906619705941324E+01   -0.305690948424575171E+00    0.631255120402375969E+00    0.104990609023505299E+01    0.299687982743057724E+01   -0.493680565043709549E+02   -0.351158795458355684E+02   -0.201927516235134885E+04   -0.309319563396504122E+02    1
    0.230420193019457838E+04    0.339105563292315493E+01   -0.300718408544117077E+00    0.634291421170707581E+00    0.104994071069806227E+01    0.299983597640099742E+01    0.125216048191023930E+02   -0.227729243390323681E+02   -0.201919928268163972E+04   -0.309519563396504118E+02    1
    0.230611933290077150E+04    0.348967894522726851E+01   -0.300525652521795028E+00    0.636350846821495786E+00    0.104979718978753267E+01    0.299957026602360965E+01    0.475747197400573896E+02    0.182084887765597330E+02   -0.201919735821932227E+04   -0.309719563396504149E+02    1
    0.230709230872581475E+04    0.344457708866779688E+01   -0.300186634383132922E+00    0.637838040606548029E+00    0.104988428576464266E+01    0.299494865623707796E+01    0.642675734683365363E+01   -0.109354849706906521E+01   -0.201912849529637538E+04   -0.309919563396504145E+02    1
    0.230725361724141294E+04    0.343613373165850389E+01   -0.300384343105843887E+00    0.639150304172118822E+00    0.104992861273155169E+01    0.299562584606932658E+01   -0.265108869459299967E+01   -0.519241478611753848E+01   -0.201911341495944657E+04   -0.310119563396504141E+02    1
    0.230662747983182089E+04    0.341299000841101252E+01   -0.300636551640852012E+00    0.635529071904898046E+00    0.104991575312839758E+01    0.299570249590232285E+01   -0.221101593242665437E+02    0.282115273088120091E+02   -0.201907051071209639E+04   -0.310319563396504137E+02    1
    0.230531912135735274E+04    0.348869005067162075E+01   -0.300435574946123829E+00    0.619698370962624256E+00    0.104973210223265756E+01    0.299728166218305647E+01    0.290969558739555936E+02   -0.211291640783427930E+02   -0.201894807588025287E+04   -0.310519563396504132E+02    1
    0.230346672779263554E+04    0.354421540403624746E+01   -0.302927158872320801E+00    0.623131278044025239E+00    0.104989182764039457E+01    0.299969727037839418E+01   -0.410593649400005063E+02   -0.168830121811668548E+02   -0.201881045382973798E+04   -0.310719563396504128E+02    1
    0.230543775269625166E+04    0.349347847810632839E+01   -0.303623342951869102E+00    0.626015769762470642E+00    0.104992773221246272E+01    0.299635373282371020E+01   -0.862103839888128221E+01    0.973902182445459630E+01   -0.201878901448863576E+04   -0.310919563396504124E+02    1
    0.230442851605557007E+04    0.355879487743685274E+01   -0.302091618253788052E+00    0.620683381717732185E+00    0.104993166044741071E+01    0.299802726793267160E+01   -0.435202111146403468E+02   -0.409521310740664006E+02   -0.201865641220702969E+04   -0.311119563396504120E+02    1
    0.230506319354310472E+04    0.347271051476916703E+01   -0.304863745070159953E+00    0.628647638635978723E+00    0.104972119800681241E+01    0.299889385436218259E+01   -0.168141075165662812E+01   -0.185136756667895348E+02   -0.201854656231299418E+04   -0.311319563396504151E+02    1
    0.230559049103271491E+04    0.345067498895765290E+01   -0.300147063725594965E+00    0.624934737731447143E+00    0.104954497601160934E+01    0.299869980298709171E+01    0.233261099970373067E+02   -0.399504784993219957E+02   -0.201834021493751516E+04   -0.311519563396504111E+02    1
    0.230629009660760585E+04    0.345979491332278632E+01   -0.302635684391652338E+00    0.633358285752383954E+00    0.104974362013821132E+01    0.299888969905879454E+01   -0.283460747575468446E+02   -0.340324632848774726E+02   -0.201828670392024401E+04   -0.311719563396504107E+02    1
    0.230503232941020633E+04    0.348654626302480075E+01   -0.307078539663459660E+00    0.629972364523887718E+00    0.104995917673100103E+01    0.299833154499996724E+01    0.362560073614746443E+02   -0.100800509235294413E+02   -0.201808525080003119E+04   -0.311919563396504138E+02    1
    0.230446526949059080E+04    0.344352596674521161E+01   -0.301480097307681549E+00    0.629695443837870572E+00    0.104988352923035544E+01    0.299872356447033184E+01   -0.483095434084309687E+02    0.111684440981558453E+01   -0.201801630191166669E+04   -0.312119563396504134E+02    1
    0.230449569976353087E+04    0.355265399377398605E+01   -0.302166033578570248E+00    0.619778488972552055E+00    0.104978927021397928E+01    0.299884899832456586E+01   -0.440195835785500122E+02    0.323473292900237084E+02   -0.201801302823984042E+04   -0.312319563396504130E+02    1
    0.230552779293163621E+04    0.352440163238964699E+01   -0.301687888522823799E+00    0.626688746099769767E+00    0.104970706227898591E+01    0.299881922439949200E+01    0.880974780544426039E+01    0.737629483311170731E+01   -0.201797473672235492E+04   -0.312519563396504125E+02    1
    0.230628032980661555E+04    0.344196876136298657E+01   -0.302531111068340464E+00    0.638816407799110753E+00    0.104988701860699463E+01    0.299732809276174716E+01   -0.360666573042422769E+02   -0.728001520141901892E+01   -0.201794689427887374E+04   -0.312719563396504121E+02    1
    0.230477299575890720E+04    0.346057365521136573E+01   -0.301856973745124046E+00    0.628300505392336728E+00    0.104983757466101202E+01    0.299814188882490651E+01   -0.354053258898767993E+02   -0.535844968088257900E+01   -0.201792181761717393E+04   -0.312919563396504117E+02    1
    0.230611578389234819E+04    0.348812495654946453E+01   -0.302653459722906415E+00    0.627242363913504408E+00    0.104969833289913828E+01    0.299753944638169179E+01    0.265488749738785401E+02    0.555333671647573368E+01   -0.201790045635529123E+04   -0.313119563396504113E+02    1
    0.230457429630800334E+04    0.355060927872149490E+01   -0.304868194475690746E+00    0.622166801916136158E+00    0.104992952492236236E+01    0.299996064078183844E+01    0.909915840448270075E+01   -0.464686970019494439E+02   -0.201783267151613995E+04   -0.313319563396504144E+02    1
    0.230485591862894898E+04    0.351926564665105346E+01   -0.302564775141963060E+00    0.625368118675290408E+00    0.104961923485006570E+01    0.299905639125606438E+01    0.850298659165834891E+01    0.881997697653469004E+01   -0.201771163007578616E+04   -0.313519563396504175E+02    1
    0.230598037492600361E+04    0.341537759091389947E+01   -0.300656678833676028E+00    0.635709441399274544E+00    0.104957682539826203E+01    0.299989481929611168E+01    0.106187740963206068E+02   -0.873012235593701291E+01   -0.201764944208684415E+04   -0.313719563396504135E+02    1
    0.230530727057325066E+04    0.341778252319989662E+01   -0.306677330939055581E+00    0.634608095669673689E+00    0.104995595855930279E+01    0.299951282847884748E+01   -0.311795853381191463E+02    0.655567833347859619E+00   -0.201762389689533802E+04   -0.313919563396504095E+02    1
    0.230567336455623445E+04    0.352481458534807768E+01   -0.300229954221639117E+00    0.632511855907284870E+00    0.104993588792361203E+01    0.299852806541212846E+01    0.990911016790931853E-01    0.497983579190908898E+02   -0.201755464765871307E+04   -0.314119563396504127E+02    1
    0.230488487116048327E+04    0.345926907680928064E+01   -0.303384143228051850E+00    0.620387270524293655E+00    0.104989044271729925E+01    0.299960387242972004E+01   -0.358227176436869641E+02   -0.113193011412668909E+02   -0.201739936661315323E+04   -0.314319563396504158E+02    1
    0.230525627266935498E+04    0.349371433470183312E+01   -0.301947646134590408E+00    0.622557932582027629E+00    0.104997661729236902E+01    0.299653005873058964E+01   -0.490270769285093166E+02    0.462500220437626837E+02   -0.201739729235296636E+04   -0.314519563396504154E+02    1
    0.230493610428982902E+04    0.350691446932182016E+01   -0.303132514279165655E+00    0.619170070138417294E+00    0.104953688713939308E+01    0.299985275716877542E+01   -0.441333483230856416E+02   -0.449539592195841351E+02   -0.201728691116049777E+04   -0.314719563396504149E+02    1
    0.230461425815365828E+04    0.348282681030990027E+01   -0.301465293738637619E+00    0.624942419163355245E+00    0.104970226351062546E+01    0.299866583725119273E+01    0.448484732808748987E+02   -0.364555753992168974E+01   -0.201708187175099761E+04   -0.314919563396504181E+02    1
    0.230467636776492827E+04    0.351955369780484695E+01   -0.305121887791048985E+00    0.621257993215395210E+00    0.104970409705879675E+01    0.299999052496567753E+01    0.806511236858092673E+01   -0.369838097873634268E+02   -0.201697969742380155E+04   -0.315119563396504141E+02    1
    0.230598078686707595E+04    0.344425682838438618E+01   -0.303474163684099463E+00    0.624487734099401948E+00    0.104995713880518493E+01    0.299900008234617443E+01   -0.214994014809498353E+02    0.490509728695007681E+02   -0.201676766289168813E+04   -0.315319563396504137E+02    1
    0.230628170828219754E+04    0.347453653291378961E+01   -0.303883453006630777E+00    0.631343982019998862E+00    0.104992361366033404E+01    0.299752342838870067E+01    0.347343343094095474E+02   -0.331674149274848418E+01   -0.201663009047559558E+04   -0.315519563396504132E+02    1
    0.230509159495077438E+04    0.344758878617161102E+01   -0.300742300524285022E+00    0.636601524339320490E+00    0.104984304317591426E+01    0.299785940378492377E+01   -0.440593213113884730E+02   -0.307722285080561200E+02   -0.201656204882590828E+04   -0.315719563396504128E+02    1
    0.230516821782335592E+04    0.342655192965290700E+01   -0.300216743140785336E+00    0.629231926995351465E+00    0.104976756249273051E+01    0.299877349869233001E+01    0.384868524914354566E+02   -0.376953653140627765E+02   -0.201654033459932157E+04   -0.315919563396504088E+02    1
    0.230539052759133801E+04    0.340656084934984804E+01   -0.301636542608711589E+00    0.632943298352403483E+00    0.104978301355319137E+01    0.299936436994823685E+01    0.253965590458668657E+02    0.759234298695000831E+01   -0.201640925215806124E+04   -0.316119563396504120E+02    1
    0.230543046969962234E+04    0.342060045478099095E+01   -0.300789382318126020E+00    0.626307642620604010E+00    0.104983825416483900E+01    0.299928485656476385E+01    0.115935915284950184E+02   -0.463231823286638189E+02   -0.201636935808428279E+04   -0.316319563396504151E+02    1
    0.230458502463719924E+04    0.350280996857989813E+01   -0.304372104015514566E+00    0.626635202431541583E+00    0.104985950869614642E+01    0.299869142094932473E+01   -0.229811982062008759E+02   -0.380598785248832172E+01   -0.201631820705993846E+04   -0.316519563396504147E+02    1
    0.230548927746740083E+04    0.346587370119124971E+01   -0.301776438345837783E+00    0.637968621083074616E+00    0.104997909592849115E+01    0.299691999413446508E+01   -0.198834302844615962E+02   -0.433355480098496315E+02   -0.201629763190614790E+04   -0.316719563396504142E+02    1
    0.230508878199265246E+04    0.345327745968205235E+01   -0.302119948139241423E+00    0.639006217287868217E+00    0.104973396904606964E+01    0.299993763398847157E+01   -0.417165922468513131E+02    0.404220962871745115E+02   -0.201619657498853826E+04   -0.316919563396504138E+02    1
    0.230568643291130275E+04    0.347038654161255700E+01   -0.301780896621515971E+00    0.623954660288275509E+00    0.104982204131244816E+01    0.299785945550894972E+01    0.281213751390156688E+02   -0.241202839685827719E+02   -0.201613765367157885E+04   -0.317119563396504134E+02    1
    0.230592857788823312E+04    0.347405245333423496E+01   -0.302166913545297289E+00    0.635734480735060670E+00    0.104983930829588368E+01    0.299830250805413634E+01   -0.152012014985718835E+02    0.167053756128662201E+02   -0.201611253234528135E+04   -0.317319563396504165E+02    1
    0.230616709318887570E+04    0.338938127671147349E+01   -0.303447138069707412E+00    0.640668059531866674E+00    0.104998356471985543E+01    0.299941522861591281E+01   -0.219374532647388705E+02   -0.203922501554826390E+02   -0.201591514859086510E+04   -0.317519563396504161E+02    1
    0.230597478729518434E+04    0.343518719203263778E+01   -0.303723219585685988E+00    0.627062260941142036E+00    0.104995339330970539E+01    0.299959530150090892E+01   -0.368462419932629786E+02    0.372718190562422649E+02   -0.201583491481517422E+04   -0.317719563396504157E+02    1
    0.230548704838035155E+04    0.341967744626999348E+01   -0.300961008591589918E+00    0.630239992897644097E+00    0.104999889968401638E+01    0.299782652594571841E+01   -0.121048342318559961E+02    0.176001731516453219E+02   -0.201582920370024249E+04   -0.317919563396504188E+02    1
    0.230539551070364359E+04    0.347510459450531517E+01   -0.303277213594642547E+00    0.638731177896108671E+00    0.104991734764751299E+01    0.299958334846536356E+01    0.128638149671089010E+02   -0.272146734247055697E+02   -0.201580284297235880E+04   -0.318119563396504148E+02    1
    0.230555608622145701E+04    0.344482696660000354E+01   -0.299658630178776864E+00    0.634855251658163255E+00    0.104996258815541599E+01    0.299817586431160876E+01   -0.249597274820048796E+02   -0.456059011532194134E+02   -0.201571490879567136E+04   -0.318319563396504179E+02    1
    0.230594874396802379E+04    0.344443338908965124E+01   -0.299439197954555369E+00    0.629939474946433986E+00    0.104991736775546540E+01    0.299936973807876006E+01    0.315389559024002466E+02   -0.449532082825990003E+02   -0.201571478665454401E+04   -0.318519563396504140E+02    1
    0.230429085566873164E+04    0.356453588004679656E+01   -0.301664615773921618E+00    0.612277612818143080E+00    0.104990779932583145E+01    0.299972442072551493E+01    0.225686917099019269E+02   -0.134223948969882656E+00   -0.201570182847733213E+04   -0.318719563396504171E+02    1
    0.230586393656111977E+04    0.348491920281379119E+01   -0.302779546220722451E+00    0.621832984873500472E+00    0.104984843928404503E+01    0.299891096078511188E+01   -0.505567959020012836E+01    0.465474107850124170E+02   -0.201567690395979957E+04   -0.318919563396504167E+02    1
    0.230513449263948633E+04    0.352316490810229777E+01   -0.304720199442442108E+00    0.626724509160300869E+00    0.104996409046400596E+01    0.299899811409516337E+01    0.107501095040029355E+02    0.318915107572354799E+02   -0.201565622576021633E+04   -0.319119563396504162E+02    1
    0.230566863792408049E+04    0.350676904564291370E+01   -0.303140048502913317E+00    0.629792749683609099E+00    0.104986900629854940E+01    0.299810462836923808E+01   -0.437384273667693222E+02    0.433660801084373020E+02   -0.201563893229313044E+04   -0.319319563396504158E+02    1
    0.230337599556292844E+04    0.348999488233311173E+01   -0.301840370606340391E+00    0.630175277302415959E+00    0.104999134982597297E+01    0.299975053849877993E+01    0.515770764094107648E+01   -0.112325348305436137E+02   -0.201555603880025706E+04   -0.319519563396504154E+02    1
    0.230560381388830410E+04    0.352070929856312720E+01   -0.300154819873582779E+00    0.629422810476046202E+00    0.104990961143926564E+01    0.299974186355351602E+01   -0.355291301516370197E+02    0.242221556002914298E+02   -0.201554526143594785E+04   -0.319719563396504185E+02    1
    0.230381675494121600E+04    0.352262653224813072E+01   -0.303536741635302421E+00    0.623116361786570039E+00    0.104992378432243116E+01    0.299962370060507233E+01   -0.396044763389604384E+02    0.492398799680655941E+01   -0.201548940976525250E+04   -0.319919563396504145E+02    1
    0.230550772300837389E+04    0.351340759859916663E+01   -0.299598276969100685E+00    0.618039561576595231E+00    0.104994272790751997E+01    0.299878571202425093E+01   -0.300110545595358609E+02    0.399962496977271513E+02   -0.201547304378864419E+04   -0.320119563396504105E+02    1
    0.230579899216526792E+04    0.349862645536035144E+01   -0.303425643624739894E+00    0.624260995483447156E+00    0.104978908058851017E+01    0.299917073382810040E+01   -0.336514116990734209E+02    0.207486311080342034E+02   -0.201547056753485663E+04   -0.320319563396504137E+02    1
    0.230516219889194781E+04    0.350942089994848239E+01   -0.301523430317416463E+00    0.635156830632125691E+00    0.104989290942287483E+01    0.299891347471490466E+01   -0.127497460125078419E+02    0.315078796247036621E+02   -0.201544086604165000E+04   -0.320519563396504168E+02    1
    0.230647815675166203E+04    0.348157799096543386E+01   -0.299657351011065443E+00    0.625085032447021849E+00    0.104995963400881376E+01    0.299734306300790809E+01    0.616834370786470743E+01    0.130423357585206858E+02   -0.201543225796419847E+04   -0.320719563396504128E+02    1
    0.230486937283774932E+04    0.353831691891997480E+01   -0.301007985523094268E+00    0.617764090704153057E+00    0.104984580046805931E+01    0.299823019247166034E+01   -0.301571565178367678E+02    0.411210734409538503E+02   -0.201540873988409226E+04   -0.320919563396504088E+02    1
    0.230470549866730744E+04    0.353005754995765830E+01   -0.300483388835989851E+00    0.615040314419983969E+00    0.104964219872053866E+01    0.299974171454639249E+01   -0.397912483662509118E+02   -0.425168816494981883E+02   -0.201539550849388502E+04   -0.321119563396504191E+02    1
    0.230644006812802036E+04    0.342517358891184864E+01   -0.300711009344601488E+00    0.637236276409467117E+00    0.104989957743827333E+01    0.299766158730500409E+01   -0.189505594702236166E+02    0.186693344154345340E+02   -0.201535589678348606E+04   -0.321319563396504151E+02    1
    0.230408473875741447E+04    0.352240298525885720E+01   -0.301018785863864435E+00    0.632003030228339480E+00    0.104995175694620491E+01    0.299900855068696481E+01   -0.622657560216504891E+01    0.125771248260168989E+01   -0.201528826126263402E+04   -0.321519563396504111E+02    1
    0.230536461352210608E+04    0.349803585636637582E+01   -0.305198268184215193E+00    0.618808632400908332E+00    0.104991483001014041E+01    0.299993786369183191E+01   -0.845939017922991354E+01    0.511941344897589801E+01   -0.201528142326772058E+04   -0.321719563396504142E+02    1
    0.230521595740671501E+04    0.346642429998189661E+01   -0.303642068947350630E+00    0.629304669034268516E+00    0.104980786870814136E+01    0.299895951409449024E+01    0.392787879591584357E+02    0.438809954131438928E+02   -0.201522319399899447E+04   -0.321919563396504174E+02    1
    0.230540899444306069E+04    0.346942231032553439E+01   -0.299709949058559744E+00    0.640850765411253409E+00    0.104991977073390141E+01    0.299921325287703766E+01    0.382911748762520148E+02   -0.289445402210561973E+02   -0.201521927272376433E+04   -0.322119563396504134E+02    1
    0.230472317307816957E+04    0.347073077989567302E+01   -0.304875197823117450E+00    0.631528228011116299E+00    0.104984741975249185E+01    0.299970790427310741E+01   -0.346978434516927479E+02    0.457477658581755975E+02   -0.201519743576494693E+04   -0.322319563396504094E+02    1
    0.230566556947711524E+04    0.351211704930909541E+01   -0.303330430340324919E+00    0.628715389281958359E+00    0.104995503477490271E+01    0.299929440137729397E+01   -0.447169858342238342E+02    0.433303808699715347E+02   -0.201518212757836523E+04   -0.322519563396504196E+02    1
    0.230522975872207735E+04    0.345739789414112364E+01   -0.300099622336078453E+00    0.625754868981350909E+00    0.104979260204082703E+01    0.299824518614658597E+01   -0.449089055434835913E+02    0.291152910444601218E+02   -0.201514736273578660E+04   -0.322719563396504157E+02    1
    0.230475469007532001E+04    0.347477121462914829E+01   -0.301737372243150559E+00    0.632712816112377840E+00    0.104992798834246925E+01    0.299797714828899942E+01    0.402789924606913274E+01    0.365269445889188376E+02   -0.201512604475362127E+04   -0.322919563396504188E+02    1
    0.230508684529214679E+04    0.350539514727135071E+01   -0.301262769875727754E+00    0.621106224707715260E+00    0.104963575623711147E+01    0.299890571164887731E+01    0.116282262205521505E+02    0.265977912524412119E+01   -0.201511006857873554E+04   -0.323119563396504148E+02    1
    0.230585667090993229E+04    0.348718213023371426E+01   -0.301224187384394992E+00    0.621509767502720134E+00    0.104981426435973035E+01    0.299838710266872077E+01    0.243508233796464282E+02   -0.468972383318212849E+01   -0.201509485005388456E+04   -0.323319563396504179E+02    1
    0.230397159163411789E+04    0.353174101782787098E+01   -0.301856459235823771E+00    0.615757799995372279E+00    0.104992626201450467E+01    0.299939789007145041E+01    0.338489320013530914E+02   -0.126865757925674316E+02   -0.201500763046292650E+04   -0.323519563396504140E+02    1
    0.230528062979310016E+04    0.351773025931782879E+01   -0.300076864415500466E+00    0.617828619328133044E+00    0.104969276004579526E+01    0.299881268380349875E+01    0.288951929351662073E+02    0.407213024078731678E+01   -0.201497239866266113E+04   -0.323719563396504171E+02    1
    0.230496761698485534E+04    0.354475671378741319E+01   -0.300039246856451947E+00    0.622280680702805400E+00    0.104981311562351687E+01    0.299954420248029896E+01   -0.118560650019375800E+02    0.346205722972672447E+02   -0.201486082212806650E+04   -0.323919563396504131E+02    1
    0.230565448195206955E+04    0.348964132436080554E+01   -0.306618424967957881E+00    0.627758972559792627E+00    0.104999300655697536E+01    0.299973921840148439E+01   -0.482797683778971063E+02    0.409319590334337988E+02   -0.201483264616722022E+04   -0.324119563396504162E+02    1
    0.230467471108724021E+04    0.348329812833975527E+01   -0.303813618872789015E+00    0.621602514621915070E+00    0.104982178708234763E+01    0.299980438442880137E+01    0.205523498690878625E+02   -0.182311619638272369E+02   -0.201482217546841002E+04   -0.324319563396504122E+02    1
    0.230471967670207960E+04    0.354608443223207059E+01   -0.300755104971560772E+00    0.612486237142064960E+00    0.104992915137387444E+01    0.299922446131235310E+01   -0.477943341668028125E+02    0.710637967515480540E+01   -0.201481764253777169E+04   -0.324519563396504154E+02    1
    0.230641364155092606E+04    0.341056767015455797E+01   -0.301003066483309767E+00    0.640573124195711108E+00    0.104997527698888260E+01    0.299850430368113896E+01   -0.201346175367844147E+02    0.320089611416885589E+02   -0.201480486645948895E+04   -0.324719563396504114E+02    1
    0.230393787931872157E+04    0.348100409353720419E+01   -0.302118286822701587E+00    0.632457084799864067E+00    0.104985815973131991E+01    0.299978678628596551E+01    0.463013602794890033E+02   -0.444579623327380773E+02   -0.201478894394889994E+04   -0.324919563396504145E+02    1
    0.230518476648522619E+04    0.344179889606907530E+01   -0.300611755905565992E+00    0.640808686232639646E+00    0.104979443324002597E+01    0.299948470122797373E+01   -0.110368118203869372E+02   -0.339960907997146791E+02   -0.201468803300612467E+04   -0.325119563396504176E+02    1
    0.230534337715444644E+04    0.348080962902389324E+01   -0.303139142076087276E+00    0.620587866344447514E+00    0.104988381450633761E+01    0.299933793568840468E+01   -0.408052071070750983E+02    0.222511345745016911E+02   -0.201467188819353328E+04   -0.325319563396504137E+02    1
    0.230502973779597005E+04    0.351049181247237829E+01   -0.304871929342263093E+00    0.627515923641199014E+00    0.104994030504533753E+01    0.299883484924434063E+01    0.638267479447301866E+01    0.472779113170722241E+02   -0.201464804330615289E+04   -0.325519563396504168E+02    1
    0.230513826622679926E+04    0.349984218790894719E+01   -0.300523141955675310E+00    0.614016318843162656E+00    0.104996084624927111E+01    0.299979169018944836E+01    0.385932212667411534E+01   -0.898971831210927519E+01   -0.201463855143475303E+04   -0.325719563396504199E+02    1
    0.230632688439138838E+04    0.349853933858023147E+01   -0.300704577461137768E+00    0.626649037317802193E+00    0.104989374533499702E+01    0.299800033004679056E+01   -0.451961857470444315E+02   -0.909560954935411559E+01   -0.201462923818295781E+04   -0.325919563396504159E+02    1
    0.230469960370689478E+04    0.353344430727001946E+01   -0.300193072617512879E+00    0.628346462380114712E+00    0.104984385566277005E+01    0.299909086176441919E+01   -0.480655021894359464E+02    0.129175466043800924E+02   -0.201457974793321750E+04   -0.326119563396504191E+02    1
    0.230468126808433044E+04    0.353596209972388209E+01   -0.301387342094722066E+00    0.625068324569786671E+00    0.104980690064082283E+01    0.299986120181703164E+01   -0.151562700490288833E+02    0.390128422265642314E+02   -0.201452611255978150E+04   -0.326319563396504222E+02    1
    0.230567824004112208E+04    0.343449817597636997E+01   -0.300636927759799277E+00    0.643876978572728298E+00    0.104996879114437602E+01    0.299870567708885227E+01   -0.343339910497745180E+02   -0.227259756879768560E+01   -0.201446323094088530E+04   -0.326519563396504182E+02    1
    0.230519428789134690E+04    0.344885585600111888E+01   -0.299751745995647800E+00    0.640781922636430523E+00    0.104987706457786456E+01    0.299969328483011832E+01    0.615912414979092659E+01    0.238542095511156020E+02   -0.201441172505564464E+04   -0.326719563396504142E+02    1
    0.230591780187500126E+04    0.348881407942094146E+01   -0.301576167934069495E+00    0.630153883689660743E+00    0.104981945155176004E+01    0.299924376277526905E+01    0.614468977635675628E+01    0.198323493622595066E+02   -0.201436945965807263E+04   -0.326919563396504174E+02    1
    0.230477434428349034E+04    0.344025986203989298E+01   -0.303674911399340053E+00    0.627770747023785991E+00    0.104991394417154704E+01    0.299996614125967298E+01    0.376473794276339646E+02    0.450208152943297932E+02   -0.201436665530592200E+04   -0.327119563396504134E+02    1
    0.230474422848538461E+04    0.348547887966533576E+01   -0.301551989207098636E+00    0.637661680600663860E+00    0.104996738569332337E+01    0.299844891063426733E+01    0.316727178206497939E+02   -0.417351157487183855E+02   -0.201435916716630709E+04   -0.327319563396504165E+02    1
    0.230514458008905603E+04    0.348765254087730447E+01   -0.301497709248683354E+00    0.619036682694689588E+00    0.104977542745166175E+01    0.299955751272039395E+01   -0.251907348267942055E+02    0.190936119636327817E+02   -0.201434124445857583E+04   -0.327519563396504125E+02    1
    0.230399105442956625E+04    0.353779448410398967E+01   -0.302525637784251233E+00    0.624553628458432430E+00    0.104990810550809499E+01    0.299992869780858262E+01    0.166909528656963886E+02   -0.381991197198668075E+02   -0.201431836676694434E+04   -0.327719563396504157E+02    1
    0.230493146777472566E+04    0.347285428122358963E+01   -0.303674918044308240E+00    0.634544944878972728E+00    0.104990935733531954E+01    0.299911237049745738E+01   -0.116884617199996228E+02    0.228963810594419925E+02   -0.201431231692260303E+04   -0.327919563396504188E+02    1
    0.230568039910519610E+04    0.346101613349150394E+01   -0.304368201574478248E+00    0.626131512116474442E+00    0.104992677006878843E+01    0.299975430923491659E+01    0.277910727122386731E+02   -0.371826571659983784E+02   -0.201430906330663265E+04   -0.328119563396504148E+02    1
    0.230445557189365309E+04    0.347810437578371934E+01   -0.302402510371247990E+00    0.633310567520021461E+00    0.104976355723246972E+01    0.299990182114290604E+01    0.324196664334867535E+02   -0.252866281869812077E+02   -0.201428732067519650E+04   -0.328319563396504179E+02    1
    0.230538966883404646E+04    0.343712606004757903E+01   -0.304189290010713764E+00    0.638152498250875722E+00    0.104994014430404659E+01    0.299979679994413795E+01    0.354017091285357566E+02   -0.480914228807684978E+02   -0.201424732210195270E+04   -0.328519563396504211E+02    1
    0.230526627264797935E+04    0.349556013984537284E+01   -0.305161604224178096E+00    0.624734838894104749E+00    0.104982490692209596E+01    0.299985125358378379E+01   -0.192826302959349007E+02    0.332419519764793421E+02   -0.201424727103761279E+04   -0.328719563396504171E+02    1
    0.230444047470125770E+04    0.351625787383284027E+01   -0.303208835065076399E+00    0.625019290332080479E+00    0.104988238784656818E+01    0.299912083188569101E+01    0.176761211471454374E+02    0.371371533134037435E+01   -0.201423960107630137E+04   -0.328919563396504202E+02    1
    0.230433959628040611E+04    0.353900860619619362E+01   -0.302621882850361734E+00    0.620690062104432672E+00    0.104998009113534319E+01    0.299892336704760920E+01   -0.467582377255170911E+02   -0.142174899863714970E+02   -0.201420964750543794E+04   -0.329119563396504162E+02    1
    0.230517604354018385E+04    0.348583108371829020E+01   -0.300208345628966422E+00    0.617387401876775210E+00    0.104983496977057200E+01    0.299950477755530676E+01    0.251809682478267121E+02    0.448042586704739989E+02   -0.201420862932096952E+04   -0.329319563396504122E+02    1
    0.230574519930912948E+04    0.347036285389542387E+01   -0.301869458552541048E+00    0.625439808383087881E+00    0.104978794721938629E+01    0.299963327045115635E+01    0.481011103868236347E+02    0.246353541818934900E+02   -0.201407085453474815E+04   -0.329519563396504154E+02    1
    0.230493418173089958E+04    0.348005094374048962E+01   -0.300956691586329317E+00    0.630444381831245737E+00    0.104983728034062329E+01    0.299805291106221716E+01    0.145584776592972389E+02   -0.318625650398849558E+02   -0.201406190075287577E+04   -0.329719563396504185E+02    1
    0.230543163795081909E+04    0.350894000870919820E+01   -0.301870330010709342E+00    0.627396905230688917E+00    0.104977919739810432E+01    0.299985944522664294E+01    0.580429804573512342E+01   -0.369067754816292535E+02   -0.201398874286793489E+04   -0.329919563396504216E+02    1
    0.230581021644211705E+04    0.346356465130777469E+01   -0.301138259906905792E+00    0.638799083855018712E+00    0.104994674201684290E+01    0.299833895467845979E+01   -0.461391663974989470E+02    0.153265545604695603E+02   -0.201395263015253840E+04   -0.330119563396504176E+02    1
    0.230526220213929901E+04    0.341880216911667612E+01   -0.300037569511162505E+00    0.643370030204895582E+00    0.104995970508430236E+01    0.299851001657101568E+01   -0.186346896230002876E+02   -0.353528594051414302E+01   -0.201394233089537488E+04   -0.330319563396504208E+02    1
    0.230608263935768355E+04    0.344022871346941450E+01   -0.299972814234557406E+00    0.642072120298588400E+00    0.104998120675098972E+01    0.299829484299780757E+01   -0.374811772269536476E+02    0.229571269459494971E+02   -0.201393373440941787E+04   -0.330519563396504168E+02    1
    0.230405703601490950E+04    0.353787682556781258E+01   -0.300021082967249053E+00    0.620189165619863481E+00    0.104979136701604880E+01    0.299930641897804939E+01    0.309205478439124448E+02    0.291954132162656492E+02   -0.201388123971247569E+04   -0.330719563396504199E+02    1
    0.230537595723384584E+04    0.343826154433698683E+01   -0.300502935564537721E+00    0.640269898350233735E+00    0.104987295945062908E+01    0.299874303697116007E+01    0.317084586635291288E+02    0.346181428311255246E+02   -0.201384367114589963E+04   -0.330919563396504159E+02    1
    0.230539965331833628E+04    0.349181312795735810E+01   -0.299983351217001371E+00    0.624553921962165193E+00    0.104957900101599733E+01    0.299922031039160641E+01    0.198645995999941789E+02    0.139975170737888277E+01   -0.201382352730176558E+04   -0.331119563396504191E+02    1
    0.230437547639314653E+04    0.346305543813951910E+01   -0.299958263528137148E+00    0.629532950941050551E+00    0.104983376163536657E+01    0.299923665517419913E+01   -0.378691159663619032E+02   -0.184727536536634744E+02   -0.201375800252536010E+04   -0.331319563396504222E+02    1
    0.230624252529497107E+04    0.346398794020138112E+01   -0.301737924976783867E+00    0.629678032622085437E+00    0.104999480502317288E+01    0.299717965075115700E+01    0.474377977346593696E+02    0.360837136966850665E+02   -0.201374090330144691E+04   -0.331519563396504182E+02    1
    0.230580975753660459E+04    0.343119711772692870E+01   -0.302814894624176434E+00    0.632236211981230034E+00    0.104989206030648563E+01    0.299980474859691215E+01   -0.415044980073480119E+02    0.265912752641691128E+02   -0.201372271384284704E+04   -0.331719563396504142E+02    1
    0.230524754922570173E+04    0.348608526906980032E+01   -0.302731603671549054E+00    0.627760818638180895E+00    0.104975768642755618E+01    0.299920407244557463E+01   -0.704052093014129099E+01   -0.423068492575694819E+02   -0.201368171709528610E+04   -0.331919563396504174E+02    1
    0.230515218890934011E+04    0.353132018200361841E+01   -0.300046217757785894E+00    0.619099864278053524E+00    0.104979023825566609E+01    0.299984546182784717E+01   -0.168982718194553598E+02    0.153773892624982125E+02   -0.201359934537734580E+04   -0.332119563396504205E+02    1
    0.230574250772626783E+04    0.342412465662102106E+01   -0.302202930095785360E+00    0.639006876433709348E+00    0.104999120776976884E+01    0.299849282954974505E+01    0.281574747859754808E+02    0.260403510069400284E+02   -0.201355966505068136E+04   -0.332319563396504165E+02    1
    0.230511769083823856E+04    0.352238131230065221E+01   -0.303395032893745198E+00    0.622847654963764485E+00    0.104994151610751496E+01    0.299916285874466482E+01    0.390917050992674291E+02    0.190767239305279475E+02   -0.201351337013611192E+04   -0.332519563396504196E+02    1
    0.230491684250203343E+04    0.345743764811081489E+01   -0.300779966953329314E+00    0.628649390803525776E+00    0.104990093170629106E+01    0.299845054062103245E+01   -0.461314065797601174E+02   -0.301400828778259005E+02   -0.201345277454380857E+04   -0.332719563396504228E+02    1
    0.230605204637466659E+04    0.347707584328488206E+01   -0.300726182015549626E+00    0.626307652065848375E+00    0.104992749592331380E+01    0.299963339480545521E+01    0.352125037817904456E+02   -0.113876570867133751E+02   -0.201345177015107993E+04   -0.332919563396504188E+02    1
    0.230528549317490160E+04    0.341181035847464287E+01   -0.301293134855517286E+00    0.637113305821264908E+00    0.104984888685348410E+01    0.299960591004504984E+01   -0.390667590201242092E+02    0.473470466554931022E+02   -0.201337949804374375E+04   -0.333119563396504219E+02    1
    0.230384341348268299E+04    0.350915712054841933E+01   -0.300951488200856543E+00    0.622313062446714915E+00    0.104978006395791690E+01    0.299991885803049918E+01    0.437300194513159113E+02    0.174991214859854267E+02   -0.201326677089393888E+04   -0.333319563396504179E+02    1
    0.230407172694595829E+04    0.350867720792325244E+01   -0.300650829615232429E+00    0.619086313696979529E+00    0.104973825880979521E+01    0.299997909310054744E+01   -0.203105635443695931E+02    0.396397075466055782E+02   -0.201326658584860456E+04   -0.333519563396504211E+02    1
    0.230552082964471037E+04    0.344566381751893491E+01   -0.302187339379813347E+00    0.634020932170096252E+00    0.104982665765254013E+01    0.299959817203838952E+01   -0.120496652607463446E+02    0.271878852109443869E+02   -0.201318470947027186E+04   -0.333719563396504171E+02    1
    0.230500681403859835E+04    0.349980016435780072E+01   -0.301338232078274759E+00    0.617300889280901321E+00    0.104990714884867220E+01    0.299932106176260538E+01   -0.267194535647342661E+02   -0.450161067553114407E+02   -0.201308230685072795E+04   -0.333919563396504202E+02    1
    0.230443096587621585E+04    0.345487232735458694E+01   -0.301729681055616039E+00    0.635448305816507797E+00    0.104996598683090636E+01    0.299924565787622921E+01   -0.348949542400821713E+02    0.383281336953228191E+02   -0.201302361834917542E+04   -0.334119563396504233E+02    1
    0.230560248428158820E+04    0.343406427534233938E+01   -0.303012399603545701E+00    0.635993335030184070E+00    0.104993104964906259E+01    0.299957834884793018E+01   -0.425487877223696458E+02    0.264987620162395672E+02   -0.201300441706336551E+04   -0.334319563396504194E+02    1
    0.230452015634984400E+04    0.348309539008418767E+01   -0.302254032423313446E+00    0.622119732864125252E+00    0.104981847069752154E+01    0.299992427189621580E+01    0.148317208242561094E+01    0.143795376233966721E+02   -0.201300217711704659E+04   -0.334519563396504225E+02    1
    0.230513476027636443E+04    0.347986789996230517E+01   -0.302479303916920184E+00    0.622438091469172061E+00    0.104988792598476977E+01    0.299927832657343041E+01    0.207631291573222683E+02    0.397216888713425362E+02   -0.201298804617164615E+04   -0.334719563396504185E+02    1
    0.230459238763591929E+04    0.347742319773217323E+01   -0.302085997638678161E+00    0.634993422183568468E+00    0.104987132698950814E+01    0.299952468447163501E+01   -0.462125417123192506E+02    0.333981680885340495E+02   -0.201298331215112171E+04   -0.334919563396504216E+02    1
    0.230550304603440509E+04    0.347753120309874353E+01   -0.300208452991311991E+00    0.635025090122737224E+00    0.104977607395229056E+01    0.299926873480025380E+01   -0.224546089008431871E+02    0.127521444422868484E+02   -0.201297722392190008E+04   -0.335119563396504176E+02    1
    0.230568004359767883E+04    0.348498530667789863E+01   -0.301124047586649901E+00    0.630492451676684218E+00    0.104979947470986246E+01    0.299977298689352789E+01   -0.318706927933553708E+02   -0.136949860597072117E+02   -0.201294000334282168E+04   -0.335319563396504137E+02    1
    0.230523186045284410E+04    0.346711586114930359E+01   -0.301116791288010055E+00    0.623646405901270073E+00    0.104995445669767506E+01    0.299854348579269381E+01   -0.571496486217743183E+01    0.480326100530295577E+02   -0.201291570460914818E+04   -0.335519563396504168E+02    1
    0.230493234384313291E+04    0.349945515609827584E+01   -0.304458464139119533E+00    0.632395522011455102E+00    0.104995583749955212E+01    0.299955068348671183E+01    0.154123749658557188E+02    0.360653530706565846E+02   -0.201290703558607038E+04   -0.335719563396504199E+02    1
    0.230533049212804690E+04    0.348178302832244224E+01   -0.299920251309162278E+00    0.631155325389228139E+00    0.104989364328466284E+01    0.299762329376113223E+01    0.439095976412076539E+02    0.165936073136906117E+02   -0.201281904812271478E+04   -0.335919563396504159E+02    1
    0.230515762120226464E+04    0.350775333857654559E+01   -0.300704189679404765E+00    0.629358642443015093E+00    0.104973615610449333E+01    0.299948314207844957E+01    0.383963260585042718E+02   -0.491345824284060839E+02   -0.201281791127411498E+04   -0.336119563396504262E+02    1
    0.230554334949471377E+04    0.348821115210725274E+01   -0.302271446024925228E+00    0.622608447847059376E+00    0.104987564736206407E+01    0.299969097379584770E+01    0.918574449658926540E+01   -0.285119988835521276E+02   -0.201279020725480655E+04   -0.336319563396504151E+02    1
    0.230576231333580063E+04    0.346332689225546275E+01   -0.301669968643689779E+00    0.629340669047083634E+00    0.104986850518762953E+01    0.299880416709866227E+01    0.368142236935864702E+02    0.401295496353506849E+02   -0.201278323627118039E+04   -0.336519563396504182E+02    1
    0.230537940035934798E+04    0.351664291071985158E+01   -0.302733827213838624E+00    0.622221026350861850E+00    0.104996857288168433E+01    0.299940629454752727E+01    0.353955453176099297E+02    0.783545489590201782E+01   -0.201276357644594418E+04   -0.336719563396504213E+02    1
    0.230504750758093633E+04    0.350126593378326367E+01   -0.304021411790001472E+00    0.626313856099484756E+00    0.104996953955489181E+01    0.299853652698781170E+01    0.394699801950352764E+02   -0.183081091368069089E+02   -0.201274437273065746E+04   -0.336919563396504245E+02    1
    0.230531362828162673E+04    0.346391355806910539E+01   -0.300067512252644608E+00    0.628390890298282212E+00    0.104972947244110237E+01    0.299895699298831353E+01    0.211936384125324793E+02   -0.819940827562968622E+01   -0.201261682736974262E+04   -0.337119563396504205E+02    1
    0.230613763116123209E+04    0.344114004573659837E+01   -0.300590622340145330E+00    0.630580254889994363E+00    0.104996080647443057E+01    0.299851601943712076E+01   -0.339662360407741204E+01   -0.178664106460638763E+02   -0.201259007115540976E+04   -0.337319563396504236E+02    1
    0.230574413340774663E+04    0.344218451479827703E+01   -0.300639164468893494E+00    0.637449572766578099E+00    0.104987443991017360E+01    0.299923795043753350E+01   -0.956786324667648103E+01   -0.345603718039460261E+01   -0.201253173409201395E+04   -0.337519563396504196E+02    1
    0.230580719547318449E+04    0.348010420681239374E+01   -0.300663657588653599E+00    0.631183936043143490E+00    0.104983770005240329E+01    0.299921092422445357E+01   -0.998716432622433103E+01    0.268135992942032999E+02   -0.201249307503382238E+04   -0.337719563396504228E+02    1
    0.230502058364422192E+04    0.352355467892241947E+01   -0.302961380801771929E+00    0.625522732793409864E+00    0.104998673839393897E+01    0.299953040834625284E+01    0.388047958960922301E+01   -0.130613459296821688E+02   -0.201247694527085673E+04   -0.337919563396504188E+02    1
    0.230450093510093529E+04    0.351165200707857217E+01   -0.303292463285207037E+00    0.628390834213297333E+00    0.104989774111176026E+01    0.299981646552125136E+01   -0.194778348920616189E+02   -0.241643789279739742E+02   -0.201241192193918937E+04   -0.338119563396504219E+02    1
    0.230542644266095886E+04    0.350481295518782199E+01   -0.301877346770755395E+00    0.629894728606510634E+00    0.104989061584039911E+01    0.299961588442134497E+01    0.478464305848159199E+02    0.503124131480582548E+00   -0.201236198152103043E+04   -0.338319563396504179E+02    1
    0.230571378156713854E+04    0.345749651979092487E+01   -0.300514656870720265E+00    0.638663341775460913E+00    0.104994513515329535E+01    0.299924181197418971E+01    0.164987401283494819E+02    0.458023228239392495E+02   -0.201225834091164302E+04   -0.338519563396504211E+02    1
    0.230415427934856825E+04    0.345817850717132735E+01   -0.300165605451603201E+00    0.628601438191105144E+00    0.104999881571552334E+01    0.299923650076689619E+01   -0.399294236664106776E+02   -0.425288619782208741E+02   -0.201221742246870144E+04   -0.338719563396504171E+02    1
    0.230616122748502585E+04    0.344355987047894230E+01   -0.300449406302916666E+00    0.631826603907691631E+00    0.104996984195804965E+01    0.299834581245315812E+01   -0.164380621094574408E+02    0.561690528647468312E+01   -0.201217868400974044E+04   -0.338919563396504202E+02    1
    0.230533301295892306E+04    0.349336337578993561E+01   -0.302607563868888929E+00    0.627045851609139726E+00    0.104981829712870978E+01    0.299968649029879542E+01   -0.324923374538090144E+02   -0.156268235166363922E+01   -0.201211878439824659E+04   -0.339119563396504162E+02    1
    0.230550040699710553E+04    0.344399475894742668E+01   -0.299830037917425685E+00    0.635245959802255400E+00    0.104980231282691072E+01    0.299994926095968006E+01    0.459951250894361863E+02    0.117685766243203247E+02   -0.201208514677188987E+04   -0.339319563396504194E+02    1
    0.230518237180339156E+04    0.346381056746454696E+01   -0.301848258011642445E+00    0.624892119425947690E+00    0.104998744010005596E+01    0.299886716917735141E+01   -0.264509015980294038E+01   -0.229871709485804061E+02   -0.201208394574419708E+04   -0.339519563396504225E+02    1
    0.230501628235934641E+04    0.343450679381913915E+01   -0.300073765080590582E+00    0.641524835048650210E+00    0.104990985341761811E+01    0.299953089754676006E+01    0.439970298507008692E+02    0.231702087080726926E+02   -0.201197056245052681E+04   -0.339719563396504185E+02    1
    0.230575732004179144E+04    0.348322731993817625E+01   -0.300488462538031909E+00    0.633916958492761973E+00    0.104992385294525348E+01    0.299932689535049590E+01   -0.489282173782563490E+02   -0.449348026272593160E+01   -0.201195771607886923E+04   -0.339919563396504216E+02    1
    0.230520872543592213E+04    0.349118908724018162E+01   -0.302568138909881601E+00    0.625153929070646264E+00    0.104990792835798752E+01    0.299877488584144647E+01   -0.314619366450020372E+02    0.455867271314263434E+02   -0.201194936092842318E+04   -0.340119563396504248E+02    1
    0.230577812062664361E+04    0.345777626943790484E+01   -0.300036427434491604E+00    0.629056267374986877E+00    0.104981376201279164E+01    0.299988315880773593E+01   -0.355562683776328612E+02   -0.447355594976001214E+02   -0.201192078050067835E+04   -0.340319563396504208E+02    1
    0.230488809715822072E+04    0.349722841039625987E+01   -0.302230449609823149E+00    0.631399391963128442E+00    0.104983098750865667E+01    0.299961088371653917E+01   -0.126866011462356312E+02    0.324536667464421242E+02   -0.201185765390060851E+04   -0.340519563396504168E+02    1
    0.230444256223291723E+04    0.347823844780918101E+01   -0.300680425781153560E+00    0.631350896716664556E+00    0.104976413046150863E+01    0.299976381436893735E+01   -0.179567575177415861E+02   -0.402449743582282906E+02   -0.201182493421567165E+04   -0.340719563396504199E+02    1
    0.230548867893870738E+04    0.344125420350529332E+01   -0.301959908920448217E+00    0.634379668012657660E+00    0.104987600916577950E+01    0.299996096519255229E+01    0.465212681667082677E+02   -0.233763924080917853E+02   -0.201180982052117724E+04   -0.340919563396504159E+02    1
    0.230439688882104929E+04    0.349687430811211009E+01   -0.303161202588084433E+00    0.630139644336157989E+00    0.104998765570854991E+01    0.299921310175623512E+01   -0.351028947311425270E+02    0.790900032626110772E+01   -0.201172000471243859E+04   -0.341119563396504191E+02    1
    0.230486538697943797E+04    0.345380084562916867E+01   -0.302819135488164415E+00    0.629524387961505671E+00    0.104996571552457363E+01    0.299948174178350513E+01    0.359754942525944585E+02    0.153273856562842070E+01   -0.201171256794238047E+04   -0.341319563396504222E+02    1
    0.230615649700312269E+04    0.344628028221793148E+01   -0.299896798029565537E+00    0.631063284385875667E+00    0.104997629446613439E+01    0.299921077047695439E+01   -0.170984813561630560E+02   -0.744701929956223552E+01   -0.201169735141122737E+04   -0.341519563396504182E+02    1
    0.230447196709488981E+04    0.343858674444825807E+01   -0.300893722348974324E+00    0.637157674524876039E+00    0.104993145386345343E+01    0.299978806828351896E+01    0.492350456589221039E+02   -0.151341272143821257E+02   -0.201168901112816684E+04   -0.341719563396504213E+02    1
    0.230373823039899617E+04    0.349171880254315070E+01   -0.301660431775010562E+00    0.625869055159989474E+00    0.104994905303077024E+01    0.299999563706668271E+01   -0.197076700729949437E+02   -0.410391602759956058E+02   -0.201167811423992248E+04   -0.341919563396504245E+02    1
    0.230617143320159312E+04    0.342498581214860875E+01   -0.299794177020851427E+00    0.635700091001558443E+00    0.104998703991228548E+01    0.299989473265252959E+01    0.572930093132557516E+01    0.459298470504341765E+02   -0.201165909739215999E+04   -0.342119563396504205E+02    1
    0.230573247522964630E+04    0.345760540125338789E+01   -0.301281874632034097E+00    0.632846143616611512E+00    0.104997587214024102E+01    0.299804526339699473E+01    0.335016076357094477E+02   -0.417519089248188209E+02   -0.201164769995266693E+04   -0.342319563396504236E+02    1
    0.230563378579731398E+04    0.349738520547317755E+01   -0.300938571917919229E+00    0.620898923426258520E+00    0.104998748143928999E+01    0.299929534480399296E+01   -0.439871311544595684E+02   -0.203098927670019691E+00   -0.201160858367092783E+04   -0.342519563396504196E+02    1
    0.230500355872998352E+04    0.349616223205183418E+01   -0.300061110655284013E+00    0.633404245842543956E+00    0.104986392359169067E+01    0.299840644146531776E+01   -0.271146758286282470E+02    0.175373786513825536E+02   -0.201159639979261624E+04   -0.342719563396504228E+02    1
    0.230495341236154309E+04    0.350911126292521613E+01   -0.300223952641002323E+00    0.628411600111604352E+00    0.104978178652188192E+01    0.299907178358731707E+01   -0.328515667364842159E+02    0.462031895729257371E+02   -0.201156472958220729E+04   -0.342919563396504188E+02    1
    0.230560875415137662E+04    0.349832226925352963E+01   -0.301232213211471034E+00    0.632773831803771225E+00    0.104998681506019365E+01    0.299955195668292740E+01    0.675618135339207981E+01    0.112169568828645367E+02   -0.201154604047409475E+04   -0.343119563396504219E+02    1
    0.230546930097127097E+04    0.344120030191013093E+01   -0.300973963626731067E+00    0.633226196256623020E+00    0.104988938106547569E+01    0.299909247843854221E+01   -0.172684086221734603E+02   -0.209191230638883212E+02   -0.201152088717030915E+04   -0.343319563396504250E+02    1
    0.230531290403576941E+04    0.347098259336170267E+01   -0.302692651217654873E+00    0.630459716305932227E+00    0.104992540711267379E+01    0.299916250152311514E+01   -0.918928229453401713E+01   -0.396647034886315453E+02   -0.201150495241598674E+04   -0.343519563396504211E+02    1
    0.230444543292734716E+04    0.347416873347750377E+01   -0.301306669561958451E+00    0.630726372623405585E+00    0.104990488223970080E+01    0.299931833362065925E+01    0.488249710105140764E+02   -0.140654801587148839E+02   -0.201148027577074777E+04   -0.343719563396504242E+02    1
    0.230393089154073095E+04    0.350305186570073479E+01   -0.301779166564169143E+00    0.628486282887624537E+00    0.104994798468528683E+01    0.299961132527082341E+01   -0.406788823877775272E+02    0.266833568515116042E+02   -0.201145689022782244E+04   -0.343919563396504273E+02    1
    0.230522467449379474E+04    0.350864597729614447E+01   -0.300619559266834979E+00    0.629772085012620830E+00    0.104994827593112983E+01    0.299790947683089382E+01   -0.556016476573700658E+01    0.161447996136358967E+02   -0.201145011551170296E+04   -0.344119563396504233E+02    1
    0.230581235871640911E+04    0.349470068828501956E+01   -0.301417454435977672E+00    0.626019381323541513E+00    0.104999163695599473E+01    0.299783945850504807E+01   -0.464680561524420028E+02    0.428880754225797460E+02   -0.201142611401557019E+04   -0.344319563396504194E+02    1
    0.230541653228615996E+04    0.349365485980140900E+01   -0.300287511917806671E+00    0.622026474582326516E+00    0.104984497550614098E+01    0.299903047604920303E+01   -0.226963608507092829E+01   -0.364082053584604779E+02   -0.201141536058747829E+04   -0.344519563396504225E+02    1
    0.230554826542820683E+04    0.348264382842415232E+01   -0.301573610370188649E+00    0.625482812100733088E+00    0.104993298530838208E+01    0.299869580672384251E+01    0.385223310184299521E+02   -0.359088454281466625E+02   -0.201139526471634349E+04   -0.344719563396504256E+02    1
    0.230563228341388594E+04    0.348523011217010259E+01   -0.301346618117408538E+00    0.631228587344625502E+00    0.104991676862902272E+01    0.299946874428092336E+01    0.201188619855428215E+02    0.322161018891782476E+02   -0.201132838954790191E+04   -0.344919563396504216E+02    1
    0.230607525222891218E+04    0.343819236755654645E+01   -0.299844644301126229E+00    0.633642993552181011E+00    0.104996964124501435E+01    0.299970681873255529E+01   -0.129837864147363291E+01   -0.216389810817829584E+02   -0.201125095727267330E+04   -0.345119563396504248E+02    1
    0.230518966728621672E+04    0.349320705009535892E+01   -0.300228400778174864E+00    0.629493194086333641E+00    0.104971418872602151E+01    0.299963493318463970E+01    0.100315974698509365E+02   -0.571620937714411070E+01   -0.201124245538479977E+04   -0.345319563396504208E+02    1
    0.230492745931019090E+04    0.348757879311443464E+01   -0.300915683948987878E+00    0.637938915644500226E+00    0.104996192780362962E+01    0.299975631824364264E+01   -0.882447606591742328E+01    0.495176432241650559E+02   -0.201124107645649360E+04   -0.345519563396504168E+02    1
    0.230564929954114996E+04    0.350213819647074809E+01   -0.300106450192608787E+00    0.627634501525167865E+00    0.104989065967866968E+01    0.299777017248456712E+01    0.359806605985548629E+02    0.497705385626024679E+02   -0.201122708859066324E+04   -0.345719563396504199E+02    1
    0.230485551978733429E+04    0.352744909452597177E+01   -0.300359212905650375E+00    0.617426988339046634E+00    0.104994397473598955E+01    0.299950183065426135E+01    0.144289793674146409E+02    0.273290843203911322E+02   -0.201119141006066820E+04   -0.345919563396504230E+02    1
    0.230512193264951657E+04    0.345571072533222790E+01   -0.300730263790930485E+00    0.622450459738734030E+00    0.104999262647077218E+01    0.299999636247085899E+01    0.485783583666361238E+02   -0.476182977101011744E+02   -0.201117258719651954E+04   -0.346119563396504262E+02    1
    0.230536243302157391E+04    0.347687551632097680E+01   -0.301079160961504111E+00    0.625089029106645988E+00    0.104984894641112869E+01    0.299948883444849290E+01    0.390418734948407007E+02    0.181491254672939988E+02   -0.201116639380897118E+04   -0.346319563396504222E+02    1
    0.230548167440143698E+04    0.348717735035372112E+01   -0.301880868679666348E+00    0.627196958718344355E+00    0.104989268661254531E+01    0.299926193072274572E+01    0.394527455018850475E+02   -0.438515624150162822E+02   -0.201114801023429186E+04   -0.346519563396504253E+02    1
    0.230552089885134228E+04    0.345837436766203998E+01   -0.300722440150713421E+00    0.627748593564086077E+00    0.104984466548346722E+01    0.299985302302891599E+01   -0.403875128908066472E+02   -0.319633416154578924E+02   -0.201114150229806523E+04   -0.346719563396504213E+02    1
    0.230472577154541250E+04    0.347191045312822633E+01   -0.302961964830468777E+00    0.627726588486110515E+00    0.104993619017555506E+01    0.299968702040381618E+01   -0.357195111021043488E+02    0.347444867425540735E+02   -0.201111710684468699E+04   -0.346919563396504245E+02    1
    0.230504746925631025E+04    0.344987530542538101E+01   -0.300828110893250511E+00    0.626292867310838552E+00    0.104993534840243141E+01    0.299951595491262513E+01    0.120276313838721052E+02   -0.157155801524963508E+02   -0.201111687498442416E+04   -0.347119563396504205E+02    1
    0.230451468345367266E+04    0.348965636015435088E+01   -0.300955070575667782E+00    0.629947393635048369E+00    0.104991697233202164E+01    0.299885127443947042E+01   -0.469908365400484698E+02   -0.861409279830186847E+01   -0.201111215222327428E+04   -0.347319563396504236E+02    1
    0.230531165406401396E+04    0.343929119097894365E+01   -0.300794057324497821E+00    0.629859496585726930E+00    0.104986823588385070E+01    0.299973532107115126E+01    0.679933314384960852E+01   -0.594204061609779899E+01   -0.201108788897634258E+04   -0.347519563396504267E+02    1
    0.230514485933204651E+04    0.346857869816715381E+01   -0.299932864207430205E+00    0.623585160717768261E+00    0.104995533575059707E+01    0.299915608332397277E+01   -0.658014608606507778E+01    0.381575786416962046E+02   -0.201108389957986265E+04   -0.347719563396504228E+02    1
    0.230530612020310218E+04    0.345349069702558076E+01   -0.299812418498517197E+00    0.625950726805742708E+00    0.104995913902915539E+01    0.299978975004475679E+01   -0.409562997521845844E+02    0.383009195251925547E+02   -0.201106031993646161E+04   -0.347919563396504259E+02    1
    0.230550499940731879E+04    0.349676339674515146E+01   -0.301155215143154964E+00    0.632656135778072448E+00    0.104996339608391920E+01    0.299967012222047336E+01   -0.140191633927716452E+01    0.361801798187376988E+01   -0.201103971586643365E+04   -0.348119563396504219E+02    1
    0.230470095240420960E+04    0.345682447599857934E+01   -0.301254982207705080E+00    0.631539731671898030E+00    0.104985873744693814E+01    0.299974824390331563E+01    0.305660309356015176E+02   -0.387863216835761193E+01   -0.201103104408674744E+04   -0.348319563396504250E+02    1
    0.230551381841304010E+04    0.348690129941268090E+01   -0.300185643772261646E+00    0.624597865619663017E+00    0.104991673174836819E+01    0.299814539411145198E+01    0.130172397635570292E+01    0.153448238660835869E+02   -0.201102933260472878E+04   -0.348519563396504211E+02    1
    0.230506171377986357E+04    0.350843287754993316E+01   -0.300946823271922514E+00    0.632606299471623168E+00    0.104994946985411741E+01    0.299986385689357515E+01    0.218421801749304336E+02    0.770740126541774373E+01   -0.201100794946099995E+04   -0.348719563396504242E+02    1
    0.230536407131823762E+04    0.349071727769433693E+01   -0.301012743979772457E+00    0.626891596754197034E+00    0.104985653785546806E+01    0.299874509191599437E+01   -0.184842759040744653E+02   -0.348083278671490461E+02   -0.201099082158823580E+04   -0.348919563396504202E+02    1
    0.230482684364519628E+04    0.350508993604584473E+01   -0.301460737789902011E+00    0.623056583065348724E+00    0.104976698166120297E+01    0.299996499071133993E+01    0.332097876528848275E+02   -0.290228829962375521E+02   -0.201097662386372440E+04   -0.349119563396504233E+02    1
    0.230461175635759537E+04    0.348204450089664697E+01   -0.300458376266983518E+00    0.621034146465308856E+00    0.104992561887832814E+01    0.299959839967928055E+01    0.462947061411597076E+02    0.492183727953388370E+02   -0.201097418393746489E+04   -0.349319563396504194E+02    1
    0.230581825330305037E+04    0.346108219116464566E+01   -0.300486997607834927E+00    0.631518002618475682E+00    0.104993038651218051E+01    0.299979193785373299E+01   -0.482388640041773726E+02   -0.310984854416993528E+00   -0.201097132135335119E+04   -0.349519563396504225E+02    1
    0.230483985997668333E+04    0.351371869033247286E+01   -0.301409958090021468E+00    0.626659780744183603E+00    0.104987867588472827E+01    0.299941423992817846E+01    0.458412227876702190E+02    0.219008687484924423E+02   -0.201095281047357139E+04   -0.349719563396504256E+02    1
    0.230541217438359490E+04    0.344810129881390637E+01   -0.300126720745315767E+00    0.630518228571432138E+00    0.104985373423835737E+01    0.299914720431225268E+01   -0.846839533670434719E+01    0.111209027748442324E+02   -0.201095014844969251E+04   -0.349919563396504216E+02    1
    0.230503602256159502E+04    0.348455345155119334E+01   -0.299793626647938349E+00    0.623061194995553680E+00    0.104992029460096647E+01    0.299961848177883983E+01    0.437922938131977446E+01    0.173076529717847194E+02   -0.201094838987700950E+04   -0.350119563396504248E+02    1
    0.230455663870205353E+04    0.344571512371612076E+01   -0.300900642399503260E+00    0.640234866672605207E+00    0.104996930264048882E+01    0.299999936514215770E+01   -0.393994587708919113E+02    0.367357582452610671E+02   -0.201094572584855609E+04   -0.350319563396504279E+02    1
    0.230484599452299972E+04    0.342793905281961386E+01   -0.300659008196043909E+00    0.637572069315350376E+00    0.104998783961142861E+01    0.299927655421854578E+01    0.689155116718806227E+01    0.408051135068271265E+02   -0.201094505720282518E+04   -0.350519563396504239E+02    1
    0.230542577747290125E+04    0.347954344632764778E+01   -0.300954056157362149E+00    0.632941219769639019E+00    0.104990115592921440E+01    0.299889288827016953E+01   -0.272589483230393661E+02   -0.267988071880091994E+02   -0.201092865338177353E+04   -0.350719563396504199E+02    1
    0.230486663070983786E+04    0.346375426089029625E+01   -0.300462992204303725E+00    0.627468614589197560E+00    0.104995384850054774E+01    0.299878852560736942E+01   -0.214967029273318282E+02    0.108217642925929951E+02   -0.201091006761057884E+04   -0.350919563396504230E+02    1
    0.230467892873130677E+04    0.351387576694744030E+01   -0.301749706798640605E+00    0.627846927065601079E+00    0.104989771630544060E+01    0.299967519506225688E+01    0.322969377489422271E+02    0.175048710744292464E+02   -0.201088192550677127E+04   -0.351119563396504191E+02    1
    0.230432550763931522E+04    0.346058215273056646E+01   -0.301824249989379234E+00    0.633935701003495389E+00    0.104996253300273512E+01    0.299985945140536359E+01    0.127694098403911980E+02   -0.600539757644880012E+01   -0.201088108343726185E+04   -0.351319563396504222E+02    1
    0.230518045738599585E+04    0.349637326619635935E+01   -0.301102972544398273E+00    0.622341449546614189E+00    0.104989819222825420E+01    0.299896162631405172E+01    0.149020090804040706E+02   -0.458645625956152188E+02   -0.201087624213984850E+04   -0.351519563396504253E+02    1
    0.230515759801400509E+04    0.346994744436129832E+01   -0.301709732901887795E+00    0.632341005069205431E+00    0.104985978796237323E+01    0.299973332876746746E+01   -0.323228586758126681E+02    0.225915688476380581E+02   -0.201083370782272027E+04   -0.351719563396504213E+02    1
    0.230562740159141140E+04    0.348079743312330248E+01   -0.300411031296380193E+00    0.624373274671086165E+00    0.104995989149922564E+01    0.299855823422399892E+01   -0.119103215821096313E+02    0.463805439775561439E+02   -0.201081691403212608E+04   -0.351919563396504245E+02    1
    0.230528315185472593E+04    0.345510321258007558E+01   -0.300647271957972029E+00    0.631659973214085180E+00    0.104987868028305886E+01    0.299903847296115833E+01   -0.118329833647771139E+02   -0.347411631442201667E+02   -0.201080761666331591E+04   -0.352119563396504205E+02    1
    0.230533407944300825E+04    0.344226893365645470E+01   -0.301990413353086351E+00    0.633618853303766327E+00    0.104995349374381175E+01    0.299948512381717469E+01    0.199611729338968047E+02   -0.680071583497166188E+01   -0.201078991420893499E+04   -0.352319563396504236E+02    1
    0.230427849515403341E+04    0.350456296868177564E+01   -0.303202128443081642E+00    0.624720190398264430E+00    0.104994498165022310E+01    0.299987015432742998E+01   -0.490454023564955293E+02   -0.135331869783360119E+02   -0.201078735648133284E+04   -0.352519563396504267E+02    1
    0.230556660463394201E+04    0.344831790516424697E+01   -0.300134743682229643E+00    0.636637241367940532E+00    0.104991324339471559E+01    0.299904946106884651E+01    0.203653385629322941E+02    0.373552989182463193E+02   -0.201077371795752947E+04   -0.352719563396504299E+02    1
    0.230547375677773198E+04    0.348843527259466235E+01   -0.301319646151846254E+00    0.627363523794919775E+00    0.104995691040260097E+01    0.299819130566950554E+01    0.345991325188715990E+02    0.290050315980285802E+02   -0.201074809329459526E+04   -0.352919563396504259E+02    1
    0.230483746277616228E+04    0.352389006252257886E+01   -0.300137263356498318E+00    0.620691795577506422E+00    0.104998499076641982E+01    0.299843883862117888E+01   -0.215836963633783974E+02   -0.107505102188684276E+01   -0.201072261212448416E+04   -0.353119563396504219E+02    1
    0.230548337433566303E+04    0.350360626332083935E+01   -0.299815120475927122E+00    0.628202298967686534E+00    0.104988599886026379E+01    0.299906238699870187E+01    0.293706711919129617E+02   -0.647084337108447016E+01   -0.201071421995037895E+04   -0.353319563396504250E+02    1
    0.230411092937052126E+04    0.347890933473554398E+01   -0.300771319872280396E+00    0.628766557971901840E+00    0.104989820598393480E+01    0.299976633157188388E+01    0.317999155097599129E+01    0.137450683815195305E+02   -0.201071180260213032E+04   -0.353519563396504211E+02    1
    0.230474109447377032E+04    0.353627672636407642E+01   -0.300357930759660663E+00    0.618311232749916062E+00    0.104999675230327427E+01    0.299941900396291450E+01   -0.103183865956392395E+01   -0.495278586351568535E+02   -0.201070383913610453E+04   -0.353719563396504242E+02    1
    0.230531150305217307E+04    0.349838399995165839E+01   -0.302010685888486230E+00    0.631090654931320882E+00    0.104994179861478010E+01    0.299938364826983994E+01    0.216415515171423181E+02   -0.440819762068973162E+02   -0.201068741168623637E+04   -0.353919563396504202E+02    1
    0.230530412089973470E+04    0.347173473103692753E+01   -0.299723341327884141E+00    0.631401122628257649E+00    0.104988442250815117E+01    0.299974986226805651E+01   -0.469249966844894999E+02   -0.433097984007307986E+02   -0.201065433830783081E+04   -0.354119563396504233E+02    1
    0.230528911504072403E+04    0.348845802770478564E+01   -0.299678627216557081E+00    0.629781112703202695E+00    0.104998950137617530E+01    0.299890866675320034E+01    0.880058936855094487E+01   -0.156325639205518740E+01   -0.201062445021630833E+04   -0.354319563396504265E+02    1
    0.230490417675875506E+04    0.351741733938855505E+01   -0.300464497634369498E+00    0.624340981860006972E+00    0.104992858663343136E+01    0.299862525024760407E+01   -0.332564718289908967E+02    0.295557239342650746E+02   -0.201059864856865352E+04   -0.354519563396504225E+02    1
    0.230486683473857920E+04    0.351089551256088983E+01   -0.300361803743664391E+00    0.624117608395621803E+00    0.104975085042180249E+01    0.299996334982075918E+01    0.379592681026951340E+01   -0.787670492718409321E+01   -0.201054883325176047E+04   -0.354719563396504256E+02    1
    0.230482662413702747E+04    0.347478999627997887E+01   -0.301236676489434974E+00    0.630823787433070549E+00    0.104982347620190608E+01    0.299974304666021752E+01    0.267657467392609760E+02   -0.978670220196139695E+01   -0.201053445841027815E+04   -0.354919563396504216E+02    1
    0.230496049730833829E+04    0.348102386256976715E+01   -0.301617108071376427E+00    0.629341079900456069E+00    0.104993291071070893E+01    0.299890086193481764E+01    0.276074072802033612E+02    0.735634564951035230E+01   -0.201047066953044373E+04   -0.355119563396504248E+02    1
    0.230554758399930006E+04    0.349996784527491211E+01   -0.300796133517697184E+00    0.629639333185233352E+00    0.104992225459767474E+01    0.299930128671200080E+01    0.455619963561444763E+01    0.251592679574285967E+02   -0.201047040023182717E+04   -0.355319563396504279E+02    1
    0.230460350548748193E+04    0.350901675398504764E+01   -0.299913271896989853E+00    0.622322427874294370E+00    0.104994956877637979E+01    0.299898053721109825E+01   -0.693470709074570379E+01    0.413407558476000361E+02   -0.201045961182228621E+04   -0.355519563396504239E+02    1
    0.230478884946394010E+04    0.353063684890348117E+01   -0.299983397049921330E+00    0.625107541312072801E+00    0.104994793594674030E+01    0.299960983629608879E+01    0.402957170416673591E+02   -0.359284207974037955E+02   -0.201045321525134932E+04   -0.355719563396504270E+02    1
    0.230511653602895240E+04    0.340553961202643674E+01   -0.300466884608967644E+00    0.641640946299553816E+00    0.104997532954032091E+01    0.299997028515586095E+01   -0.786080808901487416E+01   -0.370275322233401951E+02   -0.201043681832181892E+04   -0.355919563396504230E+02    1
    0.230532707412931586E+04    0.349919845576949085E+01   -0.300632472933546446E+00    0.631576050255921562E+00    0.104988226286425412E+01    0.299960261647660609E+01    0.193641023339840359E+02   -0.140154303229384993E+02   -0.201043486137571790E+04   -0.356119563396504262E+02    1
    0.230472902848002832E+04    0.351780364412705948E+01   -0.301478675616622005E+00    0.623993819246859704E+00    0.104988222579347368E+01    0.299986940791819157E+01   -0.104712435609236820E+00   -0.336415494862863511E+02   -0.201042720764167598E+04   -0.356319563396504293E+02    1
    0.230467346122868457E+04    0.350115278672745056E+01   -0.302164685787397025E+00    0.632961879113872028E+00    0.104999572453133494E+01    0.299929809901721667E+01    0.108126676303913243E+02    0.211259543955126361E+02   -0.201038243262649667E+04   -0.356519563396504324E+02    1
    0.230552646660638493E+04    0.347146277879388743E+01   -0.300799188889508906E+00    0.632705632622336811E+00    0.104990575102951356E+01    0.299967616333036569E+01    0.120283216541802105E+02    0.372155367276120046E+02   -0.201036997704188707E+04   -0.356719563396504284E+02    1
    0.230393225202116309E+04    0.354198694865096009E+01   -0.300065102887443536E+00    0.617961304454049509E+00    0.104995183678674797E+01    0.299997364444609360E+01   -0.394145319465749608E+02    0.384993996951765638E+02   -0.201036933788384204E+04   -0.356919563396504245E+02    1
    0.230481181842368460E+04    0.351725124750778484E+01   -0.300726004194962537E+00    0.629978240841561288E+00    0.104995515619208812E+01    0.299980197714916841E+01    0.284434578885531124E+02   -0.404098705615066436E+02   -0.201034571025984519E+04   -0.357119563396504276E+02    1
    0.230527024871404865E+04    0.348417599389172983E+01   -0.300997976800388090E+00    0.627425053303883651E+00    0.104992725491233529E+01    0.299855688404008669E+01   -0.254205393387940219E+02    0.188829839327995472E+02   -0.201032019341214709E+04   -0.357319563396504307E+02    1
    0.230550901655197413E+04    0.344471905560986880E+01   -0.300171515889942508E+00    0.630889005035117467E+00    0.104998688224955083E+01    0.299849184301294969E+01    0.143282495847206803E+02   -0.461276650982177614E+02   -0.201025726869439291E+04   -0.357519563396504267E+02    1
    0.230563887255385453E+04    0.346119908304940616E+01   -0.300215450236240911E+00    0.634094868035147696E+00    0.104994488680423337E+01    0.299863330170590192E+01    0.167443344667089349E+02   -0.784697284522493277E+01   -0.201025484656951539E+04   -0.357719563396504299E+02    1
    0.230522728164177488E+04    0.344342453819720085E+01   -0.300395706854877098E+00    0.637710264303697372E+00    0.104989627332627267E+01    0.299986503225901924E+01    0.268260553060629121E+02    0.448287197277232536E+02   -0.201024063624634368E+04   -0.357919563396504259E+02    1
    0.230546128990591842E+04    0.346129192579541201E+01   -0.300967012754968066E+00    0.626187485508006736E+00    0.104996171211033062E+01    0.299960942869922675E+01   -0.217092588822677470E+02   -0.405608707114128464E+02   -0.201020533501064051E+04   -0.358119563396504290E+02    1
    0.230463500207236029E+04    0.353244432166031652E+01   -0.300010168874236927E+00    0.620988817146590932E+00    0.104995752825267719E+01    0.299920727508471341E+01   -0.397383202451944655E+02    0.313737052055293333E+02   -0.201019233729395251E+04   -0.358319563396504250E+02    1
    0.230522597259956228E+04    0.345025051670373095E+01   -0.301820286079424016E+00    0.631727090033942673E+00    0.104997290348051098E+01    0.299934316556544811E+01   -0.829250936616867307E+01    0.412768879658961367E+02   -0.201018444460563114E+04   -0.358519563396504282E+02    1
    0.230517502559363766E+04    0.345527206661008934E+01   -0.299870303667938043E+00    0.629923795170559409E+00    0.104990683817929220E+01    0.299955169636093455E+01    0.226036396152561707E+02    0.257246084840551958E+02   -0.201018123144556534E+04   -0.358719563396504242E+02    1
    0.230475821502759754E+04    0.346434506853762203E+01   -0.300764157368303975E+00    0.627844713221908490E+00    0.104990061345199437E+01    0.299949822498046625E+01   -0.373010118079487967E+02    0.114829554395894178E+02   -0.201017880125403667E+04   -0.358919563396504273E+02    1
    0.230456327323387086E+04    0.351856404321261307E+01   -0.301372723079299631E+00    0.619073448765948386E+00    0.104996528560954805E+01    0.299973912877588500E+01    0.267654811901261240E+02   -0.217389111768456615E+02   -0.201016228341784972E+04   -0.359119563396504233E+02    1
    0.230560082111315842E+04    0.341372284328323428E+01   -0.299998179089336070E+00    0.637325005518828647E+00    0.104992899837675435E+01    0.299991412748885677E+01    0.399501888110915786E+02   -0.476000919260632998E+02   -0.201014899750010159E+04   -0.359319563396504265E+02    1
    0.230447539510683646E+04    0.350381427382908672E+01   -0.301657928422348509E+00    0.626611555890600025E+00    0.104984438507251521E+01    0.299985728131113527E+01   -0.459845676904757923E+02   -0.469490781449793175E+02   -0.201009414226226932E+04   -0.359519563396504225E+02    1
    0.230491517802949238E+04    0.347544383102044341E+01   -0.299955005949458842E+00    0.628362866384835517E+00    0.104976734381084524E+01    0.299987161099237420E+01   -0.325445127343188432E+02    0.284282880577911783E+02   -0.201009064854703865E+04   -0.359719563396504256E+02    1
    0.230473703880804715E+04    0.351495521821143608E+01   -0.302386392810424010E+00    0.623864455377835414E+00    0.104998801660827312E+01    0.299948834961144994E+01    0.448309031676579650E+02   -0.450263887920695467E+02   -0.201008174533947749E+04   -0.359919563396504216E+02    1
    0.230572062238764784E+04    0.344584362995992555E+01   -0.300097381531845397E+00    0.631776617830778098E+00    0.104992801276697878E+01    0.299991078905157105E+01    0.117139268189392212E+02   -0.427958723352602419E+02   -0.201005925963029563E+04   -0.360119563396504248E+02    1
    0.230514656258880996E+04    0.345808463290813606E+01   -0.300490676389320033E+00    0.634182604906762815E+00    0.104983711142331537E+01    0.299998968207405925E+01   -0.317735831585718707E+02    0.343284808423228327E+02   -0.201000943807782937E+04   -0.360319563396504279E+02    1
    0.230512530990107143E+04    0.347517629892098334E+01   -0.301757688837024252E+00    0.632361544064767855E+00    0.104990594072968757E+01    0.299983500419954252E+01   -0.164069948740244342E+01    0.719264948053270814E+01   -0.200997101503664362E+04   -0.360519563396504239E+02    1
    0.230530821134473990E+04    0.349078441273919360E+01   -0.300656957844625872E+00    0.626287191958850187E+00    0.104994455060529912E+01    0.299834789181405270E+01    0.386546737480996825E+02   -0.442797726941914007E+02   -0.200996685027542958E+04   -0.360719563396504199E+02    1
    0.230558283793339524E+04    0.347348997439986995E+01   -0.301133228495604865E+00    0.631594575155633997E+00    0.104997008152206495E+01    0.299907042290357850E+01    0.294226979404182458E+02   -0.988840194391406868E+01   -0.200995660940828020E+04   -0.360919563396504230E+02    1
    0.230455177121892120E+04    0.352647391106427488E+01   -0.300566906981878768E+00    0.623017282553626428E+00    0.104992504169971235E+01    0.299963978765564931E+01    0.193656118308713445E+02    0.770585982379912338E+01   -0.200990975750925850E+04   -0.361119563396504262E+02    1
    0.230546526326901858E+04    0.342963837195084453E+01   -0.301223228338089455E+00    0.634797115372588983E+00    0.104997675655854650E+01    0.299971437057701795E+01    0.112889093248202101E+02   -0.290584925751747818E+02   -0.200989755297217630E+04   -0.361319563396504293E+02    1
    0.230491699522533963E+04    0.350191699972357684E+01   -0.301524501696706859E+00    0.625896103760534062E+00    0.104985027811890030E+01    0.299963060339309173E+01   -0.121866739207119394E+02    0.476182641736507435E+02   -0.200989124142158335E+04   -0.361519563396504253E+02    1
    0.230532021433191358E+04    0.349692891306090958E+01   -0.300256098416541883E+00    0.626612233310568811E+00    0.104987341546573121E+01    0.299866145452362831E+01   -0.633250788673613840E+01   -0.328211731813298115E+02   -0.200988408500334322E+04   -0.361719563396504284E+02    1
    0.230412561995307533E+04    0.352070006565778515E+01   -0.300653557309307484E+00    0.628500626471061752E+00    0.104997715378724177E+01    0.299975772069838342E+01   -0.381013326336849047E+02   -0.247979520505998465E+02   -0.200981057035830054E+04   -0.361919563396504316E+02    1
    0.230494549240578635E+04    0.349630066945837914E+01   -0.301837334227972598E+00    0.629611489635585442E+00    0.104989742829857335E+01    0.299955713666291679E+01   -0.484110663763738245E+02    0.254965110338105774E+02   -0.200980267921688846E+04   -0.362119563396504276E+02    1
    0.230462633462681242E+04    0.351995757832978828E+01   -0.300791196028184604E+00    0.621424259434607995E+00    0.104993949617616567E+01    0.299946043057177825E+01    0.693181195560247687E+01    0.482022381937213993E+02   -0.200979384150963847E+04   -0.362319563396504307E+02    1
    0.230512305939081489E+04    0.340924777409423108E+01   -0.300932728195692556E+00    0.635408971980847337E+00    0.104999728528548952E+01    0.299999160440545243E+01   -0.220939131819888317E+02    0.217451294647283220E+02   -0.200976222758744825E+04   -0.362519563396504267E+02    1
    0.230455047644066508E+04    0.350438157042190790E+01   -0.301394775787864777E+00    0.632146996109534842E+00    0.104995832395809141E+01    0.299961277417032735E+01    0.450703029241118998E+02   -0.318920924199284634E+02   -0.200975948632130712E+04   -0.362719563396504228E+02    1
    0.230439254414373181E+04    0.351489153907718910E+01   -0.300144962881647825E+00    0.623109839841226920E+00    0.104993136118954511E+01    0.299914084364026445E+01    0.362657633684710561E+02   -0.289597442464890449E+02   -0.200972617416382786E+04   -0.362919563396504259E+02    1
    0.230466344088805681E+04    0.347816363780490878E+01   -0.301923487936929802E+00    0.629057006956734277E+00    0.104993983580471983E+01    0.299958900207240475E+01   -0.545200410792534740E+01   -0.774353815230826825E+01   -0.200972113396119630E+04   -0.363119563396504219E+02    1
    0.230482151236261871E+04    0.350119211941585018E+01   -0.303241619951404029E+00    0.628213883909723991E+00    0.104998695696592570E+01    0.299958063028093891E+01   -0.163886448922250736E+02   -0.216726397379470477E+02   -0.200971997106122581E+04   -0.363319563396504250E+02    1
    0.230499248133992205E+04    0.349100601274019517E+01   -0.300251468356137530E+00    0.636535904887466142E+00    0.104996886463119909E+01    0.299967767614054859E+01    0.307610445992723669E+02   -0.360021141965707159E+02   -0.200970902559335832E+04   -0.363519563396504211E+02    1
    0.230541113551028320E+04    0.349144410895608459E+01   -0.300658630349151301E+00    0.625859604657726498E+00    0.104993003846153310E+01    0.299883108038193935E+01   -0.350071322593467897E+02   -0.701860034478159633E+01   -0.200970506051222992E+04   -0.363719563396504242E+02    1
    0.230515571171614556E+04    0.346399730397733308E+01   -0.300552982860450846E+00    0.632042530424359761E+00    0.104985642860521922E+01    0.299969324225506639E+01   -0.499099172241801341E+02    0.490347577944166773E+02   -0.200967258259169171E+04   -0.363919563396504273E+02    1
    0.230512752852799895E+04    0.343451807448705448E+01   -0.300210430088239777E+00    0.634463434133986426E+00    0.104991221576637517E+01    0.299961042567329494E+01    0.474257667437816934E+02    0.259604490017404999E+02   -0.200966632275755774E+04   -0.364119563396504233E+02    1
    0.230476739776767590E+04    0.351293970616309803E+01   -0.301602293765154239E+00    0.624547275953557302E+00    0.104990827971027700E+01    0.299992337828689726E+01   -0.471157586364789864E+02   -0.413382250682113721E+02   -0.200964514251903165E+04   -0.364319563396504265E+02    1
    0.230435815573793752E+04    0.349825686764009935E+01   -0.300963923416683876E+00    0.625123490440288809E+00    0.104992211515978973E+01    0.299938934212494601E+01   -0.407878940584055982E+01    0.329151340258910778E+02   -0.200961905666659891E+04   -0.364519563396504225E+02    1
    0.230501985745036882E+04    0.348284030666625366E+01   -0.301319592614207488E+00    0.628100287668667767E+00    0.104985778077348013E+01    0.299978582822171091E+01   -0.461426409484882711E+02    0.427881440024638664E+02   -0.200959826063916648E+04   -0.364719563396504256E+02    1
    0.230506866946677656E+04    0.349569475451244438E+01   -0.301954198099293691E+00    0.630638098010619430E+00    0.104994888261209107E+01    0.299948774096459170E+01    0.196946233446468568E+02    0.362489860451129147E+02   -0.200958187310517837E+04   -0.364919563396504287E+02    1
    0.230503421975838046E+04    0.347586640973463368E+01   -0.302449896363858273E+00    0.629806338187805403E+00    0.104998420439707285E+01    0.299942926213024963E+01   -0.106246601191610139E+02   -0.249050779164356797E+02   -0.200957784816896742E+04   -0.365119563396504248E+02    1
    0.230461012615652680E+04    0.352491801409354100E+01   -0.300851003608219481E+00    0.621879599609629574E+00    0.104995171462580461E+01    0.299974278781794235E+01    0.229242807525823764E+02    0.448602439490361888E+02   -0.200957704741550037E+04   -0.365319563396504279E+02    1
    0.230455875556370347E+04    0.350459628885878072E+01   -0.300357396359356710E+00    0.618728230981401728E+00    0.104997094741045416E+01    0.299965567983427484E+01    0.429289430487382475E+02    0.148832265356059423E+01   -0.200957359183406288E+04   -0.365519563396504239E+02    1
    0.230462195437750961E+04    0.346023996474779638E+01   -0.300740676021794384E+00    0.629364782032735604E+00    0.104994706298775098E+01    0.299956179223928121E+01   -0.342456296267428755E+02    0.486484909857790342E+02   -0.200957139302557243E+04   -0.365719563396504270E+02    1
    0.230511481373763672E+04    0.346046123890422486E+01   -0.300651631542253384E+00    0.628281268930948156E+00    0.104989325835677838E+01    0.299967092264996182E+01    0.131812705705155153E+02    0.367261211024564176E+02   -0.200954871875075924E+04   -0.365919563396504302E+02    1
    0.230463017450688994E+04    0.346095344880805689E+01   -0.301512271513256935E+00    0.629618248945920778E+00    0.104996251025607190E+01    0.299974793987484212E+01   -0.128467125990273843E+02   -0.945622870818829853E+01   -0.200952892909755224E+04   -0.366119563396504262E+02    1
    0.230480089203463649E+04    0.346583395863598831E+01   -0.300140732662420029E+00    0.635185268812378134E+00    0.104986406717193326E+01    0.299986329503699656E+01   -0.458942203966819733E+02   -0.405590718279865712E+02   -0.200951149211815959E+04   -0.366319563396504293E+02    1
    0.230436845652844249E+04    0.348692875128570057E+01   -0.300009295939666631E+00    0.631923972706289527E+00    0.104987797737986277E+01    0.299954720951608245E+01    0.422320713887369976E+02   -0.147638942020260728E+02   -0.200947517209061289E+04   -0.366519563396504253E+02    1
    0.230501985908189181E+04    0.346165832244331506E+01   -0.301732229929567164E+00    0.634886321993864078E+00    0.104995667067507314E+01    0.299995563930080600E+01    0.468611813931962331E+02   -0.271782021850187263E+02   -0.200943697279830167E+04   -0.366719563396504284E+02    1
    0.230553765491864851E+04    0.349368697374058179E+01   -0.300422178278115626E+00    0.627602415727971596E+00    0.104994595850591099E+01    0.299966237486054554E+01    0.208600608528081324E+02    0.468871621378968086E+02   -0.200943663030735752E+04   -0.366919563396504245E+02    1
    0.230467721559475194E+04    0.350900137660581990E+01   -0.301954717169027942E+00    0.627932667915539033E+00    0.104995032270178035E+01    0.299978625653277398E+01    0.434213571046440308E+02   -0.416734850101684700E+02   -0.200941511690676430E+04   -0.367119563396504276E+02    1
    0.230445075770085805E+04    0.350535866268119634E+01   -0.301729558833201961E+00    0.628398329163616154E+00    0.104989818502260812E+01    0.299999183816143544E+01   -0.323684284000666125E+02   -0.445568127956264135E+02   -0.200939901915891278E+04   -0.367319563396504307E+02    1
    0.230539994539785448E+04    0.347286809796125207E+01   -0.301166191297474128E+00    0.630209083670244752E+00    0.104994790389389236E+01    0.299942162040720861E+01   -0.223063653118257648E+02    0.341332758699282124E+02   -0.200939692833255504E+04   -0.367519563396504267E+02    1
    0.230534002077170771E+04    0.348076203502582437E+01   -0.302290162266529605E+00    0.629698342548231649E+00    0.104999087596244878E+01    0.299991502066911186E+01    0.120878080195767197E+02    0.261855913098075206E+02   -0.200939425817672804E+04   -0.367719563396504299E+02    1
    0.230565232747667505E+04    0.346194620162271782E+01   -0.300146627103470620E+00    0.631848082649216880E+00    0.104996412745596190E+01    0.299897330321180178E+01   -0.470023797530418577E+02    0.338934348576075593E+02   -0.200939156981124484E+04   -0.367919563396504259E+02    1
    0.230540856453695778E+04    0.348591195218136640E+01   -0.300855451347401492E+00    0.628523471951379253E+00    0.104993605954410518E+01    0.299913406671867966E+01    0.320117053181151618E+02    0.464331115418605123E+02   -0.200938532098653604E+04   -0.368119563396504290E+02    1
    0.230536764955663193E+04    0.343956907837527393E+01   -0.300216716848207943E+00    0.633056753686988660E+00    0.104996391078275919E+01    0.299917157941400525E+01    0.323647924003452943E+02    0.798619345797767721E+00   -0.200936303530069108E+04   -0.368319563396504250E+02    1
    0.230494594592689009E+04    0.349211777090982389E+01   -0.301504560016559231E+00    0.625661323086411869E+00    0.104991937136601909E+01    0.299943601870684207E+01    0.299836990582799956E+02   -0.117765425351648219E+02   -0.200929559088984729E+04   -0.368519563396504282E+02    1
    0.230499949247414042E+04    0.349700040951177638E+01   -0.301496193745168117E+00    0.632212236965641328E+00    0.104995462392771932E+01    0.299967864808678009E+01   -0.364501969646905977E+02    0.453691573506019807E+01   -0.200926480794059398E+04   -0.368719563396504313E+02    1
    0.230469008946494569E+04    0.349936198215313565E+01   -0.299773079436984446E+00    0.621906238825965296E+00    0.104999997719363836E+01    0.299988466337770898E+01   -0.314629519051357782E+02   -0.694566625168349816E+01   -0.200926200259265670E+04   -0.368919563396504273E+02    1
    0.230477489270899332E+04    0.352363761586790414E+01   -0.300259648418152725E+00    0.623822963001941844E+00    0.104997957021781185E+01    0.299925718087241799E+01    0.514363329677672709E+01   -0.323812803962129436E+02   -0.200924018679332289E+04   -0.369119563396504304E+02    1
    0.230490572355251970E+04    0.350302698103885035E+01   -0.301814366172182880E+00    0.627424287977130790E+00    0.104991442571046756E+01    0.299975260336897476E+01    0.341320855729826462E+02   -0.236126446819067972E+02   -0.200923917560929362E+04   -0.369319563396504265E+02    1
    0.230509192300057248E+04    0.349592381249806161E+01   -0.302172374367026042E+00    0.627520203506654717E+00    0.104996393642120811E+01    0.299942090057379396E+01    0.440735129897522881E+01    0.483722688452870955E+02   -0.200922833747272534E+04   -0.369519563396504296E+02    1
    0.230521206018195790E+04    0.346232813340695245E+01   -0.300216574321525598E+00    0.626520561732348824E+00    0.104989901646147343E+01    0.299990373278844702E+01   -0.665127612081032993E+01   -0.579251182139046961E+01   -0.200922495146653182E+04   -0.369719563396504256E+02    1
    0.230538468327637611E+04    0.346564210546248042E+01   -0.300154131079813258E+00    0.630172401439571095E+00    0.104992675928897161E+01    0.299904884989338738E+01   -0.320363200584312580E+02    0.109801189624418427E+02   -0.200919076331246788E+04   -0.369919563396504287E+02    1
    0.230482233807509965E+04    0.347571166932794728E+01   -0.300828443238759624E+00    0.635194827154013542E+00    0.104998019849993973E+01    0.299935356387107577E+01   -0.197029406034504788E+02    0.339976561852476209E+02   -0.200918704455569218E+04   -0.370119563396504248E+02    1
    0.230472762269909981E+04    0.352002026857490158E+01   -0.299993779457476961E+00    0.622126435002221534E+00    0.104992182478515517E+01    0.299948637993583667E+01    0.296975380049599806E+02   -0.343476104713727608E+02   -0.200918538752334393E+04   -0.370319563396504279E+02    1
    0.230530749326508203E+04    0.349775783901488602E+01   -0.300326727057153853E+00    0.628509780488411884E+00    0.104988182450042333E+01    0.299950509238177565E+01   -0.360757901910063694E+02   -0.344493683358747802E+02   -0.200918506117828883E+04   -0.370519563396504310E+02    1
    0.230532508643903930E+04    0.346068732799673295E+01   -0.300365645143039095E+00    0.634321045894225000E+00    0.104991500603585175E+01    0.299990173059564480E+01    0.242258742659963389E+01   -0.402767490537436856E+01   -0.200913892402395959E+04   -0.370719563396504270E+02    1
    0.230419194929793957E+04    0.346499085282994601E+01   -0.300346853670004188E+00    0.630771732555414077E+00    0.104993458689842623E+01    0.299999592698492235E+01    0.339963872631194590E+02   -0.608013658835350412E+01   -0.200913255635083624E+04   -0.370919563396504230E+02    1
    0.230509275973873173E+04    0.350192075230735167E+01   -0.300727107816410544E+00    0.631482644981868901E+00    0.104995082720305288E+01    0.299935853592856416E+01    0.151571170312831356E+02    0.568957270201318721E+01   -0.200911943230943393E+04   -0.371119563396504262E+02    1
    0.230414936514479723E+04    0.351808604076829656E+01   -0.301291191464294839E+00    0.626195709450505622E+00    0.104998167311200574E+01    0.299990624261359073E+01   -0.444895992551347845E+02   -0.266625638969120438E+02   -0.200911749198714324E+04   -0.371319563396504293E+02    1
    0.230502328029832779E+04    0.349272986173298605E+01   -0.300776428667948181E+00    0.625864011822752087E+00    0.104987197398910026E+01    0.299950729213644474E+01   -0.388342343372565324E+01   -0.227531951433375959E+02   -0.200911699636072967E+04   -0.371519563396504324E+02    1
    0.230409471481381934E+04    0.349522327643612485E+01   -0.299915969000631444E+00    0.623374408808907154E+00    0.104999742920262817E+01    0.299985853356186238E+01   -0.403236072451479259E+02   -0.591217258316173400E+01   -0.200911694394314986E+04   -0.371719563396504284E+02    1
    0.230426522446282434E+04    0.349124402996993899E+01   -0.300354365077207364E+00    0.629116447333007534E+00    0.104999163962765985E+01    0.299911343218976301E+01   -0.457265232074874675E+02    0.246040523562501789E+02   -0.200905474857502850E+04   -0.371919563396504316E+02    1
    0.230547694949281231E+04    0.349889397451030426E+01   -0.300497602236033612E+00    0.629786838885193156E+00    0.104998480715136711E+01    0.299869431067275416E+01   -0.977238572081746781E+01   -0.193531347037597570E+02   -0.200904587923547933E+04   -0.372119563396504276E+02    1
    0.230414542492216242E+04    0.349318355020803084E+01   -0.301012318227733056E+00    0.624883062279209200E+00    0.104996353148368171E+01    0.299978256572081925E+01   -0.143211148599736120E+02    0.201004785134739450E+02   -0.200903848528056324E+04   -0.372319563396504307E+02    1
    0.230529153779942135E+04    0.344664674630202139E+01   -0.300433769122293859E+00    0.629852990893119413E+00    0.104998537490946497E+01    0.299937887556043936E+01    0.268497480756519877E+02   -0.106283582018030316E+02   -0.200901342489324111E+04   -0.372519563396504267E+02    1
    0.230492398348682582E+04    0.349235444683661722E+01   -0.301697046009255176E+00    0.630590755768436706E+00    0.104997668787299014E+01    0.299927983441376078E+01    0.287369679313093798E+02   -0.134530830257904697E+02   -0.200895043627267410E+04   -0.372719563396504299E+02    1
    0.230502310139806832E+04    0.350211962169590540E+01   -0.300732582831086170E+00    0.631854563055340046E+00    0.104998951521480510E+01    0.299897537577464313E+01   -0.309890344624991023E+02    0.498982876838256857E+02   -0.200893106386453678E+04   -0.372919563396504259E+02    1
    0.230523867763688850E+04    0.349413485404495727E+01   -0.301170681069945156E+00    0.630187338469506808E+00    0.104994724453806398E+01    0.299995862445386630E+01    0.187259284987759713E+02    0.265045224911909827E+02   -0.200891422287874389E+04   -0.373119563396504290E+02    1
    0.230530815115156838E+04    0.349198575211233653E+01   -0.300364232868433223E+00    0.628533270575995173E+00    0.104989317051812514E+01    0.299991156515647228E+01   -0.259113062342333578E+02    0.179739432929246448E+02   -0.200888262947739827E+04   -0.373319563396504250E+02    1
    0.230550773050031830E+04    0.344154994666115233E+01   -0.300545233066927264E+00    0.631762171573809317E+00    0.104997884823752785E+01    0.299999498151732569E+01    0.133721290866903857E+02    0.253003461677703001E+01   -0.200886882239713918E+04   -0.373519563396504282E+02    1
    0.230476785473968175E+04    0.350741282849722902E+01   -0.300240478853729009E+00    0.621772154703400859E+00    0.104993327853516982E+01    0.299937208658638044E+01    0.356284638446093282E+02    0.401702615498829090E+02   -0.200884181128349428E+04   -0.373719563396504313E+02    1
    0.230503423584654320E+04    0.346474329729123554E+01   -0.299967282365789734E+00    0.633131405255971780E+00    0.104992429815240018E+01    0.299936157434646722E+01   -0.143856527660444939E+02   -0.264419848781814864E+02   -0.200884003995362150E+04   -0.373919563396504273E+02    1
    0.230487376176929683E+04    0.348038305317840724E+01   -0.299991827936741007E+00    0.626231160454301383E+00    0.104994894526481475E+01    0.299902040222791122E+01   -0.689571560353389401E+01   -0.328885725499537145E+02   -0.200882909561111001E+04   -0.374119563396504304E+02    1
    0.230414831253998773E+04    0.351017489801337312E+01   -0.300020109280562663E+00    0.625652410348960686E+00    0.104993925780196240E+01    0.299949119932462960E+01    0.476808350839274908E+01    0.347335107299559667E+02   -0.200880779922016245E+04   -0.374319563396504265E+02    1
    0.230524241417087387E+04    0.348723880480892978E+01   -0.300258843135425113E+00    0.623692550345078534E+00    0.104994468106554995E+01    0.299962103504398536E+01    0.176971103336782676E-01   -0.209431642766913271E+02   -0.200879608842804942E+04   -0.374519563396504296E+02    1
    0.230510680585357113E+04    0.350103179714034507E+01   -0.301112216460633464E+00    0.629509777095046630E+00    0.104992843997460406E+01    0.299999857520855073E+01    0.294075465222659318E+02    0.407406338519526514E+02   -0.200878626958557288E+04   -0.374719563396504256E+02    1
    0.230492260713242285E+04    0.344561178265569090E+01   -0.300814441639519592E+00    0.629495902536774787E+00    0.104998328125696805E+01    0.299985899182942539E+01    0.113941563908583987E+01    0.423731048669628763E+02   -0.200875650430199516E+04   -0.374919563396504287E+02    1
    0.230530483257486139E+04    0.347485404164119682E+01   -0.299878239583886319E+00    0.631980147539818127E+00    0.104992268596605265E+01    0.299980476505901228E+01    0.183230749321152047E+02    0.344094150984788172E+01   -0.200874556737125931E+04   -0.375119563396504319E+02    1
    0.230485827468081879E+04    0.348450373001626090E+01   -0.300536241020861628E+00    0.631632695156974622E+00    0.104998537651111423E+01    0.299881064170854250E+01    0.243420587846435410E+02    0.241278791027336723E+02   -0.200873666642360627E+04   -0.375319563396504350E+02    1
    0.230495063071274126E+04    0.345980007467069317E+01   -0.300006062148898411E+00    0.624483622308199426E+00    0.104998275829602838E+01    0.299996897691440001E+01   -0.344162463882956473E+02   -0.304349704663487834E+02   -0.200871042565015364E+04   -0.375519563396504310E+02    1
    0.230425410958301018E+04    0.351465879909844681E+01   -0.300104978842624104E+00    0.622288407365385376E+00    0.104989903235186377E+01    0.299988752810517623E+01    0.316183618101254496E+02   -0.420318253114355755E+02   -0.200868109972617708E+04   -0.375719563396504341E+02    1
    0.230509191026695862E+04    0.350807574179610082E+01   -0.300650829156846822E+00    0.622774137170165165E+00    0.104997980096258936E+01    0.299954439961005592E+01   -0.619571516520760213E+01    0.255394629481285875E+02   -0.200866208643232608E+04   -0.375919563396504302E+02    1
    0.230411324070068258E+04    0.352212792354180770E+01   -0.300674500797911970E+00    0.621464357274521650E+00    0.104998487718864020E+01    0.299993039141709472E+01    0.380613007703483106E+02   -0.173120413521317218E+02   -0.200866195372799507E+04   -0.376119563396504333E+02    1
    0.230424469187896830E+04    0.349569206632119123E+01   -0.300542401990520902E+00    0.635407533618448372E+00    0.104999282565365215E+01    0.299998728702588036E+01    0.614240394336794537E+01   -0.135184797953017366E+02   -0.200864269546536411E+04   -0.376319563396504293E+02    1
    0.230425854835996051E+04    0.349438503236113984E+01   -0.299932576923121752E+00    0.623099312667201088E+00    0.104996173024724371E+01    0.299990987874493076E+01   -0.453963172436752416E+02   -0.727939803960280329E+01   -0.200863526003345692E+04   -0.376519563396504253E+02    1
    0.230429078479078225E+04    0.348840907170918069E+01   -0.300305506147581336E+00    0.628309621986195999E+00    0.104993735253232701E+01    0.299953136802736831E+01   -0.217473488634347412E+02    0.244050194112251972E+02   -0.200862837519386699E+04   -0.376719563396504284E+02    1
    0.230443891202212853E+04    0.348169244820949597E+01   -0.300704946881458324E+00    0.632452397732634841E+00    0.104992694827430988E+01    0.299984551159748181E+01   -0.108622508664184565E+02    0.148532901224999137E+02   -0.200862481191321308E+04   -0.376919563396504316E+02    1
    0.230464851871375140E+04    0.348343216913347398E+01   -0.300513220850488649E+00    0.623805044365272732E+00    0.104994097418395826E+01    0.299974976762667556E+01    0.230088518562306774E+02   -0.437618114251386530E+02   -0.200861743759708497E+04   -0.377119563396504347E+02    1
    0.230524469404241381E+04    0.348996089268567378E+01   -0.300147181450298506E+00    0.634178047836694181E+00    0.104998930226911269E+01    0.299961712541815162E+01    0.231416764254094147E+02    0.236622119170078520E+02   -0.200860236307673563E+04   -0.377319563396504307E+02    1
    0.230474214278033378E+04    0.347900277876324004E+01   -0.301747021334568377E+00    0.629612359868604976E+00    0.104994811103504548E+01    0.299985679072451372E+01   -0.275624487442341426E+02    0.413659502594190656E+02   -0.200858292435082103E+04   -0.377519563396504267E+02    1
    0.230492427997014238E+04    0.347727220978532969E+01   -0.300605073593358973E+00    0.628119820816862351E+00    0.104989314016496293E+01    0.299969691405594752E+01   -0.143454017191182359E+02    0.421186077590795378E+02   -0.200856742551210891E+04   -0.377719563396504299E+02    1
    0.230497766887730177E+04    0.347321058068544142E+01   -0.300647986570349190E+00    0.627457947039970154E+00    0.104989451126509792E+01    0.299989159240160719E+01    0.493574862808857802E+02   -0.305926909418231290E+02   -0.200856200682640997E+04   -0.377919563396504259E+02    1
    0.230507180075900715E+04    0.347931043808402052E+01   -0.300222642925032035E+00    0.631990657587222948E+00    0.104996180552651497E+01    0.299889069758520854E+01   -0.336891984068527677E+02    0.418482346825981040E+02   -0.200854129328596582E+04   -0.378119563396504290E+02    1
    0.230497529721829324E+04    0.344371941143072613E+01   -0.300317799555830212E+00    0.634840950531783577E+00    0.104996430171512301E+01    0.299963555787783553E+01   -0.957133367247804046E+01   -0.124646772537264212E+02   -0.200853470408607018E+04   -0.378319563396504250E+02    1
    0.230499207211036810E+04    0.350775465526018992E+01   -0.300213816197755834E+00    0.627009054971003676E+00    0.104993729553729920E+01    0.299921065473898274E+01    0.150091834100796859E+02   -0.318076130533138333E+02   -0.200850296471883121E+04   -0.378519563396504282E+02    1
    0.230503058025625432E+04    0.345297581295181288E+01   -0.300164854716143403E+00    0.635780132291974165E+00    0.104996771796654298E+01    0.299947795420245633E+01    0.239622776175190921E+01   -0.447257546174178344E+02   -0.200849773959538334E+04   -0.378719563396504313E+02    1
    0.230431640887266167E+04    0.350513926598616399E+01   -0.300053820859397802E+00    0.624268593293442420E+00    0.104990401343569406E+01    0.299959549773036249E+01    0.246402108018828301E+02   -0.560609048768574780E+01   -0.200849379689838929E+04   -0.378919563396504344E+02    1
    0.230479853316579647E+04    0.344948505169125674E+01   -0.300503213948219272E+00    0.630556523360209953E+00    0.104994640560931041E+01    0.299991900754997509E+01   -0.135643063095364482E+02    0.433612338139936071E+01   -0.200847905815800709E+04   -0.379119563396504304E+02    1
    0.230478322028456023E+04    0.344066544084187420E+01   -0.300947842535218946E+00    0.631925324192629256E+00    0.104999824990495672E+01    0.299994975166173994E+01   -0.332662932243971667E+02   -0.309960247365169934E+02   -0.200847379272622038E+04   -0.379319563396504265E+02    1
    0.230470969704010804E+04    0.350001397934093550E+01   -0.300169825635744014E+00    0.624140690831851419E+00    0.104990951521635356E+01    0.299925181572931709E+01    0.720925601869283383E+01    0.480438645130111297E+02   -0.200847165756765821E+04   -0.379519563396504296E+02    1
    0.230447181495515997E+04    0.346755355076348248E+01   -0.300327172999203307E+00    0.629170580722357320E+00    0.104994745092680408E+01    0.299974446896880043E+01   -0.481883188435757219E+02    0.336699664873672617E+02   -0.200846249746435615E+04   -0.379719563396504327E+02    1
    0.230457101440738188E+04    0.350656546326142493E+01   -0.301926031789776006E+00    0.624120812733286345E+00    0.104997034850005955E+01    0.299991694889203275E+01    0.580944789166444053E+01    0.165769433747495185E+02   -0.200844336614749523E+04   -0.379919563396504287E+02    1
    0.230477127505898625E+04    0.347059055943020800E+01   -0.299997281416940542E+00    0.636034593063280806E+00    0.104996938777759952E+01    0.299951972163918246E+01    0.245318065846915232E+02    0.323854447519089490E+02   -0.200843401843021365E+04   -0.380119563396504319E+02    1
    0.230472962320999113E+04    0.348354267611808499E+01   -0.300307537540080827E+00    0.630437485464425906E+00    0.104997503042033413E+01    0.299895955202936770E+01    0.875708663416801869E+01   -0.242867397886102694E+02   -0.200843286905476657E+04   -0.380319563396504279E+02    1
    0.230528879918329449E+04    0.344502303064293969E+01   -0.300671187372431703E+00    0.632307969679577586E+00    0.104996818375625023E+01    0.299991453261125107E+01   -0.444666183589487218E+01   -0.346196010492086543E+02   -0.200842600833968731E+04   -0.380519563396504310E+02    1
    0.230475506578212617E+04    0.349661859893189986E+01   -0.300484723628139494E+00    0.627458975292768173E+00    0.104993753182521132E+01    0.299905783493534672E+01   -0.181267969940770755E+02   -0.391330935160491578E+02   -0.200842537154643969E+04   -0.380719563396504341E+02    1
    0.230513178711227010E+04    0.347954211271992619E+01   -0.301142005276612279E+00    0.625990658890012375E+00    0.104997309151301788E+01    0.299974468553475759E+01   -0.217111263232796148E+01    0.355753109578652982E+02   -0.200839890777145001E+04   -0.380919563396504302E+02    1
    0.230465970938959708E+04    0.349688350555702332E+01   -0.301821022346432988E+00    0.624973761866544075E+00    0.104999421106090085E+01    0.299952194616468226E+01    0.307719450416163909E+01   -0.158773001745685249E+02   -0.200839813505702750E+04   -0.381119563396504333E+02    1
    0.230411322903870041E+04    0.350212915221366661E+01   -0.300118280599050713E+00    0.624795414211013700E+00    0.104997870602421051E+01    0.299946710664576655E+01    0.829697105978188887E+01    0.282374836411491685E+02   -0.200838252813611984E+04   -0.381319563396504293E+02    1
    0.230473179455717127E+04    0.350303991973529971E+01   -0.300318991653500067E+00    0.627459628825381199E+00    0.104993758812980764E+01    0.299906076960793389E+01   -0.447050071568654630E+02    0.829031582985941640E+01   -0.200836942668308870E+04   -0.381519563396504324E+02    1
    0.230521688462803831E+04    0.350531770927628639E+01   -0.299838783519937035E+00    0.626963155906895775E+00    0.104995437374795375E+01    0.299992509354746772E+01   -0.271197407634376475E+01   -0.301673391640674637E+02   -0.200835778639258297E+04   -0.381719563396504284E+02    1
    0.230442941914940729E+04    0.346767796245552740E+01   -0.300654567553698626E+00    0.636063810227128767E+00    0.104999758118323649E+01    0.299995050340833513E+01   -0.427896173923301859E+01   -0.444430294352908959E+02   -0.200835693395985481E+04   -0.381919563396504316E+02    1
    0.230504194011582786E+04    0.348837741808765145E+01   -0.299962471062827696E+00    0.624061061641289605E+00    0.104993421455897362E+01    0.299958044541751345E+01   -0.437512795783574688E+02   -0.138556247015454943E+02   -0.200834618961943966E+04   -0.382119563396504276E+02    1
    0.230483276978810500E+04    0.348700192202382553E+01   -0.300082476575829371E+00    0.628116606188193538E+00    0.104995430492631447E+01    0.299889146577759114E+01    0.980198196870847482E+01   -0.455206895279061996E+01   -0.200834070298162146E+04   -0.382319563396504307E+02    1
    0.230454414176259252E+04    0.350394123147964631E+01   -0.300446258790729170E+00    0.626594622939633306E+00    0.104987371687089248E+01    0.299975816296281561E+01    0.149348644553831065E+02   -0.122775725748369027E+02   -0.200832831315522299E+04   -0.382519563396504267E+02    1
    0.230499325138489803E+04    0.348035230570534182E+01   -0.301644243170843318E+00    0.626696480674137968E+00    0.104999928740492621E+01    0.299961535741532748E+01    0.164400872243343343E+01   -0.592135075088911833E+00   -0.200830711099375662E+04   -0.382719563396504299E+02    1
    0.230460458809036209E+04    0.348495082867143324E+01   -0.300246415702584646E+00    0.623818974174580543E+00    0.104995460858609468E+01    0.299966453667489708E+01   -0.176310881327179985E+02    0.158150708556961916E+01   -0.200828454904816090E+04   -0.382919563396504330E+02    1
    0.230467172457628158E+04    0.346091351102260170E+01   -0.300084836180128212E+00    0.632789808011364974E+00    0.104998541962712144E+01    0.299933698588953712E+01   -0.159707739796936892E+02   -0.248621002812249543E+02   -0.200828316535691579E+04   -0.383119563396504290E+02    1
    0.230543280353529190E+04    0.346009130032504331E+01   -0.300665458356151660E+00    0.630385132325460784E+00    0.104999142260402678E+01    0.299992703459403476E+01    0.374538521469497567E+02   -0.231476462516190651E+01   -0.200828177520356689E+04   -0.383319563396504321E+02    1
    0.230488925522967202E+04    0.348274635147519707E+01   -0.300921739386219467E+00    0.627836498858694192E+00    0.104992633301919280E+01    0.299966021219708834E+01    0.177606990146356054E+02   -0.265355160745167922E+02   -0.200826074076142436E+04   -0.383519563396504353E+02    1
    0.230456304202840238E+04    0.349751105485216129E+01   -0.300121911759596016E+00    0.626511669261563764E+00    0.104985974023040218E+01    0.299963840142566962E+01    0.291741107066504810E+02   -0.127806922872384234E+02   -0.200824698875583022E+04   -0.383719563396504313E+02    1
    0.230531535577235536E+04    0.349387424970201277E+01   -0.300801961678661578E+00    0.627354204835261942E+00    0.104997695064433061E+01    0.299991941935892426E+01    0.292890940758764913E+02   -0.261126000190273544E+01   -0.200821405179728526E+04   -0.383919563396504344E+02    1
    0.230538831915404990E+04    0.346052269624682962E+01   -0.300564114808793803E+00    0.631002738304394906E+00    0.104999444867895919E+01    0.299951202935716665E+01   -0.285976983016837174E+02   -0.493822284720899845E+02   -0.200819431443581766E+04   -0.384119563396504304E+02    1
    0.230489041710367246E+04    0.350029468690489765E+01   -0.301346284347398630E+00    0.631287464216480410E+00    0.104999746987008891E+01    0.299950849089647553E+01   -0.482825972676071871E+02   -0.214308612459922543E+02   -0.200818421683676524E+04   -0.384319563396504265E+02    1
    0.230413332559256924E+04    0.349054629635501801E+01   -0.300968959994449892E+00    0.631758511142797019E+00    0.104999639010729551E+01    0.299988023767849343E+01   -0.481337021676344321E+02    0.256395156892893255E+02   -0.200818135667390129E+04   -0.384519563396504296E+02    1
    0.230463664960730148E+04    0.351719162158717324E+01   -0.300818488895347902E+00    0.621813011850612440E+00    0.104998397704156221E+01    0.299998799463352617E+01    0.151891537302244757E+02   -0.461328803342152725E+02   -0.200818076009480865E+04   -0.384719563396504327E+02    1
    0.230463111432181813E+04    0.347508206746362358E+01   -0.300682327432754415E+00    0.625898318237842699E+00    0.104996037105690565E+01    0.299985764814920142E+01   -0.675703510321560685E+01    0.403658294818593646E+02   -0.200814111616962191E+04   -0.384919563396504358E+02    1
    0.230515001816501808E+04    0.345421242272304596E+01   -0.300587197590002519E+00    0.634573249339333345E+00    0.104997393867198596E+01    0.299980060325584796E+01    0.471020737432040448E+01   -0.420918560706698699E+02   -0.200812916845395057E+04   -0.385119563396504319E+02    1
    0.230457008297757966E+04    0.351665233426536084E+01   -0.300290452934936836E+00    0.627745306841522632E+00    0.104999255291988147E+01    0.299959893884847295E+01    0.440332857544181735E+02    0.394994513037877795E+02   -0.200812536059526224E+04   -0.385319563396504279E+02    1
    0.230462621243988997E+04    0.348763770712787124E+01   -0.301336191726741254E+00    0.631430004291474223E+00    0.104994819828425756E+01    0.299995250777136091E+01    0.313704864141620305E+02   -0.669243725834753889E+01   -0.200811666098049818E+04   -0.385519563396504310E+02    1
    0.230499993507005229E+04    0.348102088381311292E+01   -0.300561302692131993E+00    0.629253233916857502E+00    0.104993360975069439E+01    0.299947118896125797E+01   -0.432308460572883320E+02   -0.115304123592904091E+02   -0.200810455590277820E+04   -0.385719563396504341E+02    1
    0.230472862934368914E+04    0.344698539289683392E+01   -0.299936855676091074E+00    0.632065523222187453E+00    0.104997938605431029E+01    0.299998836582502371E+01    0.399384150198857384E+02   -0.318143600783692406E+02   -0.200808718068369126E+04   -0.385919563396504373E+02    1
    0.230445846231919677E+04    0.350176662463355726E+01   -0.300715377822741214E+00    0.622994664507182438E+00    0.104999428219300306E+01    0.299947740549970554E+01   -0.211631103984777873E+02    0.383417189794055560E+02   -0.200808258763401295E+04   -0.386119563396504333E+02    1
    0.230494929212646230E+04    0.350267180842423587E+01   -0.300698532319466083E+00    0.630698561750349662E+00    0.104997167009474879E+01    0.299960809377638693E+01   -0.213806590621319685E+02   -0.447272658941756589E+02   -0.200807343123898249E+04   -0.386319563396504293E+02    1
    0.230498905428444414E+04    0.346541591436053453E+01   -0.300581286673555270E+00    0.633418680080060859E+00    0.104996829648110079E+01    0.299958801763268923E+01   -0.653695676305011375E+01    0.188049666908293744E+02   -0.200807050251499959E+04   -0.386519563396504324E+02    1
    0.230411052047499425E+04    0.349438080569546816E+01   -0.300980775908961440E+00    0.625607015562975377E+00    0.104998293767820061E+01    0.299992146040322227E+01   -0.345573186266646672E+02    0.973175437176890767E+01   -0.200806591689427842E+04   -0.386719563396504356E+02    1
    0.230508599700863988E+04    0.348155652867265530E+01   -0.300658265285795923E+00    0.630652374230559865E+00    0.104992976449706976E+01    0.299981127888202304E+01    0.614003506228441864E+01    0.916091160069095878E+01   -0.200805671803414111E+04   -0.386919563396504316E+02    1
    0.230439938884417097E+04    0.346195088799233552E+01   -0.300446671436745527E+00    0.632816510905285234E+00    0.104999638566116604E+01    0.299979982480119256E+01   -0.575559657259737634E+01    0.890824767469374024E+01   -0.200803066627823523E+04   -0.387119563396504347E+02    1
