    0.144978325677076812E-96    0.472683429320414859E+03    0.107911605834960938E+04    0.494656455516815186E+01    0.810339838266372681E+00    0.352617430686950728E+00
    0.172877272792250470E-95    0.467706263766893187E+03    0.114514036178588867E+04    0.340481495857238770E+01   -0.255256295204162598E-01    0.586694300174713135E+00
    0.743266204774602681E-95    0.464769319112283767E+03    0.111261816024780273E+04    0.319348013401031494E+01    0.805009752511978149E+00    0.241180008649826055E+00
    0.159927612853118624E-92    0.454006474496393082E+03    0.110722551345825195E+04    0.495826816558837891E+01    0.411611050367355347E+00    0.199180173873901384E+00
    0.169770570066415538E-90    0.444656680835419706E+03    0.109614572525024414E+04    0.329441976547241211E+01   -0.372344732284545898E+00    0.697919642925262540E+00
    0.284352933982574330E-88    0.434394803955011014E+03    0.110999326705932617E+04    0.411849427223205566E+01   -0.327705532312393188E+00    0.206858587265014660E+00
    0.361390845670698517E-85    0.420079805685560586E+03    0.114159917831420898E+04    0.432897233963012695E+01   -0.157688260078430176E-01    0.441812771558761641E+00
    0.448123865383680081E-84    0.415024416236011859E+03    0.126264486312866211E+04    0.488532066345214844E+01   -0.374427288770675659E+00    0.464392393827438354E+00
    0.721897580860435841E-84    0.414050789046741613E+03    0.118618688583374023E+04    0.344131731986999512E+01    0.242612659931182861E+00    0.214427477121353183E+00
    0.362017738080547749E-82    0.406200828801202931E+03    0.110340528488159180E+04    0.355695986747741699E+01    0.503676354885101318E+00    0.235296654701232927E+00
    0.238698805515309143E-79    0.393198299606520152E+03    0.115854606628417969E+04    0.467785358428955078E+01    0.244992673397064209E-01    0.199959355592727678E+00
    0.297403110102967150E-77    0.383528187309729731E+03    0.127076816558837891E+04    0.401327717304229736E+01   -0.153906345367431641E-01    0.490893918275833174E+00
    0.137801663458992132E-75    0.375836393060877128E+03    0.127889766693115234E+04    0.303057205677032471E+01   -0.481470316648483276E+00    0.495135587453842230E+00
    0.158627101965382334E-73    0.366324571194790565E+03    0.128108968734741211E+04    0.369512164592742920E+01    0.881922453641891479E+00    0.733860051631927579E+00
    0.122799026296740771E-72    0.362211415190013668E+03    0.126516628265380859E+04    0.328700411319732666E+01   -0.369909018278121948E+00    0.221809780597686801E+00
    0.473467745809658876E-72    0.359492345779746131E+03    0.124615411758422852E+04    0.386107528209686279E+01    0.367532074451446533E-01    0.252358543872833296E+00
    0.515714773979058812E-71    0.354696235478939570E+03    0.122602977752685547E+04    0.451242780685424805E+01    0.373349875211715698E+00    0.339412689208984375E+00
    0.128581058135682625E-70    0.352849053974890921E+03    0.129857587814331055E+04    0.450751185417175293E+01   -0.203702092170715332E+00    0.602948802709579512E+00
    0.830962954559983892E-69    0.344491832376030231E+03    0.133324079513549805E+04    0.309360921382904053E+01   -0.235304951667785645E+00    0.570548528432846092E+00
    0.641662477711066743E-68    0.340383707759485276E+03    0.119288845062255859E+04    0.458696377277374268E+01    0.925050497055053711E+00    0.269822353124618552E+00
    0.194340352017219769E-66    0.333542270219575300E+03    0.129996013641357422E+04    0.300881874561309814E+01    0.330593764781951904E+00    0.498541706800460838E+00
    0.343323650701695774E-66    0.332384145066452731E+03    0.131613016128540039E+04    0.479302239418029785E+01    0.779379546642303467E+00    0.389475625753402777E+00
    0.161344324160260718E-65    0.329269240579724112E+03    0.134461832046508789E+04    0.442123234272003174E+01   -0.483831644058227539E+00    0.133735501766204856E+00
    0.300664112495531812E-65    0.328004334588435995E+03    0.128132095336914062E+04    0.393063735961914062E+01    0.761023759841918945E-01    0.172966790199279796E+00
    0.398904316830166407E-63    0.318208538527748260E+03    0.132724390029907227E+04    0.416516363620758057E+01    0.200544625520706177E+00    0.651999825239181541E+00
    0.653646336396834941E-62    0.312595678632830868E+03    0.132325601577758789E+04    0.440000212192535400E+01   -0.470290780067443848E-01    0.454845112562179632E+00
    0.906959369324070603E-62    0.311920616198465439E+03    0.137114067077636719E+04    0.385210156440734863E+01   -0.325261682271957397E+00    0.778362822532653875E+00
    0.173583143218375297E-61    0.310602327924678661E+03    0.132978439331054688E+04    0.487141168117523193E+01   -0.376805871725082397E+00    0.211219877004623413E+00
    0.632101423248363151E-61    0.307997541594959159E+03    0.137539291381835938E+04    0.326588618755340576E+01   -0.219388812780380249E+00    0.567851370573043912E+00
    0.673781525272276774E-59    0.298639489121402050E+03    0.138007125854492188E+04    0.468446159362792969E+01    0.925376027822494507E+00    0.426347965002059959E+00
    0.100860401165335454E-58    0.297812655971008382E+03    0.136679859161376953E+04    0.327678763866424561E+01   -0.486003428697586060E+00    0.425907158851623557E+00
    0.124471611077045136E-58    0.297371975426332483E+03    0.139474792480468750E+04    0.364822864532470703E+01    0.590284705162048340E+00    0.124874192476272586E+00
    0.625979604896401742E-58    0.294121495178120995E+03    0.146822586059570312E+04    0.483871030807495117E+01   -0.204320698976516724E+00    0.795584303140640325E+00
    0.663476008441316230E-58    0.293985145371134763E+03    0.142802839279174805E+04    0.412121379375457764E+01   -0.456740528345108032E+00    0.229737406969070440E+00
    0.450853807360610265E-57    0.290132674303675799E+03    0.135850696563720703E+04    0.376058530807495117E+01    0.622783869504928589E+00    0.502568793296814031E+00
    0.118965438759750927E-55    0.283566954160543901E+03    0.138267602920532227E+04    0.361417865753173828E+01    0.202466338872909546E+00    0.735714691877365157E+00
    0.118284426091085525E-55    0.283558435971747372E+03    0.143156318664550781E+04    0.458329951763153076E+01   -0.131158530712127686E-01    0.587223851680755637E+00
    0.916323180447063726E-52    0.265628371404194297E+03    0.135454568862915039E+04    0.301968288421630859E+01   -0.398104488849639893E-01    0.247596293687820462E+00
    0.164624029151241684E-51    0.264436610931845394E+03    0.144702615737915039E+04    0.343380177021026611E+01    0.553578674793243408E+00    0.781366896629333563E+00
    0.590000380717149305E-51    0.261863693092901997E+03    0.146307106018066406E+04    0.373893213272094727E+01   -0.164493918418884277E-02    0.650345414876937866E+00
    0.701729264077117236E-51    0.261496844125406483E+03    0.130356216430664062E+04    0.450944352149963379E+01    0.963509798049926758E+00    0.263407403230667136E+00
    0.131235908262108338E-50    0.260224776211108406E+03    0.143830718994140625E+04    0.475936090946197510E+01   -0.266553670167922974E+00    0.170728337764740001E+00
    0.187599752330074985E-49    0.254884977652553317E+03    0.143515615463256836E+04    0.313751566410064697E+01    0.830512553453445435E+00    0.655916970968246527E+00
    0.130529436155163991E-48    0.250985231367834814E+03    0.141669473648071289E+04    0.481104993820190430E+01    0.684961676597595215E-02    0.484268265962600752E+00
    0.166127837579537874E-48    0.250482913703547496E+03    0.142271223068237305E+04    0.432972609996795654E+01    0.390798538923263550E+00    0.438530278205871649E+00
    0.164807963362626549E-48    0.250478867023937227E+03    0.142518949508666992E+04    0.437674069404602051E+01    0.958272427320480347E+00    0.383956098556518577E+00
    0.198870142041127501E-48    0.250083124780978920E+03    0.142345428466796875E+04    0.487214517593383789E+01    0.904147773981094360E+00    0.586818969249725431E+00
    0.212476371312047014E-48    0.249930767322590782E+03    0.143376913070678711E+04    0.420501697063446045E+01   -0.349090158939361572E+00    0.330565983057022117E+00
    0.468190889066150631E-46    0.239120336336575008E+03    0.143753929138183594E+04    0.434387719631195068E+01   -0.933051407337188721E-01    0.133994519710540771E+00
    0.310509498508267548E-45    0.235316489357510051E+03    0.143939666748046875E+04    0.415028703212738037E+01    0.414563447237014771E+00    0.380487102270126387E+00
    0.540407181956755512E-45    0.234188272549192874E+03    0.147967596054077148E+04    0.426202106475830078E+01    0.848091036081314087E+00    0.133429211378097545E+00
    0.803535890820995293E-41    0.214954193892820257E+03    0.149246253967285156E+04    0.320678091049194336E+01    0.320090234279632568E+00    0.477806794643402144E+00
    0.964350923217599635E-41    0.214569327084182078E+03    0.145671987533569336E+04    0.447658872604370117E+01    0.819698065519332886E+00    0.368470805883407637E+00
    0.113624555060537047E-40    0.214221268138136480E+03    0.145639820098876953E+04    0.332489025592803955E+01    0.393530100584030151E+00    0.565449571609497159E+00
    0.128459733255142020E-40    0.213955836420707442E+03    0.144968681335449219E+04    0.405749118328094482E+01   -0.451324164867401123E+00    0.762826627492904752E+00
    0.174284423235382347E-40    0.213325690249441294E+03    0.155799198150634766E+04    0.367762732505798340E+01   -0.310212969779968262E+00    0.799409657716751099E+00
    0.568086319062806566E-40    0.210942520656687037E+03    0.152894945144653320E+04    0.448942160606384277E+01   -0.263517588376998901E+00    0.415443301200866699E+00
    0.259679069331081854E-39    0.207883004185704522E+03    0.147015876770019531E+04    0.318308615684509277E+01    0.673488616943359375E+00    0.727897089719772405E+00
    0.448204265474017249E-39    0.206771399068970055E+03    0.146442756652832031E+04    0.389912283420562744E+01   -0.122383236885070801E-01    0.149070966243743913E+00
    0.112155306677066835E-38    0.204916957884382299E+03    0.152174901962280273E+04    0.496145427227020264E+01    0.923609077930450439E+00    0.742172533273696922E+00
    0.269917996955890367E-38    0.203140490643643602E+03    0.151263818740844727E+04    0.372891402244567871E+01   -0.792491137981414795E-01    0.415744626522064231E+00
    0.222166750384799375E-37    0.198904700397881669E+03    0.159194803237915039E+04    0.473733270168304443E+01   -0.284890860319137573E+00    0.403486460447311401E+00
    0.280067526318628822E-37    0.198421495374400024E+03    0.154695672988891602E+04    0.355733478069305420E+01   -0.267443716526031494E+00    0.631960690021514893E+00
    0.363383188183802992E-37    0.197880641068781017E+03    0.147049112319946289E+04    0.368413174152374268E+01    0.685661643743515015E+00    0.571750658750534102E+00
    0.143839433760694485E-36    0.195108991399198004E+03    0.151159019470214844E+04    0.409831845760345459E+01    0.386798471212387085E+00    0.581976485252380438E+00
    0.956053251877793340E-35    0.186695589252856081E+03    0.142922353744506836E+04    0.340719068050384521E+01    0.676873117685317993E+00    0.167457067966461204E+00
    0.105897946817529186E-34    0.186471094566504263E+03    0.154283714294433594E+04    0.395141947269439697E+01   -0.133397728204727173E+00    0.632046431303024292E+00
    0.356777290996215292E-34    0.184021822790731591E+03    0.151342782974243164E+04    0.499810779094696045E+01    0.298183202743530273E+00    0.195160013437271129E+00
    0.989997722630296215E-33    0.177355470823976958E+03    0.151680154800415039E+04    0.359513759613037109E+01    0.260924994945526123E-01    0.268524843454361006E+00
    0.253304351879272374E-32    0.175456522448311034E+03    0.164238986968994141E+04    0.415131986141204834E+01   -0.196311175823211670E+00    0.790106540918350309E+00
    0.507815927533014065E-32    0.174045467854416273E+03    0.147383308410644531E+04    0.366116130352020264E+01    0.841616183519363403E+00    0.513911134004592984E+00
    0.114350124714289643E-31    0.172402005715296411E+03    0.153258953094482422E+04    0.453748536109924316E+01   -0.274857968091964722E+00    0.375795155763626099E+00
    0.182887011620350388E-31    0.171442798658870231E+03    0.159151202088225978E+04    0.413422237066786646E+01   -0.185992066347765050E+00    0.307524303589373937E+00
    0.266958762446334452E-31    0.170666347340095029E+03    0.156652250909493250E+04    0.433837353120193470E+01   -0.175543623954224959E+00    0.509956231857540354E+00
    0.298552148616489126E-31    0.170422646497892316E+03    0.153471747075642520E+04    0.366288469612886747E+01    0.186260693279064693E+00    0.360037130101525160E+00
    0.264762064876918700E-30    0.166037702442973853E+03    0.155236101150512695E+04    0.385429096221923828E+01   -0.223770558834075928E+00    0.496078574657440208E+00
    0.965714301179193252E-30    0.163429629479526511E+03    0.159485505070864610E+04    0.472537834981866478E+01   -0.468035911811912786E+00    0.422210758649015139E+00
    0.197573450629305428E-29    0.161977974531283053E+03    0.149094221595519821E+04    0.401493118655022396E+01    0.883055166848701223E+00    0.611966193999883945E+00
    0.480393062501658311E-29    0.160180986067501209E+03    0.152551231384277344E+04    0.370492589473724365E+01   -0.107165277004241943E-01    0.286922544240951538E+00
    0.508397211239988164E-29    0.160047669257660971E+03    0.160043115615844727E+04    0.460776984691619873E+01    0.366034328937530518E+00    0.403868103027343772E+00
    0.521241588725037749E-29    0.159977768093041163E+03    0.163859090805053711E+04    0.329820144176483154E+01    0.793774157762527466E+00    0.622077494859695435E+00
    0.131847776244440127E-28    0.158101729085824900E+03    0.159105517678054616E+04    0.351891999875422101E+01    0.691984774639652356E+00    0.376141073249708469E+00
    0.190309799534736397E-28    0.157347718643208253E+03    0.158177576065063477E+04    0.345678102970123291E+01    0.224905431270599365E+00    0.544474333524703979E+00
    0.372725110239859547E-28    0.155983342823378223E+03    0.169133386611938477E+04    0.317258739471435547E+01    0.897303670644760132E+00    0.549644595384597867E+00
    0.398791683555809338E-28    0.155828146811144109E+03    0.173914670944213867E+04    0.409109139442443848E+01    0.882609277963638306E+00    0.360792475938797041E+00
    0.241733588865547943E-26    0.147599012312975219E+03    0.159684619903564453E+04    0.451105892658233643E+01    0.462554603815078735E+00    0.745823568105697721E+00
    0.700763358400943223E-26    0.145450344301828494E+03    0.161024570465087891E+04    0.376639139652252197E+01    0.813862383365631104E-01    0.308553421497344993E+00
    0.133018025056433713E-25    0.144148545330019488E+03    0.158068370819091797E+04    0.418251454830169678E+01    0.619766473770141602E+00    0.762899059057235762E+00
    0.141697822410346882E-25    0.144002121063630597E+03    0.152969303131103516E+04    0.408776676654815674E+01    0.767002940177917480E+00    0.693477827310562178E+00
    0.177762286813318986E-25    0.143528620240737439E+03    0.148281183242797852E+04    0.302838909626007080E+01    0.730164051055908203E+00    0.531917428970337003E+00
    0.901432388799075872E-25    0.140261544539033622E+03    0.157679901123046875E+04    0.369464206695556641E+01    0.326699823141098022E+00    0.174980229139328036E+00
    0.824538936472522896E-24    0.135814695705129850E+03    0.163019609451293945E+04    0.434957885742187500E+01    0.181440323591232300E+00    0.405751115083694547E+00
    0.104954854967338378E-23    0.135312113639582464E+03    0.165316070582343900E+04    0.482170431405645861E+01    0.606742595823914099E+00    0.632876089039317691E+00
    0.115793411171880029E-23    0.135095558919246940E+03    0.163785781860351562E+04    0.442383253574371338E+01   -0.172150015830993652E+00    0.339351189136505194E+00
    0.100858974591752606E-22    0.130746557563717857E+03    0.157743673324584961E+04    0.376551747322082520E+01    0.453014612197875977E+00    0.491711151599884100E+00
    0.144336779976975379E-22    0.130009705426018343E+03    0.161780080795288086E+04    0.394228756427764893E+01   -0.180229544639587402E-01    0.730461984872817993E+00
    0.193871722291667426E-22    0.129399610633499520E+03    0.162390947341918945E+04    0.407991528511047363E+01    0.197679579257965088E+00    0.616651511192321755E+00
    0.220149457922578822E-22    0.129125390723834471E+03    0.164106483459472656E+04    0.382135403156280518E+01    0.153614103794097900E+00    0.397584664821624800E+00
    0.630021656741676892E-22    0.127002495674462708E+03    0.165384801449643533E+04    0.464531963826638084E+01    0.201036072119985865E+00    0.609605399365020562E+00
    0.729646900440612972E-22    0.126688882625420561E+03    0.159009475708007812E+04    0.405640900135040283E+01   -0.979163050651550293E-01    0.533064150810241721E+00
    0.191733183936440927E-20    0.120131454214542089E+03    0.157626469415746305E+04    0.430697351463232181E+01    0.471839235805252999E+00    0.314860429580543888E+00
    0.736298680925633287E-20    0.117420391985871504E+03    0.168156852722167969E+04    0.415421640872955322E+01    0.355110585689544678E+00    0.297032588720321677E+00
    0.591018105617693154E-19    0.113234800200649246E+03    0.173249959945678711E+04    0.402756845951080322E+01    0.904101639986038208E+00    0.127993464469909668E+00
    0.635606708480021597E-19    0.113069333527309766E+03    0.163658084869384766E+04    0.337926006317138672E+01    0.589596629142761230E-01    0.139928984642028825E+00
    0.691839849428865332E-19    0.112879784510904585E+03    0.162589092254638672E+04    0.415529358386993408E+01    0.940540522336959839E+00    0.577125740051269598E+00
    0.809507282914156382E-19    0.112545641965883092E+03    0.165397888193921290E+04    0.447059584671627341E+01    0.317876004454522576E-01    0.380372304390534266E+00
    0.271569616452263055E-18    0.110104886278272105E+03    0.168714008436368249E+04    0.354053151865693039E+01    0.417978481192007645E+00    0.242899668867883278E+00
    0.543215640884913704E-18    0.108698310580059285E+03    0.168407583236694336E+04    0.441369104385375977E+01   -0.327447146177291870E+00    0.109199810028076175E+00
    0.570198562310777851E-18    0.108581354009464107E+03    0.164271952695564232E+04    0.414878446482351571E+01   -0.210895321458116625E+00    0.205843052945333643E+00
    0.106016316966974145E-17    0.107320967101840225E+03    0.167690082461287852E+04    0.467784289880413429E+01    0.436784187345034436E+00    0.681008838304232089E+00
    0.117164101952385693E-17    0.107101002067893191E+03    0.164473009109497070E+04    0.401537919044494629E+01    0.754517614841461182E-01    0.563875269889831610E+00
    0.130989218877902714E-17    0.106857923091327663E+03    0.167490777969360352E+04    0.427203857898712158E+01   -0.634434819221496582E-01    0.335912859439849887E+00
    0.134001194259769683E-17    0.106792455709077529E+03    0.168335971832275391E+04    0.386397624015808105E+01   -0.735602378845214844E-01    0.560346567630767844E+00
    0.183033111218427534E-17    0.106148818989483900E+03    0.166191339492797852E+04    0.475598657131195068E+01    0.720479309558868408E+00    0.467829638719558738E+00
    0.493968903900510417E-17    0.104143207998398964E+03    0.170684494177677379E+04    0.379414668388308929E+01    0.564017120880926370E-01    0.547174694177500198E+00
    0.547502509342178704E-16    0.993122488577774476E+02    0.164386701583862305E+04    0.345730805397033691E+01   -0.168329924345016479E+00    0.491438657045364380E+00
    0.620815117188010679E-16    0.990409163082585167E+02    0.168014154434204102E+04    0.390584003925323486E+01    0.879047572612762451E+00    0.759984189271926902E+00
    0.189428355725586055E-15    0.967897909957238340E+02    0.166906641558645606E+04    0.390270190834127462E+01    0.792804059887278090E+00    0.711269556478406062E+00
    0.282310912964134182E-15    0.959717947780127645E+02    0.168187824453274652E+04    0.466440742463256974E+01    0.730817732433720169E+00    0.431948588024234970E+00
    0.412854970494249249E-15    0.951916200211790624E+02    0.175384092330932617E+04    0.486190533638000488E+01    0.276538580656051636E+00    0.246707797050476102E+00
    0.128597910703061830E-14    0.928992614453191976E+02    0.169094256201727330E+04    0.344022766894412202E+01   -0.381596615623730484E-01    0.378577315352874533E+00
    0.145524269074292382E-14    0.926319568347807376E+02    0.175071678161621094E+04    0.372518455982208252E+01    0.618717283010482788E+00    0.191122329235076938E+00
    0.144784725987157300E-14    0.926221465939608777E+02    0.171817150115966797E+04    0.402699220180511475E+01    0.577385514974594116E+00    0.477731150388717718E+00
    0.219643560403154333E-14    0.917686304707968645E+02    0.167888577634969079E+04    0.392932496334933345E+01    0.321046329143037212E+00    0.455380209742693776E+00
    0.318989300437082673E-14    0.910023274531628061E+02    0.165436649322509766E+04    0.446178448200225830E+01    0.776582986116409302E+00    0.582943296432495206E+00
    0.555060636729994640E-14    0.898744878494126311E+02    0.168603185486274674E+04    0.327299842347285752E+01   -0.120983786981005870E+00    0.131551392154447472E+00
    0.968720057069964706E-14    0.887406912329906277E+02    0.171122701110903222E+04    0.420246824342524050E+01    0.239222318442959825E+00    0.370342396767006754E+00
    0.113999217683132897E-13    0.883950892178356753E+02    0.196987600326538086E+04    0.482014131546020508E+01    0.956150799989700317E+00    0.775940704345703169E+00
    0.201505972175130444E-13    0.872358343506526808E+02    0.171093502044677734E+04    0.493209743499755859E+01    0.199533432722091675E+00    0.581507641077041670E+00
    0.266585744729918745E-13    0.866560805183511604E+02    0.175713722376031615E+04    0.360024986301396854E+01    0.494864160150031540E+00    0.253484995067781438E+00
    0.507019784572930347E-13    0.853503723384080217E+02    0.169557441814640060E+04    0.356742637060484480E+01   -0.162850563932639136E+00    0.127956168220216521E+00
    0.622016939560000150E-13    0.849215377369449840E+02    0.173968779875052587E+04    0.470726048482501103E+01   -0.247989619505476988E+00    0.264251079443364678E+00
    0.779415695630278203E-13    0.844503833281290497E+02    0.168833751678466797E+04    0.456185519695281982E+01    0.695595294237136841E+00    0.117935699224472057E+00
    0.130991383182670262E-12    0.833920391161197330E+02    0.173661260604858398E+04    0.466194939613342285E+01    0.672764152288436890E+00    0.294796764850616455E+00
    0.173969044702990390E-12    0.828045474449682928E+02    0.169473501289266164E+04    0.470893573245538644E+01    0.639315505463848632E+00    0.250011802968138075E+00
    0.217594615156790983E-12    0.823370346674251721E+02    0.172833576202392578E+04    0.410082912445068359E+01    0.760557323694229126E+00    0.155566442012786882E+00
    0.215992914663492949E-12    0.823318109944075189E+02    0.180922340777771751E+04    0.420440992452423057E+01    0.900706540246577703E+00    0.289713480306991289E+00
    0.288754428398721848E-12    0.817311490074037721E+02    0.173248905714780153E+04    0.431685402533176266E+01    0.211808247667332417E+00    0.265147591311584163E+00
    0.327214320661448541E-12    0.814610714615850640E+02    0.169407548531306907E+04    0.359578958705039708E+01    0.139313240063554833E+00    0.148034434246222174E+00
    0.981631431780505245E-12    0.792438703760315093E+02    0.182376136779785156E+04    0.496687710285186768E+01    0.755163758993148804E+00    0.129527795314788835E+00
    0.101001104451543616E-11    0.791668691138535365E+02    0.168657026290893555E+04    0.422622835636138916E+01    0.996800661087036133E-01    0.172040659189224260E+00
    0.104422301329618001E-11    0.790802454839348030E+02    0.160303007403006632E+04    0.355546202808165690E+01    0.611968242820535968E+00    0.443122598634103748E+00
    0.207106114200444445E-11    0.776906694359367265E+02    0.176226861762106591E+04    0.406139348615425710E+01    0.183340772153542941E+00    0.176199067695913925E+00
    0.349723774932612332E-11    0.766228447609210406E+02    0.176279497431664936E+04    0.461517091725552042E+01    0.453593384752402073E+00    0.653020041348811531E+00
    0.504829755122457305E-11    0.758686895100066181E+02    0.172525243759155273E+04    0.436511063575744629E+01    0.671683400869369507E+00    0.119665378332138070E+00
    0.186292325902462199E-10    0.732373276625376519E+02    0.175924854278564453E+04    0.482896316051483154E+01    0.377687722444534302E+00    0.536161184310913086E+00
    0.230382692746991637E-10    0.727924782163267992E+02    0.176025365103115746E+04    0.371946230583266058E+01    0.219160648980486594E+00    0.251056560855304922E+00
    0.474759390046812368E-10    0.713263455749032431E+02    0.170056009292602539E+04    0.317965948581695557E+01   -0.466747850179672241E+00    0.679457479715347312E+00
    0.523418031677235199E-10    0.711112009506596507E+02    0.187463516297999013E+04    0.443329453667303675E+01    0.918606336480769947E+00    0.176106363464600235E+00
    0.720480169623421616E-10    0.704521260477872460E+02    0.197323093414306641E+04    0.418000483512878418E+01    0.755908250808715820E+00    0.628620868921279885E+00
    0.983525729847922010E-10    0.698096742337563967E+02    0.185027408503100696E+04    0.303071423591892675E+01    0.559184963456685002E+00    0.105866019895686503E+00
    0.137527275799003480E-09    0.691191471120052796E+02    0.180772074652547690E+04    0.386552857457952381E+01    0.280936572892085068E+00    0.295341072260810966E+00
    0.151189900858190286E-09    0.689097183092704313E+02    0.179036922454833984E+04    0.472814524173736572E+01    0.383489072322845459E+00    0.172938960790634172E+00
    0.176927349918775296E-09    0.685753132540101404E+02    0.192614166774498221E+04    0.374216866103846080E+01    0.956699520306200757E+00    0.652041855801134385E+00
    0.210184652094758775E-09    0.682108187656622817E+02    0.195420285911266956E+04    0.386381084892954796E+01    0.618540867301635489E+00    0.709954112891258871E+00
    0.234368872922441274E-09    0.679729991373971245E+02    0.199028458208473421E+04    0.306248737655886893E+01    0.116767709369643979E+00    0.393675014838779869E+00
    0.234734299765702695E-09    0.679498831753789290E+02    0.185670461654663086E+04    0.399165606498718262E+01    0.719511836767196655E+00    0.314848291873931929E+00
    0.917155839873112606E-09    0.652042368394611032E+02    0.179574686381303263E+04    0.368577125675816264E+01    0.265046703386607074E+00    0.279111542731012241E+00
    0.128545835064064158E-08    0.645090503920978477E+02    0.175869970321655273E+04    0.328870546817779541E+01    0.102303445339202881E+00    0.128673470020294195E+00
    0.161062681736439241E-08    0.640380342262364337E+02    0.180195401802571382E+04    0.466866463372794716E+01    0.503113991515554471E+00    0.634070030358952375E+00
    0.221980000068407767E-08    0.633764468837157864E+02    0.191792436928224879E+04    0.437515331703306742E+01    0.825680592619623788E+00    0.463031009536767457E+00
    0.315408885451267210E-08    0.626538817674999109E+02    0.170068111419677734E+04    0.345279312133789062E+01    0.327547848224639893E+00    0.790613269805908292E+00
    0.429596922270552564E-08    0.620159267017911873E+02    0.186364336013793945E+04    0.492813801765441895E+01    0.684737533330917358E+00    0.606364184617996238E+00
    0.512615261058106664E-08    0.616425702890757705E+02    0.188563842773437500E+04    0.437425673007965088E+01    0.909589797258377075E+00    0.535546100139618009E+00
    0.664135947163772810E-08    0.611046477233306007E+02    0.198502294117410020E+04    0.451996225905343429E+01    0.523081913626357586E+00    0.677102436661528695E+00
    0.100075226170902258E-07    0.602646069440115042E+02    0.181376389862752558E+04    0.423939110819596099E+01    0.291404366880809396E+00    0.185640074188402476E+00
    0.118387180049119561E-07    0.599085303938408913E+02    0.171609900540004219E+04    0.316826609293983186E+01   -0.195454189991632443E+00    0.787763664563282284E+00
    0.129941660979518417E-07    0.597022800977198926E+02    0.187438068464672551E+04    0.447941162077440325E+01    0.968440597353096511E+00    0.576788924472248055E+00
    0.134431098208700897E-07    0.596143477001817743E+02    0.176929313587578326E+04    0.354328337840743934E+01   -0.303521057555065532E+00    0.520125202789869512E+00
    0.167946590391731890E-07    0.591491592447460093E+02    0.175850832166238297E+04    0.391135154351400072E+01   -0.206118823748230096E+00    0.183359527967575597E+00
    0.228380183018644121E-07    0.585144278544899024E+02    0.192660374459993977E+04    0.427204206680308918E+01    0.928362228343137197E+00    0.674268001835233610E+00
    0.238401253072580688E-07    0.584085408910830850E+02    0.186214748529793974E+04    0.487839938873102863E+01    0.562376569779408975E+00    0.504817525361181740E+00
    0.236054747215412450E-07    0.584083237580941059E+02    0.185683247187262168E+04    0.387923081909393686E+01    0.332170736067233241E+00    0.446186093718936805E+00
    0.243841908919931314E-07    0.583234110717047614E+02    0.182692880630493164E+04    0.420235705375671387E+01    0.727965533733367920E+00    0.675908958911895730E+00
    0.303087839425009295E-07    0.578684059486133293E+02    0.177390263032543135E+04    0.354234337126130328E+01   -0.223098065449272187E+00    0.516244197544112104E+00
    0.372075587601815533E-07    0.574382572215709857E+02    0.179770704713716555E+04    0.442296119599026216E+01    0.490486892984968170E+00    0.145445965407980160E+00
    0.421341048766112174E-07    0.571695660781598605E+02    0.178911913814338573E+04    0.448234028675188867E+01    0.338425723109869736E+00    0.158720791501539810E+00
    0.639488319091839978E-07    0.563151145634656842E+02    0.179919962068673794E+04    0.435525038419241106E+01    0.826926517370571101E+00    0.764961320860658600E+00
    0.646664647351085618E-07    0.562727955923288476E+02    0.176920841916842301E+04    0.441113330809001436E+01    0.733076537799626671E+00    0.782186410422976430E+00
    0.664978622817842968E-07    0.561969414857905676E+02    0.177074219203498501E+04    0.352927610568979233E+01    0.174633181125154024E+00    0.644803321242416017E+00
    0.703251712515799698E-07    0.560650215087675008E+02    0.197957925796508789E+04    0.353229963779449463E+01    0.176031023263931274E+00    0.565453201532363892E+00
    0.741481734238018068E-07    0.559391502183011795E+02    0.199151749259662984E+04    0.341985195931940211E+01    0.201191021463319686E+00    0.275087686879568416E+00
    0.111590670817694959E-06    0.551016061845447283E+02    0.195819150049421114E+04    0.328560336226729799E+01    0.221507216614667879E+00    0.257569415725669382E+00
    0.116081290447489675E-06    0.550026996370143237E+02    0.186395465763022230E+04    0.455187499362130055E+01    0.718707975967123325E+00    0.749249791283107092E+00
    0.117914523814907738E-06    0.549513611127440456E+02    0.179424368072047082E+04    0.334914209415134900E+01   -0.283512956925591642E+00    0.250284887863816974E+00
    0.123642464967414493E-06    0.548364929803731229E+02    0.192705688476562500E+04    0.375630164146423340E+01    0.858356297016143799E+00    0.574624431133270330E+00
    0.139954076168265763E-06    0.545686524049495461E+02    0.175464879842965388E+04    0.378028698699156163E+01   -0.387709722081293062E+00    0.228676088319996501E+00
    0.162606830988945311E-06    0.542486106733368132E+02    0.180370152929909909E+04    0.401487177296788111E+01    0.646207153108590893E+00    0.622634964028918936E+00
    0.190524504733313845E-06    0.539117194476739741E+02    0.197878014208079912E+04    0.307634455759441439E+01    0.151897967635794329E+00    0.478497274319170884E+00
    0.201519768929912182E-06    0.537795061169882445E+02    0.187791909189204512E+04    0.475067709407307692E+01    0.564083529263194716E+00    0.602075273632201813E+00
    0.243229666905917454E-06    0.533832688312331172E+02    0.177366027832031250E+04    0.380456006526947021E+01   -0.447155117988586426E+00    0.341046822071075506E+00
    0.278754426531935625E-06    0.530906186826367446E+02    0.195685400789619848E+04    0.371645230745282751E+01    0.381228821550754882E+00    0.495173963105357440E+00
    0.373688876656898938E-06    0.524844339465769565E+02    0.195811887288184926E+04    0.329332288905673121E+01    0.572663847578122720E+00    0.281278853034036103E+00
    0.387811645447123244E-06    0.523902415440520457E+02    0.193983517694219563E+04    0.475026799576787084E+01    0.508672677129061501E+00    0.298102023630055224E+00
    0.399291888254888616E-06    0.523118956899057324E+02    0.182077797657257088E+04    0.444924119719973810E+01    0.664420910673319876E+00    0.762089384966232575E+00
    0.484738838027667966E-06    0.519040605525785992E+02    0.182066185066570415E+04    0.454311030162075458E+01    0.434688997970129831E+00    0.711332329336734737E+00
    0.541235179296459126E-06    0.516635732946444080E+02    0.197134160995483398E+04    0.344700562953948975E+01    0.412194162607192993E+00    0.316012203693389893E+00
    0.573616101307670810E-06    0.515273603687805917E+02    0.181751227192088641E+04    0.446476016981619139E+01    0.879989337707290709E+00    0.521467146760300704E+00
    0.666046182933267339E-06    0.512085630640438723E+02    0.198917949146538126E+04    0.312669379239271228E+01   -0.100486698026184262E+00    0.328308091145844916E+00
    0.673709236972638666E-06    0.511656838504385334E+02    0.187414111199931313E+04    0.329267525340589140E+01    0.549239378344892115E+00    0.130078527181936854E+00
    0.697423357202813684E-06    0.510764958367805590E+02    0.197801287200995876E+04    0.369697991070990328E+01    0.304894344287911734E+00    0.211759270213510931E+00
    0.696215498829007237E-06    0.510599626134738429E+02    0.180978102081359702E+04    0.385322898310010498E+01   -0.230949311748022357E+00    0.309420906837076459E+00
    0.704297733645369976E-06    0.510168787200761997E+02    0.181781043930093892E+04    0.300169599104984730E+01    0.153183763353278102E+00    0.103191035444347462E+00
    0.768952890504376848E-06    0.508212216739904150E+02    0.194587121863261677E+04    0.432320316442419106E+01    0.735306655007078369E+00    0.542927273721245274E+00
    0.810711933485073755E-06    0.506954555040796606E+02    0.182207759270014503E+04    0.331517080025874034E+01   -0.795833008189238411E-01    0.287307529235807269E+00
    0.829415130950964301E-06    0.506298395060132691E+02    0.184765987396240234E+04    0.426631867885589600E+01    0.938180714845657349E+00    0.225016754865646373E+00
    0.106312551322294960E-05    0.501133441960048032E+02    0.184256187468819371E+04    0.435636922020294826E+01    0.523699719654895368E+00    0.726878595197629096E+00
    0.108667857860299229E-05    0.500495187927292946E+02    0.197560930948107330E+04    0.441995380048284492E+01    0.586804683215953693E+00    0.505377826611102754E+00
    0.126308256064433190E-05    0.497286601100131520E+02    0.198351001739501953E+04    0.345262539386749268E+01    0.175783276557922363E+00    0.221203124523162875E+00
    0.165723435082226282E-05    0.491654702113673778E+02    0.194020806851511202E+04    0.314637110608021242E+01   -0.188265212101874635E-01    0.402006525366029432E+00
    0.165908426956451562E-05    0.491432389192077324E+02    0.182482652664184570E+04    0.426596868038177490E+01   -0.294623345136642456E+00    0.253365617990493786E+00
    0.165226767184699418E-05    0.491314731479661901E+02    0.175472867496709728E+04    0.331832446312358043E+01   -0.286151148746062289E+00    0.271247888485042832E+00
    0.172608910516928234E-05    0.490240540966961120E+02    0.180774162101050024E+04    0.337703890104826421E+01   -0.646280780828426549E-01    0.649901506433559595E+00
    0.184399015199195965E-05    0.488719069607357781E+02    0.179434584846819962E+04    0.388578758346873254E+01   -0.219898043847192692E+00    0.210433919881161613E+00
    0.203437651533150667E-05    0.486553917472834883E+02    0.183036443506607748E+04    0.327480322936003621E+01    0.431762838146001471E-01    0.459656171081207376E+00
    0.229508859164358163E-05    0.483942276402577178E+02    0.192883902765624953E+04    0.434630433136294769E+01    0.379514319659517207E+00    0.502320354951329207E+00
    0.298972469363762569E-05    0.478454079149255804E+02    0.185594460456904562E+04    0.398025907615382391E+01   -0.689725777796742490E-01    0.143815333011863056E+00
    0.317864614622152690E-05    0.477028597979251572E+02    0.182718788365023056E+04    0.371910835514643656E+01   -0.669432967338694507E-01    0.167327982563227090E+00
    0.338700970816279549E-05    0.475558756495735224E+02    0.187467927932739258E+04    0.383225798606872559E+01    0.494717329740524292E+00    0.124116122722625732E+00
    0.341083784259606796E-05    0.475218546043257604E+02    0.180561211237970565E+04    0.409642561345552991E+01    0.317305845472581449E+00    0.548983597536519263E+00
    0.361281829511277856E-05    0.473867942119774952E+02    0.185765406249356874E+04    0.364388041459879863E+01    0.255520730220119452E+00    0.402361479508803521E+00
    0.388998065061282657E-05    0.472189621628744192E+02    0.190046945670535001E+04    0.387467969547839308E+01    0.303951353930950852E+00    0.250025366500963298E+00
    0.404626589189346195E-05    0.471201816222162506E+02    0.178875256038885686E+04    0.354431951783069898E+01   -0.972510852188975816E-01    0.709942953778089136E+00
    0.401137139707228213E-05    0.471175041755710922E+02    0.181061534881591797E+04    0.417636835575103760E+01   -0.392987906932830811E+00    0.135906028747558610E+00
    0.466725999898752790E-05    0.467946261788285582E+02    0.191489009857177734E+04    0.352065658569335938E+01    0.343527197837829590E-01    0.443254977464675903E+00
    0.500239463160869933E-05    0.466359370816248671E+02    0.183931613678337180E+04    0.385870413626800834E+01    0.115681707872192785E+00    0.194219725104387148E+00
    0.500201391701957928E-05    0.466160893003542256E+02    0.181274556627325092E+04    0.340948854861755946E+01    0.608622513190497871E+00    0.384188001596861506E+00
    0.515720749804931874E-05    0.465349800289338305E+02    0.182274822268998423E+04    0.392017452888691187E+01   -0.302729371192546504E+00    0.158411144048223707E+00
    0.571885808192046761E-05    0.463082322309715693E+02    0.186351642608642578E+04    0.444477963447570801E+01   -0.363251775503158569E+00    0.755581802129745572E+00
    0.582094741222390731E-05    0.462528444616379630E+02    0.179149657829103353E+04    0.384041108917291085E+01    0.252942196933997665E+00    0.612101108353330758E+00
    0.603071674420505766E-05    0.461620387963839676E+02    0.196821729668730495E+04    0.328063679931737173E+01   -0.171286969087106500E+00    0.315243946868786262E+00
    0.601118501758307324E-05    0.461485267230043732E+02    0.189855641590784376E+04    0.488947813327168035E+01    0.370090638647798342E+00    0.616073870680789226E+00
    0.657077255753129816E-05    0.459505077013416283E+02    0.181525741523681017E+04    0.317719701207692173E+01    0.549109029434006191E-01    0.208846807315752836E+00
    0.698262963630917486E-05    0.458089193607347269E+02    0.178919248580932617E+04    0.339564883708953857E+01    0.146491855382919312E+00    0.108767098188400274E+00
    0.727396926298672375E-05    0.457071662879272935E+02    0.192039881869955707E+04    0.318065487432699534E+01    0.157858490000839291E+00    0.405380067047238724E+00
    0.753642620655401201E-05    0.456162743463468985E+02    0.192726391627779844E+04    0.333291312342994495E+01    0.128921497204580016E+00    0.390100354771498292E+00
    0.830468800865354182E-05    0.454021301784967406E+02    0.179677276611328125E+04    0.376531910896301270E+01   -0.200748443603515625E-01    0.769973862171173140E+00
    0.854447233386715464E-05    0.453252014034159032E+02    0.198741013496934920E+04    0.379541445648191056E+01   -0.129502517902938263E+00    0.419743468129050612E+00
    0.999464046445045744E-05    0.449916725383100484E+02    0.187149047434312683E+04    0.319593204294137134E+01    0.631584086272277689E-01    0.431234105148596281E+00
    0.119799634229030720E-04    0.446092994508341363E+02    0.183123948597712706E+04    0.333944970970924526E+01    0.742720163514614118E-01    0.226986164553488190E+00
    0.146642509707980467E-04    0.441849452795432427E+02    0.184985456850577680E+04    0.370639321818265488E+01   -0.427051250982320219E+00    0.441383921388707079E+00
    0.149458185313021982E-04    0.441269074022166166E+02    0.185973377227783203E+04    0.491710734367370605E+01   -0.536822974681854248E-01    0.446026402711868331E+00
    0.160139203660747554E-04    0.439688537961014916E+02    0.184297448927029336E+04    0.361481517027193577E+01   -0.225883433380093090E+00    0.305839155902502657E+00
    0.162480702605536627E-04    0.439198222327846750E+02    0.192834870276791798E+04    0.336325401786280409E+01    0.170204308501859525E+00    0.490598357555532050E+00
    0.166484844884681572E-04    0.438511321486991505E+02    0.177438936233520508E+04    0.362920379638671875E+01    0.265566378831863403E+00    0.401367753744125366E+00
    0.166036670660872365E-04    0.438365233727161154E+02    0.184184218509448533E+04    0.440557885009477523E+01    0.184182116371463200E+00    0.606206683101736643E+00
    0.166373970309223839E-04    0.438124645403859247E+02    0.181015177347314352E+04    0.394621637892508481E+01    0.301486011028010203E+00    0.585937371129054307E+00
    0.179774107222751067E-04    0.436375385100373947E+02    0.198827363435069014E+04    0.421311474246792539E+01   -0.590501329402112196E-01    0.354662351166849188E+00
    0.194585651851252386E-04    0.434591958447483790E+02    0.186067050566015382E+04    0.397561184415094671E+01    0.741655585723490551E+00    0.226142282779605935E+00
    0.226260063272834643E-04    0.431375705955377100E+02    0.187328435467520444E+04    0.323832397525423898E+01    0.635178869677772928E+00    0.250778521992971015E+00
    0.226041122714729301E-04    0.431195068325584501E+02    0.188059099189605899E+04    0.436055878502692629E+01   -0.361870553459848199E+00    0.740786917931224864E+00
    0.227229215411261951E-04    0.430890221807511153E+02    0.186725295602937331E+04    0.345844801984327654E+01    0.171207675339219212E+00    0.241551713353778619E+00
    0.248193246016375281E-04    0.428925253947466985E+02    0.177577284617284522E+04    0.306529063402653001E+01   -0.300957605574782572E+00    0.793717555481899484E+00
    0.251831837238386321E-04    0.428434176114009944E+02    0.187438183579161205E+04    0.307856596026633822E+01    0.374467277613849125E-01    0.220022595065503368E+00
    0.296568320191768103E-04    0.424963854875742513E+02    0.187893447875976562E+04    0.380821156501770020E+01    0.120144248008728027E+00    0.141498529911041282E+00
    0.311318254461549681E-04    0.423793092854658511E+02    0.186433193401389167E+04    0.377121529539020672E+01    0.428199912881880640E+00    0.509201390826360734E+00
    0.322427572672407767E-04    0.422891836555213985E+02    0.187884426390501540E+04    0.311202517118807087E+01    0.213134057349604777E+00    0.546818722720941230E+00
    0.375705984966498508E-04    0.419633269505726929E+02    0.187776069641113281E+04    0.432070577144622803E+01    0.342765182256698608E+00    0.576245003938674949E+00
    0.387735439217311176E-04    0.418802942170969388E+02    0.183071827658210145E+04    0.372687570972994298E+01    0.224630257167474423E+00    0.103658118515712813E+00
    0.435639855519773521E-04    0.416273089507135907E+02    0.194074416272853864E+04    0.334327173173572456E+01   -0.268966928280235384E-01    0.618411363422992855E+00
    0.434854350467045475E-04    0.416109184188089785E+02    0.196171157713602247E+04    0.350435281648565722E+01   -0.153048476289861679E+00    0.618226918220567967E+00
    0.479570305877726933E-04    0.413951597020543218E+02    0.191495754498984343E+04    0.329792041923685941E+01   -0.548985094725760736E-01    0.519788908545689377E+00
    0.488014105801253345E-04    0.413402520942957779E+02    0.189472317400433485E+04    0.321312179469612724E+01    0.377032022796373711E+00    0.166816301660611926E+00
    0.505814925623373148E-04    0.412485990303404719E+02    0.189740014730469284E+04    0.398232424993080336E+01    0.157005754139548093E+00    0.625860124396021900E+00
    0.538662354390902434E-04    0.411027628259905384E+02    0.189081177433274547E+04    0.442601610471482765E+01   -0.857630075845021711E-01    0.488243418996814560E+00
    0.614167328426266262E-04    0.408204058900540687E+02    0.198681475308944368E+04    0.403194424760367998E+01   -0.131288815154157190E+00    0.270453431596881955E+00
    0.807428883603373936E-04    0.402532307530726285E+02    0.187966994385141857E+04    0.371212868432908882E+01    0.155505317097023532E+00    0.214234305775629186E+00
    0.803684714509228840E-04    0.402425266235539141E+02    0.197543653885094022E+04    0.437841252383166157E+01   -0.885420074481922947E-01    0.359628030172459257E+00
    0.818642511028955982E-04    0.401856457276444416E+02    0.190637510357063184E+04    0.442072612957492961E+01   -0.255380898086806085E-01    0.252019318989689822E+00
    0.831258491324899360E-04    0.401350591017362603E+02    0.192777887822568732E+04    0.345101123902127505E+01    0.169841789149639100E+00    0.311240434155947709E+00
    0.973214872049329039E-04    0.397997309310500214E+02    0.189633021549269324E+04    0.497192865946691853E+01   -0.795569360889443744E-01    0.253711983440521649E+00
    0.994402142305087498E-04    0.397366573266999552E+02    0.189387776441722576E+04    0.438696115992975333E+01    0.244931936783227777E+00    0.536654798205913774E+00
    0.111185225017117014E-03    0.394933755209642072E+02    0.187766123056930269E+04    0.374486943481589396E+01    0.316251781952583411E+00    0.576419584821106445E+00
    0.115655852019615400E-03    0.393945325528033266E+02    0.185964080581877192E+04    0.460957018639595528E+01   -0.164245269743307665E+00    0.273658862186843321E+00
    0.131519144205636905E-03    0.391174656811705006E+02    0.187442659441294654E+04    0.439137618172814914E+01   -0.156846764225349045E+00    0.704143475643311589E+00
    0.134818334121440241E-03    0.390479141317740002E+02    0.175330331488771117E+04    0.346026027712032125E+01    0.597751530349858395E+00    0.590158647379720347E+00
    0.148061483966883094E-03    0.388405152904299200E+02    0.188767644983280957E+04    0.463139567489021964E+01   -0.310769416073748805E+00    0.394157901901330820E+00
    0.149918570711456796E-03    0.387955859602998530E+02    0.192935064609096275E+04    0.402889352002967183E+01   -0.304622128650105517E-01    0.461460123685805024E+00
    0.156015999006047526E-03    0.386958534103954932E+02    0.192853460837070270E+04    0.482165868111032658E+01    0.202239483538058096E+00    0.473066656920522077E+00
    0.165463990373581645E-03    0.385582633492019582E+02    0.189531506300031697E+04    0.443742174514038190E+01   -0.443600237290772970E+00    0.333648672782198119E+00
    0.178029422729250028E-03    0.383918728641115337E+02    0.181241363838456527E+04    0.334615972344226620E+01    0.858155245045254755E+00    0.283495693662900394E+00
    0.187747983365986774E-03    0.382655694307862149E+02    0.190612515818698807E+04    0.336486037836562524E+01   -0.998391089065222004E-01    0.118209350105017597E+00
    0.196436214497973177E-03    0.381550949889196005E+02    0.190014720876216779E+04    0.384366898753070219E+01   -0.264564919484220784E+00    0.101491376562630256E+00
    0.207008017927524463E-03    0.380302554769101064E+02    0.198101567421404889E+04    0.428591983182645375E+01   -0.145587510177361323E+00    0.135132888640473930E+00
    0.208023023195796924E-03    0.380004730058050768E+02    0.185677757263183594E+04    0.338219070434570312E+01   -0.409136414527893066E-01    0.369041746854782082E+00
    0.207696209643463720E-03    0.379836175667860800E+02    0.186181580252095841E+04    0.445985050387229442E+01   -0.179868754472071568E+00    0.258786952875802112E+00
    0.221323166438218535E-03    0.378365226798669454E+02    0.181002377954092071E+04    0.336370677407455831E+01   -0.425385853263553049E+00    0.190114459463138791E+00
    0.224446807646673144E-03    0.377884930455944712E+02    0.197079831222440794E+04    0.383182678253229314E+01   -0.199058753388673848E+00    0.155565035515554950E+00
    0.223488346804403648E-03    0.377770519836059577E+02    0.198026491453681660E+04    0.336691603988645571E+01   -0.339465633143020862E+00    0.583073917097729044E+00
    0.221621463945381839E-03    0.377738289115555332E+02    0.195785003248541057E+04    0.437855935801790075E+01    0.297216074571859390E+00    0.432078476110335674E+00
    0.226320993401283856E-03    0.377118618971402597E+02    0.189030292095082746E+04    0.363000332079683119E+01    0.427210432799898010E+00    0.164257590449823632E+00
    0.226336578600144246E-03    0.376917241753847421E+02    0.189514885713970079E+04    0.365131531552687516E+01    0.357066949522553134E+00    0.210149930275018298E+00
    0.226631262243186889E-03    0.376691219272068807E+02    0.187054597723060056E+04    0.456453384400339779E+01   -0.388001846047075494E+00    0.423925223077272317E+00
    0.245864310167654462E-03    0.374862109317008816E+02    0.197450508473180662E+04    0.418514616794197103E+01   -0.843699527005021821E-01    0.387781006380060633E+00
    0.245776950116847678E-03    0.374669216942733740E+02    0.188054995458704798E+04    0.306955687063488991E+01   -0.123081936812462656E+00    0.204934687151488493E+00
    0.245817945014813264E-03    0.374465881277659349E+02    0.189894055411034083E+04    0.368665940295587857E+01   -0.735603767149476395E-01    0.452330602316078800E+00
    0.251814200153142919E-03    0.373783875006557764E+02    0.186731564479764484E+04    0.331772788975319521E+01   -0.234799279322178700E+00    0.447076516261855739E+00
    0.264523497824949627E-03    0.372599103578191873E+02    0.188150978448506771E+04    0.337149218425686037E+01    0.640925780245171772E-02    0.511133930624177335E+00
    0.265057932793637003E-03    0.372358736970209492E+02    0.186840333906489127E+04    0.466679947970249742E+01   -0.200919359810659115E+00    0.165072919967005238E+00
    0.274110294345238710E-03    0.371487094108400271E+02    0.189815003251884286E+04    0.438158245293404391E+01   -0.936053360587131844E-01    0.424701070951889137E+00
    0.285596400610361827E-03    0.370466112748771224E+02    0.191310651203610405E+04    0.475045840332925806E+01    0.306694314518481947E-01    0.134043333250891211E+00
    0.312888288496823751E-03    0.368440780876929779E+02    0.188408002632384159E+04    0.486777080091482173E+01   -0.240623753928867368E+00    0.172421087227023040E+00
    0.324719204183390199E-03    0.367498488863399331E+02    0.187518473178993031E+04    0.421076337144235069E+01   -0.346881152313211205E+00    0.130520351871822454E+00
    0.353035888711190004E-03    0.365626310908342163E+02    0.193713881312124909E+04    0.408666530722649135E+01   -0.608072067434579644E-01    0.537441488047223137E+00
    0.373051139394513676E-03    0.364323395034785236E+02    0.194649723909477848E+04    0.303935391703878466E+01   -0.404910592619010301E+00    0.129187032715571304E+00
    0.416573553010870926E-03    0.361916444420782284E+02    0.178947896957397461E+04    0.313894534111022949E+01   -0.378935456275939941E+00    0.724813240766525313E+00
    0.413462895184603927E-03    0.361866349760280315E+02    0.199399983518233125E+04    0.437425006183153187E+01   -0.216011693192916909E+00    0.176900122333404103E+00
    0.425776385015642900E-03    0.361079419485430790E+02    0.188193255809172433E+04    0.366864062659350987E+01    0.128425636007321486E+00    0.635009113819059778E+00
    0.427826049482404793E-03    0.360783371567889475E+02    0.190241422653198242E+04    0.302159535884857178E+01   -0.193643361330032349E+00    0.209118944406509411E+00
    0.426835126949145615E-03    0.360629748916228934E+02    0.196199655532836914E+04    0.316884517669677734E+01   -0.416295409202575684E+00    0.426798450946807906E+00
    0.444163278549048813E-03    0.359633860512180945E+02    0.189790623881510328E+04    0.491220989564176147E+01   -0.299247916173499495E+00    0.128391345078434860E+00
    0.464955016600649047E-03    0.358518892050100462E+02    0.195338108450068717E+04    0.472206381510668560E+01    0.169391866008766767E-01    0.355284428949818820E+00
    0.465881717533780514E-03    0.358279069760957256E+02    0.191913912240997570E+04    0.448151091456665895E+01   -0.448219788809399722E+00    0.375770443437998369E+00
    0.515383774748385246E-03    0.356059468961774286E+02    0.191355047648856271E+04    0.305991691785773812E+01    0.209564646732865012E+00    0.572471314894094307E+00
    0.521927016401527969E-03    0.355607150042697100E+02    0.193306380016323260E+04    0.467901547589665245E+01    0.341141936143487534E-01    0.574339450778618588E+00
    0.524057640024373425E-03    0.355325671732033683E+02    0.196583747627769617E+04    0.342903411505109368E+01   -0.216599514980758356E+00    0.546866786734701460E+00
    0.568210034372041654E-03    0.353507882714516910E+02    0.196236699353199788E+04    0.305320745145434280E+01    0.149606095073881673E+00    0.453810393927703171E+00
    0.587284172048723992E-03    0.352647529062452492E+02    0.185307056413769874E+04    0.329889896362164547E+01   -0.616130753597685654E-01    0.647022841207847699E+00
    0.706343331940002621E-03    0.348755676795415681E+02    0.187538315722982384E+04    0.446615809645687989E+01   -0.234264803716829118E+00    0.257815943070174081E+00
    0.699608071878633363E-03    0.348747299679870935E+02    0.191036088775979806E+04    0.409590902562768910E+01   -0.350266302232453697E-01    0.315386933930668523E+00
    0.727819923455702198E-03    0.347756632104230547E+02    0.191761118034798369E+04    0.331249601106885860E+01   -0.166941058717784307E+00    0.337583194635605377E+00
    0.723015705070951739E-03    0.347689086418140008E+02    0.189206175500300787E+04    0.464037520095862366E+01   -0.467718007075755948E+00    0.177653124125249806E+00
    0.726351294719908172E-03    0.347397029802019048E+02    0.188690594809779122E+04    0.448137384625243307E+01   -0.206144565578259720E+00    0.285466395253291205E+00
    0.729686851605138194E-03    0.347105395864305777E+02    0.196137011285839912E+04    0.381906410836104415E+01   -0.375824448414043333E+00    0.321085333226176717E+00
    0.763545675994781116E-03    0.345998246351295506E+02    0.189529478240256503E+04    0.482037799890651897E+01   -0.180619975453278070E+00    0.364861949449052148E+00
    0.772725347301352647E-03    0.345559231739408119E+02    0.188177572134847992E+04    0.329260276237700156E+01   -0.185924783548251871E+00    0.180529209384301864E+00
    0.785977773935297346E-03    0.345019135006525843E+02    0.190834628989303292E+04    0.402865888479299006E+01   -0.613675555766657332E-01    0.216470171428403968E+00
    0.792009254333671622E-03    0.344666243768175704E+02    0.192485372734192629E+04    0.492387033824710585E+01   -0.117730356370239986E+00    0.175444233220990814E+00
    0.815224208847010676E-03    0.343888441732658237E+02    0.186061530110424383E+04    0.340531966103975448E+01   -0.288324360638180233E-01    0.558022947096353250E+00
    0.930879175155941525E-03    0.341035115514077560E+02    0.191118028475345614E+04    0.414373743621371826E+01   -0.491250865830515304E+00    0.321736860604330877E+00
    0.997601869781765144E-03    0.339450619925511390E+02    0.182589581610034543E+04    0.324388559006002986E+01   -0.290352667251199348E+00    0.517460234169517586E+00
    0.102766662621652611E-02    0.338656783301255828E+02    0.190567557359825673E+04    0.452777574446769648E+01   -0.424222427328062757E+00    0.127337082665894136E+00
    0.102036227820091144E-02    0.338599444939883796E+02    0.198232252139249590E+04    0.444721884225967123E+01   -0.287858514229271889E+00    0.600369010484896659E+00
    0.102118599682430753E-02    0.338383305842353366E+02    0.188058900833129883E+04    0.307403922080993652E+01   -0.144724696874618530E+00    0.141409116983413713E+00
    0.102058560142630054E-02    0.338195068086785113E+02    0.197137552241981530E+04    0.370676775795026625E+01   -0.250151330696902319E+00    0.548868973365375767E+00
    0.101117941553484293E-02    0.338180251964138776E+02    0.187010687592168097E+04    0.439457675200300812E+01   -0.301545560117125078E+00    0.226664984196692093E+00
    0.103477224257437681E-02    0.337518972778393191E+02    0.193949946839190306E+04    0.486845381341950034E+01   -0.127531275546123257E+00    0.160285986532068297E+00
    0.103400178887571572E-02    0.337333869595978371E+02    0.187364434765004717E+04    0.436181044707341137E+01   -0.457931124204493778E+00    0.210504269381399267E+00
    0.106063280808981332E-02    0.336625285343529939E+02    0.198085448946588986E+04    0.449615720351646697E+01   -0.164346760657116620E+00    0.250108403986171735E+00
    0.109748621313724218E-02    0.335742153642219847E+02    0.190155357697117620E+04    0.474487388037299507E+01   -0.323804472290490364E+00    0.133775791667290977E+00
    0.108739746963390851E-02    0.335726855743959263E+02    0.190235884735865375E+04    0.312129863513702333E+01   -0.325121873724235178E+00    0.269953952821486931E+00
    0.121381730012728073E-02    0.333327195975094241E+02    0.193770976391227487E+04    0.371623856775128125E+01   -0.197059000529982764E+00    0.261265252736012643E+00
    0.124013429038815270E-02    0.332698206269687091E+02    0.193901287657213015E+04    0.499088504629076368E+01   -0.147099514837698342E+00    0.252452535752346496E+00
    0.126482436159784813E-02    0.332103934359690882E+02    0.195237648063339316E+04    0.467417276078852417E+01   -0.116057165814668406E+00    0.483206674714061091E+00
    0.128379027561358072E-02    0.331606262615204415E+02    0.193633955910527106E+04    0.413589834392532207E+01   -0.362618849719817116E+00    0.347125051765543036E+00
    0.134885338412524215E-02    0.330417501989550502E+02    0.187413297360669276E+04    0.477583790323198087E+01   -0.238922096037181564E+00    0.203202494888268859E+00
    0.133560610930717120E-02    0.330414895653128298E+02    0.197276116743496345E+04    0.417896846741680328E+01   -0.147628141637331123E+00    0.217499969934781046E+00
    0.133664231156326594E-02    0.330199385084575852E+02    0.190892248153686523E+04    0.398685002326965332E+01   -0.989784598350524902E-01    0.267626041173934959E+00
    0.134188498678034212E-02    0.329921093078139975E+02    0.190908222263600669E+04    0.490174867429890426E+01   -0.468883019195895145E+00    0.116508093218868708E+00
    0.134181224832278438E-02    0.329722177231100630E+02    0.192410057716932170E+04    0.466370409871522718E+01   -0.243159827234888715E+00    0.389542912687182663E+00
    0.136417019211380408E-02    0.329191673200459149E+02    0.184932877041954930E+04    0.312561473785730914E+01   -0.115764868066902893E+00    0.639598018511255639E+00
    0.148339173847315017E-02    0.327315976099021739E+02    0.197845592625881932E+04    0.463737268573122918E+01   -0.164834706429564770E+00    0.232358521401083068E+00
    0.148610914410919961E-02    0.327079371881652747E+02    0.193294464772579818E+04    0.303626555865524450E+01   -0.353931439608954901E+00    0.117522669004349267E+00
    0.156027202697731266E-02    0.325905396072207267E+02    0.194343914067423884E+04    0.465028418169243274E+01   -0.495533825289249275E+00    0.441287252025158061E+00
    0.158366116479593763E-02    0.325407812530824643E+02    0.198856687545776367E+04    0.423756074905395508E+01   -0.302244484424591064E+00    0.284048438072204590E+00
    0.157963372168876581E-02    0.325258739749788930E+02    0.190965252060709713E+04    0.458942224809270094E+01   -0.266228488751387105E+00    0.314631627350401732E+00
    0.160128262990518713E-02    0.324786500682915005E+02    0.186954676066023467E+04    0.342387389313030566E+01    0.150081931602146224E-01    0.593431582233222454E+00
    0.163638291626988204E-02    0.324152834374884549E+02    0.191898886846390224E+04    0.454891382775474895E+01   -0.546780736410616974E-01    0.550446501785297526E+00
    0.163952267484184259E-02    0.323914496767819458E+02    0.194406913827507697E+04    0.367978595572841316E+01   -0.219655065831245055E+00    0.385667210338751176E+00
    0.168164530137405099E-02    0.323207146514257317E+02    0.188171387982262968E+04    0.393118930178826798E+01   -0.453027895728422558E+00    0.337380741266802564E+00
    0.168858509098129416E-02    0.322924780638839195E+02    0.193338829032603462E+04    0.465399596200616639E+01   -0.498743910536094237E+00    0.370784089395364891E+00
    0.167467623139167356E-02    0.322890202680717522E+02    0.199664749613796653E+04    0.394866834346583007E+01   -0.455790082751080128E+00    0.339917525816387234E+00
    0.169308508205662212E-02    0.322471552576950202E+02    0.192062763256558446E+04    0.384360966282797323E+01   -0.200325660489150070E+00    0.156162089002509163E+00
    0.168878823344772587E-02    0.322322374716281601E+02    0.193920896391282258E+04    0.338691921230823034E+01   -0.173678884467399708E+00    0.134664311183886803E+00
    0.173298309561258448E-02    0.321605714593174099E+02    0.192205888246819268E+04    0.450539777230247651E+01   -0.249239009525309863E+00    0.201056214440737457E+00
    0.175472635763522706E-02    0.321156341255042435E+02    0.192417411793213159E+04    0.331149176066989170E+01   -0.271392769191595107E+00    0.400864078609345365E+00
    0.178923308672607737E-02    0.320566858021253438E+02    0.198445134145610950E+04    0.488636462014386552E+01   -0.131801327956747705E+00    0.187608068049628818E+00
    0.179660780111048891E-02    0.320284593079637716E+02    0.185845519364849520E+04    0.355375066256595762E+01   -0.130217540822243516E+00    0.528827581590003870E+00
    0.178168446500608958E-02    0.320251414809302233E+02    0.196836009119466644E+04    0.371231365315506068E+01   -0.334172824350276731E+00    0.233028371566857045E+00
    0.177707670823395655E-02    0.320103205408588636E+02    0.197405509763746522E+04    0.492090563113473856E+01   -0.146513427453055844E+00    0.220988419943835751E+00
    0.178020671879373081E-02    0.319868009884456406E+02    0.186684925874767032E+04    0.314914603760433254E+01   -0.123722407911597554E+00    0.687292116384519036E+00
    0.178712879613086308E-02    0.319590393568348219E+02    0.190616329239871698E+04    0.483275181907965656E+01   -0.368136491314369207E+00    0.290681747190555673E+00
    0.183811793316032506E-02    0.318827756004205476E+02    0.195588103468991767E+04    0.445733464576019855E+01   -0.284188835780290860E+00    0.300876274088531015E+00
    0.182890680647568977E-02    0.318728231421868351E+02    0.191201718934297810E+04    0.424887214153493353E+01   -0.312339628724611407E+00    0.285569400871760526E+00
    0.182193310608292042E-02    0.318604638046552147E+02    0.191941496940403749E+04    0.494196665525491063E+01   -0.314674811820162437E+00    0.140646539154185013E+00
    0.187168584054804967E-02    0.317865808843711761E+02    0.195919246673583984E+04    0.415699958801269531E+01   -0.465151935815811157E+00    0.363736927509307861E+00
    0.194907547839023474E-02    0.316855496788706681E+02    0.197792316134476459E+04    0.497647708155405599E+01    0.100354767907555598E-01    0.295595177527229747E+00
    0.200541300369738284E-02    0.316085599190198288E+02    0.193137237972355001E+04    0.431795087865124039E+01   -0.288244951097169577E+00    0.293043512278578944E+00
    0.198731832530743037E-02    0.316066876624391355E+02    0.191202700086521486E+04    0.372758859220660677E+01   -0.278598389356591536E+00    0.352339674237626799E+00
    0.196830098744827557E-02    0.316059185164503269E+02    0.197701932522608536E+04    0.386788999997684257E+01   -0.385714080078512156E+00    0.448300407980805282E+00
    0.195445253040192179E-02    0.316000397346350930E+02    0.192690508580827827E+04    0.479825424197676398E+01   -0.263933595170300739E+00    0.370055161530938870E+00
    0.194711525253203036E-02    0.315875621327354530E+02    0.187805535838132960E+04    0.379208791075296503E+01   -0.287241148055231876E+00    0.683677510799203469E+00
    0.194390338855584145E-02    0.315708639567583802E+02    0.190990619659423828E+04    0.401042973995208740E+01   -0.256315678358078003E+00    0.278889024257659934E+00
    0.195452640440687371E-02    0.315399641404646545E+02    0.194639706728336682E+04    0.318113451623811194E+01   -0.161398960014932424E+00    0.147256521210539587E+00
    0.207230940650775936E-02    0.314029326904468178E+02    0.193009658571669570E+04    0.484755286027093213E+01    0.603403333174549195E-01    0.302266719798693240E+00
    0.206606790011774335E-02    0.313889655005654049E+02    0.198747963379398379E+04    0.436594330355586280E+01   -0.212506503891746190E+00    0.452662729832751243E+00
    0.207876982056205478E-02    0.313567073992231009E+02    0.192134121326443710E+04    0.458668760671038367E+01   -0.338638847068644055E+00    0.273017567883460766E+00
    0.209161332632503728E-02    0.313243885825430262E+02    0.193167656671497502E+04    0.475725749615573612E+01   -0.356031882707375069E+00    0.332323549495705195E+00
    0.207417061617539431E-02    0.313211372304108764E+02    0.187368108650446061E+04    0.326327355232245075E+01   -0.136014617162583284E+00    0.682253633495115031E+00
    0.205689800152443394E-02    0.313178619250638377E+02    0.192046812007114863E+04    0.456940578305576572E+01   -0.122437619659515828E+00    0.553127675149695408E+00
    0.215934071588252431E-02    0.312006540699205992E+02    0.184853817465799057E+04    0.306636219474870675E+01   -0.243704503072510681E+00    0.640342215907683920E+00
    0.216543689753883597E-02    0.311750156891862780E+02    0.189629540446393025E+04    0.326031011395339032E+01   -0.276507400199312470E+00    0.501069973919261891E+00
    0.217714145151503983E-02    0.311442344607282706E+02    0.196311896333140271E+04    0.467223423654767878E+01   -0.222782781947162889E+00    0.246336978700283982E+00
    0.216303675118003150E-02    0.311372336965483036E+02    0.196903534130429011E+04    0.475499023911422736E+01   -0.287716314821933605E+00    0.331942078625491577E+00
    0.222762413134747076E-02    0.310583887607441653E+02    0.192348114295404480E+04    0.487084837473636867E+01   -0.391358730238110963E+00    0.199505159752123989E+00
    0.222279453252882545E-02    0.310427295664788829E+02    0.196981172013930950E+04    0.464266578303616129E+01   -0.250966679097651635E+00    0.381687940645828117E+00
    0.220807937496829594E-02    0.310360138187214574E+02    0.185663997727522224E+04    0.363071731074053972E+01   -0.205466407364689629E+00    0.516688763395861339E+00
    0.219165560313098898E-02    0.310309454891112786E+02    0.191724500487358796E+04    0.466887099200891509E+01   -0.378585059840092442E+00    0.250154348622996348E+00
    0.218112746284059673E-02    0.310205761160824700E+02    0.192020934580093399E+04    0.491967076334401998E+01   -0.420813802939092318E+00    0.191370361145138113E+00
    0.219358784448674647E-02    0.309891829949611619E+02    0.191378591797246600E+04    0.317793750705678324E+01   -0.203165201773336690E+00    0.622066781602998442E+00
    0.217218747885220042E-02    0.309887905427211869E+02    0.191317990738087678E+04    0.380920189698392786E+01   -0.284351437439707977E+00    0.698857208866969337E+00
    0.216836824154557472E-02    0.309723101273442545E+02    0.192372307744453883E+04    0.431097293911853541E+01   -0.404406135130618349E+00    0.528200851450854048E+00
    0.214913635112430135E-02    0.309701278433027376E+02    0.195959730374051333E+04    0.473963635232811953E+01   -0.371832206569624679E+00    0.553447083922906535E+00
    0.219345276963917035E-02    0.309093061530164341E+02    0.193112837494367682E+04    0.444729418393831910E+01   -0.407451262113962820E+00    0.103859960941611443E+00
    0.218082115728369203E-02    0.309008570048173787E+02    0.195348268368976642E+04    0.446483945080082645E+01   -0.255371571945067544E+00    0.462212028512817730E+00
    0.217390649796623311E-02    0.308872084147572288E+02    0.192480681789755113E+04    0.428913308980258812E+01   -0.387447296926855866E+00    0.418662557996057338E+00
    0.217530474316433896E-02    0.308659224388238940E+02    0.199768796132545344E+04    0.445625802159561069E+01   -0.441436562621771778E+00    0.344241967238848423E+00
    0.216165418035756422E-02    0.308585124661912324E+02    0.194848244325791734E+04    0.311096611737054829E+01   -0.679042315213050918E-01    0.150101270201888959E+00
    0.216340595155731404E-02    0.308368923534139547E+02    0.195011730413329428E+04    0.471620293367945198E+01   -0.434469323548519304E+00    0.330952358784364686E+00
    0.222687514673157623E-02    0.307590613253366740E+02    0.194906553172507643E+04    0.468519233986916905E+01   -0.176340288677030499E+00    0.561751566430547133E+00
    0.220824196142439854E-02    0.307558665590963010E+02    0.191437966640372451E+04    0.433064846996913388E+01   -0.222333510349406294E+00    0.229894065477934506E+00
    0.219562667620248333E-02    0.307473249569429790E+02    0.184415619262206337E+04    0.306254818727327605E+01   -0.317294635095325905E+00    0.498820771867682256E+00
    0.219193705613068444E-02    0.307306886650658306E+02    0.191472600078325627E+04    0.336382902151253527E+01   -0.399304130203585239E+00    0.229402245013291983E+00
    0.217967004915266488E-02    0.307219129483827054E+02    0.194067798337216459E+04    0.479862728285828410E+01   -0.299927148782177022E+00    0.403666046120264133E+00
    0.217511531586164850E-02    0.307060966080307658E+02    0.189075211274240314E+04    0.304469167877704328E+01   -0.198782298333160190E+00    0.346488432915365241E+00
    0.218471481326125167E-02    0.306772893723101419E+02    0.189240833928631946E+04    0.402817646098070981E+01   -0.240950846667467411E+00    0.228399548218548076E+00
    0.222175086269039111E-02    0.306236688480159707E+02    0.194611432780206269E+04    0.396874407045263755E+01   -0.487413466364693571E+00    0.542603046772334063E+00
    0.221193667697528341E-02    0.306125230594654987E+02    0.184818810187008216E+04    0.308171601696874786E+01   -0.343681025542029950E+00    0.639656288080774238E+00
    0.224130410143623090E-02    0.305661442026703867E+02    0.199787528498282177E+04    0.492382922723560146E+01   -0.281776596095585974E+00    0.146666449731084142E+00
    0.225531101659959222E-02    0.305336841987787757E+02    0.195077992035198622E+04    0.484133412525111950E+01   -0.124613802928794537E+00    0.678240202837822492E+00
    0.223546984300388796E-02    0.305313571187637436E+02    0.198395641101143133E+04    0.440138879346282685E+01   -0.310719652521156242E+00    0.241056013979307121E+00
    0.221383108619908333E-02    0.305308108961158950E+02    0.196069687389817886E+04    0.463956491576176600E+01   -0.332186110777305865E+00    0.552616990017283705E+00
    0.222495102694077662E-02    0.305007901618505315E+02    0.194889170686933198E+04    0.387567982866377658E+01   -0.365275281917893102E+00    0.522968464491853968E+00
    0.227838067245348481E-02    0.304333300533700672E+02    0.191801430473494543E+04    0.472873582747596277E+01   -0.458660969433063004E+00    0.235230997767123445E+00
    0.227614660818530176E-02    0.304152921138077161E+02    0.187261405305451080E+04    0.364827358880808594E+01   -0.360999020391345682E+00    0.214740262035297780E+00
    0.238318329650264501E-02    0.303033857447954205E+02    0.192167102611587961E+04    0.417879788360682092E+01   -0.461528480493557991E+00    0.595677543551379141E+00
    0.237199400074142308E-02    0.302927980680073148E+02    0.187466993830252659E+04    0.380103051500340694E+01   -0.216662550159122003E+00    0.617721323508367393E+00
    0.243177401162858377E-02    0.302230178980026203E+02    0.189793661576690829E+04    0.366984484189840332E+01   -0.256549680023163584E+00    0.718349751334071307E+00
    0.249718730716111783E-02    0.301499299291466727E+02    0.193827042458088158E+04    0.406264733967770297E+01   -0.387584523908286405E+00    0.146775084493092928E+00
    0.250770455282895094E-02    0.301215243440167981E+02    0.196133653287018751E+04    0.419478296602999912E+01   -0.300758256866865858E+00    0.276724838835625708E+00
    0.252342249629876249E-02    0.300890277447827472E+02    0.195771169662475586E+04    0.489744710922241211E+01   -0.441828250885009766E+00    0.299928808212280296E+00
    0.255485249657735371E-02    0.300442709904585357E+02    0.186726372911369390E+04    0.342387838305215331E+01   -0.201997144963558861E+00    0.566734778749918733E+00
    0.253440959202331888E-02    0.300403385571506334E+02    0.192781381607055664E+04    0.439588654041290283E+01   -0.391829013824462891E+00    0.442535752058029197E+00
    0.255920621043199611E-02    0.300008656991579556E+02    0.191528812993792030E+04    0.444780862167008539E+01   -0.260219960515689186E+00    0.556325608004882177E+00
    0.254226992866103370E-02    0.299941452625872031E+02    0.195941131238811181E+04    0.367732095819000282E+01   -0.350591987318849774E+00    0.554907446746463862E+00
    0.251975169834205842E-02    0.299919392433455840E+02    0.192484778384048514E+04    0.430157715986174694E+01   -0.414217932165242164E+00    0.435557098011558508E+00
    0.249835443228635032E-02    0.299889953957508091E+02    0.189997567653841725E+04    0.426691445989786455E+01   -0.349654028624455271E+00    0.210807336781967225E+00
    0.247743890573193844E-02    0.299858093173272238E+02    0.193470594120756755E+04    0.423143378570550333E+01   -0.268874455916832900E+00    0.173833558604922889E+00
    0.246261752096629599E-02    0.299778103375238558E+02    0.187769302368715717E+04    0.331864571797917174E+01   -0.274742520390514167E+00    0.533259987919584844E+00
    0.248775774970760128E-02    0.299374963665639982E+02    0.191887171657420504E+04    0.420983879161444818E+01   -0.466725710977509256E+00    0.152576381414834622E+00
    0.248601251523878925E-02    0.299188999171483410E+02    0.199230289558153754E+04    0.414986861496306947E+01   -0.425559407567997816E+00    0.441539703159025465E+00
    0.247156643099854904E-02    0.299105557074319002E+02    0.190621400559480981E+04    0.333450126312084283E+01   -0.235477716590545616E+00    0.572204075516297483E+00
    0.245193524988371499E-02    0.299065047505487236E+02    0.197634174591723263E+04    0.466189058780644849E+01   -0.277825427320252949E+00    0.129235075482955569E+00
    0.246212009801910795E-02    0.298782143573822765E+02    0.199454421539122450E+04    0.437819207948671885E+01   -0.494508944820096052E+00    0.441176128269118450E+00
    0.246464283110118827E-02    0.298561661700926777E+02    0.199085987160340619E+04    0.483789703619868128E+01   -0.279813719110069969E+00    0.203472659988821969E+00
    0.246679697000093097E-02    0.298344189002294051E+02    0.193760744920287334E+04    0.394861741999886418E+01   -0.258641169857703745E+00    0.396928257060550460E+00
    0.244628728165993030E-02    0.298311170119888764E+02    0.190160606386889935E+04    0.340401745482878626E+01   -0.295420730245598451E+00    0.797115231641663646E+00
    0.243470932811505744E-02    0.298206052179316004E+02    0.197018830597873534E+04    0.484195473388846409E+01   -0.250137979932539667E+00    0.545063224171726923E+00
    0.244511305436354107E-02    0.297920772501524169E+02    0.193634109434311586E+04    0.444450263044959826E+01   -0.377693769983717398E+00    0.452013571381671531E+00
    0.245129026039035431E-02    0.297670309262228585E+02    0.192030923527827485E+04    0.367023336916037302E+01   -0.262110437682098962E+00    0.216775292106099970E+00
    0.244998528928355285E-02    0.297480959315459899E+02    0.194991400264514209E+04    0.492544406936243462E+01   -0.395546749652766594E+00    0.538521232417256801E+00
    0.248186399351990042E-02    0.297022401955758646E+02    0.192314397288748091E+04    0.381570058152576363E+01   -0.315571238581912328E+00    0.379728520045440554E+00
    0.247938774104581585E-02    0.296842366697015123E+02    0.196602425901553670E+04    0.406453611623694133E+01   -0.310887007291785533E+00    0.548985787806068659E+00
    0.246149301991199863E-02    0.296787238028610219E+02    0.189003709990390507E+04    0.347916153006330919E+01   -0.331123053951508928E+00    0.241909944521237374E+00
    0.243897198328296098E-02    0.296771067074771970E+02    0.196987705190628662E+04    0.465268903618956209E+01   -0.474420400790734997E+00    0.494106758653116374E+00
    0.244143575703459218E-02    0.296550873893447502E+02    0.197471318983737319E+04    0.465342799840840726E+01   -0.316581572892646435E+00    0.181191005204763722E+00
    0.243383587589328940E-02    0.296413228468696346E+02    0.187382032889706625E+04    0.335668495935477118E+01   -0.366170523343241072E+00    0.304364873206410591E+00
    0.249209962146597916E-02    0.295740088186003049E+02    0.195497729876718199E+04    0.424274715659199231E+01   -0.335431358778643829E+00    0.389221783273594135E+00
    0.251653243801175201E-02    0.295344960973130028E+02    0.195335077493295398E+04    0.480644461383691368E+01   -0.271439086971957677E+00    0.230004674368381207E+00
    0.250088919857980674E-02    0.295269672757407982E+02    0.194300719029125162E+04    0.448080014697231022E+01   -0.193991933931149385E+00    0.558450389594515317E+00
    0.249668335789241923E-02    0.295103335833894107E+02    0.193674614039925291E+04    0.459380661858424943E+01   -0.488565051223696367E+00    0.266335188920952759E+00
    0.248897131972488370E-02    0.294965209708577945E+02    0.195200664752784678E+04    0.454503451520660207E+01   -0.336484821425040326E+00    0.521257452519706233E+00
    0.246458965088652447E-02    0.294962093250583770E+02    0.196505044407795549E+04    0.473012941705082746E+01   -0.494956477750699564E+00    0.376371505120992156E+00
    0.245538663343661994E-02    0.294836914978589313E+02    0.185996178752922879E+04    0.316408342341944682E+01   -0.236309765192350252E+00    0.692604186216021267E+00
    0.249186315865045256E-02    0.294341985975582361E+02    0.185764809886555531E+04    0.333494397502581874E+01   -0.320047915758534252E+00    0.658580510678366204E+00
    0.247164942447203545E-02    0.294304885499571682E+02    0.196327577878783836E+04    0.480631882012711209E+01   -0.297362650254615724E+00    0.131391437970484803E+00
    0.248371877569726661E-02    0.294007460851362197E+02    0.191219016854724509E+04    0.385413485649575183E+01   -0.338221545307141713E+00    0.435754928065242519E+00
    0.255293796176745639E-02    0.293257702962074269E+02    0.187822569078724587E+04    0.332857690466996248E+01   -0.376993293822376396E+00    0.302769486194852333E+00
    0.265008630061437656E-02    0.292310755604002210E+02    0.190169772361058176E+04    0.330565165464810162E+01   -0.334261184870788819E+00    0.495428350771475401E+00
    0.264675824138443450E-02    0.292135887998517418E+02    0.192555750086481680E+04    0.378748360656325467E+01   -0.322019405287154947E+00    0.247896495309190917E+00
    0.267655183890917314E-02    0.291712012942059857E+02    0.185865032704621149E+04    0.336386395906217661E+01   -0.382990118851701256E+00    0.761045718638949542E+00
    0.268740308665858189E-02    0.291431093078243677E+02    0.188585998209477657E+04    0.329394481446630616E+01   -0.322330799138612734E+00    0.515562479700793275E+00
    0.267676112027463850E-02    0.291310449189915026E+02    0.193564097672332923E+04    0.483333881381927899E+01   -0.110501314209885682E+00    0.294616826389315745E+00
    0.270032804482364056E-02    0.290935134444494565E+02    0.195333090149083091E+04    0.479004978373002466E+01   -0.455416106232420181E+00    0.380459443600495217E+00
    0.268284333369953748E-02    0.290865056168186840E+02    0.196223440793473856E+04    0.470521203497007523E+01   -0.387876722530258289E+00    0.507407104114316221E+00
    0.265790065027894217E-02    0.290851868079354681E+02    0.190364339758998585E+04    0.398106853596625854E+01   -0.313527257183653263E+00    0.633745309957092218E+00
    0.265476892428014987E-02    0.290675447384015619E+02    0.188725251644907394E+04    0.407261641301460564E+01   -0.376727315887377734E+00    0.206853317250695112E+00
    0.263526008758228382E-02    0.290622962077008538E+02    0.195867466810912742E+04    0.463644458852600572E+01   -0.406658453823354749E+00    0.481659694182468234E+00
    0.261357463349526017E-02    0.290588222205205042E+02    0.192419817353066014E+04    0.398358809827630056E+01   -0.415525968076997376E+00    0.432939157776990213E+00
    0.259142389679790268E-02    0.290558449883784604E+02    0.187507294265060136E+04    0.313776039846079424E+01   -0.137035777877944243E+00    0.586706663356492686E+00
    0.256844135152753351E-02    0.290536614980348951E+02    0.194638502476570784E+04    0.444282478368517708E+01   -0.326569800849640546E+00    0.246554110134123955E+00
    0.256128552254684819E-02    0.290392413924799548E+02    0.193377727791072857E+04    0.433030835522460222E+01   -0.268546911731308180E+00    0.225074189858627455E+00
    0.258150459886742883E-02    0.290035151582611199E+02    0.187245617371473872E+04    0.347924629266630880E+01   -0.226671472023339649E+00    0.734516347731830610E+00
    0.260682825262009915E-02    0.289639914649470249E+02    0.193103449166470409E+04    0.368166735245271370E+01   -0.379895099344353560E+00    0.699908856462303830E+00
    0.258605694168957938E-02    0.289599913732309346E+02    0.187491455880060494E+04    0.305097297359386666E+01   -0.192648289565148678E+00    0.620284398162232353E+00
    0.261241282944646826E-02    0.289197114718447210E+02    0.195245783568365778E+04    0.454943110860489064E+01   -0.372748588893118238E+00    0.174838911040730516E+00
    0.258679272303662154E-02    0.289194224169304839E+02    0.194083098850987653E+04    0.420732590499402637E+01   -0.339728054624100440E+00    0.744072394106770063E+00
    0.262933817002166227E-02    0.288667956355914690E+02    0.190810230889329455E+04    0.374943673445044601E+01   -0.262483110926704510E+00    0.734103923944325665E+00
    0.273589923862960433E-02    0.287673396296833381E+02    0.196430018137571801E+04    0.415230286743248378E+01   -0.453407644230297335E+00    0.469233537098793785E+00
    0.273760109744730683E-02    0.287460959218049865E+02    0.193736236970122695E+04    0.425259393687435061E+01   -0.319320333507124188E+00    0.684060199930293211E+00
    0.277242057168650309E-02    0.287008183894615847E+02    0.193926125638066719E+04    0.472550171205584135E+01   -0.406336318425666421E+00    0.526317578078956405E+00
    0.275483217046384576E-02    0.286935469267004102E+02    0.197041978112931361E+04    0.362876937565504631E+01   -0.445869814849952417E+00    0.516745069552875136E+00
    0.272885124795674804E-02    0.286924985071823038E+02    0.192260381573266727E+04    0.408199075080610996E+01   -0.352743945078341059E+00    0.168982156147560930E+00
    0.270514872234938961E-02    0.286899461892293139E+02    0.188671354897691162E+04    0.319776296694619999E+01   -0.280755667459931968E+00    0.351739108136980616E+00
    0.268037280822092192E-02    0.286883481870884474E+02    0.191858917272415874E+04    0.382127271220665055E+01   -0.428759087980791653E+00    0.310684690949742270E+00
    0.273606796113370476E-02    0.286272162937801902E+02    0.194838026066247835E+04    0.465105670186669329E+01   -0.304033441810308558E+00    0.547419487077576816E+00
    0.277127136006522683E-02    0.285816475925644227E+02    0.194636321835676449E+04    0.435662736210405299E+01   -0.497245895113792358E+00    0.533951084953449118E+00
    0.280253543037169107E-02    0.285392109352739709E+02    0.189336864074518667E+04    0.337517031759066910E+01   -0.364133833103748694E+00    0.331637354387024352E+00
    0.281687248871577032E-02    0.285090055259788606E+02    0.193686924682637891E+04    0.351661398404375580E+01   -0.322662019178668213E+00    0.566658791211194668E+00
    0.283028043935103137E-02    0.284795083680299292E+02    0.193684276558403940E+04    0.347440456442293710E+01   -0.458968757859546161E+00    0.481908978070064387E+00
    0.282812241692663230E-02    0.284610339027674435E+02    0.197223171835351491E+04    0.429194014483475517E+01   -0.359395667600659940E+00    0.436480574850910852E+00
    0.280577580088346365E-02    0.284568998146968468E+02    0.197634820944329090E+04    0.416255372844793747E+01   -0.379345354098893250E+00    0.115976352835264834E+00
    0.278094788484828468E-02    0.284546763011557218E+02    0.191487291818732160E+04    0.403059327542875501E+01   -0.273550066860427155E+00    0.237894963484053895E+00
    0.276954058548344647E-02    0.284428970662192455E+02    0.193214240092856653E+04    0.310669492699210048E+01   -0.433015762625982736E+00    0.554093671485720973E+00
    0.274691060840829074E-02    0.284393062417742080E+02    0.197250544448207143E+04    0.462640716982997091E+01   -0.435406767416471718E+00    0.394924468560693187E+00
    0.277915345198235728E-02    0.283959672365682358E+02    0.190139913701880346E+04    0.338049234701905998E+01   -0.334401048101949816E+00    0.786367047302543809E+00
    0.278234481462313280E-02    0.283736719104974142E+02    0.196346475942069856E+04    0.468691816765528291E+01   -0.361247639365777584E+00    0.150184571994329746E+00
    0.276896166611718866E-02    0.283633151715784599E+02    0.193416844790597588E+04    0.320310599121565076E+01   -0.412614821255516517E+00    0.538703012504166634E+00
    0.275962188404085124E-02    0.283500726282591415E+02    0.191814964810047172E+04    0.421292050311179089E+01   -0.320538260833395539E+00    0.235195899378118328E+00
    0.274551522261265836E-02    0.283403224672953868E+02    0.191516682297918123E+04    0.311349763743422292E+01   -0.371138912935195742E+00    0.577159132160944388E+00
    0.274587750600837179E-02    0.283200585754820295E+02    0.192384727420355853E+04    0.340379334530706146E+01   -0.381334193583735215E+00    0.714863124103826131E+00
    0.274103033406995289E-02    0.283035922037773275E+02    0.195283468815660831E+04    0.425203891218736274E+01   -0.328876467599267697E+00    0.205228914588896083E+00
    0.271380454197918874E-02    0.283035568910979762E+02    0.191477999266498091E+04    0.339148843836796132E+01   -0.421955789955575977E+00    0.611557012314877024E+00
    0.270206968602870355E-02    0.282922239123919006E+02    0.197104336774976582E+04    0.428670590069072066E+01   -0.484529713369885429E+00    0.412235373923771187E+00
    0.268226957566261841E-02    0.282869333864099666E+02    0.196212064443274494E+04    0.472330079139369907E+01   -0.447540605285314030E+00    0.275603779487815170E+00
    0.265598257305052878E-02    0.282866306313926970E+02    0.191034228229319433E+04    0.396497284890617641E+01   -0.364393660144656018E+00    0.262684569043165173E+00
    0.263780031282834443E-02    0.282803692618669977E+02    0.193201339105616580E+04    0.411526108403879398E+01   -0.422261683027256640E+00    0.721118852131063304E+00
    0.261804891024682365E-02    0.282754012726598489E+02    0.194388341283411000E+04    0.445944915886217430E+01   -0.483877788019943356E+00    0.246014980465652427E+00
    0.262840974964579895E-02    0.282475019611131302E+02    0.190386934195670847E+04    0.390111250563299716E+01   -0.304775454291342895E+00    0.639199223908501257E+00
    0.263307086762586259E-02    0.282239583812438930E+02    0.191753119607784743E+04    0.310585711180861823E+01   -0.377440597955505441E+00    0.586624569636858162E+00
    0.264058311174830782E-02    0.281982604350130543E+02    0.191753092915114780E+04    0.359997555452961393E+01   -0.415170471966263110E+00    0.267643621550452848E+00
    0.265060468029493755E-02    0.281706843814508581E+02    0.192425145272940722E+04    0.377749459938907162E+01   -0.427729027083775803E+00    0.566892331948744888E+00
    0.264811215344783191E-02    0.281525659894772211E+02    0.188030034794612880E+04    0.324820837418556208E+01   -0.369245881800334075E+00    0.536483769353784057E+00
    0.262997556817951006E-02    0.281463108589132318E+02    0.190361662383053999E+04    0.317091069143176796E+01   -0.432663301305024506E+00    0.505207290022930189E+00
    0.260403190055852763E-02    0.281461380221354993E+02    0.191847632788991677E+04    0.374782947163577429E+01   -0.357382240098184090E+00    0.286503392508998367E+00
    0.261438049126522720E-02    0.281182056446263928E+02    0.195760309078608657E+04    0.442693921519219291E+01   -0.472428954276044033E+00    0.182114547783298442E+00
    0.259268055048514096E-02    0.281148753677046308E+02    0.195603696522982091E+04    0.389364522610423647E+01   -0.331353412984121853E+00    0.658002181192062774E+00
    0.256937070618586810E-02    0.281129379568402982E+02    0.197016531650932916E+04    0.454574255440278474E+01   -0.492255167924102677E+00    0.436245513538762841E+00
    0.259036426518347886E-02    0.280766629543748252E+02    0.188822857506989135E+04    0.340443161289138629E+01   -0.294154417249273825E+00    0.686416179941764515E+00
    0.257691418239249350E-02    0.280670747123658302E+02    0.197065004576512365E+04    0.477839799562674017E+01   -0.395408925382695564E+00    0.267451274094839819E+00
    0.255881084210798655E-02    0.280611747003361387E+02    0.191734971391703311E+04    0.379982022489741889E+01   -0.419353664760617861E+00    0.146580940856179370E+00
    0.260992939888347441E-02    0.280016136304100591E+02    0.194896887225910291E+04    0.445501206298129304E+01   -0.473014679493171109E+00    0.459688353220002233E+00
    0.258772323659646865E-02    0.279987031121088172E+02    0.196079900818756460E+04    0.428385188143684026E+01   -0.420607250713895486E+00    0.410892980940402941E+00
    0.256904389508311876E-02    0.279931923630169415E+02    0.187085517067598857E+04    0.346261603250989580E+01   -0.316779143369383731E+00    0.715164298013264199E+00
    0.261539710933256101E-02    0.279374280833931969E+02    0.188481003068955715E+04    0.330540294816239211E+01   -0.359168342916009131E+00    0.528885900178139967E+00
    0.260561735295550398E-02    0.279249207022210477E+02    0.185606903453822383E+04    0.320067735581367252E+01   -0.346259232117838378E+00    0.706566950950824224E+00
    0.258025767177409975E-02    0.279244814384206386E+02    0.186444017499366487E+04    0.334537079813562332E+01   -0.456646979607988002E+00    0.583451141043489496E+00
    0.257673732078191574E-02    0.279072119832779464E+02    0.189051873668412964E+04    0.325570476621859006E+01   -0.351458641959396523E+00    0.344268204522101273E+00
    0.255393796914324227E-02    0.279049870326998928E+02    0.196833200536839036E+04    0.410222301194647088E+01   -0.452712558911601448E+00    0.543586594561110581E+00
    0.254863931929093105E-02    0.278891407389211494E+02    0.192728135719757688E+04    0.401618155715769554E+01   -0.343206379993644672E+00    0.178111214708816135E+00
    0.252980876102880826E-02    0.278839725491624861E+02    0.187016929218670202E+04    0.356584431329648055E+01   -0.418847675956899590E+00    0.729348307801312989E+00
    0.253118409766058070E-02    0.278628855397917938E+02    0.196473153642006469E+04    0.455219057787283177E+01   -0.473333129659514407E+00    0.168276359527976566E+00
    0.250645179606942634E-02    0.278625237199424234E+02    0.188958166560354471E+04    0.363781054012882965E+01   -0.363753670499254611E+00    0.764988078354900236E+00
    0.249905331482094470E-02    0.278484359997003068E+02    0.194572662095514534E+04    0.490656025618352665E+01   -0.286435261490535220E-01    0.340400694412129390E+00
    0.248139794748895642E-02    0.278426157921394903E+02    0.194997977594663325E+04    0.471145479126422018E+01   -0.427309647595384479E+00    0.104565700928532318E+00
    0.247352497434686399E-02    0.278289714750769193E+02    0.190751903543691606E+04    0.325741821057206860E+01   -0.319705554839406436E+00    0.588775715399786681E+00
    0.246055256688832748E-02    0.278194880810608325E+02    0.195706677472239039E+04    0.474796161080874235E+01   -0.444578975011047761E+00    0.402064204427441507E+00
    0.246809540590052284E-02    0.277933664469391317E+02    0.194109252891932829E+04    0.365129515686653461E+01   -0.412837059520232363E+00    0.200889293571624772E+00
    0.246645508157920150E-02    0.277746961116256408E+02    0.185844132850710139E+04    0.349802211114091710E+01   -0.396705898583811944E+00    0.695200606375954488E+00
    0.246565936286973668E-02    0.277553414484079362E+02    0.193834429670222039E+04    0.372839664105536572E+01   -0.396699538792685602E+00    0.137970400341566823E+00
    0.244344187054926264E-02    0.277534446758273390E+02    0.192748098603240192E+04    0.404211873257810694E+01   -0.384503723144719534E+00    0.669102341133212319E+00
    0.242678148100487160E-02    0.277471281998308328E+02    0.198430118026358309E+04    0.492212333918924116E+01   -0.431642518992123692E+00    0.277994806035757769E+00
    0.240591609435186109E-02    0.277443984849922636E+02    0.188672860286541709E+04    0.369700930547498308E+01   -0.397357196127087753E+00    0.559942616873153498E+00
    0.238621101096056281E-02    0.277408464581108340E+02    0.195251950787921623E+04    0.393189823250413761E+01   -0.479567450721002542E+00    0.153949776347907519E+00
    0.236677918359450620E-02    0.277371998986492443E+02    0.195330705745564455E+04    0.445368184786785193E+01   -0.440488315841250033E+00    0.237035574089055179E+00
    0.237223206866749026E-02    0.277125973457628305E+02    0.193514698860398948E+04    0.393409837154334241E+01   -0.277902461217509222E+00    0.202897569560193669E+00
    0.235825760659597039E-02    0.277044138837384857E+02    0.190403712520680165E+04    0.329726755570591745E+01   -0.323279271792880074E+00    0.609246146875681349E+00
    0.235406011089906927E-02    0.276879768835688722E+02    0.190003901224096080E+04    0.357959135612302104E+01   -0.323505347430657397E+00    0.197592627952545175E+00
    0.237440273051514866E-02    0.276507681239323695E+02    0.194756419796970295E+04    0.465458742352028754E+01   -0.466311880071962781E+00    0.190823417474928259E+00
    0.235621963619521034E-02    0.276461430006036082E+02    0.192605490382603125E+04    0.368088435496598665E+01   -0.337985577772327461E+00    0.793058989781787127E+00
    0.233663175646940885E-02    0.276428390276815641E+02    0.187394708168942384E+04    0.346699584700736718E+01   -0.460375720531668087E+00    0.537346652045001538E+00
    0.232313123206796075E-02    0.276344280824980721E+02    0.187248055158049897E+04    0.328801386662437700E+01   -0.392081290081571665E+00    0.512238184255227047E+00
    0.230152976470510140E-02    0.276331119380085930E+02    0.193236563050102905E+04    0.404808919431226499E+01   -0.363281590006560018E+00    0.728452119612684190E+00
    0.230361225610162951E-02    0.276113030977781939E+02    0.185744841831327244E+04    0.338267032341535057E+01   -0.461979122526174124E+00    0.680435025883816658E+00
    0.229327345143280192E-02    0.276002994685903147E+02    0.196545215131043597E+04    0.445976406453119090E+01   -0.445244872456406870E+00    0.442648838713426085E+00
    0.227519317720547903E-02    0.275961300481644116E+02    0.195038947177260980E+04    0.397003320928207160E+01   -0.390884680848205268E+00    0.598415560483837150E+00
    0.225357448909199081E-02    0.275952247369816561E+02    0.195015138913410010E+04    0.422387543001850574E+01   -0.440375048883053066E+00    0.453926845282134561E+00
    0.226536283302872753E-02    0.275647900972982605E+02    0.192874981172422713E+04    0.345910010335310014E+01   -0.365009593649799235E+00    0.566366834767455862E+00
    0.225425664864896923E-02    0.275546194263199773E+02    0.194661139268354009E+04    0.461332608341430550E+01   -0.486094406442347471E+00    0.133648206241988754E+00
    0.223671935096631707E-02    0.275502395381420619E+02    0.195010378967800921E+04    0.390921217765682893E+01   -0.363491072835219420E+00    0.207505100815392141E+00
    0.227655149737388506E-02    0.274949363782151117E+02    0.195848780691170145E+04    0.496816429116374003E+01   -0.435657607071583630E+00    0.234446797457187023E+00
    0.226468682088405964E-02    0.274853870109759058E+02    0.190610240992904187E+04    0.338360352557013000E+01   -0.343528255177756425E+00    0.733635453410932392E+00
    0.227184819864075958E-02    0.274590726025786900E+02    0.191693569359137223E+04    0.391915270984089492E+01   -0.376366498871131994E+00    0.751007666597452439E+00
    0.225483674563429310E-02    0.274541048244363601E+02    0.194150831187834206E+04    0.487709105013802091E+01   -0.338831712621306402E-01    0.314761206314822406E+00
    0.223352852304371059E-02    0.274530947072999574E+02    0.189994677307131315E+04    0.319924419168435881E+01   -0.267190240564174453E+00    0.616366920621173486E+00
    0.221419328165267139E-02    0.274504837114174443E+02    0.187121254454086829E+04    0.321387865688120389E+01   -0.376010871774329403E+00    0.629172879939750795E+00
    0.219606571746659967E-02    0.274469250735028503E+02    0.193271920269349107E+04    0.402712799019329104E+01   -0.376312060361834733E+00    0.633598166837260224E+00
    0.218080423878727831E-02    0.274408725205895045E+02    0.198174258283152290E+04    0.491787001051362349E+01   -0.455565487022133286E+00    0.240344221762548521E+00
    0.218556258912634086E-02    0.274165134253414315E+02    0.187080213320809730E+04    0.340339025202901890E+01   -0.411189976079438968E+00    0.529838058295004188E+00
    0.218432895152880684E-02    0.273976426411298064E+02    0.187796314594239902E+04    0.356440050003947739E+01   -0.301358266812397690E+00    0.662535705797726804E+00
    0.216683214156665471E-02    0.273937274551791639E+02    0.197067821107768896E+04    0.474184925207578001E+01   -0.445425855248034352E+00    0.223621866074113274E+00
    0.218519951437770804E-02    0.273568457012611503E+02    0.187037065999010315E+04    0.324992372544744823E+01   -0.433393571225827612E+00    0.647509063828287545E+00
    0.217080180657441661E-02    0.273500667810296534E+02    0.187345571583202923E+04    0.300769579668056242E+01   -0.424475385356926305E+00    0.343122797487566855E+00
    0.215779748306100345E-02    0.273420839364814157E+02    0.195327448106439738E+04    0.471149053066776791E+01   -0.481749725273543039E+00    0.226295309313199328E+00
    0.216132797338846553E-02    0.273188143013209022E+02    0.194643886722491970E+04    0.488720109032554095E+01   -0.100914072865426974E+00    0.320548240006582830E+00
    0.215117924420013106E-02    0.273082276169735820E+02    0.188070780721605593E+04    0.345950884872134479E+01   -0.405577154836994191E+00    0.133679409465039145E+00
    0.213038859284954245E-02    0.273076511697969337E+02    0.199026117718670139E+04    0.482429594172464871E+01   -0.478327315192105029E+00    0.232362232536995533E+00
    0.210924355374081862E-02    0.273076012161281660E+02    0.189699109807154196E+04    0.364502531428499355E+01   -0.399070375824892465E+00    0.545430664565886847E+00
    0.210753226420179896E-02    0.272892245318621356E+02    0.191920575850629757E+04    0.420162686481010983E+01   -0.365440173378419608E+00    0.196540825671548236E+00
    0.209578218292835088E-02    0.272804062904749216E+02    0.188325112482653071E+04    0.353861276074711650E+01   -0.402573348791581020E+00    0.123713801455898983E+00
    0.210678773277886205E-02    0.272499312000137905E+02    0.195167221865435249E+04    0.468300747147553942E+01   -0.481939074350283214E+00    0.184896030779607784E+00
    0.214244285827526167E-02    0.271963665707734670E+02    0.187207122952609870E+04    0.330600660307996908E+01   -0.487641368189490443E+00    0.569762075542856739E+00
    0.212754633294242289E-02    0.271903212531860170E+02    0.196359331927263497E+04    0.425291468632648062E+01   -0.451065024808863124E+00    0.131833967731748242E+00
    0.210729596391929456E-02    0.271894487880073257E+02    0.195536244150542825E+04    0.435478358577648450E+01   -0.492740348371651316E+00    0.268231635469749929E+00
    0.210064952975410084E-02    0.271757667782972412E+02    0.196529436574377723E+04    0.406524477780828519E+01   -0.388483389678055291E+00    0.646234274059331537E+00
    0.208600825480287745E-02    0.271697553442533923E+02    0.198481216478006399E+04    0.456709048576736976E+01   -0.468535307248642063E+00    0.153944065670661240E+00
    0.208032447787015635E-02    0.271552122108297382E+02    0.189144714035547918E+04    0.330376690623507763E+01   -0.393296021101174786E+00    0.704624862046822509E+00
    0.206603757154112319E-02    0.271489948595223289E+02    0.191376787585132524E+04    0.325368147013849551E+01   -0.397908647030569829E+00    0.543380081087044720E+00
    0.204549436248321849E-02    0.271489809672242046E+02    0.190937755134765166E+04    0.338968614333238660E+01   -0.489970373386414637E+00    0.547081393733917953E+00
    0.202945604291409655E-02    0.271447243758938939E+02    0.191280450851534920E+04    0.353133163920804982E+01   -0.440278192417350556E+00    0.515008017394674611E+00
    0.202671026142068125E-02    0.271274321365790385E+02    0.193813745794990723E+04    0.377213762302830302E+01   -0.454011571466675368E+00    0.263113329832957099E+00
    0.201044702429322960E-02    0.271235457768958668E+02    0.189485899229933489E+04    0.339009684428332303E+01   -0.308581445434750912E+00    0.632018637071056655E+00
    0.199082757701719067E-02    0.271231591316047869E+02    0.194854707980636272E+04    0.426813949538677129E+01   -0.465835153714595773E+00    0.176722449622818772E+00
    0.197225771471509076E-02    0.271219021026414282E+02    0.195911848168713504E+04    0.348591268139213284E+01   -0.458662576623777019E+00    0.579321718904586946E+00
    0.195461619470028384E-02    0.271198722632397846E+02    0.192200059276428760E+04    0.397638804172395854E+01   -0.317869108448794402E+00    0.236771514294311147E+00
    0.193865302755613276E-02    0.271162731394075998E+02    0.192098005554735278E+04    0.382260630704352078E+01   -0.367358907925293576E+00    0.630892478323220485E+00
    0.193088529083222725E-02    0.271043027765566791E+02    0.190400596763545241E+04    0.318468975718996150E+01   -0.334653274980406146E+00    0.623560388368164742E+00
    0.194247621528570230E-02    0.270723328542720445E+02    0.187879232950765845E+04    0.319144823556892954E+01   -0.431398889110668649E+00    0.511691135478283043E+00
    0.193146560658291264E-02    0.270637017791118843E+02    0.189972400493892587E+04    0.315736038894143123E+01   -0.451199857080445133E+00    0.476005223340200345E+00
    0.193206741565911757E-02    0.270430787130450483E+02    0.190600682300637527E+04    0.376827719445466958E+01   -0.421281253048796378E+00    0.242152250826147969E+00
    0.193909944011069367E-02    0.270158126535357077E+02    0.193335045228947843E+04    0.345046580791515067E+01   -0.473197611211425173E+00    0.169076525806777123E+00
    0.193070321940220016E-02    0.270044913740001213E+02    0.194997569311289703E+04    0.361482799542427724E+01   -0.461068268587589980E+00    0.178089598779847702E+00
    0.191962053631740404E-02    0.269960049135307685E+02    0.188195304838267066E+04    0.366382977376109231E+01   -0.423025719160279923E+00    0.195929402040311784E+00
    0.190797791493075523E-02    0.269881719759246579E+02    0.190606062662605859E+04    0.334293395234400936E+01   -0.394284804728940230E+00    0.721524976961996578E+00
    0.189280850205610497E-02    0.269841365598355551E+02    0.196358796364870364E+04    0.484940714266721340E+01   -0.481999060761539311E+00    0.151563156884241129E+00
    0.188666411987441392E-02    0.269706394645627405E+02    0.196889996086052497E+04    0.440546786580769023E+01   -0.461982761001405007E+00    0.243440331543063215E+00
    0.190656217939887151E-02    0.269296565434603359E+02    0.198472407608267940E+04    0.484262417054582350E+01   -0.438365556768703091E+00    0.122410555632217671E+00
    0.188880742222755039E-02    0.269283686991132178E+02    0.197131304203007107E+04    0.473516736156568818E+01   -0.479758243363232861E+00    0.159642926851262773E+00
    0.187222437315549698E-02    0.269260055152192663E+02    0.190570732580726553E+04    0.336983611165554908E+01   -0.371633853119033464E+00    0.685856406148282693E+00
    0.186361813411859540E-02    0.269152203086637485E+02    0.195300319272742013E+04    0.408200528586596612E+01   -0.424955601208709344E+00    0.265476570951850954E+00
    0.186224630395462397E-02    0.268966930731711642E+02    0.190287594429290675E+04    0.362702143724484838E+01   -0.398414402191826111E+00    0.579802001418510349E+00
    0.184816536626188381E-02    0.268918730656271414E+02    0.192478290669885359E+04    0.382507092205776456E+01   -0.327537615959157757E+00    0.190569696355744278E+00
    0.182978079695199445E-02    0.268918676186902736E+02    0.190301102428041531E+04    0.357934778002366283E+01   -0.410051602647316549E+00    0.685180311740671177E+00
    0.181361879295057079E-02    0.268896116070888347E+02    0.190002948531778293E+04    0.359480867741570531E+01   -0.421956455033548949E+00    0.151430426652358147E+00
    0.181038308649816718E-02    0.268731830261110822E+02    0.196257445947838960E+04    0.387999301519540118E+01   -0.419695933735444060E+00    0.632922107250228683E+00
    0.179825161448701277E-02    0.268666302367250651E+02    0.189774391123698365E+04    0.349661199087440933E+01   -0.409144430697656436E+00    0.529456945916530364E+00
    0.178270581639357458E-02    0.268639953085587706E+02    0.190771657473738264E+04    0.333221504901453036E+01   -0.361003498659633826E+00    0.576394458792940934E+00
    0.177508745325518540E-02    0.268525605895686859E+02    0.186384540034705219E+04    0.350164254878060888E+01   -0.465372876297918348E+00    0.127428557036488671E+00
    0.176345854656827770E-02    0.268457060437210231E+02    0.190304631135468981E+04    0.335243442188097873E+01   -0.409664557131107110E+00    0.744302475276257036E+00
    0.176522005686165890E-02    0.268237092504307562E+02    0.196565310288071623E+04    0.493308530976094417E+01   -0.431795585557256167E+00    0.184575392819951223E+00
    0.174794912377061935E-02    0.268233736290443368E+02    0.191606948652495134E+04    0.362567286305342229E+01   -0.426070878362103889E+00    0.209967656998915259E+00
    0.174259423668265165E-02    0.268095100848747485E+02    0.196666210217619641E+04    0.464565241250060268E+01   -0.489719767795733896E+00    0.150186306735255654E+00
    0.173925041758827008E-02    0.267933515200384491E+02    0.194149183481427144E+04    0.382093509724341462E+01   -0.391218124735258244E+00    0.636046929827487673E+00
    0.172917022596448251E-02    0.267849766613237357E+02    0.195944332086003351E+04    0.425077472231655573E+01   -0.449721251177529868E+00    0.125619174546129364E+00
    0.172782001629744834E-02    0.267665389564314218E+02    0.196658890302218333E+04    0.353508637829781058E+01   -0.498163597544122705E+00    0.579523560160236983E+00
    0.172299512156512814E-02    0.267521317195134039E+02    0.186717362234789152E+04    0.349954794931909019E+01   -0.466231768553458492E+00    0.166111100973562298E+00
    0.170590870755121631E-02    0.267520641017449599E+02    0.190411217705237254E+04    0.357718657422257236E+01   -0.325279098891834595E+00    0.565744513744102839E+00
    0.169763951810959074E-02    0.267417824370398023E+02    0.188509159216689318E+04    0.326870534265195900E+01   -0.417474235562088625E+00    0.533976655921768573E+00
    0.168820586586570284E-02    0.267329272774977476E+02    0.191318760536106220E+04    0.317692178598646757E+01   -0.415881182065903354E+00    0.608971862144735754E+00
    0.169270070524558665E-02    0.267076093641705867E+02    0.197203353082024273E+04    0.492634788565785975E+01   -0.468556824868033739E+00    0.233283079708734353E+00
    0.167718308205253518E-02    0.267060286733849850E+02    0.191707654216990500E+04    0.386049941354125847E+01   -0.354109808492830136E+00    0.651528599890519922E+00
    0.166761312937729043E-02    0.266974732914533632E+02    0.187996345250967465E+04    0.339866574475611172E+01   -0.424292338072800701E+00    0.523839957889937646E+00
    0.165732521385210168E-02    0.266898500001860803E+02    0.190540397926900573E+04    0.355582130549674691E+01   -0.378308243888525020E+00    0.678642925727845570E+00
    0.164146152046177945E-02    0.266890859398905995E+02    0.192974022984951398E+04    0.318084339898786084E+01   -0.485747702862370956E+00    0.624071132371316728E+00
    0.163763429546038208E-02    0.266737545765564761E+02    0.196342696680171503E+04    0.384006373711912552E+01   -0.448089446898638055E+00    0.657039582538506806E+00
    0.164247625078937074E-02    0.266478499477000348E+02    0.193607481844965264E+04    0.365288070406301424E+01   -0.435671493004072208E+00    0.582613155830923435E+00
    0.163129597610541530E-02    0.266415104193203582E+02    0.196097336099460608E+04    0.480191616399341292E+01   -0.479782995551212232E+00    0.131642579923938852E+00
    0.162280477085531517E-02    0.266319479874012011E+02    0.187927771327750520E+04    0.357771401554839574E+01   -0.373586251269741432E+00    0.667053064034735299E+00
    0.161316123862513582E-02    0.266238684596809669E+02    0.192197852799103134E+04    0.380299835924906304E+01   -0.360156150390174012E+00    0.739713502595710448E+00
    0.160086262449770571E-02    0.266191747233293690E+02    0.189967604733549706E+04    0.344375528585667112E+01   -0.450381120624923414E+00    0.497530670193529145E+00
    0.159022630486591043E-02    0.266125072994580911E+02    0.193547378499876208E+04    0.379061036422489650E+01   -0.388183583042110814E+00    0.652109650227598259E+00
    0.157594056643650042E-02    0.266105554137298839E+02    0.189210501124537132E+04    0.356256009510512328E+01   -0.308585024617544224E+00    0.568104559585983049E+00
    0.156403114094915384E-02    0.266057268658397206E+02    0.195564965672066000E+04    0.455987828592559286E+01   -0.480968729801727446E+00    0.125264764587467325E+00
    0.155133467344732885E-02    0.266020286917587363E+02    0.189619632597083523E+04    0.346863058156678861E+01   -0.354397924302288558E+00    0.436292057867163297E+00
    0.154294050623459615E-02    0.265928799410072934E+02    0.190016679763793945E+04    0.331659078598022461E+01   -0.430140614509582520E+00    0.496051204204559393E+00
    0.154400689867990816E-02    0.265714981325760462E+02    0.190950100165129061E+04    0.331598490531658996E+01   -0.400148810514488473E+00    0.628168971613263794E+00
    0.153153056313670884E-02    0.265677247650093769E+02    0.188608897182869714E+04    0.348350156972160097E+01   -0.307675611186068010E+00    0.590964716957135705E+00
    0.152947759866026720E-02    0.265504074952416858E+02    0.190204509545624342E+04    0.363223963588309529E+01   -0.479575566638353323E+00    0.616863442178438026E+00
    0.151874171903415892E-02    0.265444956206669964E+02    0.188114058846032572E+04    0.321015303472413205E+01   -0.358071798671157793E+00    0.581081411147861271E+00
    0.150379095564827695E-02    0.265442815246507280E+02    0.190785671146998357E+04    0.309762145373546938E+01   -0.382620490702224203E+00    0.619896450187058190E+00
    0.149700378497917628E-02    0.265333287042541279E+02    0.191267785282434738E+04    0.352965619319118185E+01   -0.346340796680640828E+00    0.564724051040877417E+00
    0.148605474020447118E-02    0.265280104060723367E+02    0.196988166496954500E+04    0.454873374793848839E+01   -0.471441178162259167E+00    0.143315816211163682E+00
    0.148371626126193564E-02    0.265111601161674280E+02    0.192398793336859899E+04    0.330227464351369893E+01   -0.420727664250100497E+00    0.574102006164830314E+00
    0.147272603229620059E-02    0.265060297175319199E+02    0.187653261043114458E+04    0.343434049879320735E+01   -0.297407927206090716E+00    0.599361069414857450E+00
    0.146384112201548367E-02    0.264981321990019616E+02    0.190144247617615542E+04    0.347172751986559724E+01   -0.347987247949501755E+00    0.670518203066457819E+00
    0.145034634454313982E-02    0.264966551994431363E+02    0.187309811200595800E+04    0.356657915800955028E+01   -0.387199478507680883E+00    0.596986318057896037E+00
    0.144027451645766295E-02    0.264905925081790627E+02    0.194868449258494616E+04    0.432401147933123298E+01   -0.454722622552761302E+00    0.229547562061821003E+00
    0.144208895489553461E-02    0.264680745208460095E+02    0.188658783758686013E+04    0.363789942736739835E+01   -0.325820688858363239E+00    0.645451706214963838E+00
    0.142846270217193965E-02    0.264670623067497353E+02    0.187346778220370470E+04    0.335080310553214789E+01   -0.425388601519316567E+00    0.664350625439559805E+00
    0.143543708959637949E-02    0.264373211821029912E+02    0.193290962661765866E+04    0.399210754036818383E+01   -0.324094237102568239E+00    0.240153249128743751E+00
    0.144018215419637304E-02    0.264107207687597807E+02    0.193132912862300213E+04    0.352103123262753304E+01   -0.421498004830129780E+00    0.162082876980893326E+00
    0.142651167067785276E-02    0.264097958259243413E+02    0.189758638653511434E+04    0.366406615735369456E+01   -0.415451550027081840E+00    0.569768126296740895E+00
    0.142285500144582284E-02    0.263949291368109051E+02    0.193756728802899056E+04    0.386968740601209538E+01   -0.467244591484977989E+00    0.608384480331053079E+00
    0.141302738794495683E-02    0.263887909991772958E+02    0.195189542974631331E+04    0.361198244111669231E+01   -0.475957925762926448E+00    0.606095116854479699E+00
    0.141755439196178433E-02    0.263623937165992359E+02    0.192151048754575459E+04    0.365095592878962005E+01   -0.422850183815666802E+00    0.632522483189730478E+00
    0.140607850749987855E-02    0.263586507132516097E+02    0.198808977367946045E+04    0.462972722181007867E+01   -0.443355643096327079E+00    0.130272571467926285E+00
    0.139395092498903451E-02    0.263559757573488440E+02    0.189573692890177858E+04    0.335880775727120229E+01   -0.386962074107838006E+00    0.437931363803039209E+00
    0.138774619646741485E-02    0.263448979922881819E+02    0.190927402695285900E+04    0.304526645201351664E+01   -0.362818557655334772E+00    0.601767685492808790E+00
    0.139114561866711894E-02    0.263200047843167191E+02    0.189383747841503941E+04    0.346584599338563848E+01   -0.364550977007316368E+00    0.445445863203137171E+00
    0.138749949172343946E-02    0.263052535712492634E+02    0.194278110855023920E+04    0.370918463259273201E+01   -0.468072159118028130E+00    0.204309388671173514E+00
    0.138244029136009813E-02    0.262925594426909974E+02    0.194428301764390085E+04    0.382705985131540460E+01   -0.458834064022432098E+00    0.254828812737687649E+00
    0.137370592062070816E-02    0.262852356932339255E+02    0.191709652454643174E+04    0.310420586768551887E+01   -0.467408403885675228E+00    0.554989684446587361E+00
    0.136199152725336651E-02    0.262823639980841897E+02    0.187919316988127207E+04    0.357597370395671810E+01   -0.354431202851204719E+00    0.655224064883967450E+00
    0.135057679530344922E-02    0.262791964579093111E+02    0.197589660901555749E+04    0.479858023990262694E+01   -0.488718049518422792E+00    0.140048628635129235E+00
    0.134714168816568378E-02    0.262642898121868171E+02    0.189136638190844201E+04    0.332237372064903091E+01   -0.424676009007630861E+00    0.529614160993840843E+00
    0.133689700781178104E-02    0.262595574461744619E+02    0.192832317421613925E+04    0.347867560944558685E+01   -0.499656490138231379E+00    0.174193477139038183E+00
    0.132714801558273606E-02    0.262541953905971113E+02    0.190299275414141789E+04    0.321882795924641840E+01   -0.393989695133781570E+00    0.573845188270410089E+00
    0.131798208493214236E-02    0.262480562851312058E+02    0.195259058525630326E+04    0.400837478878651865E+01   -0.301360344564079730E+00    0.235925144523130431E+00
    0.131614802239988712E-02    0.262308413606649289E+02    0.196774278272075799E+04    0.429893529234766891E+01   -0.403024172247029966E+00    0.105078415898251828E+00
    0.131826485037203991E-02    0.262076272427115597E+02    0.189447994748883593E+04    0.372695084204122296E+01   -0.411906315695651781E+00    0.177288196817564803E+00
    0.131001455428031866E-02    0.262001834772971414E+02    0.194131502894128084E+04    0.348391275561745895E+01   -0.490402515034924602E+00    0.153989565261718447E+00
    0.132311609217302382E-02    0.261602807109370339E+02    0.190359213441834845E+04    0.359188599247626783E+01   -0.450333745258327811E+00    0.132350465787242189E+00
    0.131301580352098895E-02    0.261556067089933073E+02    0.190714776873581513E+04    0.326814068967623106E+01   -0.462578120746400090E+00    0.481324975264140420E+00
    0.131189414085868396E-02    0.261373159679840512E+02    0.189681432761372866E+04    0.319751948147210951E+01   -0.352811476458458118E+00    0.587041721289867868E+00
    0.130284705732195099E-02    0.261311561440544118E+02    0.188032914239602633E+04    0.328595424248381729E+01   -0.473289630351310942E+00    0.565067394831995973E+00
    0.130946017993872617E-02    0.261010300200679239E+02    0.188650680779434447E+04    0.309606823379144336E+01   -0.466035885686024332E+00    0.625174824187791467E+00
    0.129852781462281609E-02    0.260977976269331116E+02    0.188738977240423742E+04    0.331642883769864039E+01   -0.487730654973325961E+00    0.688722167440096067E+00
    0.128930647693270843E-02    0.260920510538229422E+02    0.190951553143390629E+04    0.322049656997072642E+01   -0.432156388796316293E+00    0.546727418583396352E+00
    0.127769264556826354E-02    0.260901483106631673E+02    0.194172104971173553E+04    0.347429515891556084E+01   -0.488248634078008170E+00    0.515930303376053390E+00
    0.127642490280156329E-02    0.260721337210396378E+02    0.190341290475792584E+04    0.300343933379527117E+01   -0.329163338827022700E+00    0.596132583706497465E+00
    0.127690676753034068E-02    0.260513788410683418E+02    0.190401085167116094E+04    0.331326725595044902E+01   -0.422290797493332981E+00    0.621540378768980828E+00
    0.126671809451015687E-02    0.260474012155369117E+02    0.196796967451885348E+04    0.424664183830230346E+01   -0.464839371965202308E+00    0.121017835756594777E+00
    0.126336687949698146E-02    0.260326994043446831E+02    0.188585741686632286E+04    0.302549951439759113E+01   -0.353912348594273340E+00    0.596422290214854489E+00
    0.127032883300520890E-02    0.260017083907116984E+02    0.187029586483382059E+04    0.342421496861456243E+01   -0.435592346274008169E+00    0.631079375779696305E+00
    0.126435651463869809E-02    0.259911333545235976E+02    0.194232859839557364E+04    0.407664323350412872E+01   -0.333036991855993114E+00    0.247828233994391078E+00
    0.125197418454346004E-02    0.259908166656929538E+02    0.196975564723570028E+04    0.457948464455060211E+01   -0.436248797718417514E+00    0.113817767345332721E+00
    0.124238611659887514E-02    0.259861923356210234E+02    0.187237372201456333E+04    0.357205907221144514E+01   -0.479962132308952516E+00    0.590830742751358273E+00
    0.124018023654814285E-02    0.259697465296565042E+02    0.191636676509278550E+04    0.342284569149682749E+01   -0.495029332534507038E+00    0.124243861784835236E+00
    0.123133804486820356E-02    0.259640571329352277E+02    0.193197609822232721E+04    0.370197707332328196E+01   -0.457052886389023139E+00    0.665466700631929919E+00
    0.122760859069064076E-02    0.259501238884854430E+02    0.190579098721572541E+04    0.364112201329667151E+01   -0.376278966308550733E+00    0.453538768547007698E+00
    0.121996302990161473E-02    0.259426188620217708E+02    0.195310484853280741E+04    0.390668061510351183E+01   -0.435599572442727623E+00    0.225381755426798003E+00
    0.120946869962765399E-02    0.259398976279490121E+02    0.191358403866581421E+04    0.378236218634344201E+01   -0.363365399325003224E+00    0.211645000213922796E+00
    0.124713126988368448E-02    0.258585681124570854E+02    0.193345680877404584E+04    0.370319534817837681E+01   -0.477735139267091213E+00    0.220416157624915759E+00
    0.123556190483402762E-02    0.258572082713200686E+02    0.191913855878183381E+04    0.375455695054373306E+01   -0.379129805936499142E+00    0.190414344249883905E+00
    0.123222708468617107E-02    0.258426136316518438E+02    0.192804313296031137E+04    0.401423451377187668E+01   -0.372651637680260051E+00    0.237181334501795682E+00
    0.122477619602414669E-02    0.258347437115103453E+02    0.189207876869345409E+04    0.325386847264411916E+01   -0.369602409924714825E+00    0.621289358413815163E+00
    0.123006183395813883E-02    0.258061310926122509E+02    0.190722872947430642E+04    0.311431725370066692E+01   -0.463852002259702689E+00    0.652609296254405113E+00
    0.122436758833868687E-02    0.257954110593269377E+02    0.189681080192930949E+04    0.368886134181248870E+01   -0.467200088422997983E+00    0.619809871663975387E+00
    0.121806474454547978E-02    0.257857333232426669E+02    0.189453914522121818E+04    0.359364824427928076E+01   -0.485668850702736687E+00    0.678852458642785317E+00
    0.120886606213642888E-02    0.257808944088963479E+02    0.188768819539673018E+04    0.362574960013236103E+01   -0.364531121799553604E+00    0.636562797629248056E+00
    0.119858550178810353E-02    0.257779757458479395E+02    0.192292705931518822E+04    0.335658753344913308E+01   -0.442820300043333115E+00    0.651211711136491012E+00
    0.119266048608607472E-02    0.257678869433702182E+02    0.192913137811951287E+04    0.348638066319582718E+01   -0.446018551285441545E+00    0.155754756072223777E+00
    0.118223511107807297E-02    0.257654463543840357E+02    0.189099255407838018E+04    0.314752070207098411E+01   -0.440024170644983614E+00    0.564106795368813252E+00
    0.117245086794957941E-02    0.257620673382899597E+02    0.190675706898994008E+04    0.351136854502421336E+01   -0.423303208411539122E+00    0.637894161111786429E+00
    0.116695554676316308E-02    0.257514634504993758E+02    0.188597914304073629E+04    0.313796604112133437E+01   -0.429680258973837936E+00    0.618472343946284031E+00
    0.117218454472713162E-02    0.257225216916144213E+02    0.188382591044981677E+04    0.333881414360448892E+01   -0.366001883352292445E+00    0.585562825526701358E+00
    0.116917591867475253E-02    0.257076616566140252E+02    0.189288783889829642E+04    0.312697460009105788E+01   -0.475658137218569865E+00    0.528536410211905783E+00
    0.116082862772612112E-02    0.257019918031758081E+02    0.189793926018786283E+04    0.380733047805473213E+01   -0.374169847582429549E+00    0.215699294046783896E+00
    0.114983006764036717E-02    0.257010316435006239E+02    0.195584341140676224E+04    0.383490086638778704E+01   -0.478466694584314345E+00    0.712679070013902405E+00
    0.114052517898939132E-02    0.256972822925782332E+02    0.188338345340301362E+04    0.335769737362924570E+01   -0.402462281988408943E+00    0.656526978091692803E+00
    0.112933895122417725E-02    0.256969950466171895E+02    0.197079891477550609E+04    0.413480077905130372E+01   -0.464393275722820909E+00    0.113878789679591697E+00
    0.111959324659069328E-02    0.256943290785612319E+02    0.190715065053114358E+04    0.337992724490006591E+01   -0.494712990009886167E+00    0.164101961904591698E+00
    0.112450074923205906E-02    0.256655816544807642E+02    0.191073017322328042E+04    0.325332437466803093E+01   -0.466734715737729178E+00    0.619777492492116888E+00
    0.111470251988255234E-02    0.256630848298681968E+02    0.189270607559702285E+04    0.320815199787185446E+01   -0.446067655458962986E+00    0.645827439717478136E+00
    0.110829003763576197E-02    0.256546233300962925E+02    0.193345649254781256E+04    0.373705344512405047E+01   -0.444389562639947333E+00    0.189640664272268250E+00
    0.119698817391870318E-02    0.255006095451331873E+02    0.192073818178468264E+04    0.368130542487550150E+01   -0.427537678594121784E+00    0.657094500369047707E+00
    0.154961250539027338E-02    0.249842168323440923E+02    0.188197064691494711E+04    0.340283277054297306E+01   -0.431378775022393302E+00    0.608491837233546273E+00
    0.130869608298461487E-02    0.253221640686198590E+02    0.190323097921757085E+04    0.328759449084426336E+01   -0.424978676819792678E+00    0.638186587132177130E+00
    0.125254029318652899E-02    0.254098791913164455E+02    0.187917440065852725E+04    0.357665047456609564E+01   -0.423576969216210020E+00    0.655108054699450104E+00
    0.122723781707371137E-02    0.254506947048647341E+02    0.189052705905011135E+04    0.318033682437630105E+01   -0.430298843544072995E+00    0.575524233061757706E+00
    0.162149427450367762E-02    0.248935304071100276E+02    0.188527960264572312E+04    0.347424077228093031E+01   -0.418035917448098759E+00    0.621665161521863019E+00
    0.133004485683056208E-02    0.252898013014425267E+02    0.187895723344128419E+04    0.331134476282655266E+01   -0.437849856482697364E+00    0.623754319826462567E+00
    0.170996882238670634E-02    0.247872763630009985E+02    0.188152556247872440E+04    0.338739174763936735E+01   -0.436264553303895464E+00    0.618839259161288346E+00
    0.157951621372128329E-02    0.249459894260435640E+02    0.189563542532522888E+04    0.358448616801620590E+01   -0.431336655652176826E+00    0.632398999123602201E+00
    0.230185888325942821E-02    0.241927926254089698E+02    0.188528593101512274E+04    0.353031114973032167E+01   -0.440776886412064584E+00    0.633444794463193794E+00
    0.118191525352982080E-02    0.255259542008684903E+02    0.190102714193511270E+04    0.336792264908277694E+01   -0.439042125216169921E+00    0.683202984754688769E+00
    0.254248597376458257E-02    0.239939419742223876E+02    0.189447022347349525E+04    0.351776612717302495E+01   -0.444684526729104301E+00    0.639484676430717713E+00
    0.134283715884328633E-02    0.252706573218579891E+02    0.190500317670408549E+04    0.360495951607119913E+01   -0.439963843704624158E+00    0.633939886020258747E+00
    0.161622872993838615E-02    0.249000356568801067E+02    0.188528443066948216E+04    0.338393050444984711E+01   -0.428336162037141033E+00    0.653421351269567796E+00
    0.183718310981393165E-02    0.246437596786763642E+02    0.189761174296246236E+04    0.341175388713431005E+01   -0.422270634963237468E+00    0.663350327699326447E+00
    0.240937994213073379E-02    0.241014877807008006E+02    0.188377379158918575E+04    0.348144709650894413E+01   -0.434510506239259187E+00    0.638830067622160103E+00
    0.173923954215955776E-02    0.247533306927355881E+02    0.188318993306956759E+04    0.352411225079363710E+01   -0.396896490986066663E+00    0.637867378827456366E+00
    0.128736889183425369E-02    0.253550256050818774E+02    0.189190729949805041E+04    0.346906873116298753E+01   -0.388630577467090510E+00    0.668486971664829843E+00
    0.116583659403706689E-02    0.255533487671085773E+02    0.187662087547363672E+04    0.341201921045738921E+01   -0.389805180898129211E+00    0.623122250734972516E+00
    0.136653619046005464E-02    0.252356682184739505E+02    0.188140712146154510E+04    0.355544686892582185E+01   -0.384477428219814232E+00    0.639442036853946294E+00
    0.116059105283224454E-02    0.255623678313399871E+02    0.189479671954834566E+04    0.327352390172891772E+01   -0.398581595290048385E+00    0.613226524564510878E+00
    0.123880058429990899E-02    0.254319393570872130E+02    0.189607092545185856E+04    0.338828354082472138E+01   -0.402216950722483702E+00    0.575764714439548020E+00
    0.156255219024768852E-02    0.249675856309946909E+02    0.189924016321757767E+04    0.348258904154693294E+01   -0.386779762733222010E+00    0.467198424718356931E+00
    0.112105943455914603E-02    0.256316783148196805E+02    0.189242884534550330E+04    0.349652086764891878E+01   -0.355199299204185193E+00    0.570562063962103738E+00
    0.170916644412007386E-02    0.247882150544756747E+02    0.189178860024863229E+04    0.334306209155698619E+01   -0.458837950280041262E+00    0.618247530186283867E+00
    0.253916575207080181E-02    0.239965554726243830E+02    0.189576505419823206E+04    0.337637085714277774E+01   -0.463248992281227900E+00    0.640721774320714088E+00
    0.151330108207767787E-02    0.250316398151416344E+02    0.188700467248516907E+04    0.320693950704521669E+01   -0.452494941971529285E+00    0.584055831098884704E+00
    0.173578921848434992E-02    0.247573022567676304E+02    0.189340076787142289E+04    0.332590255634155252E+01   -0.456440453882244301E+00    0.621623163663626910E+00
    0.123107979899120452E-02    0.254444432993988130E+02    0.190753080861319063E+04    0.314309098286717514E+01   -0.451501428302531482E+00    0.628201805579598926E+00
    0.163268966677816534E-02    0.248797691242258452E+02    0.189468927513023459E+04    0.329924231220310382E+01   -0.452289205573915665E+00    0.563896541216619918E+00
    0.132981592183391327E-02    0.252901455826155157E+02    0.190405314248503328E+04    0.312388842579119075E+01   -0.487422679046164542E+00    0.643268496229796760E+00
    0.120244724926919420E-02    0.254915089296849935E+02    0.190050913145918207E+04    0.318288808219274832E+01   -0.479465126895259497E+00    0.664423065202231711E+00
    0.130147436625651855E-02    0.253332311392130656E+02    0.189464748191003741E+04    0.315013677907227185E+01   -0.475442000020384170E+00    0.534673715735009325E+00
    0.115841703693354294E-02    0.255661177389753824E+02    0.189834418481498255E+04    0.311361004734990932E+01   -0.477302638243893185E+00    0.535721238746698969E+00
    0.130991253875534122E-02    0.253203058973022657E+02    0.190101016928930107E+04    0.318430815625771091E+01   -0.469644486685983409E+00    0.532801337239840911E+00
    0.187722958136485015E-02    0.246006325125484793E+02    0.190126501992108160E+04    0.324829879680083078E+01   -0.466360814587200356E+00    0.560714831547512005E+00
    0.143332801405831440E-02    0.251402285928480893E+02    0.189850804607536702E+04    0.328453685407063389E+01   -0.461983792396019277E+00    0.534475964398579473E+00
    0.181955361881941413E-02    0.246630442254098377E+02    0.191139142376066843E+04    0.333217734305027102E+01   -0.478557312408908309E+00    0.436655771438227647E+00
    0.144596962468371911E-02    0.251226664045066350E+02    0.190082740423316386E+04    0.319961338625170200E+01   -0.447110910179423116E+00    0.570026978645625348E+00
    0.142419193638486223E-02    0.251530174572649514E+02    0.190136970226548624E+04    0.324029387842706207E+01   -0.470015963168006257E+00    0.528756090534537315E+00
    0.166060896253974544E-02    0.248458578786513726E+02    0.189857245903487410E+04    0.326219180317868584E+01   -0.457672063333517953E+00    0.425210720707629886E+00
    0.180893878421414843E-02    0.246747459061158594E+02    0.190517021292120057E+04    0.333248160259592474E+01   -0.467114551476644324E+00    0.672097556503724713E+00
    0.190935138954872173E-02    0.245666994431284422E+02    0.190260248199695843E+04    0.307685118046602435E+01   -0.479414931850206227E+00    0.601166420589205441E+00
    0.175578354475010041E-02    0.247343961955981300E+02    0.190389019078870137E+04    0.306003695751327953E+01   -0.497038414514431981E+00    0.580718847397596716E+00
    0.112376824518922594E-02    0.256268515533372074E+02    0.187582198198975129E+04    0.331776448284178738E+01   -0.492529977519899409E+00    0.581894903108604478E+00
    0.201869592875659294E-02    0.244553231924263947E+02    0.188120120577652096E+04    0.338820192610664606E+01   -0.480949183947481762E+00    0.611442805670213252E+00
    0.123305895182352601E-02    0.254412305691785647E+02    0.187626898571021775E+04    0.353796427864935659E+01   -0.473663775795645836E+00    0.587752448503457980E+00
    0.144607969842340837E-02    0.251225141612667144E+02    0.188533913536230375E+04    0.343951398091120852E+01   -0.484435319403076492E+00    0.675498246241008293E+00
    0.260360786782262753E-02    0.239464303894269506E+02    0.188317909026871098E+04    0.345659161281301097E+01   -0.477930775827684839E+00    0.653729850651551869E+00
    0.196170852186704344E-02    0.245125950619184145E+02    0.187938317640657260E+04    0.339479230971351598E+01   -0.478349687537351409E+00    0.610981830474825127E+00
    0.164134686063261651E-02    0.248691923161072665E+02    0.187522307446029345E+04    0.349012716689916536E+01   -0.483356622387266011E+00    0.652698715923023531E+00
    0.415958854022007753E-02    0.230093943170920170E+02    0.190370928026026513E+04    0.342905796040200839E+01   -0.499325875533250030E+00    0.648074133878882908E+00
    0.117259936342693099E-02    0.255417807133035808E+02    0.193861878602231286E+04    0.366013389048175908E+01   -0.499329349471406503E+00    0.636107307114564979E+00
    0.213743005451545471E-02    0.243410182421335897E+02    0.191709564561513434E+04    0.346785274444316372E+01   -0.487693696518891162E+00    0.466533048588946175E+00
    0.233710221288596339E-02    0.241624030558657097E+02    0.191565263600988465E+04    0.352866220607404824E+01   -0.476372427288509592E+00    0.466089804245821804E+00
    0.123702519394048639E-02    0.254348077183092940E+02    0.192964112754043026E+04    0.340915876305791876E+01   -0.499819329161270753E+00    0.646120026686628490E+00
    0.167311923483996782E-02    0.248308472595673599E+02    0.190777732776274934E+04    0.328554062484051768E+01   -0.494625393629091081E+00    0.553101643514734009E+00
    0.332962915376978918E-02    0.234545047735399415E+02    0.189098043747113229E+04    0.358413789922754633E+01   -0.470974988557148200E+00    0.647027101871681110E+00
    0.235327244946813242E-02    0.241486128563098177E+02    0.188761992663900787E+04    0.358690769725360514E+01   -0.458327871028039346E+00    0.636096607065022024E+00
    0.118627745655614978E-02    0.255185862059560122E+02    0.188346017109353625E+04    0.373531347835308880E+01   -0.485667952058383423E+00    0.644408892717675874E+00
    0.264409210117362049E-02    0.239155711278287058E+02    0.190000442999016741E+04    0.360479307901799650E+01   -0.488540045109086940E+00    0.636500796467845520E+00
    0.242820172505196557E-02    0.240859247335496107E+02    0.190501981146198182E+04    0.378179670271432267E+01   -0.491065464650192518E+00    0.651223711439414821E+00
    0.201952852008892899E-02    0.244544984821066258E+02    0.191051442858756309E+04    0.362519225280375590E+01   -0.455987518200917319E+00    0.659661265003248953E+00
    0.123526382364144271E-02    0.254376574993575915E+02    0.192033746266443836E+04    0.336721104100584512E+01   -0.454015970344102349E+00    0.743211367892509411E+00
    0.185390398585614873E-02    0.246256392821758432E+02    0.191303572736178626E+04    0.355931902874080164E+01   -0.472121622580808253E+00    0.641495073686940698E+00
    0.190992162053698527E-02    0.245661022289560123E+02    0.189889497773928201E+04    0.375318980425909388E+01   -0.426744017589177571E+00    0.190585495485897594E+00
    0.131147094248284407E-02    0.253179279103770476E+02    0.190896440033897284E+04    0.372694328540935738E+01   -0.418113422052868000E+00    0.212371723308224847E+00
    0.265751243156808542E-02    0.239054456203701164E+02    0.191032958811460708E+04    0.379032706011419496E+01   -0.421636207723836476E+00    0.199480682833259787E+00
    0.170278397954870151E-02    0.247956975453954378E+02    0.190466202335172352E+04    0.379731418730904169E+01   -0.389547156707512110E+00    0.194223494694573257E+00
    0.124361709563125381E-02    0.254241783466588203E+02    0.191462827183613422E+04    0.385543225941421985E+01   -0.358899296650767918E+00    0.208245796953167583E+00
    0.116413495992101815E-02    0.255562700635779656E+02    0.190113959646526177E+04    0.376297734433303344E+01   -0.346022148375648264E+00    0.200534125447918127E+00
    0.214093014383974966E-02    0.243377458761402075E+02    0.192096176037337955E+04    0.388173081574055789E+01   -0.398570960126524154E+00    0.201994778826929039E+00
    0.113006291156379714E-02    0.256156800284033679E+02    0.195641827016525440E+04    0.401109446893950938E+01   -0.369744935554895904E+00    0.252046781716596668E+00
    0.141956071603754918E-02    0.251595317009530497E+02    0.193349428619584978E+04    0.387607954347217998E+01   -0.433755465331493228E+00    0.223003365231293327E+00
    0.128393078959425019E-02    0.253603740353932601E+02    0.198097164924534422E+04    0.420465237263658587E+01   -0.449460011989959496E+00    0.100353412596961941E+00
    0.222457417222419671E-02    0.242610956105887894E+02    0.197530794101253946E+04    0.413423237593287318E+01   -0.486624886572127047E+00    0.104064414004780462E+00
    0.130029106815695065E-02    0.253350503626764940E+02    0.194124880643542747E+04    0.381813702788099407E+01   -0.466325592150713675E+00    0.222878701980415150E+00
    0.139899767839924056E-02    0.251887145662321679E+02    0.195780965654804118E+04    0.415200851956768791E+01   -0.462082432975780277E+00    0.247539446223683679E+00
    0.126580728273823916E-02    0.253888064650343424E+02    0.195012587976510304E+04    0.398349677226586074E+01   -0.464095835156167091E+00    0.258005708521764965E+00
    0.172838910673032910E-02    0.247658469935745380E+02    0.195216814947506350E+04    0.397136397151072185E+01   -0.429395327369545221E+00    0.246500730229009646E+00
    0.179600020875173038E-02    0.246891024664299650E+02    0.195034327437157231E+04    0.396686653259980071E+01   -0.433386831032712361E+00    0.245492256665686026E+00
    0.133856524383964151E-02    0.252770299850787907E+02    0.195349778903505694E+04    0.388808594920576356E+01   -0.480325390654886497E+00    0.108007596052845559E+00
    0.161794100525139602E-02    0.248979179257612202E+02    0.194276175736163123E+04    0.391973956588417582E+01   -0.473515686735120733E+00    0.249986725309223251E+00
    0.111654311196222292E-02    0.256397518285665882E+02    0.191753631871972584E+04    0.373111244412693699E+01   -0.434537465694606717E+00    0.173338008755112349E+00
    0.232418479664736914E-02    0.241734879337367943E+02    0.190238317786865014E+04    0.386936595707518904E+01   -0.440850906107142226E+00    0.221018772244890638E+00
    0.113591602924754584E-02    0.256053478393509124E+02    0.191989361619121087E+04    0.348002625514975872E+01   -0.457315120180261325E+00    0.138136699017614800E+00
    0.148721372493485849E-02    0.250664178664714612E+02    0.188775273679727434E+04    0.351829476236626837E+01   -0.472561437071020995E+00    0.167159351385769595E+00
    0.171304833154814788E-02    0.247836777716369774E+02    0.187958098539287425E+04    0.348317797075154223E+01   -0.493098686202644243E+00    0.137695609762959748E+00
    0.124913993701182427E-02    0.254153161104361835E+02    0.191588229756082433E+04    0.359956148725087788E+01   -0.461166735033344877E+00    0.145317400288765108E+00
    0.167187588384795638E-02    0.248323340791352862E+02    0.190605414583908760E+04    0.354647057111376540E+01   -0.479767432692168871E+00    0.164710265682196877E+00
    0.196641080190479607E-02    0.245078067325462072E+02    0.189118966967053461E+04    0.352905941367457920E+01   -0.492023526668747324E+00    0.129831117800765894E+00
    0.228204184046142990E-02    0.242100854661168299E+02    0.190732261513923413E+04    0.376099957953817521E+01   -0.482868418443152314E+00    0.181285751817348129E+00
    0.151473722494003095E-02    0.250297426885871843E+02    0.188179100039538434E+04    0.352203550219892669E+01   -0.480805477782019708E+00    0.156102480492718743E+00
    0.124756155645562366E-02    0.254178448560961705E+02    0.191463856636976448E+04    0.387544377206978208E+01   -0.464403658227746763E+00    0.242247646160791835E+00
    0.117564128503197204E-02    0.255365990922315476E+02    0.190398175743309525E+04    0.345745260791116538E+01   -0.465756262353778594E+00    0.122724582441701771E+00
    0.167426810341262809E-02    0.248294744054555601E+02    0.191847931278572946E+04    0.362217222664209793E+01   -0.486594358647700176E+00    0.156703389573288943E+00
    0.120520134851884956E-02    0.254869333442720176E+02    0.189118610645672129E+04    0.358002989243740011E+01   -0.475011481861436879E+00    0.140377016744057004E+00
    0.151884371165367693E-02    0.250243279799536893E+02    0.188217418788421105E+04    0.356542121951083502E+01   -0.491063134386337086E+00    0.172791080804185565E+00
    0.178104523080295355E-02    0.247058258380910765E+02    0.189939456712879155E+04    0.365586827184280594E+01   -0.475891788087114853E+00    0.189990647839042792E+00
    0.199049480763159418E-02    0.244834601288931246E+02    0.192492829489755650E+04    0.377923526387046049E+01   -0.482146682458613640E+00    0.215018926415247502E+00
