    0.701083755493164062E+03    0.381704056262969971E+01    0.872946619987487793E+00    0.765109473466873191E+00   -0.729662594306993810E+03   -0.460515351937698814E+01    1
    0.424634170532226562E+03    0.463390922546386719E+01    0.248912274837493896E-01    0.685481274127960227E+00   -0.618902386186121475E+03   -0.461515351937698259E+01    1
    0.428393936157226562E+03    0.321934318542480469E+01    0.136884093284606934E+00    0.506597840785980247E+00   -0.618495759713208372E+03   -0.462515351937698149E+01    1
    0.400542831420898438E+03    0.393951058387756348E+01    0.731832563877105713E+00    0.424694389104843140E+00   -0.618199930142152994E+03   -0.463515351937698661E+01    1
    0.425952243804931641E+03    0.398842012882232666E+01    0.797512710094451904E+00    0.201645976305007968E+00   -0.614560043552030493E+03   -0.464515351937698728E+01    1
    0.465936374664306641E+03    0.499004304409027100E+01    0.575817674398422241E+00    0.362528455257415838E+00   -0.610321448429388511E+03   -0.465515351937698174E+01    1
    0.414898204803466797E+03    0.327950572967529297E+01   -0.489271968603134155E+00    0.299285686016082797E+00   -0.607377092557818969E+03   -0.466515351937698153E+01    1
    0.481172752380371094E+03    0.367196059226989746E+01    0.368962049484252930E+00    0.625457370281219505E+00   -0.602355666258355882E+03   -0.467515351937698398E+01    1
    0.447057533264160156E+03    0.415934455394744873E+01   -0.140982300043106079E+00    0.220713669061660789E+00   -0.589878654170648133E+03   -0.468515351937698377E+01    1
    0.467923450469970703E+03    0.325192022323608398E+01    0.761647731065750122E+00    0.240456736087799078E+00   -0.586606685907535507E+03   -0.469515351937698444E+01    1
    0.522383499145507812E+03    0.310271012783050537E+01    0.704584181308746338E+00    0.699213021993637107E+00   -0.585540433703041913E+03   -0.470515351937698423E+01    1
    0.560453510284423828E+03    0.306624925136566162E+01    0.452288985252380371E-02    0.624243307113647505E+00   -0.574503908115957415E+03   -0.471515351937698135E+01    1
    0.535792541503906250E+03    0.423372066020965576E+01   -0.353417634963989258E+00    0.563332158327102706E+00   -0.571827609449361603E+03   -0.472515351937698025E+01    1
    0.549941349029541016E+03    0.373359644412994385E+01    0.916507840156555176E+00    0.554396039247512906E+00   -0.568994307017127994E+03   -0.473515351937698448E+01    1
    0.600431060791015625E+03    0.352872931957244873E+01   -0.345906823873519897E+00    0.522993326187133789E+00   -0.564983657872445519E+03   -0.474515351937698782E+01    1
    0.544474983215332031E+03    0.484419977664947510E+01    0.253164023160934448E+00    0.257530975341796919E+00   -0.564304077609956039E+03   -0.475515351937698494E+01    1
    0.595866489410400391E+03    0.310636425018310547E+01   -0.992216467857360840E-01    0.693045741319656461E+00   -0.564031787939346032E+03   -0.476515351937698117E+01    1
    0.542801666259765625E+03    0.421242594718933105E+01   -0.231515973806381226E+00    0.344199806451797485E+00   -0.560650742639349460E+03   -0.477515351937698451E+01    1
    0.537325859069824219E+03    0.412334048748016357E+01    0.566184788942337036E+00    0.151973277330398560E+00   -0.557570207825228067E+03   -0.478515351937698341E+01    1
    0.591946411132812500E+03    0.394835400581359863E+01    0.970066189765930176E-01    0.649534732103347778E+00   -0.556632057892783337E+03   -0.479515351937697876E+01    1
    0.592202472686767578E+03    0.466871368885040283E+01    0.640872418880462646E-01    0.491275560855865545E+00   -0.553106248566188583E+03   -0.480515351937698032E+01    1
    0.594146251678466797E+03    0.428437697887420654E+01   -0.230302989482879639E+00    0.577699476480484031E+00   -0.544072802868633289E+03   -0.481515351937698277E+01    1
    0.609360980987548828E+03    0.325047910213470459E+01    0.209858149290084839E+00    0.276907420158386264E+00   -0.542314329468554206E+03   -0.482515351937698345E+01    1
    0.631269073486328125E+03    0.484616923332214355E+01    0.849343270063400269E+00    0.668166333436965965E+00   -0.533484533063590902E+03   -0.483515351937698323E+01    1
    0.689972209930419922E+03    0.306163275241851807E+01   -0.128809809684753418E-01    0.131842517852783225E+00   -0.524706587372333729E+03   -0.484515351937698480E+01    1
    0.600349903106689453E+03    0.432699799537658691E+01    0.461999297142028809E+00    0.186763918399810824E+00   -0.521996170206172906E+03   -0.485515351937698814E+01    1
    0.707600021362304688E+03    0.323197996616363525E+01    0.430257856845855713E+00    0.798530006408691428E+00   -0.520280588748129162E+03   -0.486515351937698437E+01    1
    0.707902908325195312E+03    0.415798771381378174E+01    0.604717850685119629E+00    0.449417084455490112E+00   -0.510758286188563886E+03   -0.487515351937698149E+01    1
    0.740993118286132812E+03    0.391456604003906250E+01    0.592652648687362671E+00    0.698517870903015203E+00   -0.503212737197688796E+03   -0.488515351937698572E+01    1
    0.729852008819580078E+03    0.332069814205169678E+01    0.137294739484786987E+00    0.659772241115570091E+00   -0.501315444058021342E+03   -0.489515351937698817E+01    1
    0.640732574462890625E+03    0.444163250923156738E+01    0.930839419364929199E+00    0.533487808704376287E+00   -0.498849984184303594E+03   -0.490515351937698973E+01    1
    0.722567749023437500E+03    0.328859114646911621E+01   -0.408329069614410400E-01    0.448281961679458663E+00   -0.496119965106751579E+03   -0.491515351937698775E+01    1
    0.692945289611816406E+03    0.460026788711547852E+01   -0.300128936767578125E+00    0.542663586139679022E+00   -0.494980638277843525E+03   -0.492515351937698220E+01    1
    0.700951480865478516E+03    0.307806229591369629E+01    0.415704905986785889E+00    0.446039420366287298E+00   -0.492360124189810961E+03   -0.493515351937698199E+01    1
    0.675972270965576172E+03    0.404920387268066406E+01   -0.329319506883621216E+00    0.290677052736282360E+00   -0.491401719010382294E+03   -0.494515351937698799E+01    1
    0.734678649902343750E+03    0.430809748172760010E+01   -0.244699925184249878E+00    0.697182601690292447E+00   -0.477610570933195163E+03   -0.495515351937699045E+01    1
    0.679667472839355469E+03    0.362918424606323242E+01    0.531900793313980103E+00    0.487608253955841064E+00   -0.471030307739197156E+03   -0.496515351937698846E+01    1
    0.720578098297119141E+03    0.454491233825683594E+01   -0.450723350048065186E+00    0.406624132394790672E+00   -0.463683551772470253E+03   -0.497515351937698824E+01    1
    0.736623859405517578E+03    0.482784402370452881E+01    0.922837048768997192E+00    0.683640903234481900E+00   -0.454698122908373250E+03   -0.498515351937698359E+01    1
    0.854984092712402344E+03    0.358252382278442383E+01    0.583361387252807617E-01    0.633733928203582764E+00   -0.448016887442585301E+03   -0.499515351937698426E+01    1
    0.788327884674072266E+03    0.377465140819549561E+01    0.377563804388046265E+00    0.356288617849349953E+00   -0.446737578820589079E+03   -0.500515351937698583E+01    1
    0.699621677398681641E+03    0.409819185733795166E+01   -0.476279258728027344E+00    0.145540761947631853E+00   -0.446297999586441449E+03   -0.501515351937698384E+01    1
    0.761393070220947266E+03    0.489710998535156250E+01   -0.302662372589111328E+00    0.256549894809722900E+00   -0.439702536939069205E+03   -0.502515351937698451E+01    1
    0.862834358215332031E+03    0.354472804069519043E+01   -0.544737279415130615E-01    0.647855162620544434E+00   -0.432638756276913853E+03   -0.503515351937698608E+01    1
    0.870449733734130859E+03    0.416059350967407227E+01    0.192845165729522705E+00    0.758727860450744696E+00   -0.426967139603517126E+03   -0.504515351937698409E+01    1
    0.861753177642822266E+03    0.434527373313903809E+01    0.611611306667327881E-01    0.367346531152725198E+00   -0.420774008684290834E+03   -0.505515351937698298E+01    1
    0.831341648101806641E+03    0.358685684204101562E+01   -0.176321834325790405E+00    0.273992466926574751E+00   -0.406162797307802578E+03   -0.506515351937698455E+01    1
    0.823764610290527344E+03    0.465688884258270264E+01    0.985601544380187988E+00    0.641840505599975630E+00   -0.404730029821369044E+03   -0.507515351937697989E+01    1
    0.909746551513671875E+03    0.349996507167816162E+01   -0.491371154785156250E-01    0.306396621465683028E+00   -0.397136712079618235E+03   -0.508515351937698501E+01    1
    0.986475849151611328E+03    0.349179494380950928E+01    0.102349668741226196E+00    0.262998390197753951E+00   -0.394645188794496619E+03   -0.509515351937699013E+01    1
    0.828010845184326172E+03    0.484994220733642578E+01    0.248715579509735107E+00    0.448587834835052490E+00   -0.391431899269648852E+03   -0.510515351937699080E+01    1
    0.827469348907470703E+03    0.420456802845001221E+01   -0.418781459331512451E+00    0.314943838119506880E+00   -0.389682402986429963E+03   -0.511515351937698348E+01    1
    0.918889331817626953E+03    0.315495920181274414E+01   -0.118268728256225586E+00    0.554907357692718595E+00   -0.389100620147356324E+03   -0.512515351937698238E+01    1
    0.930251407623291016E+03    0.456802141666412354E+01    0.645808041095733643E+00    0.785543018579483054E+00   -0.380486643110349178E+03   -0.513515351937698394E+01    1
    0.742288970947265625E+03    0.317317879199981689E+01    0.957893520593643188E+00    0.245045000314712547E+00   -0.376632688145121278E+03   -0.514515351937697751E+01    1
    0.839086246490478516E+03    0.445359051227569580E+01    0.950771272182464600E+00    0.136324721574783342E+00   -0.373275784866262825E+03   -0.515515351937698085E+01    1
    0.902659702301025391E+03    0.434092831611633301E+01   -0.197453707456588745E+00    0.615561407804489202E+00   -0.372866328782677158E+03   -0.516515351937698330E+01    1
    0.953952598571777344E+03    0.367276632785797119E+01    0.934615254402160645E+00    0.120356982946395880E+00   -0.345327542664045211E+03   -0.517515351937698220E+01    1
    0.976484203338623047E+03    0.376660239696502686E+01    0.338746339082717896E+00    0.319767087697982788E+00   -0.342493457213448323E+03   -0.518515351937698643E+01    1
    0.932319355010986328E+03    0.361462569236755371E+01    0.835796236991882324E+00    0.633480834960937544E+00   -0.340477204811924025E+03   -0.519515351937698533E+01    1
    0.971385669708251953E+03    0.495084583759307861E+01   -0.305007785558700562E+00    0.682822459936141990E+00   -0.314119525940044468E+03   -0.520515351937697623E+01    1
    0.101067142486572266E+04    0.390446794033050537E+01    0.255873948335647583E+00    0.439048689603805609E+00   -0.311015435822995869E+03   -0.521515351937698224E+01    1
    0.102144269943237305E+04    0.445263600349426270E+01    0.631686747074127197E+00    0.101451092958450326E+00   -0.304444706733234568E+03   -0.522515351937697670E+01    1
    0.988094711303710938E+03    0.317245149612426758E+01   -0.456863105297088623E+00    0.413844507932663030E+00   -0.285907138416234375E+03   -0.523515351937698092E+01    1
    0.102763528823852539E+04    0.315796744823455811E+01    0.409217536449432373E+00    0.115018868446350106E+00   -0.280088997790925703E+03   -0.524515351937698071E+01    1
    0.100192899703979492E+04    0.485293626785278320E+01   -0.369937896728515625E+00    0.332612967491149936E+00   -0.277536494399351341E+03   -0.525515351937698583E+01    1
    0.107853994369506836E+04    0.372438645362854004E+01    0.352336019277572632E+00    0.368090122938156128E+00   -0.269344411036756298E+03   -0.526515351937698739E+01    1
    0.119178409576416016E+04    0.404439210891723633E+01    0.969057321548461914E+00    0.365242761373519964E+00   -0.267591994372908232E+03   -0.527515351937698007E+01    1
    0.113982067108154297E+04    0.398348951339721680E+01    0.745219558477401733E+00    0.587284308671951361E+00   -0.265609228777978444E+03   -0.528515351937697542E+01    1
    0.103379812240600586E+04    0.419263434410095215E+01   -0.427403151988983154E+00    0.396951013803482078E+00   -0.257321080498370577E+03   -0.529515351937697609E+01    1
    0.108999748229980469E+04    0.327757608890533447E+01    0.843428999185562134E+00    0.149123036861419700E+00   -0.255240513648579991E+03   -0.530515351937697677E+01    1
    0.103190574645996094E+04    0.427570664882659912E+01    0.640325248241424561E+00    0.295073807239532471E+00   -0.253378219167205202E+03   -0.531515351937698188E+01    1
    0.104053411483764648E+04    0.304281818866729736E+01    0.392705410718917847E+00    0.798929297924041770E+00   -0.250622769933001649E+03   -0.532515351937698078E+01    1
    0.103835172653198242E+04    0.497526395320892334E+01    0.413658469915390015E+00    0.529201370477676458E+00   -0.246347059267895730E+03   -0.533515351937697613E+01    1
    0.107911605834960938E+04    0.494656455516815186E+01    0.810339838266372681E+00    0.352617430686950728E+00   -0.236341714660207430E+03   -0.534515351937697680E+01    1
    0.114514036178588867E+04    0.340481495857238770E+01   -0.255256295204162598E-01    0.586694300174713135E+00   -0.233853131883446594E+03   -0.535515351937698103E+01    1
    0.111261816024780273E+04    0.319348013401031494E+01    0.805009752511978149E+00    0.241180008649826055E+00   -0.232384659556141884E+03   -0.536515351937698171E+01    1
    0.110722551345825195E+04    0.495826816558837891E+01    0.411611050367355347E+00    0.199180173873901384E+00   -0.227003237248196541E+03   -0.537515351937698238E+01    1
    0.109614572525024414E+04    0.329441976547241211E+01   -0.372344732284545898E+00    0.697919642925262540E+00   -0.222328340417709853E+03   -0.538515351937698128E+01    1
    0.110999326705932617E+04    0.411849427223205566E+01   -0.327705532312393188E+00    0.206858587265014660E+00   -0.217197401977505507E+03   -0.539515351937698018E+01    1
    0.114159917831420898E+04    0.432897233963012695E+01   -0.157688260078430176E-01    0.441812771558761641E+00   -0.210039902842780293E+03   -0.540515351937698263E+01    1
    0.126264486312866211E+04    0.488532066345214844E+01   -0.374427288770675659E+00    0.464392393827438354E+00   -0.207512208118005930E+03   -0.541515351937698153E+01    1
    0.118618688583374023E+04    0.344131731986999512E+01    0.242612659931182861E+00    0.214427477121353183E+00   -0.207025394523370807E+03   -0.542515351937697865E+01    1
    0.110340528488159180E+04    0.355695986747741699E+01    0.503676354885101318E+00    0.235296654701232927E+00   -0.203100414400601466E+03   -0.543515351937697933E+01    1
    0.115854606628417969E+04    0.467785358428955078E+01    0.244992673397064209E-01    0.199959355592727678E+00   -0.196599149803260076E+03   -0.544515351937698178E+01    1
    0.127076816558837891E+04    0.401327717304229736E+01   -0.153906345367431641E-01    0.490893918275833174E+00   -0.191764093654864865E+03   -0.545515351937698245E+01    1
    0.127889766693115234E+04    0.303057205677032471E+01   -0.481470316648483276E+00    0.495135587453842230E+00   -0.187918196530438564E+03   -0.546515351937698401E+01    1
    0.128108968734741211E+04    0.369512164592742920E+01    0.881922453641891479E+00    0.733860051631927579E+00   -0.183162285597395282E+03   -0.547515351937698025E+01    1
    0.126516628265380859E+04    0.328700411319732666E+01   -0.369909018278121948E+00    0.221809780597686801E+00   -0.181105707595006834E+03   -0.548515351937698004E+01    1
    0.124615411758422852E+04    0.386107528209686279E+01    0.367532074451446533E-01    0.252358543872833296E+00   -0.179746172889873066E+03   -0.549515351937697805E+01    1
    0.122602977752685547E+04    0.451242780685424805E+01    0.373349875211715698E+00    0.339412689208984375E+00   -0.177348117739469785E+03   -0.550515351937697694E+01    1
    0.129857587814331055E+04    0.450751185417175293E+01   -0.203702092170715332E+00    0.602948802709579512E+00   -0.176424526987445461E+03   -0.551515351937698295E+01    1
    0.133324079513549805E+04    0.309360921382904053E+01   -0.235304951667785645E+00    0.570548528432846092E+00   -0.172245916188015116E+03   -0.552515351937698185E+01    1
    0.119288845062255859E+04    0.458696377277374268E+01    0.925050497055053711E+00    0.269822353124618552E+00   -0.170191853879742638E+03   -0.553515351937698163E+01    1
    0.129996013641357422E+04    0.300881874561309814E+01    0.330593764781951904E+00    0.498541706800460838E+00   -0.166771135109787650E+03   -0.554515351937698142E+01    1
    0.131613016128540039E+04    0.479302239418029785E+01    0.779379546642303467E+00    0.389475625753402777E+00   -0.166192072533226366E+03   -0.555515351937698032E+01    1
    0.134461832046508789E+04    0.442123234272003174E+01   -0.483831644058227539E+00    0.133735501766204856E+00   -0.164634620289862056E+03   -0.556515351937698544E+01    1
    0.128132095336914062E+04    0.393063735961914062E+01    0.761023759841918945E-01    0.172966790199279796E+00   -0.164002167294217998E+03   -0.557515351937698611E+01    1
    0.132724390029907227E+04    0.416516363620758057E+01    0.200544625520706177E+00    0.651999825239181541E+00   -0.159104269263874130E+03   -0.558515351937698146E+01    1
    0.132325601577758789E+04    0.440000212192535400E+01   -0.470290780067443848E-01    0.454845112562179632E+00   -0.156297839316415434E+03   -0.559515351937697680E+01    1
    0.137114067077636719E+04    0.385210156440734863E+01   -0.325261682271957397E+00    0.778362822532653875E+00   -0.155960308099232719E+03   -0.560515351937697748E+01    1
    0.132978439331054688E+04    0.487141168117523193E+01   -0.376805871725082397E+00    0.211219877004623413E+00   -0.155301163962339331E+03   -0.561515351937697904E+01    1
    0.137539291381835938E+04    0.326588618755340576E+01   -0.219388812780380249E+00    0.567851370573043912E+00   -0.153998770797479580E+03   -0.562515351937698060E+01    1
    0.138007125854492188E+04    0.468446159362792969E+01    0.925376027822494507E+00    0.426347965002059959E+00   -0.149319744560701025E+03   -0.563515351937698039E+01    1
    0.136679859161376953E+04    0.327678763866424561E+01   -0.486003428697586060E+00    0.425907158851623557E+00   -0.148906327985504191E+03   -0.564515351937698284E+01    1
    0.139474792480468750E+04    0.364822864532470703E+01    0.590284705162048340E+00    0.124874192476272586E+00   -0.148685987713166242E+03   -0.565515351937698085E+01    1
    0.146822586059570312E+04    0.483871030807495117E+01   -0.204320698976516724E+00    0.795584303140640325E+00   -0.147060747589060497E+03   -0.566515351937697975E+01    1
    0.142802839279174805E+04    0.412121379375457764E+01   -0.456740528345108032E+00    0.229737406969070440E+00   -0.146992572685567382E+03   -0.567515351937697954E+01    1
    0.135850696563720703E+04    0.376058530807495117E+01    0.622783869504928589E+00    0.502568793296814031E+00   -0.145066337151837899E+03   -0.568515351937697666E+01    1
    0.138267602920532227E+04    0.361417865753173828E+01    0.202466338872909546E+00    0.735714691877365157E+00   -0.141783477080271950E+03   -0.569515351937697734E+01    1
    0.143156318664550781E+04    0.458329951763153076E+01   -0.131158530712127686E-01    0.587223851680755637E+00   -0.141779217985873686E+03   -0.570515351937697890E+01    1
    0.135454568862915039E+04    0.301968288421630859E+01   -0.398104488849639893E-01    0.247596293687820462E+00   -0.132814185702097149E+03   -0.571515351937697780E+01    1
    0.144702615737915039E+04    0.343380177021026611E+01    0.553578674793243408E+00    0.781366896629333563E+00   -0.132218305465922697E+03   -0.572515351937697403E+01    1
    0.146307106018066406E+04    0.373893213272094727E+01   -0.164493918418884277E-02    0.650345414876937866E+00   -0.130931846546450998E+03   -0.573515351937697382E+01    1
    0.130356216430664062E+04    0.450944352149963379E+01    0.963509798049926758E+00    0.263407403230667136E+00   -0.130748422062703241E+03   -0.574515351937697805E+01    1
    0.143830718994140625E+04    0.475936090946197510E+01   -0.266553670167922974E+00    0.170728337764740001E+00   -0.130112388105554203E+03   -0.575515351937698227E+01    1
    0.143515615463256836E+04    0.313751566410064697E+01    0.830512553453445435E+00    0.655916970968246527E+00   -0.127442488826276659E+03   -0.576515351937698384E+01    1
    0.141669473648071289E+04    0.481104993820190430E+01    0.684961676597595215E-02    0.484268265962600752E+00   -0.125492615683917407E+03   -0.577515351937697918E+01    1
    0.142271223068237305E+04    0.432972609996795654E+01    0.390798538923263550E+00    0.438530278205871649E+00   -0.125241456851773748E+03   -0.578515351937698075E+01    1
    0.142518949508666992E+04    0.437674069404602051E+01    0.958272427320480347E+00    0.383956098556518577E+00   -0.125239433511968613E+03   -0.579515351937698409E+01    1
    0.142345428466796875E+04    0.487214517593383789E+01    0.904147773981094360E+00    0.586818969249725431E+00   -0.125041562390489460E+03   -0.580515351937698565E+01    1
    0.143376913070678711E+04    0.420501697063446045E+01   -0.349090158939361572E+00    0.330565983057022117E+00   -0.124965383661295391E+03   -0.581515351937698366E+01    1
    0.143753929138183594E+04    0.434387719631195068E+01   -0.933051407337188721E-01    0.133994519710540771E+00   -0.119560168168287504E+03   -0.582515351937698256E+01    1
    0.143939666748046875E+04    0.415028703212738037E+01    0.414563447237014771E+00    0.380487102270126387E+00   -0.117658244678755025E+03   -0.583515351937698412E+01    1
    0.147967596054077148E+04    0.426202106475830078E+01    0.848091036081314087E+00    0.133429211378097545E+00   -0.117094136274596437E+03   -0.584515351937698391E+01    1
    0.149246253967285156E+04    0.320678091049194336E+01    0.320090234279632568E+00    0.477806794643402144E+00   -0.107477096946410128E+03   -0.585515351937697837E+01    1
    0.145671987533569336E+04    0.447658872604370117E+01    0.819698065519332886E+00    0.368470805883407637E+00   -0.107284663542091039E+03   -0.586515351937697371E+01    1
    0.145639820098876953E+04    0.332489025592803955E+01    0.393530100584030151E+00    0.565449571609497159E+00   -0.107110634069068240E+03   -0.587515351937697705E+01    1
    0.144968681335449219E+04    0.405749118328094482E+01   -0.451324164867401123E+00    0.762826627492904752E+00   -0.106977918210353721E+03   -0.588515351937697684E+01    1
    0.155799198150634766E+04    0.367762732505798340E+01   -0.310212969779968262E+00    0.799409657716751099E+00   -0.106662845124720647E+03   -0.589515351937697751E+01    1
    0.152894945144653320E+04    0.448942160606384277E+01   -0.263517588376998901E+00    0.415443301200866699E+00   -0.105471260328343519E+03   -0.590515351937697286E+01    1
    0.147015876770019531E+04    0.318308615684509277E+01    0.673488616943359375E+00    0.727897089719772405E+00   -0.103941502092852261E+03   -0.591515351937697531E+01    1
    0.146442756652832031E+04    0.389912283420562744E+01   -0.122383236885070801E-01    0.149070966243743913E+00   -0.103385699534485028E+03   -0.592515351937697687E+01    1
    0.152174901962280273E+04    0.496145427227020264E+01    0.923609077930450439E+00    0.742172533273696922E+00   -0.102458478942191149E+03   -0.593515351937697400E+01    1
    0.151263818740844727E+04    0.372891402244567871E+01   -0.792491137981414795E-01    0.415744626522064231E+00   -0.101570245321821801E+03   -0.594515351937698000E+01    1
    0.159194803237915039E+04    0.473733270168304443E+01   -0.284890860319137573E+00    0.403486460447311401E+00   -0.994523501989408345E+02   -0.595515351937698156E+01    1
    0.154695672988891602E+04    0.355733478069305420E+01   -0.267443716526031494E+00    0.631960690021514893E+00   -0.992107476872000120E+02   -0.596515351937697336E+01    1
    0.147049112319946289E+04    0.368413174152374268E+01    0.685661643743515015E+00    0.571750658750534102E+00   -0.989403205343905086E+02   -0.597515351937696959E+01    1
    0.151159019470214844E+04    0.409831845760345459E+01    0.386798471212387085E+00    0.581976485252380438E+00   -0.975544956995990020E+02   -0.598515351937697559E+01    1
    0.142922353744506836E+04    0.340719068050384521E+01    0.676873117685317993E+00    0.167457067966461204E+00   -0.933477946264280405E+02   -0.599515351937697627E+01    1
    0.154283714294433594E+04    0.395141947269439697E+01   -0.133397728204727173E+00    0.632046431303024292E+00   -0.932355472832521315E+02   -0.600515351937697517E+01    1
    0.151342782974243164E+04    0.499810779094696045E+01    0.298183202743530273E+00    0.195160013437271129E+00   -0.920109113953657953E+02   -0.601515351937697851E+01    1
    0.151680154800415039E+04    0.359513759613037109E+01    0.260924994945526123E-01    0.268524843454361006E+00   -0.886777354119884791E+02   -0.602515351937697829E+01    1
    0.164238986968994141E+04    0.415131986141204834E+01   -0.196311175823211670E+00    0.790106540918350309E+00   -0.877282612241555171E+02   -0.603515351937697453E+01    1
    0.147383308410644531E+04    0.366116130352020264E+01    0.841616183519363403E+00    0.513911134004592984E+00   -0.870227339272081366E+02   -0.604515351937697520E+01    1
    0.153258953094482422E+04    0.453748536109924316E+01   -0.274857968091964722E+00    0.375795155763626099E+00   -0.862010028576482057E+02   -0.605515351937697410E+01    1
    0.159151202088225978E+04    0.413422237066786646E+01   -0.185992066347765050E+00    0.307524303589373937E+00   -0.857213993294351155E+02   -0.606515351937697478E+01    1
    0.156652250909493250E+04    0.433837353120193470E+01   -0.175543623954224959E+00    0.509956231857540354E+00   -0.853331736700475147E+02   -0.607515351937697723E+01    1
    0.153471747075642520E+04    0.366288469612886747E+01    0.186260693279064693E+00    0.360037130101525160E+00   -0.852113232489461581E+02   -0.608515351937697790E+01    1
    0.155236101150512695E+04    0.385429096221923828E+01   -0.223770558834075928E+00    0.496078574657440208E+00   -0.830188512214869263E+02   -0.609515351937697769E+01    1
    0.159485505070864610E+04    0.472537834981866478E+01   -0.468035911811912786E+00    0.422210758649015139E+00   -0.817148147397632556E+02   -0.610515351937697481E+01    1
    0.149094221595519821E+04    0.401493118655022396E+01    0.883055166848701223E+00    0.611966193999883945E+00   -0.809889872656415264E+02   -0.611515351937697282E+01    1
    0.152551231384277344E+04    0.370492589473724365E+01   -0.107165277004241943E-01    0.286922544240951538E+00   -0.800904930337506045E+02   -0.612515351937697528E+01    1
    0.160043115615844727E+04    0.460776984691619873E+01    0.366034328937530518E+00    0.403868103027343772E+00   -0.800238346288304854E+02   -0.613515351937697417E+01    1
    0.163859090805053711E+04    0.329820144176483154E+01    0.793774157762527466E+00    0.622077494859695435E+00   -0.799888840465205817E+02   -0.614515351937697485E+01    1
    0.159105517678054616E+04    0.351891999875422101E+01    0.691984774639652356E+00    0.376141073249708469E+00   -0.790508645429124499E+02   -0.615515351937697819E+01    1
    0.158177576065063477E+04    0.345678102970123291E+01    0.224905431270599365E+00    0.544474333524703979E+00   -0.786738593216041266E+02   -0.616515351937697620E+01    1
    0.169133386611938477E+04    0.317258739471435547E+01    0.897303670644760132E+00    0.549644595384597867E+00   -0.779916714116891114E+02   -0.617515351937697776E+01    1
    0.173914670944213867E+04    0.409109139442443848E+01    0.882609277963638306E+00    0.360792475938797041E+00   -0.779140734055720543E+02   -0.618515351937698288E+01    1
    0.159684619903564453E+04    0.451105892658233643E+01    0.462554603815078735E+00    0.745823568105697721E+00   -0.737995061564876096E+02   -0.619515351937698000E+01    1
    0.161024570465087891E+04    0.376639139652252197E+01    0.813862383365631104E-01    0.308553421497344993E+00   -0.727251721509142470E+02   -0.620515351937697535E+01    1
    0.158068370819091797E+04    0.418251454830169678E+01    0.619766473770141602E+00    0.762899059057235762E+00   -0.720742726650097438E+02   -0.621515351937697247E+01    1
    0.152969303131103516E+04    0.408776676654815674E+01    0.767002940177917480E+00    0.693477827310562178E+00   -0.720010605318152983E+02   -0.622515351937697314E+01    1
    0.148281183242797852E+04    0.302838909626007080E+01    0.730164051055908203E+00    0.531917428970337003E+00   -0.717643101203687195E+02   -0.623515351937697559E+01    1
    0.157679901123046875E+04    0.369464206695556641E+01    0.326699823141098022E+00    0.174980229139328036E+00   -0.701307722695168110E+02   -0.624515351937698071E+01    1
    0.163019609451293945E+04    0.434957885742187500E+01    0.181440323591232300E+00    0.405751115083694547E+00   -0.679073478525649250E+02   -0.625515351937697694E+01    1
    0.165316070582343900E+04    0.482170431405645861E+01    0.606742595823914099E+00    0.632876089039317691E+00   -0.676560568197912318E+02   -0.626515351937697407E+01    1
    0.163785781860351562E+04    0.442383253574371338E+01   -0.172150015830993652E+00    0.339351189136505194E+00   -0.675477794596234702E+02   -0.627515351937697385E+01    1
    0.157743673324584961E+04    0.376551747322082520E+01    0.453014612197875977E+00    0.491711151599884100E+00   -0.653732787818589287E+02   -0.628515351937697986E+01    1
    0.161780080795288086E+04    0.394228756427764893E+01   -0.180229544639587402E-01    0.730461984872817993E+00   -0.650048527130091713E+02   -0.629515351937697432E+01    1
    0.162390947341918945E+04    0.407991528511047363E+01    0.197679579257965088E+00    0.616651511192321755E+00   -0.646998053167497602E+02   -0.630515351937697766E+01    1
    0.164106483459472656E+04    0.382135403156280518E+01    0.153614103794097900E+00    0.397584664821624800E+00   -0.645626953619172355E+02   -0.631515351937697567E+01    1
    0.165384801449643533E+04    0.464531963826638084E+01    0.201036072119985865E+00    0.609605399365020562E+00   -0.635012478372313538E+02   -0.632515351937697190E+01    1
    0.159009475708007812E+04    0.405640900135040283E+01   -0.979163050651550293E-01    0.533064150810241721E+00   -0.633444413127102806E+02   -0.633515351937697790E+01    1
    0.157626469415746305E+04    0.430697351463232181E+01    0.471839235805252999E+00    0.314860429580543888E+00   -0.600657271072710444E+02   -0.634515351937697858E+01    1
    0.168156852722167969E+04    0.415421640872955322E+01    0.355110585689544678E+00    0.297032588720321677E+00   -0.587101959929357520E+02   -0.635515351937697659E+01    1
    0.173249959945678711E+04    0.402756845951080322E+01    0.904101639986038208E+00    0.127993464469909668E+00   -0.566174001003246232E+02   -0.636515351937697371E+01    1
    0.163658084869384766E+04    0.337926006317138672E+01    0.589596629142761230E-01    0.139928984642028825E+00   -0.565346667636548830E+02   -0.637515351937697350E+01    1
    0.162589092254638672E+04    0.415529358386993408E+01    0.940540522336959839E+00    0.577125740051269598E+00   -0.564398922554522926E+02   -0.638515351937697861E+01    1
    0.165397888193921290E+04    0.447059584671627341E+01    0.317876004454522576E-01    0.380372304390534266E+00   -0.562728209829415462E+02   -0.639515351937698195E+01    1
    0.168714008436368249E+04    0.354053151865693039E+01    0.417978481192007645E+00    0.242899668867883278E+00   -0.550524431391360523E+02   -0.640515351937697730E+01    1
    0.168407583236694336E+04    0.441369104385375977E+01   -0.327447146177291870E+00    0.109199810028076175E+00   -0.543491552900296426E+02   -0.641515351937697620E+01    1
    0.164271952695564232E+04    0.414878446482351571E+01   -0.210895321458116625E+00    0.205843052945333643E+00   -0.542906770047320535E+02   -0.642515351937697776E+01    1
    0.167690082461287852E+04    0.467784289880413429E+01    0.436784187345034436E+00    0.681008838304232089E+00   -0.536604835509201124E+02   -0.643515351937697222E+01    1
    0.164473009109497070E+04    0.401537919044494629E+01    0.754517614841461182E-01    0.563875269889831610E+00   -0.535505010339465954E+02   -0.644515351937697556E+01    1
    0.167490777969360352E+04    0.427203857898712158E+01   -0.634434819221496582E-01    0.335912859439849887E+00   -0.534289615456638316E+02   -0.645515351937697535E+01    1
    0.168335971832275391E+04    0.386397624015808105E+01   -0.735602378845214844E-01    0.560346567630767844E+00   -0.533962278545387647E+02   -0.646515351937697513E+01    1
    0.166191339492797852E+04    0.475598657131195068E+01    0.720479309558868408E+00    0.467829638719558738E+00   -0.530744094947419498E+02   -0.647515351937697048E+01    1
    0.170684494177677379E+04    0.379414668388308929E+01    0.564017120880926370E-01    0.547174694177500198E+00   -0.520716039991994819E+02   -0.648515351937697559E+01    1
    0.164386701583862305E+04    0.345730805397033691E+01   -0.168329924345016479E+00    0.491438657045364380E+00   -0.496561244288887238E+02   -0.649515351937697538E+01    1
    0.168014154434204102E+04    0.390584003925323486E+01    0.879047572612762451E+00    0.759984189271926902E+00   -0.495204581541292583E+02   -0.650515351937697694E+01    1
    0.166906641558645606E+04    0.390270190834127462E+01    0.792804059887278090E+00    0.711269556478406062E+00   -0.483948954978619170E+02   -0.651515351937697318E+01    1
    0.168187824453274652E+04    0.466440742463256974E+01    0.730817732433720169E+00    0.431948588024234970E+00   -0.479858973890063822E+02   -0.652515351937697652E+01    1
    0.175384092330932617E+04    0.486190533638000488E+01    0.276538580656051636E+00    0.246707797050476102E+00   -0.475958100105895312E+02   -0.653515351937697631E+01    1
    0.169094256201727330E+04    0.344022766894412202E+01   -0.381596615623730484E-01    0.378577315352874533E+00   -0.464496307226595988E+02   -0.654515351937697609E+01    1
    0.175071678161621094E+04    0.372518455982208252E+01    0.618717283010482788E+00    0.191122329235076938E+00   -0.463159784173903688E+02   -0.655515351937696966E+01    1
    0.171817150115966797E+04    0.402699220180511475E+01    0.577385514974594116E+00    0.477731150388717718E+00   -0.463110732969804388E+02   -0.656515351937697567E+01    1
    0.167888577634969079E+04    0.392932496334933345E+01    0.321046329143037212E+00    0.455380209742693776E+00   -0.458843152353984323E+02   -0.657515351937698256E+01    1
    0.165436649322509766E+04    0.446178448200225830E+01    0.776582986116409302E+00    0.582943296432495206E+00   -0.455011637265814031E+02   -0.658515351937698501E+01    1
    0.168603185486274674E+04    0.327299842347285752E+01   -0.120983786981005870E+00    0.131551392154447472E+00   -0.449372439247063156E+02   -0.659515351937696881E+01    1
    0.171122701110903222E+04    0.420246824342524050E+01    0.239222318442959825E+00    0.370342396767006754E+00   -0.443703456164953138E+02   -0.660515351937696948E+01    1
    0.196987600326538086E+04    0.482014131546020508E+01    0.956150799989700317E+00    0.775940704345703169E+00   -0.441975446089178376E+02   -0.661515351937697371E+01    1
    0.171093502044677734E+04    0.493209743499755859E+01    0.199533432722091675E+00    0.581507641077041670E+00   -0.436179171753263404E+02   -0.662515351937697705E+01    1
    0.175713722376031615E+04    0.360024986301396854E+01    0.494864160150031540E+00    0.253484995067781438E+00   -0.433280402591755802E+02   -0.663515351937697861E+01    1
    0.169557441814640060E+04    0.356742637060484480E+01   -0.162850563932639136E+00    0.127956168220216521E+00   -0.426751861692040109E+02   -0.664515351937698107E+01    1
    0.173968779875052587E+04    0.470726048482501103E+01   -0.247989619505476988E+00    0.264251079443364678E+00   -0.424607688684724920E+02   -0.665515351937697286E+01    1
    0.168833751678466797E+04    0.456185519695281982E+01    0.695595294237136841E+00    0.117935699224472057E+00   -0.422251916640645248E+02   -0.666515351937697353E+01    1
    0.173661260604858398E+04    0.466194939613342285E+01    0.672764152288436890E+00    0.294796764850616455E+00   -0.416960195580598665E+02   -0.667515351937697510E+01    1
    0.169473501289266164E+04    0.470893573245538644E+01    0.639315505463848632E+00    0.250011802968138075E+00   -0.414022737224841464E+02   -0.668515351937697488E+01    1
    0.172833576202392578E+04    0.410082912445068359E+01    0.760557323694229126E+00    0.155566442012786882E+00   -0.411685173337125860E+02   -0.669515351937697734E+01    1
    0.180922340777771751E+04    0.420440992452423057E+01    0.900706540246577703E+00    0.289713480306991289E+00   -0.411659054972037595E+02   -0.670515351937697446E+01    1
    0.173248905714780153E+04    0.431685402533176266E+01    0.211808247667332417E+00    0.265147591311584163E+00   -0.408655745037018860E+02   -0.671515351937697247E+01    1
    0.169407548531306907E+04    0.359578958705039708E+01    0.139313240063554833E+00    0.148034434246222174E+00   -0.407305357307925320E+02   -0.672515351937697314E+01    1
    0.182376136779785156E+04    0.496687710285186768E+01    0.755163758993148804E+00    0.129527795314788835E+00   -0.396219351880157546E+02   -0.673515351937697382E+01    1
    0.168657026290893555E+04    0.422622835636138916E+01    0.996800661087036133E-01    0.172040659189224260E+00   -0.395834345569267683E+02   -0.674515351937697183E+01    1
    0.160303007403006632E+04    0.355546202808165690E+01    0.611968242820535968E+00    0.443122598634103748E+00   -0.395401227419674015E+02   -0.675515351937697428E+01    1
    0.176226861762106591E+04    0.406139348615425710E+01    0.183340772153542941E+00    0.176199067695913925E+00   -0.388453347179683632E+02   -0.676515351937697584E+01    1
    0.176279497431664936E+04    0.461517091725552042E+01    0.453593384752402073E+00    0.653020041348811531E+00   -0.383114223804605203E+02   -0.677515351937697829E+01    1
    0.172525243759155273E+04    0.436511063575744629E+01    0.671683400869369507E+00    0.119665378332138070E+00   -0.379343447550033090E+02   -0.678515351937697098E+01    1
    0.175924854278564453E+04    0.482896316051483154E+01    0.377687722444534302E+00    0.536161184310913086E+00   -0.366186638312688260E+02   -0.679515351937697432E+01    1
    0.176025365103115746E+04    0.371946230583266058E+01    0.219160648980486594E+00    0.251056560855304922E+00   -0.363962391081633996E+02   -0.680515351937697410E+01    1
    0.170056009292602539E+04    0.317965948581695557E+01   -0.466747850179672241E+00    0.679457479715347312E+00   -0.356631727874516216E+02   -0.681515351937697567E+01    1
    0.187463516297999013E+04    0.443329453667303675E+01    0.918606336480769947E+00    0.176106363464600235E+00   -0.355556004753298254E+02   -0.682515351937697723E+01    1
    0.197323093414306641E+04    0.418000483512878418E+01    0.755908250808715820E+00    0.628620868921279885E+00   -0.352260630238936230E+02   -0.683515351937697613E+01    1
    0.185027408503100696E+04    0.303071423591892675E+01    0.559184963456685002E+00    0.105866019895686503E+00   -0.349048371168781983E+02   -0.684515351937697059E+01    1
    0.180772074652547690E+04    0.386552857457952381E+01    0.280936572892085068E+00    0.295341072260810966E+00   -0.345595735560026398E+02   -0.685515351937697126E+01    1
    0.179036922454833984E+04    0.472814524173736572E+01    0.383489072322845459E+00    0.172938960790634172E+00   -0.344548591546352156E+02   -0.686515351937697371E+01    1
    0.192614166774498221E+04    0.374216866103846080E+01    0.956699520306200757E+00    0.652041855801134385E+00   -0.342876566270050702E+02   -0.687515351937697083E+01    1
    0.195420285911266956E+04    0.386381084892954796E+01    0.618540867301635489E+00    0.709954112891258871E+00   -0.341054093828311409E+02   -0.688515351937697062E+01    1
    0.199028458208473421E+04    0.306248737655886893E+01    0.116767709369643979E+00    0.393675014838779869E+00   -0.339864995686985623E+02   -0.689515351937697307E+01    1
    0.185670461654663086E+04    0.399165606498718262E+01    0.719511836767196655E+00    0.314848291873931929E+00   -0.339749415876894645E+02   -0.690515351937697019E+01    1
    0.179574686381303263E+04    0.368577125675816264E+01    0.265046703386607074E+00    0.279111542731012241E+00   -0.326021184197305516E+02   -0.691515351937697176E+01    1
    0.175869970321655273E+04    0.328870546817779541E+01    0.102303445339202881E+00    0.128673470020294195E+00   -0.322545251960489239E+02   -0.692515351937697421E+01    1
    0.180195401802571382E+04    0.466866463372794716E+01    0.503113991515554471E+00    0.634070030358952375E+00   -0.320190171131182169E+02   -0.693515351937697400E+01    1
    0.191792436928224879E+04    0.437515331703306742E+01    0.825680592619623788E+00    0.463031009536767457E+00   -0.316882234418578932E+02   -0.694515351937697556E+01    1
    0.170068111419677734E+04    0.345279312133789062E+01    0.327547848224639893E+00    0.790613269805908292E+00   -0.313269408837499554E+02   -0.695515351937697623E+01    1
    0.186364336013793945E+04    0.492813801765441895E+01    0.684737533330917358E+00    0.606364184617996238E+00   -0.310079633508955936E+02   -0.696515351937697869E+01    1
    0.188563842773437500E+04    0.437425673007965088E+01    0.909589797258377075E+00    0.535546100139618009E+00   -0.308212851445378853E+02   -0.697515351937697670E+01    1
    0.198502294117410020E+04    0.451996225905343429E+01    0.523081913626357586E+00    0.677102436661528695E+00   -0.305523238616653003E+02   -0.698515351937697471E+01    1
    0.181376389862752558E+04    0.423939110819596099E+01    0.291404366880809396E+00    0.185640074188402476E+00   -0.301323034720057521E+02   -0.699515351937697627E+01    1
    0.171609900540004219E+04    0.316826609293983186E+01   -0.195454189991632443E+00    0.787763664563282284E+00   -0.299542651969204456E+02   -0.700515351937697339E+01    1
    0.187438068464672551E+04    0.447941162077440325E+01    0.968440597353096511E+00    0.576788924472248055E+00   -0.298511400488599463E+02   -0.701515351937697229E+01    1
    0.176929313587578326E+04    0.354328337840743934E+01   -0.303521057555065532E+00    0.520125202789869512E+00   -0.298071738500908872E+02   -0.702515351937697385E+01    1
    0.175850832166238297E+04    0.391135154351400072E+01   -0.206118823748230096E+00    0.183359527967575597E+00   -0.295745796223730046E+02   -0.703515351937696920E+01    1
    0.192660374459993977E+04    0.427204206680308918E+01    0.928362228343137197E+00    0.674268001835233610E+00   -0.292572139272449512E+02   -0.704515351937696899E+01    1
    0.186214748529793974E+04    0.487839938873102863E+01    0.562376569779408975E+00    0.504817525361181740E+00   -0.292042704455415425E+02   -0.705515351937697233E+01    1
    0.185683247187262168E+04    0.387923081909393686E+01    0.332170736067233241E+00    0.446186093718936805E+00   -0.292041618790470530E+02   -0.706515351937697300E+01    1
    0.182692880630493164E+04    0.420235705375671387E+01    0.727965533733367920E+00    0.675908958911895730E+00   -0.291617055358523807E+02   -0.707515351937697190E+01    1
    0.177390263032543135E+04    0.354234337126130328E+01   -0.223098065449272187E+00    0.516244197544112104E+00   -0.289342029743066647E+02   -0.708515351937697524E+01    1
    0.179770704713716555E+04    0.442296119599026216E+01    0.490486892984968170E+00    0.145445965407980160E+00   -0.287191286107854928E+02   -0.709515351937697947E+01    1
    0.178911913814338573E+04    0.448234028675188867E+01    0.338425723109869736E+00    0.158720791501539810E+00   -0.285847830390799302E+02   -0.710515351937697481E+01    1
    0.179919962068673794E+04    0.435525038419241106E+01    0.826926517370571101E+00    0.764961320860658600E+00   -0.281575572817328421E+02   -0.711515351937697194E+01    1
    0.176920841916842301E+04    0.441113330809001436E+01    0.733076537799626671E+00    0.782186410422976430E+00   -0.281363977961644238E+02   -0.712515351937697261E+01    1
    0.177074219203498501E+04    0.352927610568979233E+01    0.174633181125154024E+00    0.644803321242416017E+00   -0.280984707428952838E+02   -0.713515351937696796E+01    1
    0.197957925796508789E+04    0.353229963779449463E+01    0.176031023263931274E+00    0.565453201532363892E+00   -0.280325107543837504E+02   -0.714515351937696508E+01    1
    0.199151749259662984E+04    0.341985195931940211E+01    0.201191021463319686E+00    0.275087686879568416E+00   -0.279695751091505898E+02   -0.715515351937696753E+01    1
    0.195819150049421114E+04    0.328560336226729799E+01    0.221507216614667879E+00    0.257569415725669382E+00   -0.275508030922723641E+02   -0.716515351937696821E+01    1
    0.186395465763022230E+04    0.455187499362130055E+01    0.718707975967123325E+00    0.749249791283107092E+00   -0.275013498185071619E+02   -0.717515351937696444E+01    1
    0.179424368072047082E+04    0.334914209415134900E+01   -0.283512956925591642E+00    0.250284887863816974E+00   -0.274756805563720228E+02   -0.718515351937696511E+01    1
    0.192705688476562500E+04    0.375630164146423340E+01    0.858356297016143799E+00    0.574624431133270330E+00   -0.274182464901865615E+02   -0.719515351937696845E+01    1
    0.175464879842965388E+04    0.378028698699156163E+01   -0.387709722081293062E+00    0.228676088319996501E+00   -0.272843262024747730E+02   -0.720515351937697446E+01    1
    0.180370152929909909E+04    0.401487177296788111E+01    0.646207153108590893E+00    0.622634964028918936E+00   -0.271243053366684066E+02   -0.721515351937697869E+01    1
    0.197878014208079912E+04    0.307634455759441439E+01    0.151897967635794329E+00    0.478497274319170884E+00   -0.269558597238369870E+02   -0.722515351937697670E+01    1
    0.187791909189204512E+04    0.475067709407307692E+01    0.564083529263194716E+00    0.602075273632201813E+00   -0.268897530584941222E+02   -0.723515351937696849E+01    1
    0.177366027832031250E+04    0.380456006526947021E+01   -0.447155117988586426E+00    0.341046822071075506E+00   -0.266916344156165586E+02   -0.724515351937696384E+01    1
    0.195685400789619848E+04    0.371645230745282751E+01    0.381228821550754882E+00    0.495173963105357440E+00   -0.265453093413183723E+02   -0.725515351937697073E+01    1
    0.195811887288184926E+04    0.329332288905673121E+01    0.572663847578122720E+00    0.281278853034036103E+00   -0.262422169732884782E+02   -0.726515351937697051E+01    1
    0.193983517694219563E+04    0.475026799576787084E+01    0.508672677129061501E+00    0.298102023630055224E+00   -0.261951207720260228E+02   -0.727515351937696853E+01    1
    0.182077797657257088E+04    0.444924119719973810E+01    0.664420910673319876E+00    0.762089384966232575E+00   -0.261559478449528662E+02   -0.728515351937696742E+01    1
    0.182066185066570415E+04    0.454311030162075458E+01    0.434688997970129831E+00    0.711332329336734737E+00   -0.259520302762892996E+02   -0.729515351937696988E+01    1
    0.197134160995483398E+04    0.344700562953948975E+01    0.412194162607192993E+00    0.316012203693389893E+00   -0.258317866473222040E+02   -0.730515351937697766E+01    1
    0.181751227192088641E+04    0.446476016981619139E+01    0.879989337707290709E+00    0.521467146760300704E+00   -0.257636801843902958E+02   -0.731515351937697655E+01    1
    0.198917949146538126E+04    0.312669379239271228E+01   -0.100486698026184262E+00    0.328308091145844916E+00   -0.256042815320219361E+02   -0.732515351937697723E+01    1
    0.187414111199931313E+04    0.329267525340589140E+01    0.549239378344892115E+00    0.130078527181936854E+00   -0.255828419252192667E+02   -0.733515351937697524E+01    1
    0.197801287200995876E+04    0.369697991070990328E+01    0.304894344287911734E+00    0.211759270213510931E+00   -0.255382479183902795E+02   -0.734515351937696614E+01    1
    0.180978102081359702E+04    0.385322898310010498E+01   -0.230949311748022357E+00    0.309420906837076459E+00   -0.255299813067369215E+02   -0.735515351937696948E+01    1
    0.181781043930093892E+04    0.300169599104984730E+01    0.153183763353278102E+00    0.103191035444347462E+00   -0.255084393600380999E+02   -0.736515351937697105E+01    1
    0.194587121863261677E+04    0.432320316442419106E+01    0.735306655007078369E+00    0.542927273721245274E+00   -0.254106108369952075E+02   -0.737515351937696906E+01    1
    0.182207759270014503E+04    0.331517080025874034E+01   -0.795833008189238411E-01    0.287307529235807269E+00   -0.253477277520398303E+02   -0.738515351937697240E+01    1
    0.184765987396240234E+04    0.426631867885589600E+01    0.938180714845657349E+00    0.225016754865646373E+00   -0.253149197530066346E+02   -0.739515351937697218E+01    1
    0.184256187468819371E+04    0.435636922020294826E+01    0.523699719654895368E+00    0.726878595197629096E+00   -0.250566720980024016E+02   -0.740515351937697464E+01    1
    0.197560930948107330E+04    0.441995380048284492E+01    0.586804683215953693E+00    0.505377826611102754E+00   -0.250247593963646473E+02   -0.741515351937697265E+01    1
    0.198351001739501953E+04    0.345262539386749268E+01    0.175783276557922363E+00    0.221203124523162875E+00   -0.248643300550065760E+02   -0.742515351937696799E+01    1
    0.194020806851511202E+04    0.314637110608021242E+01   -0.188265212101874635E-01    0.402006525366029432E+00   -0.245827351056836889E+02   -0.743515351937697044E+01    1
    0.182482652664184570E+04    0.426596868038177490E+01   -0.294623345136642456E+00    0.253365617990493786E+00   -0.245716194596038662E+02   -0.744515351937697023E+01    1
    0.175472867496709728E+04    0.331832446312358043E+01   -0.286151148746062289E+00    0.271247888485042832E+00   -0.245657365739830951E+02   -0.745515351937696646E+01    1
    0.180774162101050024E+04    0.337703890104826421E+01   -0.646280780828426549E-01    0.649901506433559595E+00   -0.245120270483480560E+02   -0.746515351937696536E+01    1
    0.179434584846819962E+04    0.388578758346873254E+01   -0.219898043847192692E+00    0.210433919881161613E+00   -0.244359534803678891E+02   -0.747515351937696515E+01    1
    0.183036443506607748E+04    0.327480322936003621E+01    0.431762838146001471E-01    0.459656171081207376E+00   -0.243276958736417441E+02   -0.748515351937696671E+01    1
    0.192883902765624953E+04    0.434630433136294769E+01    0.379514319659517207E+00    0.502320354951329207E+00   -0.241971138201288589E+02   -0.749515351937696561E+01    1
    0.185594460456904562E+04    0.398025907615382391E+01   -0.689725777796742490E-01    0.143815333011863056E+00   -0.239227039574627902E+02   -0.750515351937696362E+01    1
    0.182718788365023056E+04    0.371910835514643656E+01   -0.669432967338694507E-01    0.167327982563227090E+00   -0.238514298989625786E+02   -0.751515351937696874E+01    1
    0.187467927932739258E+04    0.383225798606872559E+01    0.494717329740524292E+00    0.124116122722625732E+00   -0.237779378247867612E+02   -0.752515351937696853E+01    1
    0.180561211237970565E+04    0.409642561345552991E+01    0.317305845472581449E+00    0.548983597536519263E+00   -0.237609273021628802E+02   -0.753515351937696742E+01    1
    0.185765406249356874E+04    0.364388041459879863E+01    0.255520730220119452E+00    0.402361479508803521E+00   -0.236933971059887476E+02   -0.754515351937696721E+01    1
    0.190046945670535001E+04    0.387467969547839308E+01    0.303951353930950852E+00    0.250025366500963298E+00   -0.236094810814372096E+02   -0.755515351937696877E+01    1
    0.178875256038885686E+04    0.354431951783069898E+01   -0.972510852188975816E-01    0.709942953778089136E+00   -0.235600908111081253E+02   -0.756515351937697211E+01    1
    0.181061534881591797E+04    0.417636835575103760E+01   -0.392987906932830811E+00    0.135906028747558610E+00   -0.235587520877855461E+02   -0.757515351937696835E+01    1
    0.191489009857177734E+04    0.352065658569335938E+01    0.343527197837829590E-01    0.443254977464675903E+00   -0.233973130894142791E+02   -0.758515351937696991E+01    1
    0.183931613678337180E+04    0.385870413626800834E+01    0.115681707872192785E+00    0.194219725104387148E+00   -0.233179685408124335E+02   -0.759515351937697325E+01    1
    0.181274556627325092E+04    0.340948854861755946E+01    0.608622513190497871E+00    0.384188001596861506E+00   -0.233080446501771128E+02   -0.760515351937697126E+01    1
    0.182274822268998423E+04    0.392017452888691187E+01   -0.302729371192546504E+00    0.158411144048223707E+00   -0.232674900144669152E+02   -0.761515351937696572E+01    1
    0.186351642608642578E+04    0.444477963447570801E+01   -0.363251775503158569E+00    0.755581802129745572E+00   -0.231541161154857846E+02   -0.762515351937696639E+01    1
    0.179149657829103353E+04    0.384041108917291085E+01    0.252942196933997665E+00    0.612101108353330758E+00   -0.231264222308189815E+02   -0.763515351937696973E+01    1
    0.196821729668730495E+04    0.328063679931737173E+01   -0.171286969087106500E+00    0.315243946868786262E+00   -0.230810193981919838E+02   -0.764515351937696952E+01    1
    0.189855641590784376E+04    0.488947813327168035E+01    0.370090638647798342E+00    0.616073870680789226E+00   -0.230742633615021866E+02   -0.765515351937697019E+01    1
    0.181525741523681017E+04    0.317719701207692173E+01    0.549109029434006191E-01    0.208846807315752836E+00   -0.229752538506708142E+02   -0.766515351937697087E+01    1
    0.178919248580932617E+04    0.339564883708953857E+01    0.146491855382919312E+00    0.108767098188400274E+00   -0.229044596803673635E+02   -0.767515351937697066E+01    1
    0.192039881869955707E+04    0.318065487432699534E+01    0.157858490000839291E+00    0.405380067047238724E+00   -0.228535831439636468E+02   -0.768515351937697044E+01    1
    0.192726391627779844E+04    0.333291312342994495E+01    0.128921497204580016E+00    0.390100354771498292E+00   -0.228081371731734492E+02   -0.769515351937697201E+01    1
    0.179677276611328125E+04    0.376531910896301270E+01   -0.200748443603515625E-01    0.769973862171173140E+00   -0.227010650892483703E+02   -0.770515351937697446E+01    1
    0.198741013496934920E+04    0.379541445648191056E+01   -0.129502517902938263E+00    0.419743468129050612E+00   -0.226626007017079516E+02   -0.771515351937697069E+01    1
    0.187149047434312683E+04    0.319593204294137134E+01    0.631584086272277689E-01    0.431234105148596281E+00   -0.224958362691550242E+02   -0.772515351937696959E+01    1
    0.183123948597712706E+04    0.333944970970924526E+01    0.742720163514614118E-01    0.226986164553488190E+00   -0.223046497254170681E+02   -0.773515351937697382E+01    1
    0.184985456850577680E+04    0.370639321818265488E+01   -0.427051250982320219E+00    0.441383921388707079E+00   -0.220924726397716213E+02   -0.774515351937697538E+01    1
    0.185973377227783203E+04    0.491710734367370605E+01   -0.536822974681854248E-01    0.446026402711868331E+00   -0.220634537011083083E+02   -0.775515351937697517E+01    1
    0.184297448927029336E+04    0.361481517027193577E+01   -0.225883433380093090E+00    0.305839155902502657E+00   -0.219844268980507458E+02   -0.776515351937697407E+01    1
    0.192834870276791798E+04    0.336325401786280409E+01    0.170204308501859525E+00    0.490598357555532050E+00   -0.219599111163923375E+02   -0.777515351937697297E+01    1
    0.177438936233520508E+04    0.362920379638671875E+01    0.265566378831863403E+00    0.401367753744125366E+00   -0.219255660743495753E+02   -0.778515351937696565E+01    1
    0.184184218509448533E+04    0.440557885009477523E+01    0.184182116371463200E+00    0.606206683101736643E+00   -0.219182616863580577E+02   -0.779515351937696011E+01    1
    0.181015177347314352E+04    0.394621637892508481E+01    0.301486011028010203E+00    0.585937371129054307E+00   -0.219062322701929624E+02   -0.780515351937696522E+01    1
    0.198827363435069014E+04    0.421311474246792539E+01   -0.590501329402112196E-01    0.354662351166849188E+00   -0.218187692550186974E+02   -0.781515351937697123E+01    1
    0.186067050566015382E+04    0.397561184415094671E+01    0.741655585723490551E+00    0.226142282779605935E+00   -0.217295979223741895E+02   -0.782515351937697279E+01    1
    0.187328435467520444E+04    0.323832397525423898E+01    0.635178869677772928E+00    0.250778521992971015E+00   -0.215687852977688550E+02   -0.783515351937697524E+01    1
    0.188059099189605899E+04    0.436055878502692629E+01   -0.361870553459848199E+00    0.740786917931224864E+00   -0.215597534162792250E+02   -0.784515351937695993E+01    1
    0.186725295602937331E+04    0.345844801984327654E+01    0.171207675339219212E+00    0.241551713353778619E+00   -0.215445110903755577E+02   -0.785515351937696593E+01    1
    0.177577284617284522E+04    0.306529063402653001E+01   -0.300957605574782572E+00    0.793717555481899484E+00   -0.214462626973733492E+02   -0.786515351937697016E+01    1
    0.187438183579161205E+04    0.307856596026633822E+01    0.374467277613849125E-01    0.220022595065503368E+00   -0.214217088057004972E+02   -0.787515351937697172E+01    1
    0.187893447875976562E+04    0.380821156501770020E+01    0.120144248008728027E+00    0.141498529911041282E+00   -0.212481927437871256E+02   -0.788515351937697417E+01    1
    0.186433193401389167E+04    0.377121529539020672E+01    0.428199912881880640E+00    0.509201390826360734E+00   -0.211896546427329255E+02   -0.789515351937696952E+01    1
    0.187884426390501540E+04    0.311202517118807087E+01    0.213134057349604777E+00    0.546818722720941230E+00   -0.211445918277606992E+02   -0.790515351937697019E+01    1
    0.187776069641113281E+04    0.432070577144622803E+01    0.342765182256698608E+00    0.576245003938674949E+00   -0.209816634752863465E+02   -0.791515351937696643E+01    1
    0.183071827658210145E+04    0.372687570972994298E+01    0.224630257167474423E+00    0.103658118515712813E+00   -0.209401471085484694E+02   -0.792515351937696444E+01    1
    0.194074416272853864E+04    0.334327173173572456E+01   -0.268966928280235384E-01    0.618411363422992855E+00   -0.208136544753567954E+02   -0.793515351937696778E+01    1
    0.196171157713602247E+04    0.350435281648565722E+01   -0.153048476289861679E+00    0.618226918220567967E+00   -0.208054592094044892E+02   -0.794515351937696490E+01    1
    0.191495754498984343E+04    0.329792041923685941E+01   -0.548985094725760736E-01    0.519788908545689377E+00   -0.206975798510271609E+02   -0.795515351937696735E+01    1
    0.189472317400433485E+04    0.321312179469612724E+01    0.377032022796373711E+00    0.166816301660611926E+00   -0.206701260471478889E+02   -0.796515351937696447E+01    1
    0.189740014730469284E+04    0.398232424993080336E+01    0.157005754139548093E+00    0.625860124396021900E+00   -0.206242995151702360E+02   -0.797515351937695893E+01    1
    0.189081177433274547E+04    0.442601610471482765E+01   -0.857630075845021711E-01    0.488243418996814560E+00   -0.205513814129952692E+02   -0.798515351937696582E+01    1
    0.198681475308944368E+04    0.403194424760367998E+01   -0.131288815154157190E+00    0.270453431596881955E+00   -0.204102029450270344E+02   -0.799515351937696650E+01    1
    0.187966994385141857E+04    0.371212868432908882E+01    0.155505317097023532E+00    0.214234305775629186E+00   -0.201266153765363143E+02   -0.800515351937696096E+01    1
    0.197543653885094022E+04    0.437841252383166157E+01   -0.885420074481922947E-01    0.359628030172459257E+00   -0.201212633117769570E+02   -0.801515351937696785E+01    1
    0.190637510357063184E+04    0.442072612957492961E+01   -0.255380898086806085E-01    0.252019318989689822E+00   -0.200928228638222208E+02   -0.802515351937697652E+01    1
    0.192777887822568732E+04    0.345101123902127505E+01    0.169841789149639100E+00    0.311240434155947709E+00   -0.200675295508681302E+02   -0.803515351937696920E+01    1
    0.189633021549269324E+04    0.497192865946691853E+01   -0.795569360889443744E-01    0.253711983440521649E+00   -0.198998654655250107E+02   -0.804515351937696543E+01    1
    0.189387776441722576E+04    0.438696115992975333E+01    0.244931936783227777E+00    0.536654798205913774E+00   -0.198683286633499776E+02   -0.805515351937697233E+01    1
    0.187766123056930269E+04    0.374486943481589396E+01    0.316251781952583411E+00    0.576419584821106445E+00   -0.197466877604821036E+02   -0.806515351937697034E+01    1
    0.185964080581877192E+04    0.460957018639595528E+01   -0.164245269743307665E+00    0.273658862186843321E+00   -0.196972662764016633E+02   -0.807515351937696657E+01    1
    0.187442659441294654E+04    0.439137618172814914E+01   -0.156846764225349045E+00    0.704143475643311589E+00   -0.195587328405852503E+02   -0.808515351937696636E+01    1
    0.175330331488771117E+04    0.346026027712032125E+01    0.597751530349858395E+00    0.590158647379720347E+00   -0.195239570658870001E+02   -0.809515351937696259E+01    1
    0.188767644983280957E+04    0.463139567489021964E+01   -0.310769416073748805E+00    0.394157901901330820E+00   -0.194202576452149600E+02   -0.810515351937696593E+01    1
    0.192935064609096275E+04    0.402889352002967183E+01   -0.304622128650105517E-01    0.461460123685805024E+00   -0.193977929801499265E+02   -0.811515351937696572E+01    1
    0.192853460837070270E+04    0.482165868111032658E+01    0.202239483538058096E+00    0.473066656920522077E+00   -0.193479267051977466E+02   -0.812515351937696728E+01    1
    0.189531506300031697E+04    0.443742174514038190E+01   -0.443600237290772970E+00    0.333648672782198119E+00   -0.192791316746009791E+02   -0.813515351937696707E+01    1
    0.181241363838456527E+04    0.334615972344226620E+01    0.858155245045254755E+00    0.283495693662900394E+00   -0.191959364320557668E+02   -0.814515351937696508E+01    1
    0.190612515818698807E+04    0.336486037836562524E+01   -0.998391089065222004E-01    0.118209350105017597E+00   -0.191327847153931074E+02   -0.815515351937696664E+01    1
    0.190014720876216779E+04    0.384366898753070219E+01   -0.264564919484220784E+00    0.101491376562630256E+00   -0.190775474944598002E+02   -0.816515351937696643E+01    1
    0.198101567421404889E+04    0.428591983182645375E+01   -0.145587510177361323E+00    0.135132888640473930E+00   -0.190151277384550532E+02   -0.817515351937696622E+01    1
    0.185677757263183594E+04    0.338219070434570312E+01   -0.409136414527893066E-01    0.369041746854782082E+00   -0.190002365029025384E+02   -0.818515351937696600E+01    1
    0.186181580252095841E+04    0.445985050387229442E+01   -0.179868754472071568E+00    0.258786952875802112E+00   -0.189918087833930400E+02   -0.819515351937696224E+01    1
    0.181002377954092071E+04    0.336370677407455831E+01   -0.425385853263553049E+00    0.190114459463138791E+00   -0.189182613399334727E+02   -0.820515351937696558E+01    1
    0.197079831222440794E+04    0.383182678253229314E+01   -0.199058753388673848E+00    0.155565035515554950E+00   -0.188942465227972356E+02   -0.821515351937696714E+01    1
    0.198026491453681660E+04    0.336691603988645571E+01   -0.339465633143020862E+00    0.583073917097729044E+00   -0.188885259918029789E+02   -0.822515351937696693E+01    1
    0.195785003248541057E+04    0.437855935801790075E+01    0.297216074571859390E+00    0.432078476110335674E+00   -0.188869144557777666E+02   -0.823515351937696671E+01    1
    0.189030292095082746E+04    0.363000332079683119E+01    0.427210432799898010E+00    0.164257590449823632E+00   -0.188559309485701299E+02   -0.824515351937696295E+01    1
    0.189514885713970079E+04    0.365131531552687516E+01    0.357066949522553134E+00    0.210149930275018298E+00   -0.188458620876923710E+02   -0.825515351937696096E+01    1
    0.187054597723060056E+04    0.456453384400339779E+01   -0.388001846047075494E+00    0.423925223077272317E+00   -0.188345609636034403E+02   -0.826515351937696252E+01    1
    0.197450508473180662E+04    0.418514616794197103E+01   -0.843699527005021821E-01    0.387781006380060633E+00   -0.187431054658504408E+02   -0.827515351937696408E+01    1
    0.188054995458704798E+04    0.306955687063488991E+01   -0.123081936812462656E+00    0.204934687151488493E+00   -0.187334608471366870E+02   -0.828515351937696565E+01    1
    0.189894055411034083E+04    0.368665940295587857E+01   -0.735603767149476395E-01    0.452330602316078800E+00   -0.187232940638829675E+02   -0.829515351937696543E+01    1
    0.186731564479764484E+04    0.331772788975319521E+01   -0.234799279322178700E+00    0.447076516261855739E+00   -0.186891937503278882E+02   -0.830515351937696344E+01    1
    0.188150978448506771E+04    0.337149218425686037E+01    0.640925780245171772E-02    0.511133930624177335E+00   -0.186299551789095936E+02   -0.831515351937696146E+01    1
    0.186840333906489127E+04    0.466679947970249742E+01   -0.200919359810659115E+00    0.165072919967005238E+00   -0.186179368485104746E+02   -0.832515351937696302E+01    1
    0.189815003251884286E+04    0.438158245293404391E+01   -0.936053360587131844E-01    0.424701070951889137E+00   -0.185743547054200135E+02   -0.833515351937696813E+01    1
    0.191310651203610405E+04    0.475045840332925806E+01    0.306694314518481947E-01    0.134043333250891211E+00   -0.185233056374385612E+02   -0.834515351937696437E+01    1
    0.188408002632384159E+04    0.486777080091482173E+01   -0.240623753928867368E+00    0.172421087227023040E+00   -0.184220390438464889E+02   -0.835515351937696593E+01    1
    0.187518473178993031E+04    0.421076337144235069E+01   -0.346881152313211205E+00    0.130520351871822454E+00   -0.183749244431699665E+02   -0.836515351937696927E+01    1
    0.193713881312124909E+04    0.408666530722649135E+01   -0.608072067434579644E-01    0.537441488047223137E+00   -0.182813155454171081E+02   -0.837515351937696906E+01    1
    0.194649723909477848E+04    0.303935391703878466E+01   -0.404910592619010301E+00    0.129187032715571304E+00   -0.182161697517392618E+02   -0.838515351937696174E+01    1
    0.178947896957397461E+04    0.313894534111022949E+01   -0.378935456275939941E+00    0.724813240766525313E+00   -0.180958222210391142E+02   -0.839515351937695975E+01    1
    0.199399983518233125E+04    0.437425006183153187E+01   -0.216011693192916909E+00    0.176900122333404103E+00   -0.180933174880140157E+02   -0.840515351937696487E+01    1
    0.188193255809172433E+04    0.366864062659350987E+01    0.128425636007321486E+00    0.635009113819059778E+00   -0.180539709742715395E+02   -0.841515351937696821E+01    1
    0.190241422653198242E+04    0.302159535884857178E+01   -0.193643361330032349E+00    0.209118944406509411E+00   -0.180391685783944737E+02   -0.842515351937696266E+01    1
    0.196199655532836914E+04    0.316884517669677734E+01   -0.416295409202575684E+00    0.426798450946807906E+00   -0.180314874458114467E+02   -0.843515351937695534E+01    1
    0.189790623881510328E+04    0.491220989564176147E+01   -0.299247916173499495E+00    0.128391345078434860E+00   -0.179816930256090473E+02   -0.844515351937695691E+01    1
    0.195338108450068717E+04    0.472206381510668560E+01    0.169391866008766767E-01    0.355284428949818820E+00   -0.179259446025050231E+02   -0.845515351937696202E+01    1
    0.191913912240997570E+04    0.448151091456665895E+01   -0.448219788809399722E+00    0.375770443437998369E+00   -0.179139534880478628E+02   -0.846515351937696536E+01    1
    0.191355047648856271E+04    0.305991691785773812E+01    0.209564646732865012E+00    0.572471314894094307E+00   -0.178029734480887143E+02   -0.847515351937696160E+01    1
    0.193306380016323260E+04    0.467901547589665245E+01    0.341141936143487534E-01    0.574339450778618588E+00   -0.177803575021348550E+02   -0.848515351937696316E+01    1
    0.196583747627769617E+04    0.342903411505109368E+01   -0.216599514980758356E+00    0.546866786734701460E+00   -0.177662835866016842E+02   -0.849515351937696295E+01    1
    0.196236699353199788E+04    0.305320745145434280E+01    0.149606095073881673E+00    0.453810393927703171E+00   -0.176753941357258455E+02   -0.850515351937696629E+01    1
    0.185307056413769874E+04    0.329889896362164547E+01   -0.616130753597685654E-01    0.647022841207847699E+00   -0.176323764531226246E+02   -0.851515351937696785E+01    1
    0.187538315722982384E+04    0.446615809645687989E+01   -0.234264803716829118E+00    0.257815943070174081E+00   -0.174377838397707841E+02   -0.852515351937696408E+01    1
    0.191036088775979806E+04    0.409590902562768910E+01   -0.350266302232453697E-01    0.315386933930668523E+00   -0.174373649839935467E+02   -0.853515351937696032E+01    1
    0.191761118034798369E+04    0.331249601106885860E+01   -0.166941058717784307E+00    0.337583194635605377E+00   -0.173878316052115274E+02   -0.854515351937695655E+01    1
    0.189206175500300787E+04    0.464037520095862366E+01   -0.467718007075755948E+00    0.177653124125249806E+00   -0.173844543209070004E+02   -0.855515351937696344E+01    1
    0.188690594809779122E+04    0.448137384625243307E+01   -0.206144565578259720E+00    0.285466395253291205E+00   -0.173698514901009524E+02   -0.856515351937696323E+01    1
    0.196137011285839912E+04    0.381906410836104415E+01   -0.375824448414043333E+00    0.321085333226176717E+00   -0.173552697932152888E+02   -0.857515351937696124E+01    1
    0.189529478240256503E+04    0.482037799890651897E+01   -0.180619975453278070E+00    0.364861949449052148E+00   -0.172999123175647753E+02   -0.858515351937696103E+01    1
    0.188177572134847992E+04    0.329260276237700156E+01   -0.185924783548251871E+00    0.180529209384301864E+00   -0.172779615869704060E+02   -0.859515351937696259E+01    1
    0.190834628989303292E+04    0.402865888479299006E+01   -0.613675555766657332E-01    0.216470171428403968E+00   -0.172509567503262922E+02   -0.860515351937696771E+01    1
    0.192485372734192629E+04    0.492387033824710585E+01   -0.117730356370239986E+00    0.175444233220990814E+00   -0.172333121884087852E+02   -0.861515351937696039E+01    1
    0.186061530110424383E+04    0.340531966103975448E+01   -0.288324360638180233E-01    0.558022947096353250E+00   -0.171944220866329118E+02   -0.862515351937695662E+01    1
    0.191118028475345614E+04    0.414373743621371826E+01   -0.491250865830515304E+00    0.321736860604330877E+00   -0.170517557757038780E+02   -0.863515351937696352E+01    1
    0.182589581610034543E+04    0.324388559006002986E+01   -0.290352667251199348E+00    0.517460234169517586E+00   -0.169725309962755695E+02   -0.864515351937696508E+01    1
    0.190567557359825673E+04    0.452777574446769648E+01   -0.424222427328062757E+00    0.127337082665894136E+00   -0.169328391650627914E+02   -0.865515351937695954E+01    1
    0.198232252139249590E+04    0.444721884225967123E+01   -0.287858514229271889E+00    0.600369010484896659E+00   -0.169299722469941898E+02   -0.866515351937696288E+01    1
    0.188058900833129883E+04    0.307403922080993652E+01   -0.144724696874618530E+00    0.141409116983413713E+00   -0.169191652921176683E+02   -0.867515351937696266E+01    1
    0.197137552241981530E+04    0.370676775795026625E+01   -0.250151330696902319E+00    0.548868973365375767E+00   -0.169097534043392557E+02   -0.868515351937696423E+01    1
    0.187010687592168097E+04    0.439457675200300812E+01   -0.301545560117125078E+00    0.226664984196692093E+00   -0.169090125982069388E+02   -0.869515351937696934E+01    1
    0.193949946839190306E+04    0.486845381341950034E+01   -0.127531275546123257E+00    0.160285986532068297E+00   -0.168759486389196596E+02   -0.870515351937696735E+01    1
    0.187364434765004717E+04    0.436181044707341137E+01   -0.457931124204493778E+00    0.210504269381399267E+00   -0.168666934797989185E+02   -0.871515351937696181E+01    1
    0.198085448946588986E+04    0.449615720351646697E+01   -0.164346760657116620E+00    0.250108403986171735E+00   -0.168312642671764969E+02   -0.872515351937695982E+01    1
    0.190155357697117620E+04    0.474487388037299507E+01   -0.323804472290490364E+00    0.133775791667290977E+00   -0.167871076821109924E+02   -0.873515351937696316E+01    1
    0.190235884735865375E+04    0.312129863513702333E+01   -0.325121873724235178E+00    0.269953952821486931E+00   -0.167863427871979631E+02   -0.874515351937695762E+01    1
    0.193770976391227487E+04    0.371623856775128125E+01   -0.197059000529982764E+00    0.261265252736012643E+00   -0.166663597987547121E+02   -0.875515351937695741E+01    1
    0.193901287657213015E+04    0.499088504629076368E+01   -0.147099514837698342E+00    0.252452535752346496E+00   -0.166349103134843546E+02   -0.876515351937696252E+01    1
    0.195237648063339316E+04    0.467417276078852417E+01   -0.116057165814668406E+00    0.483206674714061091E+00   -0.166051967179845441E+02   -0.877515351937696231E+01    1
    0.193633955910527106E+04    0.413589834392532207E+01   -0.362618849719817116E+00    0.347125051765543036E+00   -0.165803131307602207E+02   -0.878515351937696209E+01    1
    0.187413297360669276E+04    0.477583790323198087E+01   -0.238922096037181564E+00    0.203202494888268859E+00   -0.165208750994775251E+02   -0.879515351937696188E+01    1
    0.197276116743496345E+04    0.417896846741680328E+01   -0.147628141637331123E+00    0.217499969934781046E+00   -0.165207447826564149E+02   -0.880515351937695812E+01    1
    0.190892248153686523E+04    0.398685002326965332E+01   -0.989784598350524902E-01    0.267626041173934959E+00   -0.165099692542287926E+02   -0.881515351937695790E+01    1
    0.190908222263600669E+04    0.490174867429890426E+01   -0.468883019195895145E+00    0.116508093218868708E+00   -0.164960546539069988E+02   -0.882515351937695769E+01    1
    0.192410057716932170E+04    0.466370409871522718E+01   -0.243159827234888715E+00    0.389542912687182663E+00   -0.164861088615550315E+02   -0.883515351937695925E+01    1
    0.184932877041954930E+04    0.312561473785730914E+01   -0.115764868066902893E+00    0.639598018511255639E+00   -0.164595836600229575E+02   -0.884515351937695904E+01    1
    0.197845592625881932E+04    0.463737268573122918E+01   -0.164834706429564770E+00    0.232358521401083068E+00   -0.163657988049510870E+02   -0.885515351937696238E+01    1
    0.193294464772579818E+04    0.303626555865524450E+01   -0.353931439608954901E+00    0.117522669004349267E+00   -0.163539685940826374E+02   -0.886515351937696394E+01    1
    0.194343914067423884E+04    0.465028418169243274E+01   -0.495533825289249275E+00    0.441287252025158061E+00   -0.162952698036103634E+02   -0.887515351937696018E+01    1
    0.198856687545776367E+04    0.423756074905395508E+01   -0.302244484424591064E+00    0.284048438072204590E+00   -0.162703906265412321E+02   -0.888515351937696174E+01    1
    0.190965252060709713E+04    0.458942224809270094E+01   -0.266228488751387105E+00    0.314631627350401732E+00   -0.162629369874894465E+02   -0.889515351937696330E+01    1
    0.186954676066023467E+04    0.342387389313030566E+01    0.150081931602146224E-01    0.593431582233222454E+00   -0.162393250341457502E+02   -0.890515351937696309E+01    1
    0.191898886846390224E+04    0.454891382775474895E+01   -0.546780736410616974E-01    0.550446501785297526E+00   -0.162076417187442274E+02   -0.891515351937696288E+01    1
    0.194406913827507697E+04    0.367978595572841316E+01   -0.219655065831245055E+00    0.385667210338751176E+00   -0.161957248383909729E+02   -0.892515351937696089E+01    1
    0.188171387982262968E+04    0.393118930178826798E+01   -0.453027895728422558E+00    0.337380741266802564E+00   -0.161603573257128659E+02   -0.893515351937696423E+01    1
    0.193338829032603462E+04    0.465399596200616639E+01   -0.498743910536094237E+00    0.370784089395364891E+00   -0.161462390319419598E+02   -0.894515351937696579E+01    1
    0.199664749613796653E+04    0.394866834346583007E+01   -0.455790082751080128E+00    0.339917525816387234E+00   -0.161445101340358761E+02   -0.895515351937696202E+01    1
    0.192062763256558446E+04    0.384360966282797323E+01   -0.200325660489150070E+00    0.156162089002509163E+00   -0.161235776288475101E+02   -0.896515351937696181E+01    1
    0.193920896391282258E+04    0.338691921230823034E+01   -0.173678884467399708E+00    0.134664311183886803E+00   -0.161161187358140801E+02   -0.897515351937695982E+01    1
    0.192205888246819268E+04    0.450539777230247651E+01   -0.249239009525309863E+00    0.201056214440737457E+00   -0.160802857296587050E+02   -0.898515351937695428E+01    1
    0.192417411793213159E+04    0.331149176066989170E+01   -0.271392769191595107E+00    0.400864078609345365E+00   -0.160578170627521217E+02   -0.899515351937695407E+01    1
    0.198445134145610950E+04    0.488636462014386552E+01   -0.131801327956747705E+00    0.187608068049628818E+00   -0.160283429010626719E+02   -0.900515351937695741E+01    1
    0.185845519364849520E+04    0.355375066256595762E+01   -0.130217540822243516E+00    0.528827581590003870E+00   -0.160142296539818858E+02   -0.901515351937696252E+01    1
    0.196836009119466644E+04    0.371231365315506068E+01   -0.334172824350276731E+00    0.233028371566857045E+00   -0.160125707404651116E+02   -0.902515351937696408E+01    1
    0.197405509763746522E+04    0.492090563113473856E+01   -0.146513427453055844E+00    0.220988419943835751E+00   -0.160051602704294318E+02   -0.903515351937696032E+01    1
    0.186684925874767032E+04    0.314914603760433254E+01   -0.123722407911597554E+00    0.687292116384519036E+00   -0.159934004942228203E+02   -0.904515351937695833E+01    1
    0.190616329239871698E+04    0.483275181907965656E+01   -0.368136491314369207E+00    0.290681747190555673E+00   -0.159795196784174109E+02   -0.905515351937695989E+01    1
    0.195588103468991767E+04    0.445733464576019855E+01   -0.284188835780290860E+00    0.300876274088531015E+00   -0.159413878002102738E+02   -0.906515351937695790E+01    1
    0.191201718934297810E+04    0.424887214153493353E+01   -0.312339628724611407E+00    0.285569400871760526E+00   -0.159364115710934175E+02   -0.907515351937695591E+01    1
    0.191941496940403749E+04    0.494196665525491063E+01   -0.314674811820162437E+00    0.140646539154185013E+00   -0.159302319023276073E+02   -0.908515351937695925E+01    1
    0.195919246673583984E+04    0.415699958801269531E+01   -0.465151935815811157E+00    0.363736927509307861E+00   -0.158932904421855881E+02   -0.909515351937696437E+01    1
    0.197792316134476459E+04    0.497647708155405599E+01    0.100354767907555598E-01    0.295595177527229747E+00   -0.158427748394353340E+02   -0.910515351937696060E+01    1
    0.193137237972355001E+04    0.431795087865124039E+01   -0.288244951097169577E+00    0.293043512278578944E+00   -0.158042799595099144E+02   -0.911515351937695506E+01    1
    0.191202700086521486E+04    0.372758859220660677E+01   -0.278598389356591536E+00    0.352339674237626799E+00   -0.158033438312195678E+02   -0.912515351937696195E+01    1
    0.197701932522608536E+04    0.386788999997684257E+01   -0.385714080078512156E+00    0.448300407980805282E+00   -0.158029592582251635E+02   -0.913515351937696529E+01    1
    0.192690508580827827E+04    0.479825424197676398E+01   -0.263933595170300739E+00    0.370055161530938870E+00   -0.158000198673175465E+02   -0.914515351937696153E+01    1
    0.187805535838132960E+04    0.379208791075296503E+01   -0.287241148055231876E+00    0.683677510799203469E+00   -0.157937810663677265E+02   -0.915515351937696131E+01    1
    0.190990619659423828E+04    0.401042973995208740E+01   -0.256315678358078003E+00    0.278889024257659934E+00   -0.157854319783791901E+02   -0.916515351937695577E+01    1
    0.194639706728336682E+04    0.318113451623811194E+01   -0.161398960014932424E+00    0.147256521210539587E+00   -0.157699820702323272E+02   -0.917515351937695733E+01    1
    0.193009658571669570E+04    0.484755286027093213E+01    0.603403333174549195E-01    0.302266719798693240E+00   -0.157014663452234089E+02   -0.918515351937696067E+01    1
    0.198747963379398379E+04    0.436594330355586280E+01   -0.212506503891746190E+00    0.452662729832751243E+00   -0.156944827502827025E+02   -0.919515351937696046E+01    1
    0.192134121326443710E+04    0.458668760671038367E+01   -0.338638847068644055E+00    0.273017567883460766E+00   -0.156783536996115505E+02   -0.920515351937696202E+01    1
    0.193167656671497502E+04    0.475725749615573612E+01   -0.356031882707375069E+00    0.332323549495705195E+00   -0.156621942912715131E+02   -0.921515351937696536E+01    1
    0.187368108650446061E+04    0.326327355232245075E+01   -0.136014617162583284E+00    0.682253633495115031E+00   -0.156605686152054382E+02   -0.922515351937696337E+01    1
    0.192046812007114863E+04    0.456940578305576572E+01   -0.122437619659515828E+00    0.553127675149695408E+00   -0.156589309625319189E+02   -0.923515351937695961E+01    1
    0.184853817465799057E+04    0.306636219474870675E+01   -0.243704503072510681E+00    0.640342215907683920E+00   -0.156003270349602996E+02   -0.924515351937695584E+01    1
    0.189629540446393025E+04    0.326031011395339032E+01   -0.276507400199312470E+00    0.501069973919261891E+00   -0.155875078445931390E+02   -0.925515351937695918E+01    1
    0.196311896333140271E+04    0.467223423654767878E+01   -0.222782781947162889E+00    0.246336978700283982E+00   -0.155721172303641353E+02   -0.926515351937696607E+01    1
    0.196903534130429011E+04    0.475499023911422736E+01   -0.287716314821933605E+00    0.331942078625491577E+00   -0.155686168482741518E+02   -0.927515351937695876E+01    1
    0.192348114295404480E+04    0.487084837473636867E+01   -0.391358730238110963E+00    0.199505159752123989E+00   -0.155291943803720827E+02   -0.928515351937695499E+01    1
    0.196981172013930950E+04    0.464266578303616129E+01   -0.250966679097651635E+00    0.381687940645828117E+00   -0.155213647832394415E+02   -0.929515351937696188E+01    1
    0.185663997727522224E+04    0.363071731074053972E+01   -0.205466407364689629E+00    0.516688763395861339E+00   -0.155180069093607287E+02   -0.930515351937696522E+01    1
    0.191724500487358796E+04    0.466887099200891509E+01   -0.378585059840092442E+00    0.250154348622996348E+00   -0.155154727445556393E+02   -0.931515351937695790E+01    1
    0.192020934580093399E+04    0.491967076334401998E+01   -0.420813802939092318E+00    0.191370361145138113E+00   -0.155102880580412350E+02   -0.932515351937696657E+01    1
    0.191378591797246600E+04    0.317793750705678324E+01   -0.203165201773336690E+00    0.622066781602998442E+00   -0.154945914974805810E+02   -0.933515351937696458E+01    1
    0.191317990738087678E+04    0.380920189698392786E+01   -0.284351437439707977E+00    0.698857208866969337E+00   -0.154943952713605935E+02   -0.934515351937696082E+01    1
    0.192372307744453883E+04    0.431097293911853541E+01   -0.404406135130618349E+00    0.528200851450854048E+00   -0.154861550636721272E+02   -0.935515351937695883E+01    1
    0.195959730374051333E+04    0.473963635232811953E+01   -0.371832206569624679E+00    0.553447083922906535E+00   -0.154850639216513688E+02   -0.936515351937696394E+01    1
    0.193112837494367682E+04    0.444729418393831910E+01   -0.407451262113962820E+00    0.103859960941611443E+00   -0.154546530765082171E+02   -0.937515351937696728E+01    1
    0.195348268368976642E+04    0.446483945080082645E+01   -0.255371571945067544E+00    0.462212028512817730E+00   -0.154504285024086894E+02   -0.938515351937696352E+01    1
    0.192480681789755113E+04    0.428913308980258812E+01   -0.387447296926855866E+00    0.418662557996057338E+00   -0.154436042073786144E+02   -0.939515351937695797E+01    1
    0.199768796132545344E+04    0.445625802159561069E+01   -0.441436562621771778E+00    0.344241967238848423E+00   -0.154329612194119470E+02   -0.940515351937695776E+01    1
    0.194848244325791734E+04    0.311096611737054829E+01   -0.679042315213050918E-01    0.150101270201888959E+00   -0.154292562330956162E+02   -0.941515351937695755E+01    1
    0.195011730413329428E+04    0.471620293367945198E+01   -0.434469323548519304E+00    0.330952358784364686E+00   -0.154184461767069774E+02   -0.942515351937696089E+01    1
    0.194906553172507643E+04    0.468519233986916905E+01   -0.176340288677030499E+00    0.561751566430547133E+00   -0.153795306626683370E+02   -0.943515351937695712E+01    1
    0.191437966640372451E+04    0.433064846996913388E+01   -0.222333510349406294E+00    0.229894065477934506E+00   -0.153779332795481505E+02   -0.944515351937694980E+01    1
    0.184415619262206337E+04    0.306254818727327605E+01   -0.317294635095325905E+00    0.498820771867682256E+00   -0.153736624784714895E+02   -0.945515351937695137E+01    1
    0.191472600078325627E+04    0.336382902151253527E+01   -0.399304130203585239E+00    0.229402245013291983E+00   -0.153653443325329153E+02   -0.946515351937695826E+01    1
    0.194067798337216459E+04    0.479862728285828410E+01   -0.299927148782177022E+00    0.403666046120264133E+00   -0.153609564741913527E+02   -0.947515351937695982E+01    1
    0.189075211274240314E+04    0.304469167877704328E+01   -0.198782298333160190E+00    0.346488432915365241E+00   -0.153530483040153829E+02   -0.948515351937695605E+01    1
    0.189240833928631946E+04    0.402817646098070981E+01   -0.240950846667467411E+00    0.228399548218548076E+00   -0.153386446861550709E+02   -0.949515351937695584E+01    1
    0.194611432780206269E+04    0.396874407045263755E+01   -0.487413466364693571E+00    0.542603046772334063E+00   -0.153118344240079853E+02   -0.950515351937695741E+01    1
    0.184818810187008216E+04    0.308171601696874786E+01   -0.343681025542029950E+00    0.639656288080774238E+00   -0.153062615297327493E+02   -0.951515351937695897E+01    1
    0.199787528498282177E+04    0.492382922723560146E+01   -0.281776596095585974E+00    0.146666449731084142E+00   -0.152830721013351933E+02   -0.952515351937695876E+01    1
    0.195077992035198622E+04    0.484133412525111950E+01   -0.124613802928794537E+00    0.678240202837822492E+00   -0.152668420993893879E+02   -0.953515351937695854E+01    1
    0.198395641101143133E+04    0.440138879346282685E+01   -0.310719652521156242E+00    0.241056013979307121E+00   -0.152656785593818718E+02   -0.954515351937695833E+01    1
    0.196069687389817886E+04    0.463956491576176600E+01   -0.332186110777305865E+00    0.552616990017283705E+00   -0.152654054480579475E+02   -0.955515351937695989E+01    1
    0.194889170686933198E+04    0.387567982866377658E+01   -0.365275281917893102E+00    0.522968464491853968E+00   -0.152503950809252657E+02   -0.956515351937696323E+01    1
    0.191801430473494543E+04    0.472873582747596277E+01   -0.458660969433063004E+00    0.235230997767123445E+00   -0.152166650266850336E+02   -0.957515351937696302E+01    1
    0.187261405305451080E+04    0.364827358880808594E+01   -0.360999020391345682E+00    0.214740262035297780E+00   -0.152076460569038581E+02   -0.958515351937695215E+01    1
    0.192167102611587961E+04    0.417879788360682092E+01   -0.461528480493557991E+00    0.595677543551379141E+00   -0.151516928723977102E+02   -0.959515351937695371E+01    1
    0.187466993830252659E+04    0.380103051500340694E+01   -0.216662550159122003E+00    0.617721323508367393E+00   -0.151463990340036574E+02   -0.960515351937695527E+01    1
    0.189793661576690829E+04    0.366984484189840332E+01   -0.256549680023163584E+00    0.718349751334071307E+00   -0.151115089490013101E+02   -0.961515351937695861E+01    1
    0.193827042458088158E+04    0.406264733967770297E+01   -0.387584523908286405E+00    0.146775084493092928E+00   -0.150749649645733363E+02   -0.962515351937695662E+01    1
    0.196133653287018751E+04    0.419478296602999912E+01   -0.300758256866865858E+00    0.276724838835625708E+00   -0.150607621720083991E+02   -0.963515351937695286E+01    1
    0.195771169662475586E+04    0.489744710922241211E+01   -0.441828250885009766E+00    0.299928808212280296E+00   -0.150445138723913736E+02   -0.964515351937695797E+01    1
    0.186726372911369390E+04    0.342387838305215331E+01   -0.201997144963558861E+00    0.566734778749918733E+00   -0.150221354952292678E+02   -0.965515351937696309E+01    1
    0.192781381607055664E+04    0.439588654041290283E+01   -0.391829013824462891E+00    0.442535752058029197E+00   -0.150201692785753167E+02   -0.966515351937695755E+01    1
    0.191528812993792030E+04    0.444780862167008539E+01   -0.260219960515689186E+00    0.556325608004882177E+00   -0.150004328495789778E+02   -0.967515351937695556E+01    1
    0.195941131238811181E+04    0.367732095819000282E+01   -0.350591987318849774E+00    0.554907446746463862E+00   -0.149970726312936016E+02   -0.968515351937696067E+01    1
    0.192484778384048514E+04    0.430157715986174694E+01   -0.414217932165242164E+00    0.435557098011558508E+00   -0.149959696216727920E+02   -0.969515351937696224E+01    1
    0.189997567653841725E+04    0.426691445989786455E+01   -0.349654028624455271E+00    0.210807336781967225E+00   -0.149944976978754045E+02   -0.970515351937696025E+01    1
    0.193470594120756755E+04    0.423143378570550333E+01   -0.268874455916832900E+00    0.173833558604922889E+00   -0.149929046586636119E+02   -0.971515351937696003E+01    1
    0.187769302368715717E+04    0.331864571797917174E+01   -0.274742520390514167E+00    0.533259987919584844E+00   -0.149889051687619279E+02   -0.972515351937696160E+01    1
    0.191887171657420504E+04    0.420983879161444818E+01   -0.466725710977509256E+00    0.152576381414834622E+00   -0.149687481832819991E+02   -0.973515351937696316E+01    1
    0.199230289558153754E+04    0.414986861496306947E+01   -0.425559407567997816E+00    0.441539703159025465E+00   -0.149594499585741705E+02   -0.974515351937696295E+01    1
    0.190621400559480981E+04    0.333450126312084283E+01   -0.235477716590545616E+00    0.572204075516297483E+00   -0.149552778537159501E+02   -0.975515351937696273E+01    1
    0.197634174591723263E+04    0.466189058780644849E+01   -0.277825427320252949E+00    0.129235075482955569E+00   -0.149532523752743618E+02   -0.976515351937695542E+01    1
    0.199454421539122450E+04    0.437819207948671885E+01   -0.494508944820096052E+00    0.441176128269118450E+00   -0.149391071786911382E+02   -0.977515351937695698E+01    1
    0.199085987160340619E+04    0.483789703619868128E+01   -0.279813719110069969E+00    0.203472659988821969E+00   -0.149280830850463389E+02   -0.978515351937696209E+01    1
    0.193760744920287334E+04    0.394861741999886418E+01   -0.258641169857703745E+00    0.396928257060550460E+00   -0.149172094501147026E+02   -0.979515351937696011E+01    1
    0.190160606386889935E+04    0.340401745482878626E+01   -0.295420730245598451E+00    0.797115231641663646E+00   -0.149155585059944382E+02   -0.980515351937695812E+01    1
    0.197018830597873534E+04    0.484195473388846409E+01   -0.250137979932539667E+00    0.545063224171726923E+00   -0.149103026089658002E+02   -0.981515351937695613E+01    1
    0.193634109434311586E+04    0.444450263044959826E+01   -0.377693769983717398E+00    0.452013571381671531E+00   -0.148960386250762085E+02   -0.982515351937695769E+01    1
    0.192030923527827485E+04    0.367023336916037302E+01   -0.262110437682098962E+00    0.216775292106099970E+00   -0.148835154631114293E+02   -0.983515351937696103E+01    1
    0.194991400264514209E+04    0.492544406936243462E+01   -0.395546749652766594E+00    0.538521232417256801E+00   -0.148740479657729949E+02   -0.984515351937696082E+01    1
    0.192314397288748091E+04    0.381570058152576363E+01   -0.315571238581912328E+00    0.379728520045440554E+00   -0.148511200977879323E+02   -0.985515351937696060E+01    1
    0.196602425901553670E+04    0.406453611623694133E+01   -0.310887007291785533E+00    0.548985787806068659E+00   -0.148421183348507562E+02   -0.986515351937695506E+01    1
    0.189003709990390507E+04    0.347916153006330919E+01   -0.331123053951508928E+00    0.241909944521237374E+00   -0.148393619014305109E+02   -0.987515351937695307E+01    1
    0.196987705190628662E+04    0.465268903618956209E+01   -0.474420400790734997E+00    0.494106758653116374E+00   -0.148385533537385985E+02   -0.988515351937695641E+01    1
    0.197471318983737319E+04    0.465342799840840726E+01   -0.316581572892646435E+00    0.181191005204763722E+00   -0.148275436946723751E+02   -0.989515351937695975E+01    1
    0.187382032889706625E+04    0.335668495935477118E+01   -0.366170523343241072E+00    0.304364873206410591E+00   -0.148206614234348173E+02   -0.990515351937695954E+01    1
    0.195497729876718199E+04    0.424274715659199231E+01   -0.335431358778643829E+00    0.389221783273594135E+00   -0.147870044093001525E+02   -0.991515351937695577E+01    1
    0.195335077493295398E+04    0.480644461383691368E+01   -0.271439086971957677E+00    0.230004674368381207E+00   -0.147672480486565014E+02   -0.992515351937695911E+01    1
    0.194300719029125162E+04    0.448080014697231022E+01   -0.193991933931149385E+00    0.558450389594515317E+00   -0.147634836378703991E+02   -0.993515351937696067E+01    1
    0.193674614039925291E+04    0.459380661858424943E+01   -0.488565051223696367E+00    0.266335188920952759E+00   -0.147551667916947054E+02   -0.994515351937695513E+01    1
    0.195200664752784678E+04    0.454503451520660207E+01   -0.336484821425040326E+00    0.521257452519706233E+00   -0.147482604854288972E+02   -0.995515351937695492E+01    1
    0.196505044407795549E+04    0.473012941705082746E+01   -0.494956477750699564E+00    0.376371505120992156E+00   -0.147481046625291885E+02   -0.996515351937695826E+01    1
    0.185996178752922879E+04    0.316408342341944682E+01   -0.236309765192350252E+00    0.692604186216021267E+00   -0.147418457489294656E+02   -0.997515351937695982E+01    1
    0.185764809886555531E+04    0.333494397502581874E+01   -0.320047915758534252E+00    0.658580510678366204E+00   -0.147170992987791180E+02   -0.998515351937696138E+01    1
    0.196327577878783836E+04    0.480631882012711209E+01   -0.297362650254615724E+00    0.131391437970484803E+00   -0.147152442749785841E+02   -0.999515351937695584E+01    1
    0.191219016854724509E+04    0.385413485649575183E+01   -0.338221545307141713E+00    0.435754928065242519E+00   -0.147003730425681098E+02   -0.100051535193769503E+02    1
    0.187822569078724587E+04    0.332857690466996248E+01   -0.376993293822376396E+00    0.302769486194852333E+00   -0.146628851481037135E+02   -0.100151535193769536E+02    1
    0.190169772361058176E+04    0.330565165464810162E+01   -0.334261184870788819E+00    0.495428350771475401E+00   -0.146155377802001105E+02   -0.100251535193769570E+02    1
    0.192555750086481680E+04    0.378748360656325467E+01   -0.322019405287154947E+00    0.247896495309190917E+00   -0.146067943999258709E+02   -0.100351535193769603E+02    1
    0.185865032704621149E+04    0.336386395906217661E+01   -0.382990118851701256E+00    0.761045718638949542E+00   -0.145856006471029929E+02   -0.100451535193769637E+02    1
    0.188585998209477657E+04    0.329394481446630616E+01   -0.322330799138612734E+00    0.515562479700793275E+00   -0.145715546539121839E+02   -0.100551535193769475E+02    1
    0.193564097672332923E+04    0.483333881381927899E+01   -0.110501314209885682E+00    0.294616826389315745E+00   -0.145655224594957513E+02   -0.100651535193769543E+02    1
    0.195333090149083091E+04    0.479004978373002466E+01   -0.455416106232420181E+00    0.380459443600495217E+00   -0.145467567222247283E+02   -0.100751535193769577E+02    1
    0.196223440793473856E+04    0.470521203497007523E+01   -0.387876722530258289E+00    0.507407104114316221E+00   -0.145432528084093420E+02   -0.100851535193769539E+02    1
    0.190364339758998585E+04    0.398106853596625854E+01   -0.313527257183653263E+00    0.633745309957092218E+00   -0.145425934039677340E+02   -0.100951535193769484E+02    1
    0.188725251644907394E+04    0.407261641301460564E+01   -0.376727315887377734E+00    0.206853317250695112E+00   -0.145337723692007810E+02   -0.101051535193769499E+02    1
    0.195867466810912742E+04    0.463644458852600572E+01   -0.406658453823354749E+00    0.481659694182468234E+00   -0.145311481038504269E+02   -0.101151535193769551E+02    1
    0.192419817353066014E+04    0.398358809827630056E+01   -0.415525968076997376E+00    0.432939157776990213E+00   -0.145294111102602521E+02   -0.101251535193769566E+02    1
    0.187507294265060136E+04    0.313776039846079424E+01   -0.137035777877944243E+00    0.586706663356492686E+00   -0.145279224941892302E+02   -0.101351535193769582E+02    1
    0.194638502476570784E+04    0.444282478368517708E+01   -0.326569800849640546E+00    0.246554110134123955E+00   -0.145268307490174475E+02   -0.101451535193769562E+02    1
    0.193377727791072857E+04    0.433030835522460222E+01   -0.268546911731308180E+00    0.225074189858627455E+00   -0.145196206962399774E+02   -0.101551535193769507E+02    1
    0.187245617371473872E+04    0.347924629266630880E+01   -0.226671472023339649E+00    0.734516347731830610E+00   -0.145017575791305600E+02   -0.101651535193769487E+02    1
    0.193103449166470409E+04    0.368166735245271370E+01   -0.379895099344353560E+00    0.699908856462303830E+00   -0.144819957324735125E+02   -0.101751535193769485E+02    1
    0.187491455880060494E+04    0.305097297359386666E+01   -0.192648289565148678E+00    0.620284398162232353E+00   -0.144799956866154673E+02   -0.101851535193769500E+02    1
    0.195245783568365778E+04    0.454943110860489064E+01   -0.372748588893118238E+00    0.174838911040730516E+00   -0.144598557359223605E+02   -0.101951535193769534E+02    1
    0.194083098850987653E+04    0.420732590499402637E+01   -0.339728054624100440E+00    0.744072394106770063E+00   -0.144597112084652419E+02   -0.102051535193769531E+02    1
    0.190810230889329455E+04    0.374943673445044601E+01   -0.262483110926704510E+00    0.734103923944325665E+00   -0.144333978177957345E+02   -0.102151535193769565E+02    1
    0.196430018137571801E+04    0.415230286743248378E+01   -0.453407644230297335E+00    0.469233537098793785E+00   -0.143836698148416691E+02   -0.102251535193769545E+02    1
    0.193736236970122695E+04    0.425259393687435061E+01   -0.319320333507124188E+00    0.684060199930293211E+00   -0.143730479609024933E+02   -0.102351535193769507E+02    1
    0.193926125638066719E+04    0.472550171205584135E+01   -0.406336318425666421E+00    0.526317578078956405E+00   -0.143504091947307924E+02   -0.102451535193769541E+02    1
    0.197041978112931361E+04    0.362876937565504631E+01   -0.445869814849952417E+00    0.516745069552875136E+00   -0.143467734633502051E+02   -0.102551535193769521E+02    1
    0.192260381573266727E+04    0.408199075080610996E+01   -0.352743945078341059E+00    0.168982156147560930E+00   -0.143462492535911519E+02   -0.102651535193769536E+02    1
    0.188671354897691162E+04    0.319776296694619999E+01   -0.280755667459931968E+00    0.351739108136980616E+00   -0.143449730946146570E+02   -0.102751535193769570E+02    1
    0.191858917272415874E+04    0.382127271220665055E+01   -0.428759087980791653E+00    0.310684690949742270E+00   -0.143441740935442237E+02   -0.102851535193769532E+02    1
    0.194838026066247835E+04    0.465105670186669329E+01   -0.304033441810308558E+00    0.547419487077576816E+00   -0.143136081468900951E+02   -0.102951535193769512E+02    1
    0.194636321835676449E+04    0.435662736210405299E+01   -0.497245895113792358E+00    0.533951084953449118E+00   -0.142908237962822113E+02   -0.103051535193769492E+02    1
    0.189336864074518667E+04    0.337517031759066910E+01   -0.364133833103748694E+00    0.331637354387024352E+00   -0.142696054676369855E+02   -0.103151535193769526E+02    1
    0.193686924682637891E+04    0.351661398404375580E+01   -0.322662019178668213E+00    0.566658791211194668E+00   -0.142545027629894303E+02   -0.103251535193769541E+02    1
    0.193684276558403940E+04    0.347440456442293710E+01   -0.458968757859546161E+00    0.481908978070064387E+00   -0.142397541840149646E+02   -0.103351535193769539E+02    1
    0.197223171835351491E+04    0.429194014483475517E+01   -0.359395667600659940E+00    0.436480574850910852E+00   -0.142305169513837217E+02   -0.103451535193769555E+02    1
    0.197634820944329090E+04    0.416255372844793747E+01   -0.379345354098893250E+00    0.115976352835264834E+00   -0.142284499073484234E+02   -0.103551535193769570E+02    1
    0.191487291818732160E+04    0.403059327542875501E+01   -0.273550066860427155E+00    0.237894963484053895E+00   -0.142273381505778609E+02   -0.103651535193769533E+02    1
    0.193214240092856653E+04    0.310669492699210048E+01   -0.433015762625982736E+00    0.554093671485720973E+00   -0.142214485331096228E+02   -0.103751535193769513E+02    1
    0.197250544448207143E+04    0.462640716982997091E+01   -0.435406767416471718E+00    0.394924468560693187E+00   -0.142196531208871040E+02   -0.103851535193769564E+02    1
    0.190139913701880346E+04    0.338049234701905998E+01   -0.334401048101949816E+00    0.786367047302543809E+00   -0.141979836182841179E+02   -0.103951535193769562E+02    1
    0.196346475942069856E+04    0.468691816765528291E+01   -0.361247639365777584E+00    0.150184571994329746E+00   -0.141868359552487071E+02   -0.104051535193769507E+02    1
    0.193416844790597588E+04    0.320310599121565076E+01   -0.412614821255516517E+00    0.538703012504166634E+00   -0.141816575857892300E+02   -0.104151535193769558E+02    1
    0.191814964810047172E+04    0.421292050311179089E+01   -0.320538260833395539E+00    0.235195899378118328E+00   -0.141750363141295708E+02   -0.104251535193769538E+02    1
    0.191516682297918123E+04    0.311349763743422292E+01   -0.371138912935195742E+00    0.577159132160944388E+00   -0.141701612336476934E+02   -0.104351535193769482E+02    1
    0.192384727420355853E+04    0.340379334530706146E+01   -0.381334193583735215E+00    0.714863124103826131E+00   -0.141600292877410148E+02   -0.104451535193769534E+02    1
    0.195283468815660831E+04    0.425203891218736274E+01   -0.328876467599267697E+00    0.205228914588896083E+00   -0.141517961018886638E+02   -0.104551535193769531E+02    1
    0.191477999266498091E+04    0.339148843836796132E+01   -0.421955789955575977E+00    0.611557012314877024E+00   -0.141517784455489881E+02   -0.104651535193769529E+02    1
    0.197104336774976582E+04    0.428670590069072066E+01   -0.484529713369885429E+00    0.412235373923771187E+00   -0.141461119561959503E+02   -0.104751535193769580E+02    1
    0.196212064443274494E+04    0.472330079139369907E+01   -0.447540605285314030E+00    0.275603779487815170E+00   -0.141434666932049833E+02   -0.104851535193769543E+02    1
    0.191034228229319433E+04    0.396497284890617641E+01   -0.364393660144656018E+00    0.262684569043165173E+00   -0.141433153156963485E+02   -0.104951535193769523E+02    1
    0.193201339105616580E+04    0.411526108403879398E+01   -0.422261683027256640E+00    0.721118852131063304E+00   -0.141401846309334989E+02   -0.105051535193769539E+02    1
    0.194388341283411000E+04    0.445944915886217430E+01   -0.483877788019943356E+00    0.246014980465652427E+00   -0.141377006363299245E+02   -0.105151535193769536E+02    1
    0.190386934195670847E+04    0.390111250563299716E+01   -0.304775454291342895E+00    0.639199223908501257E+00   -0.141237509805565651E+02   -0.105251535193769499E+02    1
    0.191753119607784743E+04    0.310585711180861823E+01   -0.377440597955505441E+00    0.586624569636858162E+00   -0.141119791906219465E+02   -0.105351535193769514E+02    1
    0.191753092915114780E+04    0.359997555452961393E+01   -0.415170471966263110E+00    0.267643621550452848E+00   -0.140991302175065272E+02   -0.105451535193769512E+02    1
    0.192425145272940722E+04    0.377749459938907162E+01   -0.427729027083775803E+00    0.566892331948744888E+00   -0.140853421907254290E+02   -0.105551535193769528E+02    1
    0.188030034794612880E+04    0.324820837418556208E+01   -0.369245881800334075E+00    0.536483769353784057E+00   -0.140762829947386106E+02   -0.105651535193769543E+02    1
    0.190361662383053999E+04    0.317091069143176796E+01   -0.432663301305024506E+00    0.505207290022930189E+00   -0.140731554294566159E+02   -0.105751535193769524E+02    1
    0.191847632788991677E+04    0.374782947163577429E+01   -0.357382240098184090E+00    0.286503392508998367E+00   -0.140730690110677497E+02   -0.105851535193769575E+02    1
    0.195760309078608657E+04    0.442693921519219291E+01   -0.472428954276044033E+00    0.182114547783298442E+00   -0.140591028223131964E+02   -0.105951535193769573E+02    1
    0.195603696522982091E+04    0.389364522610423647E+01   -0.331353412984121853E+00    0.658002181192062774E+00   -0.140574376838523154E+02   -0.106051535193769570E+02    1
    0.197016531650932916E+04    0.454574255440278474E+01   -0.492255167924102677E+00    0.436245513538762841E+00   -0.140564689784201491E+02   -0.106151535193769551E+02    1
    0.188822857506989135E+04    0.340443161289138629E+01   -0.294154417249273825E+00    0.686416179941764515E+00   -0.140383314771874126E+02   -0.106251535193769495E+02    1
    0.197065004576512365E+04    0.477839799562674017E+01   -0.395408925382695564E+00    0.267451274094839819E+00   -0.140335373561829151E+02   -0.106351535193769458E+02    1
    0.191734971391703311E+04    0.379982022489741889E+01   -0.419353664760617861E+00    0.146580940856179370E+00   -0.140305873501680693E+02   -0.106451535193769526E+02    1
    0.194896887225910291E+04    0.445501206298129304E+01   -0.473014679493171109E+00    0.459688353220002233E+00   -0.140008068152050296E+02   -0.106551535193769560E+02    1
    0.196079900818756460E+04    0.428385188143684026E+01   -0.420607250713895486E+00    0.410892980940402941E+00   -0.139993515560544086E+02   -0.106651535193769540E+02    1
    0.187085517067598857E+04    0.346261603250989580E+01   -0.316779143369383731E+00    0.715164298013264199E+00   -0.139965961815084707E+02   -0.106751535193769556E+02    1
    0.188481003068955715E+04    0.330540294816239211E+01   -0.359168342916009131E+00    0.528885900178139967E+00   -0.139687140416965985E+02   -0.106851535193769500E+02    1
    0.185606903453822383E+04    0.320067735581367252E+01   -0.346259232117838378E+00    0.706566950950824224E+00   -0.139624603511105239E+02   -0.106951535193769480E+02    1
    0.186444017499366487E+04    0.334537079813562332E+01   -0.456646979607988002E+00    0.583451141043489496E+00   -0.139622407192103193E+02   -0.107051535193769549E+02    1
    0.189051873668412964E+04    0.325570476621859006E+01   -0.351458641959396523E+00    0.344268204522101273E+00   -0.139536059916389732E+02   -0.107151535193769494E+02    1
    0.196833200536839036E+04    0.410222301194647088E+01   -0.452712558911601448E+00    0.543586594561110581E+00   -0.139524935163499464E+02   -0.107251535193769456E+02    1
    0.192728135719757688E+04    0.401618155715769554E+01   -0.343206379993644672E+00    0.178111214708816135E+00   -0.139445703694605747E+02   -0.107351535193769543E+02    1
    0.187016929218670202E+04    0.356584431329648055E+01   -0.418847675956899590E+00    0.729348307801312989E+00   -0.139419862745812431E+02   -0.107451535193769505E+02    1
    0.196473153642006469E+04    0.455219057787283177E+01   -0.473333129659514407E+00    0.168276359527976566E+00   -0.139314427698958969E+02   -0.107551535193769414E+02    1
    0.188958166560354471E+04    0.363781054012882965E+01   -0.363753670499254611E+00    0.764988078354900236E+00   -0.139312618599712117E+02   -0.107651535193769483E+02    1
    0.194572662095514534E+04    0.490656025618352665E+01   -0.286435261490535220E-01    0.340400694412129390E+00   -0.139242179998501534E+02   -0.107751535193769499E+02    1
    0.194997977594663325E+04    0.471145479126422018E+01   -0.427309647595384479E+00    0.104565700928532318E+00   -0.139213078960697452E+02   -0.107851535193769426E+02    1
    0.190751903543691606E+04    0.325741821057206860E+01   -0.319705554839406436E+00    0.588775715399786681E+00   -0.139144857375384596E+02   -0.107951535193769441E+02    1
    0.195706677472239039E+04    0.474796161080874235E+01   -0.444578975011047761E+00    0.402064204427441507E+00   -0.139097440405304162E+02   -0.108051535193769528E+02    1
    0.194109252891932829E+04    0.365129515686653461E+01   -0.412837059520232363E+00    0.200889293571624772E+00   -0.138966832234695659E+02   -0.108151535193769561E+02    1
    0.185844132850710139E+04    0.349802211114091710E+01   -0.396705898583811944E+00    0.695200606375954488E+00   -0.138873480558128204E+02   -0.108251535193769524E+02    1
    0.193834429670222039E+04    0.372839664105536572E+01   -0.396699538792685602E+00    0.137970400341566823E+00   -0.138776707242039681E+02   -0.108351535193769521E+02    1
    0.192748098603240192E+04    0.404211873257810694E+01   -0.384503723144719534E+00    0.669102341133212319E+00   -0.138767223379136695E+02   -0.108451535193769519E+02    1
    0.198430118026358309E+04    0.492212333918924116E+01   -0.431642518992123692E+00    0.277994806035757769E+00   -0.138735640999154164E+02   -0.108551535193769482E+02    1
    0.188672860286541709E+04    0.369700930547498308E+01   -0.397357196127087753E+00    0.559942616873153498E+00   -0.138721992424961318E+02   -0.108651535193769480E+02    1
    0.195251950787921623E+04    0.393189823250413761E+01   -0.479567450721002542E+00    0.153949776347907519E+00   -0.138704232290554170E+02   -0.108751535193769477E+02    1
    0.195330705745564455E+04    0.445368184786785193E+01   -0.440488315841250033E+00    0.237035574089055179E+00   -0.138685999493246221E+02   -0.108851535193769493E+02    1
    0.193514698860398948E+04    0.393409837154334241E+01   -0.277902461217509222E+00    0.202897569560193669E+00   -0.138562986728814153E+02   -0.108951535193769473E+02    1
    0.190403712520680165E+04    0.329726755570591745E+01   -0.323279271792880074E+00    0.609246146875681349E+00   -0.138522069418692428E+02   -0.109051535193769453E+02    1
    0.190003901224096080E+04    0.357959135612302104E+01   -0.323505347430657397E+00    0.197592627952545175E+00   -0.138439884417844361E+02   -0.109151535193769469E+02    1
    0.194756419796970295E+04    0.465458742352028754E+01   -0.466311880071962781E+00    0.190823417474928259E+00   -0.138253840619661847E+02   -0.109251535193769485E+02    1
    0.192605490382603125E+04    0.368088435496598665E+01   -0.337985577772327461E+00    0.793058989781787127E+00   -0.138230715003018041E+02   -0.109351535193769500E+02    1
    0.187394708168942384E+04    0.346699584700736718E+01   -0.460375720531668087E+00    0.537346652045001538E+00   -0.138214195138407820E+02   -0.109451535193769498E+02    1
    0.187248055158049897E+04    0.328801386662437700E+01   -0.392081290081571665E+00    0.512238184255227047E+00   -0.138172140412490361E+02   -0.109551535193769460E+02    1
    0.193236563050102905E+04    0.404808919431226499E+01   -0.363281590006560018E+00    0.728452119612684190E+00   -0.138165559690042965E+02   -0.109651535193769440E+02    1
    0.185744841831327244E+04    0.338267032341535057E+01   -0.461979122526174124E+00    0.680435025883816658E+00   -0.138056515488890970E+02   -0.109751535193769456E+02    1
    0.196545215131043597E+04    0.445976406453119090E+01   -0.445244872456406870E+00    0.442648838713426085E+00   -0.138001497342951573E+02   -0.109851535193769454E+02    1
    0.195038947177260980E+04    0.397003320928207160E+01   -0.390884680848205268E+00    0.598415560483837150E+00   -0.137980650240822058E+02   -0.109951535193769434E+02    1
    0.195015138913410010E+04    0.422387543001850574E+01   -0.440375048883053066E+00    0.453926845282134561E+00   -0.137976123684908281E+02   -0.110051535193769485E+02    1
    0.192874981172422713E+04    0.345910010335310014E+01   -0.365009593649799235E+00    0.566366834767455862E+00   -0.137823950486491302E+02   -0.110151535193769536E+02    1
    0.194661139268354009E+04    0.461332608341430550E+01   -0.486094406442347471E+00    0.133648206241988754E+00   -0.137773097131599886E+02   -0.110251535193769499E+02    1
    0.195010378967800921E+04    0.390921217765682893E+01   -0.363491072835219420E+00    0.207505100815392141E+00   -0.137751197690710310E+02   -0.110351535193769461E+02    1
    0.195848780691170145E+04    0.496816429116374003E+01   -0.435657607071583630E+00    0.234446797457187023E+00   -0.137474681891075559E+02   -0.110451535193769441E+02    1
    0.190610240992904187E+04    0.338360352557013000E+01   -0.343528255177756425E+00    0.733635453410932392E+00   -0.137426935054879529E+02   -0.110551535193769439E+02    1
    0.191693569359137223E+04    0.391915270984089492E+01   -0.376366498871131994E+00    0.751007666597452439E+00   -0.137295363012893450E+02   -0.110651535193769455E+02    1
    0.194150831187834206E+04    0.487709105013802091E+01   -0.338831712621306402E-01    0.314761206314822406E+00   -0.137270524122181801E+02   -0.110751535193769488E+02    1
    0.189994677307131315E+04    0.319924419168435881E+01   -0.267190240564174453E+00    0.616366920621173486E+00   -0.137265473536499787E+02   -0.110851535193769504E+02    1
    0.187121254454086829E+04    0.321387865688120389E+01   -0.376010871774329403E+00    0.629172879939750795E+00   -0.137252418557087221E+02   -0.110951535193769502E+02    1
    0.193271920269349107E+04    0.402712799019329104E+01   -0.376312060361834733E+00    0.633598166837260224E+00   -0.137234625367514251E+02   -0.111051535193769553E+02    1
    0.198174258283152290E+04    0.491787001051362349E+01   -0.455565487022133286E+00    0.240344221762548521E+00   -0.137204362602947523E+02   -0.111151535193769551E+02    1
    0.187080213320809730E+04    0.340339025202901890E+01   -0.411189976079438968E+00    0.529838058295004188E+00   -0.137082567126707158E+02   -0.111251535193769460E+02    1
    0.187796314594239902E+04    0.356440050003947739E+01   -0.301358266812397690E+00    0.662535705797726804E+00   -0.136988213205649032E+02   -0.111351535193769493E+02    1
    0.197067821107768896E+04    0.474184925207578001E+01   -0.445425855248034352E+00    0.223621866074113274E+00   -0.136968637275895819E+02   -0.111451535193769491E+02    1
    0.187037065999010315E+04    0.324992372544744823E+01   -0.433393571225827612E+00    0.647509063828287545E+00   -0.136784228506305752E+02   -0.111551535193769507E+02    1
    0.187345571583202923E+04    0.300769579668056242E+01   -0.424475385356926305E+00    0.343122797487566855E+00   -0.136750333905148267E+02   -0.111651535193769469E+02    1
    0.195327448106439738E+04    0.471149053066776791E+01   -0.481749725273543039E+00    0.226295309313199328E+00   -0.136710419682407078E+02   -0.111751535193769467E+02    1
    0.194643886722491970E+04    0.488720109032554095E+01   -0.100914072865426974E+00    0.320548240006582830E+00   -0.136594071506604511E+02   -0.111851535193769482E+02    1
    0.188070780721605593E+04    0.345950884872134479E+01   -0.405577154836994191E+00    0.133679409465039145E+00   -0.136541138084867910E+02   -0.111951535193769498E+02    1
    0.199026117718670139E+04    0.482429594172464871E+01   -0.478327315192105029E+00    0.232362232536995533E+00   -0.136538255848984669E+02   -0.112051535193769514E+02    1
    0.189699109807154196E+04    0.364502531428499355E+01   -0.399070375824892465E+00    0.545430664565886847E+00   -0.136538006080640830E+02   -0.112151535193769529E+02    1
    0.191920575850629757E+04    0.420162686481010983E+01   -0.365440173378419608E+00    0.196540825671548236E+00   -0.136446122659310678E+02   -0.112251535193769527E+02    1
    0.188325112482653071E+04    0.353861276074711650E+01   -0.402573348791581020E+00    0.123713801455898983E+00   -0.136402031452374608E+02   -0.112351535193769525E+02    1
    0.195167221865435249E+04    0.468300747147553942E+01   -0.481939074350283214E+00    0.184896030779607784E+00   -0.136249656000068953E+02   -0.112451535193769505E+02    1
    0.187207122952609870E+04    0.330600660307996908E+01   -0.487641368189490443E+00    0.569762075542856739E+00   -0.135981832853867335E+02   -0.112551535193769485E+02    1
    0.196359331927263497E+04    0.425291468632648062E+01   -0.451065024808863124E+00    0.131833967731748242E+00   -0.135951606265930085E+02   -0.112651535193769465E+02    1
    0.195536244150542825E+04    0.435478358577648450E+01   -0.492740348371651316E+00    0.268231635469749929E+00   -0.135947243940036628E+02   -0.112751535193769428E+02    1
    0.196529436574377723E+04    0.406524477780828519E+01   -0.388483389678055291E+00    0.646234274059331537E+00   -0.135878833891486206E+02   -0.112851535193769514E+02    1
    0.198481216478006399E+04    0.456709048576736976E+01   -0.468535307248642063E+00    0.153944065670661240E+00   -0.135848776721266962E+02   -0.112951535193769441E+02    1
    0.189144714035547918E+04    0.330376690623507763E+01   -0.393296021101174786E+00    0.704624862046822509E+00   -0.135776061054148691E+02   -0.113051535193769475E+02    1
    0.191376787585132524E+04    0.325368147013849551E+01   -0.397908647030569829E+00    0.543380081087044720E+00   -0.135744974297611645E+02   -0.113151535193769508E+02    1
    0.190937755134765166E+04    0.338968614333238660E+01   -0.489970373386414637E+00    0.547081393733917953E+00   -0.135744904836121023E+02   -0.113251535193769524E+02    1
    0.191280450851534920E+04    0.353133163920804982E+01   -0.440278192417350556E+00    0.515008017394674611E+00   -0.135723621879469469E+02   -0.113351535193769486E+02    1
    0.193813745794990723E+04    0.377213762302830302E+01   -0.454011571466675368E+00    0.263113329832957099E+00   -0.135637160682895193E+02   -0.113451535193769519E+02    1
    0.189485899229933489E+04    0.339009684428332303E+01   -0.308581445434750912E+00    0.632018637071056655E+00   -0.135617728884479334E+02   -0.113551535193769464E+02    1
    0.194854707980636272E+04    0.426813949538677129E+01   -0.465835153714595773E+00    0.176722449622818772E+00   -0.135615795658023934E+02   -0.113651535193769444E+02    1
    0.195911848168713504E+04    0.348591268139213284E+01   -0.458662576623777019E+00    0.579321718904586946E+00   -0.135609510513207141E+02   -0.113751535193769477E+02    1
    0.192200059276428760E+04    0.397638804172395854E+01   -0.317869108448794402E+00    0.236771514294311147E+00   -0.135599361316198923E+02   -0.113851535193769493E+02    1
    0.192098005554735278E+04    0.382260630704352078E+01   -0.367358907925293576E+00    0.630892478323220485E+00   -0.135581365697037999E+02   -0.113951535193769544E+02    1
    0.190400596763545241E+04    0.318468975718996150E+01   -0.334653274980406146E+00    0.623560388368164742E+00   -0.135521513882783395E+02   -0.114051535193769453E+02    1
    0.187879232950765845E+04    0.319144823556892954E+01   -0.431398889110668649E+00    0.511691135478283043E+00   -0.135361664271360223E+02   -0.114151535193769433E+02    1
    0.189972400493892587E+04    0.315736038894143123E+01   -0.451199857080445133E+00    0.476005223340200345E+00   -0.135318508895559422E+02   -0.114251535193769502E+02    1
    0.190600682300637527E+04    0.376827719445466958E+01   -0.421281253048796378E+00    0.242152250826147969E+00   -0.135215393565225241E+02   -0.114351535193769465E+02    1
    0.193335045228947843E+04    0.345046580791515067E+01   -0.473197611211425173E+00    0.169076525806777123E+00   -0.135079063267678539E+02   -0.114451535193769427E+02    1
    0.194997569311289703E+04    0.361482799542427724E+01   -0.461068268587589980E+00    0.178089598779847702E+00   -0.135022456870000607E+02   -0.114551535193769425E+02    1
    0.188195304838267066E+04    0.366382977376109231E+01   -0.423025719160279923E+00    0.195929402040311784E+00   -0.134980024567653842E+02   -0.114651535193769476E+02    1
    0.190606062662605859E+04    0.334293395234400936E+01   -0.394284804728940230E+00    0.721524976961996578E+00   -0.134940859879623289E+02   -0.114751535193769509E+02    1
    0.196358796364870364E+04    0.484940714266721340E+01   -0.481999060761539311E+00    0.151563156884241129E+00   -0.134920682799177776E+02   -0.114851535193769489E+02    1
    0.196889996086052497E+04    0.440546786580769023E+01   -0.461982761001405007E+00    0.243440331543063215E+00   -0.134853197322813703E+02   -0.114951535193769505E+02    1
    0.198472407608267940E+04    0.484262417054582350E+01   -0.438365556768703091E+00    0.122410555632217671E+00   -0.134648282717301679E+02   -0.115051535193769467E+02    1
    0.197131304203007107E+04    0.473516736156568818E+01   -0.479758243363232861E+00    0.159642926851262773E+00   -0.134641843495566089E+02   -0.115151535193769430E+02    1
    0.190570732580726553E+04    0.336983611165554908E+01   -0.371633853119033464E+00    0.685856406148282693E+00   -0.134630027576096332E+02   -0.115251535193769428E+02    1
    0.195300319272742013E+04    0.408200528586596612E+01   -0.424955601208709344E+00    0.265476570951850954E+00   -0.134576101543318742E+02   -0.115351535193769426E+02    1
    0.190287594429290675E+04    0.362702143724484838E+01   -0.398414402191826111E+00    0.579802001418510349E+00   -0.134483465365855821E+02   -0.115451535193769423E+02    1
    0.192478290669885359E+04    0.382507092205776456E+01   -0.327537615959157757E+00    0.190569696355744278E+00   -0.134459365328135707E+02   -0.115551535193769439E+02    1
    0.190301102428041531E+04    0.357934778002366283E+01   -0.410051602647316549E+00    0.685180311740671177E+00   -0.134459338093451368E+02   -0.115651535193769455E+02    1
    0.190002948531778293E+04    0.359480867741570531E+01   -0.421956455033548949E+00    0.151430426652358147E+00   -0.134448058035444173E+02   -0.115751535193769453E+02    1
    0.196257445947838960E+04    0.387999301519540118E+01   -0.419695933735444060E+00    0.632922107250228683E+00   -0.134365915130555411E+02   -0.115851535193769433E+02    1
    0.189774391123698365E+04    0.349661199087440933E+01   -0.409144430697656436E+00    0.529456945916530364E+00   -0.134333151183625326E+02   -0.115951535193769448E+02    1
    0.190771657473738264E+04    0.333221504901453036E+01   -0.361003498659633826E+00    0.576394458792940934E+00   -0.134319976542793853E+02   -0.116051535193769446E+02    1
    0.186384540034705219E+04    0.350164254878060888E+01   -0.465372876297918348E+00    0.127428557036488671E+00   -0.134262802947843429E+02   -0.116151535193769408E+02    1
    0.190304631135468981E+04    0.335243442188097873E+01   -0.409664557131107110E+00    0.744302475276257036E+00   -0.134228530218605115E+02   -0.116251535193769424E+02    1
    0.196565310288071623E+04    0.493308530976094417E+01   -0.431795585557256167E+00    0.184575392819951223E+00   -0.134118546252153781E+02   -0.116351535193769458E+02    1
    0.191606948652495134E+04    0.362567286305342229E+01   -0.426070878362103889E+00    0.209967656998915259E+00   -0.134116868145221684E+02   -0.116451535193769455E+02    1
    0.196666210217619641E+04    0.464565241250060268E+01   -0.489719767795733896E+00    0.150186306735255654E+00   -0.134047550424373743E+02   -0.116551535193769418E+02    1
    0.194149183481427144E+04    0.382093509724341462E+01   -0.391218124735258244E+00    0.636046929827487673E+00   -0.133966757600192246E+02   -0.116651535193769451E+02    1
    0.195944332086003351E+04    0.425077472231655573E+01   -0.449721251177529868E+00    0.125619174546129364E+00   -0.133924883306618678E+02   -0.116751535193769502E+02    1
    0.196658890302218333E+04    0.353508637829781058E+01   -0.498163597544122705E+00    0.579523560160236983E+00   -0.133832694782157109E+02   -0.116851535193769465E+02    1
    0.186717362234789152E+04    0.349954794931909019E+01   -0.466231768553458492E+00    0.166111100973562298E+00   -0.133760658597567019E+02   -0.116951535193769445E+02    1
    0.190411217705237254E+04    0.357718657422257236E+01   -0.325279098891834595E+00    0.565744513744102839E+00   -0.133760320508724799E+02   -0.117051535193769460E+02    1
    0.188509159216689318E+04    0.326870534265195900E+01   -0.417474235562088625E+00    0.533976655921768573E+00   -0.133708912185199011E+02   -0.117151535193769476E+02    1
    0.191318760536106220E+04    0.317692178598646757E+01   -0.415881182065903354E+00    0.608971862144735754E+00   -0.133664636387488738E+02   -0.117251535193769456E+02    1
    0.197203353082024273E+04    0.492634788565785975E+01   -0.468556824868033739E+00    0.233283079708734353E+00   -0.133538046820852934E+02   -0.117351535193769418E+02    1
    0.191707654216990500E+04    0.386049941354125847E+01   -0.354109808492830136E+00    0.651528599890519922E+00   -0.133530143366924925E+02   -0.117451535193769399E+02    1
    0.187996345250967465E+04    0.339866574475611172E+01   -0.424292338072800701E+00    0.523839957889937646E+00   -0.133487366457266816E+02   -0.117551535193769414E+02    1
    0.190540397926900573E+04    0.355582130549674691E+01   -0.378308243888525020E+00    0.678642925727845570E+00   -0.133449250000930402E+02   -0.117651535193769430E+02    1
    0.192974022984951398E+04    0.318084339898786084E+01   -0.485747702862370956E+00    0.624071132371316728E+00   -0.133445429699452998E+02   -0.117751535193769463E+02    1
    0.196342696680171503E+04    0.384006373711912552E+01   -0.448089446898638055E+00    0.657039582538506806E+00   -0.133368772882782380E+02   -0.117851535193769479E+02    1
    0.193607481844965264E+04    0.365288070406301424E+01   -0.435671493004072208E+00    0.582613155830923435E+00   -0.133239249738500174E+02   -0.117951535193769459E+02    1
    0.196097336099460608E+04    0.480191616399341292E+01   -0.479782995551212232E+00    0.131642579923938852E+00   -0.133207552096601791E+02   -0.118051535193769439E+02    1
    0.187927771327750520E+04    0.357771401554839574E+01   -0.373586251269741432E+00    0.667053064034735299E+00   -0.133159739937006005E+02   -0.118151535193769472E+02    1
    0.192197852799103134E+04    0.380299835924906304E+01   -0.360156150390174012E+00    0.739713502595710448E+00   -0.133119342298404835E+02   -0.118251535193769470E+02    1
    0.189967604733549706E+04    0.344375528585667112E+01   -0.450381120624923414E+00    0.497530670193529145E+00   -0.133095873616646845E+02   -0.118351535193769397E+02    1
    0.193547378499876208E+04    0.379061036422489650E+01   -0.388183583042110814E+00    0.652109650227598259E+00   -0.133062536497290456E+02   -0.118451535193769431E+02    1
    0.189210501124537132E+04    0.356256009510512328E+01   -0.308585024617544224E+00    0.568104559585983049E+00   -0.133052777068649419E+02   -0.118551535193769446E+02    1
    0.195564965672066000E+04    0.455987828592559286E+01   -0.480968729801727446E+00    0.125264764587467325E+00   -0.133028634329198603E+02   -0.118651535193769391E+02    1
    0.189619632597083523E+04    0.346863058156678861E+01   -0.354397924302288558E+00    0.436292057867163297E+00   -0.133010143458793682E+02   -0.118751535193769389E+02    1
    0.190016679763793945E+04    0.331659078598022461E+01   -0.430140614509582520E+00    0.496051204204559393E+00   -0.132964399705036467E+02   -0.118851535193769422E+02    1
    0.190950100165129061E+04    0.331598490531658996E+01   -0.400148810514488473E+00    0.628168971613263794E+00   -0.132857490662880231E+02   -0.118951535193769455E+02    1
    0.188608897182869714E+04    0.348350156972160097E+01   -0.307675611186068010E+00    0.590964716957135705E+00   -0.132838623825046884E+02   -0.119051535193769453E+02    1
    0.190204509545624342E+04    0.363223963588309529E+01   -0.479575566638353323E+00    0.616863442178438026E+00   -0.132752037476208429E+02   -0.119151535193769504E+02    1
    0.188114058846032572E+04    0.321015303472413205E+01   -0.358071798671157793E+00    0.581081411147861271E+00   -0.132722478103334982E+02   -0.119251535193769467E+02    1
    0.190785671146998357E+04    0.309762145373546938E+01   -0.382620490702224203E+00    0.619896450187058190E+00   -0.132721407623253640E+02   -0.119351535193769447E+02    1
    0.191267785282434738E+04    0.352965619319118185E+01   -0.346340796680640828E+00    0.564724051040877417E+00   -0.132666643521270640E+02   -0.119451535193769427E+02    1
    0.196988166496954500E+04    0.454873374793848839E+01   -0.471441178162259167E+00    0.143315816211163682E+00   -0.132640052030361684E+02   -0.119551535193769443E+02    1
    0.192398793336859899E+04    0.330227464351369893E+01   -0.420727664250100497E+00    0.574102006164830314E+00   -0.132555800580837140E+02   -0.119651535193769440E+02    1
    0.187653261043114458E+04    0.343434049879320735E+01   -0.297407927206090716E+00    0.599361069414857450E+00   -0.132530148587659600E+02   -0.119751535193769421E+02    1
    0.190144247617615542E+04    0.347172751986559724E+01   -0.347987247949501755E+00    0.670518203066457819E+00   -0.132490660995009808E+02   -0.119851535193769418E+02    1
    0.187309811200595800E+04    0.356657915800955028E+01   -0.387199478507680883E+00    0.596986318057896037E+00   -0.132483275997215681E+02   -0.119951535193769452E+02    1
    0.194868449258494616E+04    0.432401147933123298E+01   -0.454722622552761302E+00    0.229547562061821003E+00   -0.132452962540895314E+02   -0.120051535193769467E+02    1
    0.188658783758686013E+04    0.363789942736739835E+01   -0.325820688858363239E+00    0.645451706214963838E+00   -0.132340372604230048E+02   -0.120151535193769430E+02    1
    0.187346778220370470E+04    0.335080310553214789E+01   -0.425388601519316567E+00    0.664350625439559805E+00   -0.132335311533748676E+02   -0.120251535193769445E+02    1
    0.193290962661765866E+04    0.399210754036818383E+01   -0.324094237102568239E+00    0.240153249128743751E+00   -0.132186605910514956E+02   -0.120351535193769426E+02    1
    0.193132912862300213E+04    0.352103123262753304E+01   -0.421498004830129780E+00    0.162082876980893326E+00   -0.132053603843798903E+02   -0.120451535193769441E+02    1
    0.189758638653511434E+04    0.366406615735369456E+01   -0.415451550027081840E+00    0.569768126296740895E+00   -0.132048979129621706E+02   -0.120551535193769492E+02    1
    0.193756728802899056E+04    0.386968740601209538E+01   -0.467244591484977989E+00    0.608384480331053079E+00   -0.131974645684054526E+02   -0.120651535193769472E+02    1
    0.195189542974631331E+04    0.361198244111669231E+01   -0.475957925762926448E+00    0.606095116854479699E+00   -0.131943954995886479E+02   -0.120751535193769470E+02    1
    0.192151048754575459E+04    0.365095592878962005E+01   -0.422850183815666802E+00    0.632522483189730478E+00   -0.131811968582996180E+02   -0.120851535193769504E+02    1
    0.198808977367946045E+04    0.462972722181007867E+01   -0.443355643096327079E+00    0.130272571467926285E+00   -0.131793253566258048E+02   -0.120951535193769466E+02    1
    0.189573692890177858E+04    0.335880775727120229E+01   -0.386962074107838006E+00    0.437931363803039209E+00   -0.131779878786744220E+02   -0.121051535193769411E+02    1
    0.190927402695285900E+04    0.304526645201351664E+01   -0.362818557655334772E+00    0.601767685492808790E+00   -0.131724489961440909E+02   -0.121151535193769444E+02    1
    0.189383747841503941E+04    0.346584599338563848E+01   -0.364550977007316368E+00    0.445445863203137171E+00   -0.131600023921583595E+02   -0.121251535193769460E+02    1
    0.194278110855023920E+04    0.370918463259273201E+01   -0.468072159118028130E+00    0.204309388671173514E+00   -0.131526267856246317E+02   -0.121351535193769386E+02    1
    0.194428301764390085E+04    0.382705985131540460E+01   -0.458834064022432098E+00    0.254828812737687649E+00   -0.131462797213454987E+02   -0.121451535193769420E+02    1
    0.191709652454643174E+04    0.310420586768551887E+01   -0.467408403885675228E+00    0.554989684446587361E+00   -0.131426178466169628E+02   -0.121551535193769453E+02    1
    0.187919316988127207E+04    0.357597370395671810E+01   -0.354431202851204719E+00    0.655224064883967450E+00   -0.131411819990420948E+02   -0.121651535193769433E+02    1
    0.197589660901555749E+04    0.479858023990262694E+01   -0.488718049518422792E+00    0.140048628635129235E+00   -0.131395982289546556E+02   -0.121751535193769413E+02    1
    0.189136638190844201E+04    0.332237372064903091E+01   -0.424676009007630861E+00    0.529614160993840843E+00   -0.131321449060934086E+02   -0.121851535193769358E+02    1
    0.192832317421613925E+04    0.347867560944558685E+01   -0.499656490138231379E+00    0.174193477139038183E+00   -0.131297787230872309E+02   -0.121951535193769427E+02    1
    0.190299275414141789E+04    0.321882795924641840E+01   -0.393989695133781570E+00    0.573845188270410089E+00   -0.131270976952985556E+02   -0.122051535193769496E+02    1
    0.195259058525630326E+04    0.400837478878651865E+01   -0.301360344564079730E+00    0.235925144523130431E+00   -0.131240281425656029E+02   -0.122151535193769423E+02    1
    0.196774278272075799E+04    0.429893529234766891E+01   -0.403024172247029966E+00    0.105078415898251828E+00   -0.131154206803324644E+02   -0.122251535193769385E+02    1
    0.189447994748883593E+04    0.372695084204122296E+01   -0.411906315695651781E+00    0.177288196817564803E+00   -0.131038136213557799E+02   -0.122351535193769383E+02    1
    0.194131502894128084E+04    0.348391275561745895E+01   -0.490402515034924602E+00    0.153989565261718447E+00   -0.131000917386485707E+02   -0.122451535193769416E+02    1
    0.190359213441834845E+04    0.359188599247626783E+01   -0.450333745258327811E+00    0.132350465787242189E+00   -0.130801403554685169E+02   -0.122551535193769450E+02    1
    0.190714776873581513E+04    0.326814068967623106E+01   -0.462578120746400090E+00    0.481324975264140420E+00   -0.130778033544966537E+02   -0.122651535193769465E+02    1
    0.189681432761372866E+04    0.319751948147210951E+01   -0.352811476458458118E+00    0.587041721289867868E+00   -0.130686579839920256E+02   -0.122751535193769445E+02    1
    0.188032914239602633E+04    0.328595424248381729E+01   -0.473289630351310942E+00    0.565067394831995973E+00   -0.130655780720272059E+02   -0.122851535193769408E+02    1
    0.188650680779434447E+04    0.309606823379144336E+01   -0.466035885686024332E+00    0.625174824187791467E+00   -0.130505150100339620E+02   -0.122951535193769388E+02    1
    0.188738977240423742E+04    0.331642883769864039E+01   -0.487730654973325961E+00    0.688722167440096067E+00   -0.130488988134665558E+02   -0.123051535193769421E+02    1
    0.190951553143390629E+04    0.322049656997072642E+01   -0.432156388796316293E+00    0.546727418583396352E+00   -0.130460255269114711E+02   -0.123151535193769419E+02    1
    0.194172104971173553E+04    0.347429515891556084E+01   -0.488248634078008170E+00    0.515930303376053390E+00   -0.130450741553315837E+02   -0.123251535193769381E+02    1
    0.190341290475792584E+04    0.300343933379527117E+01   -0.329163338827022700E+00    0.596132583706497465E+00   -0.130360668605198189E+02   -0.123351535193769379E+02    1
    0.190401085167116094E+04    0.331326725595044902E+01   -0.422290797493332981E+00    0.621540378768980828E+00   -0.130256894205341709E+02   -0.123451535193769395E+02    1
    0.196796967451885348E+04    0.424664183830230346E+01   -0.464839371965202308E+00    0.121017835756594777E+00   -0.130237006077684558E+02   -0.123551535193769428E+02    1
    0.188585741686632286E+04    0.302549951439759113E+01   -0.353912348594273340E+00    0.596422290214854489E+00   -0.130163497021723416E+02   -0.123651535193769408E+02    1
    0.187029586483382059E+04    0.342421496861456243E+01   -0.435592346274008169E+00    0.631079375779696305E+00   -0.130008541953558492E+02   -0.123751535193769424E+02    1
    0.194232859839557364E+04    0.407664323350412872E+01   -0.333036991855993114E+00    0.247828233994391078E+00   -0.129955666772617988E+02   -0.123851535193769422E+02    1
    0.196975564723570028E+04    0.457948464455060211E+01   -0.436248797718417514E+00    0.113817767345332721E+00   -0.129954083328464769E+02   -0.123951535193769384E+02    1
    0.187237372201456333E+04    0.357205907221144514E+01   -0.479962132308952516E+00    0.590830742751358273E+00   -0.129930961678105117E+02   -0.124051535193769382E+02    1
    0.191636676509278550E+04    0.342284569149682749E+01   -0.495029332534507038E+00    0.124243861784835236E+00   -0.129848732648282521E+02   -0.124151535193769398E+02    1
    0.193197609822232721E+04    0.370197707332328196E+01   -0.457052886389023139E+00    0.665466700631929919E+00   -0.129820285664676138E+02   -0.124251535193769431E+02    1
    0.190579098721572541E+04    0.364112201329667151E+01   -0.376278966308550733E+00    0.453538768547007698E+00   -0.129750619442427215E+02   -0.124351535193769447E+02    1
    0.195310484853280741E+04    0.390668061510351183E+01   -0.435599572442727623E+00    0.225381755426798003E+00   -0.129713094310108854E+02   -0.124451535193769427E+02    1
    0.191358403866581421E+04    0.378236218634344201E+01   -0.363365399325003224E+00    0.211645000213922796E+00   -0.129699488139745061E+02   -0.124551535193769389E+02    1
    0.193345680877404584E+04    0.370319534817837681E+01   -0.477735139267091213E+00    0.220416157624915759E+00   -0.129292840562285427E+02   -0.124651535193769369E+02    1
    0.191913855878183381E+04    0.375455695054373306E+01   -0.379129805936499142E+00    0.190414344249883905E+00   -0.129286041356600343E+02   -0.124751535193769385E+02    1
    0.192804313296031137E+04    0.401423451377187668E+01   -0.372651637680260051E+00    0.237181334501795682E+00   -0.129213068158259219E+02   -0.124851535193769383E+02    1
    0.189207876869345409E+04    0.325386847264411916E+01   -0.369602409924714825E+00    0.621289358413815163E+00   -0.129173718557551727E+02   -0.124951535193769399E+02    1
    0.190722872947430642E+04    0.311431725370066692E+01   -0.463852002259702689E+00    0.652609296254405113E+00   -0.129030655463061255E+02   -0.125051535193769414E+02    1
    0.189681080192930949E+04    0.368886134181248870E+01   -0.467200088422997983E+00    0.619809871663975387E+00   -0.128977055296634688E+02   -0.125151535193769394E+02    1
    0.189453914522121818E+04    0.359364824427928076E+01   -0.485668850702736687E+00    0.678852458642785317E+00   -0.128928666616213334E+02   -0.125251535193769392E+02    1
    0.188768819539673018E+04    0.362574960013236103E+01   -0.364531121799553604E+00    0.636562797629248056E+00   -0.128904472044481739E+02   -0.125351535193769408E+02    1
    0.192292705931518822E+04    0.335658753344913308E+01   -0.442820300043333115E+00    0.651211711136491012E+00   -0.128889878729239697E+02   -0.125451535193769388E+02    1
    0.192913137811951287E+04    0.348638066319582718E+01   -0.446018551285441545E+00    0.155754756072223777E+00   -0.128839434716851091E+02   -0.125551535193769404E+02    1
    0.189099255407838018E+04    0.314752070207098411E+01   -0.440024170644983614E+00    0.564106795368813252E+00   -0.128827231771920179E+02   -0.125651535193769437E+02    1
    0.190675706898994008E+04    0.351136854502421336E+01   -0.423303208411539122E+00    0.637894161111786429E+00   -0.128810336691449798E+02   -0.125751535193769470E+02    1
    0.188597914304073629E+04    0.313796604112133437E+01   -0.429680258973837936E+00    0.618472343946284031E+00   -0.128757317252496879E+02   -0.125851535193769468E+02    1
    0.188382591044981677E+04    0.333881414360448892E+01   -0.366001883352292445E+00    0.585562825526701358E+00   -0.128612608458072106E+02   -0.125951535193769413E+02    1
    0.189288783889829642E+04    0.312697460009105788E+01   -0.475658137218569865E+00    0.528536410211905783E+00   -0.128538308283070126E+02   -0.126051535193769357E+02    1
    0.189793926018786283E+04    0.380733047805473213E+01   -0.374169847582429549E+00    0.215699294046783896E+00   -0.128509959015879041E+02   -0.126151535193769408E+02    1
    0.195584341140676224E+04    0.383490086638778704E+01   -0.478466694584314345E+00    0.712679070013902405E+00   -0.128505158217503119E+02   -0.126251535193769389E+02    1
    0.188338345340301362E+04    0.335769737362924570E+01   -0.402462281988408943E+00    0.656526978091692803E+00   -0.128486411462891166E+02   -0.126351535193769404E+02    1
    0.197079891477550609E+04    0.413480077905130372E+01   -0.464393275722820909E+00    0.113878789679591697E+00   -0.128484975233085947E+02   -0.126451535193769455E+02    1
    0.190715065053114358E+04    0.337992724490006591E+01   -0.494712990009886167E+00    0.164101961904591698E+00   -0.128471645392806160E+02   -0.126551535193769382E+02    1
    0.191073017322328042E+04    0.325332437466803093E+01   -0.466734715737729178E+00    0.619777492492116888E+00   -0.128327908272403821E+02   -0.126651535193769345E+02    1
    0.189270607559702285E+04    0.320815199787185446E+01   -0.446067655458962986E+00    0.645827439717478136E+00   -0.128315424149340984E+02   -0.126751535193769378E+02    1
    0.193345649254781256E+04    0.373705344512405047E+01   -0.444389562639947333E+00    0.189640664272268250E+00   -0.128273116650481462E+02   -0.126851535193769429E+02    1
