    0.133933669924736023E+04    0.523547410964965820E+01   -0.264749884605407715E+02   -0.603578198774631892E+05   -0.460515351937698814E+01    1
    0.121498224139213562E+04    0.422156459093093872E+01   -0.994232058525085449E+02   -0.594362148559220077E+05   -0.461515351937698259E+01    1
    0.133663519620895386E+04    0.485909187793731689E+01    0.845279097557067871E+02   -0.520600767433269357E+05   -0.462515351937698149E+01    1
    0.120522010922431946E+04    0.372938889265060425E+01   -0.906430721282958984E+02   -0.488619016192852869E+05   -0.463515351937698661E+01    1
    0.141669558286666870E+04    0.526972341537475586E+01   -0.482399821281433105E+02   -0.365564073186464593E+05   -0.464515351937698728E+01    1
    0.139215193986892700E+04    0.487311625480651855E+01   -0.506506443023681641E+02   -0.349370580596502405E+05   -0.465515351937698174E+01    1
    0.132689008712768555E+04    0.424064564704895020E+01   -0.419460296630859375E+02   -0.315204926753446234E+05   -0.466515351937698153E+01    1
    0.143226907253265381E+04    0.521798843145370483E+01    0.459084272384643555E+02   -0.296752189815378988E+05   -0.467515351937698398E+01    1
    0.120070605278015137E+04    0.310286492109298706E+01    0.228369474411010742E+02   -0.258758417149213928E+05   -0.468515351937698377E+01    1
    0.127163223624229431E+04    0.327723997831344604E+01   -0.375155210494995117E+01   -0.186836984399826979E+05   -0.469515351937698444E+01    1
    0.148206261396408081E+04    0.508593237400054932E+01    0.246058702468872070E+02   -0.174704122713344514E+05   -0.470515351937698423E+01    1
    0.137556679248809814E+04    0.337460309267044067E+01   -0.569880366325378418E+02   -0.124877797561433545E+05   -0.471515351937698135E+01    1
    0.124428961277008057E+04    0.271014088392257690E+01    0.499341011047363281E+02   -0.116200631009393801E+05   -0.472515351937698025E+01    1
    0.142140236496925354E+04    0.412966209650039673E+01    0.417201638221740723E+02   -0.108950401038443142E+05   -0.473515351937698448E+01    1
    0.133591931462287903E+04    0.298472148180007935E+01   -0.268702983856201172E+02   -0.106938404376625986E+05   -0.474515351937698782E+01    1
    0.182340376973152161E+04    0.264867573976516724E+01   -0.872041940689086914E+02   -0.101984660284146848E+05   -0.475515351937698494E+01    1
    0.155219094157218933E+04    0.523608154058456421E+01   -0.592541694641113281E+00   -0.966090872293455686E+04   -0.476515351937698117E+01    1
    0.142273948788642883E+04    0.397950899600982666E+01    0.194074988365173340E+02   -0.921010135188266577E+04   -0.477515351937698451E+01    1
    0.176833803653717041E+04    0.290142101049423218E+01   -0.787647604942321777E+02   -0.896001991413176074E+04   -0.478515351937698341E+01    1
    0.205457090139389038E+04    0.263683164119720459E+01   -0.291835308074951172E+02   -0.889364291603263337E+04   -0.479515351937697876E+01    1
    0.197657902240753174E+04    0.285395663976669312E+01    0.939668416976928711E+02   -0.887768051569189083E+04   -0.480515351937698032E+01    1
    0.135343292951583862E+04    0.295626020431518555E+01    0.284138083457946777E+02   -0.887257821325702935E+04   -0.481515351937698277E+01    1
    0.138750281333923340E+04    0.320236754417419434E+01    0.445521831512451172E+02   -0.866923579174684346E+04   -0.482515351937698345E+01    1
    0.191191551089286804E+04    0.503027689456939697E+01   -0.883610248565673828E+02   -0.851264370355205756E+04   -0.483515351937698323E+01    1
    0.137955769300460815E+04    0.254576885700225830E+01   -0.351873636245727539E+02   -0.850592036241422829E+04   -0.484515351937698480E+01    1
    0.139355067014694214E+04    0.300740814208984375E+01    0.256714463233947754E+02   -0.820229801696801223E+04   -0.485515351937698814E+01    1
    0.201966344118118286E+04    0.394963240623474121E+01   -0.707745432853698730E+02   -0.813444327666547179E+04   -0.486515351937698437E+01    1
    0.159572637081146240E+04    0.543963956832885742E+01   -0.548451542854309082E+02   -0.795448954470129138E+04   -0.487515351937698149E+01    1
    0.139008930921554565E+04    0.254975122213363647E+01   -0.189914345741271973E+02   -0.786354940490400895E+04   -0.488515351937698572E+01    1
    0.197404501438140869E+04    0.477978754043579102E+01   -0.970635533332824707E+02   -0.777395519762099138E+04   -0.489515351937698817E+01    1
    0.207121846675872803E+04    0.358400636911392212E+01   -0.630640983581542969E+02   -0.776733275223593864E+04   -0.490515351937698973E+01    1
    0.200718643069267273E+04    0.322863209247589111E+01   -0.216087102890014648E+01   -0.754112599088289335E+04   -0.491515351937698775E+01    1
    0.157018333077430725E+04    0.513261872529983521E+01    0.891151785850524902E+02   -0.751557779291412589E+04   -0.492515351937698220E+01    1
    0.173361783027648926E+04    0.280177533626556396E+01    0.821139454841613770E+02   -0.730312038521779141E+04   -0.493515351937698199E+01    1
    0.213001154661178589E+04    0.304997265338897705E+01   -0.848214626312255859E+02   -0.730029866832018979E+04   -0.494515351937698799E+01    1
    0.190990435481071472E+04    0.327782148122787476E+01    0.579435348510742188E+02   -0.700588076106143490E+04   -0.495515351937699045E+01    1
    0.209439134597778320E+04    0.498996597528457642E+01    0.365225911140441895E+02   -0.681189084998196267E+04   -0.496515351937698846E+01    1
    0.159061468243598938E+04    0.517598646879196167E+01   -0.292695999145507812E+02   -0.641696135921084078E+04   -0.497515351937698824E+01    1
    0.173692963123321533E+04    0.522983217239379883E+01   -0.622607707977294922E+02   -0.639118866247120604E+04   -0.498515351937698359E+01    1
    0.199525669217109680E+04    0.383780181407928467E+01   -0.187224507331848145E+02   -0.638638342234606625E+04   -0.499515351937698426E+01    1
    0.177247434258460999E+04    0.525512343645095825E+01   -0.295789837837219238E+02   -0.635508843242162129E+04   -0.500515351937698583E+01    1
    0.214415073990821838E+04    0.488949292898178101E+01    0.746610879898071289E+02   -0.625410771047663548E+04   -0.501515351937698384E+01    1
    0.205145364999771118E+04    0.428017801046371460E+01    0.864971041679382324E+02   -0.624502136648113810E+04   -0.502515351937698451E+01    1
    0.214287866950035095E+04    0.496315228939056396E+01    0.585677146911621094E+02   -0.614322504622346059E+04   -0.503515351937698608E+01    1
    0.186063477993011475E+04    0.480028480291366577E+01   -0.495474219322204590E+02   -0.604454220766865546E+04   -0.504515351937698409E+01    1
    0.233134500980377197E+04    0.526186329126358032E+01    0.860879659652709961E+02   -0.600291819282224151E+04   -0.505515351937698298E+01    1
    0.186920742392539978E+04    0.390177196264266968E+01   -0.511687517166137695E+02   -0.593765344856301363E+04   -0.506515351937698455E+01    1
    0.206905177235603333E+04    0.436584079265594482E+01   -0.125390410423278809E+02   -0.589054612812900268E+04   -0.507515351937697989E+01    1
    0.216700859069824219E+04    0.262183040380477905E+01    0.136680603027343750E+01   -0.578395379977123685E+04   -0.508515351937698501E+01    1
    0.224113399982452393E+04    0.445200264453887939E+01   -0.335809111595153809E+02   -0.575744973529751769E+04   -0.509515351937699013E+01    1
    0.180484120845794678E+04    0.393109029531478882E+01   -0.386133432388305664E+02   -0.567882798890068625E+04   -0.510515351937699080E+01    1
    0.179444131851196289E+04    0.491080003976821899E+01   -0.688656091690063477E+02   -0.562280465597325110E+04   -0.511515351937698348E+01    1
    0.201602029800415039E+04    0.489300358295440674E+01    0.423300862312316895E+02   -0.562270390177994705E+04   -0.512515351937698238E+01    1
    0.200766561031341553E+04    0.412190389633178711E+01    0.342918515205383301E+02   -0.553318030845483554E+04   -0.513515351937698394E+01    1
    0.218716037869453430E+04    0.269575566053390503E+01   -0.197200298309326172E+02   -0.546887466207307534E+04   -0.514515351937697751E+01    1
    0.225840047597885132E+04    0.374234664440155029E+01   -0.963603377342224121E+02   -0.537863807059262399E+04   -0.515515351937698085E+01    1
    0.205926248431205750E+04    0.388005429506301880E+01    0.508466720581054688E+02   -0.527566873333470903E+04   -0.516515351937698330E+01    1
    0.184257186651229858E+04    0.491634470224380493E+01   -0.102475285530090332E+02   -0.520055527264655211E+04   -0.517515351937698220E+01    1
    0.217354160547256470E+04    0.446978604793548584E+01   -0.141985416412353516E+01   -0.512323493217367104E+04   -0.518515351937698643E+01    1
    0.221902992725372314E+04    0.508175420761108398E+01    0.504650473594665527E+02   -0.511064602484053921E+04   -0.519515351937698533E+01    1
    0.208450822830200195E+04    0.423225569725036621E+01    0.156436443328857422E+02   -0.504335432107071938E+04   -0.520515351937697623E+01    1
    0.228087763786315918E+04    0.494631159305572510E+01   -0.193303823471069336E+01   -0.501576026101648586E+04   -0.521515351937698224E+01    1
    0.216702156066894531E+04    0.269492989778518677E+01    0.390701174736022949E+02   -0.492418207476878615E+04   -0.522515351937697670E+01    1
    0.226469891667366028E+04    0.393008804321289062E+01   -0.562879204750061035E+02   -0.486981381219693139E+04   -0.523515351937698092E+01    1
    0.160950433015823364E+04    0.509357434511184692E+01   -0.178996443748474121E+02   -0.484011557650157920E+04   -0.524515351937698071E+01    1
    0.173994535207748413E+04    0.430757874250411987E+01   -0.992604851722717285E+02   -0.475461834411532800E+04   -0.525515351937698583E+01    1
    0.167563902139663696E+04    0.520470130443572998E+01    0.210425496101379395E+02   -0.455622746505314899E+04   -0.526515351937698739E+01    1
    0.213959807753562927E+04    0.317533445358276367E+01    0.482055306434631348E+02   -0.453863076714128238E+04   -0.527515351937698007E+01    1
    0.218099528551101685E+04    0.344255650043487549E+01    0.794124603271484375E+00   -0.452099649984549069E+04   -0.528515351937697542E+01    1
    0.241971225738525391E+04    0.524134117364883423E+01    0.719338655471801758E+01   -0.439464307511201423E+04   -0.529515351937697609E+01    1
    0.215698533654212952E+04    0.305356198549270630E+01    0.179136157035827637E+02   -0.436726706453684983E+04   -0.530515351937697677E+01    1
    0.229744515419006348E+04    0.285206317901611328E+01   -0.561019182205200195E+02   -0.436394555856271472E+04   -0.531515351937698188E+01    1
    0.226596318483352661E+04    0.311447459459304810E+01   -0.406754970550537109E+02   -0.429371345674116947E+04   -0.532515351937698078E+01    1
    0.230759658813476562E+04    0.492458516359329224E+01    0.386388659477233887E+02   -0.426261789522810250E+04   -0.533515351937697613E+01    1
    0.283390401601791382E+04    0.255840241909027100E+01   -0.949320912361145020E+02   -0.425554479426786929E+04   -0.534515351937697680E+01    1
    0.224033097624778748E+04    0.463041514158248901E+01    0.111274957656860352E+02   -0.416107923692302666E+04   -0.535515351937698103E+01    1
    0.288622244596481323E+04    0.498465985059738159E+01   -0.617974996566772461E+02   -0.414499501081398375E+04   -0.536515351937698171E+01    1
    0.149704049825668335E+04    0.345448982715606689E+01   -0.630322098731994629E+02   -0.412121190317252967E+04   -0.537515351937698238E+01    1
    0.164757393002510071E+04    0.302496105432510376E+01    0.827722787857055664E+02   -0.402684682997700747E+04   -0.538515351937698128E+01    1
    0.238917071223258972E+04    0.490390193462371826E+01   -0.136637687683105469E+01   -0.399952410061238243E+04   -0.539515351937698018E+01    1
    0.253220182657241821E+04    0.536478734016418457E+01    0.823887825012207031E+02   -0.397093413821940339E+04   -0.540515351937698263E+01    1
    0.222300552725791931E+04    0.426560145616531372E+01    0.562577843666076660E+02   -0.392886237703322377E+04   -0.541515351937698153E+01    1
    0.148044906854629517E+04    0.418807578086853027E+01    0.810236811637878418E+02   -0.389578386134659013E+04   -0.542515351937697865E+01    1
    0.272308645844459534E+04    0.525038826465606689E+01   -0.943907141685485840E+02   -0.389160302114544902E+04   -0.543515351937697933E+01    1
    0.240025375485420227E+04    0.286296868324279785E+01   -0.733120799064636230E+02   -0.388605116442729332E+04   -0.544515351937698178E+01    1
    0.231857698559761047E+04    0.480375808477401733E+01    0.387069821357727051E+02   -0.386740537017278984E+04   -0.545515351937698245E+01    1
    0.166220172643661499E+04    0.325883734226226807E+01   -0.130855441093444824E+02   -0.379249679758404091E+04   -0.546515351937698401E+01    1
    0.223507601022720337E+04    0.439865833520889282E+01    0.204776763916015625E+02   -0.374730418449399076E+04   -0.547515351937698025E+01    1
    0.149648582935333252E+04    0.437784886360168457E+01    0.162403225898742676E+02   -0.374282823172738472E+04   -0.548515351937698004E+01    1
    0.223109686374664307E+04    0.363585561513900757E+01   -0.143361210823059082E+02   -0.366599872704715563E+04   -0.549515351937697805E+01    1
    0.181893399357795715E+04    0.450861656665802002E+01    0.602224469184875488E+02   -0.365537707496306211E+04   -0.550515351937697694E+01    1
    0.279498863220214844E+04    0.461279821395874023E+01   -0.993780612945556641E+02   -0.364363331470085723E+04   -0.551515351937698295E+01    1
    0.179288390874862671E+04    0.410436099767684937E+01    0.416601419448852539E+02   -0.361869130009408718E+04   -0.552515351937698185E+01    1
    0.227953575253486633E+04    0.451058083772659302E+01    0.263923168182373047E+02   -0.361432264057493967E+04   -0.553515351937698163E+01    1
    0.274736198782920837E+04    0.505661082267761230E+01   -0.677549600601196289E+02   -0.360305307470170692E+04   -0.554515351937698142E+01    1
    0.168899616599082947E+04    0.469338697195053101E+01   -0.279795646667480469E+02   -0.354999799080303274E+04   -0.555515351937698032E+01    1
    0.150583119988441467E+04    0.331964784860610962E+01   -0.895231127738952637E+02   -0.346406972859227290E+04   -0.556515351937698544E+01    1
    0.224403430819511414E+04    0.324602836370468140E+01    0.645967245101928711E+02   -0.346194607986141182E+04   -0.557515351937698611E+01    1
    0.161238548755645752E+04    0.288710767030715942E+01    0.960693597793579102E+02   -0.334980495330842223E+04   -0.558515351937698146E+01    1
    0.273946363199194275E+04    0.486163144893408194E+01   -0.648169034932449506E+02   -0.334463655580531940E+04   -0.559515351937697680E+01    1
    0.270176929831504822E+04    0.483685082197189331E+01   -0.938544511795043945E+02   -0.332613158143953387E+04   -0.560515351937697748E+01    1
    0.288604431152343750E+04    0.489379769563674927E+01    0.392997264862060547E+00   -0.332402920685577010E+04   -0.561515351937697904E+01    1
    0.231552468538284302E+04    0.450045353174209595E+01    0.840235948562622070E+01   -0.328576986639457755E+04   -0.562515351937698060E+01    1
    0.168593160510063171E+04    0.343262481689453125E+01    0.250364661216735840E+02   -0.328245231762914500E+04   -0.563515351937698039E+01    1
    0.223398957252502441E+04    0.290266001224517822E+01    0.169528841972351074E+02   -0.325562521920501695E+04   -0.564515351937698284E+01    1
    0.240886116311062142E+04    0.471660074935210361E+01    0.742310246424984257E+02   -0.325130406043155472E+04   -0.565515351937698085E+01    1
    0.289888833165168762E+04    0.322089821100234985E+01   -0.670990705490112305E+02   -0.324347865131382059E+04   -0.566515351937697975E+01    1
    0.222076678872108459E+04    0.313845765590667725E+01    0.485720515251159668E+02   -0.323415627880849570E+04   -0.567515351937697954E+01    1
    0.168883515596389771E+04    0.474535495042800903E+01    0.689032435417175293E+02   -0.321836940153493833E+04   -0.568515351937697666E+01    1
    0.143426097631454468E+04    0.267506402730941772E+01   -0.440495252609252930E+02   -0.316698955904015838E+04   -0.569515351937697734E+01    1
    0.271306310296058655E+04    0.470399510860443115E+01   -0.829787850379943848E+02   -0.316042374533558905E+04   -0.570515351937697890E+01    1
    0.242961108088493347E+04    0.277152466773986816E+01   -0.467361211776733398E+02   -0.314607725967209899E+04   -0.571515351937697780E+01    1
    0.286394611597061157E+04    0.408303046226501465E+01   -0.329679608345031738E+02   -0.313880864712826678E+04   -0.572515351937697403E+01    1
    0.227208815217018127E+04    0.363995099067687988E+01    0.654001712799072266E+02   -0.313327719828567569E+04   -0.573515351937697382E+01    1
    0.150374718904495239E+04    0.327450090646743774E+01    0.839000940322875977E+02   -0.312387815194234281E+04   -0.574515351937697805E+01    1
    0.242601637244224548E+04    0.365561795234680176E+01   -0.733816027641296387E+02   -0.309342896886685685E+04   -0.575515351937698227E+01    1
    0.262320698806548990E+04    0.539119940484160054E+01    0.610787989825241482E+02   -0.307353727365306349E+04   -0.576515351937698384E+01    1
    0.237063915729522705E+04    0.274015998840332031E+01   -0.225519895553588867E+02   -0.304200774764387370E+04   -0.577515351937697918E+01    1
    0.258813938498497009E+04    0.250476932525634766E+01    0.174665451049804688E+00   -0.301486185782258599E+04   -0.578515351937698075E+01    1
    0.253808917999267578E+04    0.516856533288955688E+01    0.154764652252197266E+01   -0.300961575736908799E+04   -0.579515351937698409E+01    1
    0.271266316175460815E+04    0.257098734378814697E+01    0.850455284118652344E+02   -0.299697505012448937E+04   -0.580515351937698565E+01    1
    0.245380275141192988E+04    0.442879040086228315E+01   -0.406088778948949809E+02   -0.297463703839698474E+04   -0.581515351937698366E+01    1
    0.281192964834467602E+04    0.522284846201095387E+01    0.117724426057742591E+02   -0.292396445149823103E+04   -0.582515351937698256E+01    1
    0.264163088798522949E+04    0.458737158775329590E+01   -0.782360553741455078E+02   -0.291347131415047534E+04   -0.583515351937698412E+01    1
    0.176348868608474731E+04    0.439558666944503784E+01    0.330658555030822754E+02   -0.289013907463993291E+04   -0.584515351937698391E+01    1
    0.286157078742980957E+04    0.370237278938293457E+01   -0.395865797996520996E+02   -0.286570407852660719E+04   -0.585515351937697837E+01    1
    0.260250021423314229E+04    0.486583216893470372E+01   -0.522211265290628361E+02   -0.284957238069010600E+04   -0.586515351937697371E+01    1
    0.266591877937316895E+04    0.265313518047332764E+01   -0.256520628929138184E+02   -0.284626412039667412E+04   -0.587515351937697705E+01    1
    0.277279610037803650E+04    0.535255110263824463E+01    0.296171307563781738E+02   -0.284558561742069423E+04   -0.588515351937697684E+01    1
    0.278857769210120296E+04    0.498982311978045701E+01   -0.266005931512107452E+01   -0.283621161694891089E+04   -0.589515351937697751E+01    1
    0.234754997491836548E+04    0.283922702074050903E+01    0.871396064758300781E+00   -0.281687964809051573E+04   -0.590515351937697286E+01    1
    0.253452638983726501E+04    0.470202028751373291E+01   -0.415218472480773926E+02   -0.281219723377737864E+04   -0.591515351937697531E+01    1
    0.277840716669008270E+04    0.421069893112385962E+01    0.961123456515589112E+02   -0.279440280204530927E+04   -0.592515351937697687E+01    1
    0.285031974315643311E+04    0.408204448223114014E+01   -0.238808870315551758E+02   -0.277463401820089757E+04   -0.593515351937697400E+01    1
    0.282354546785354614E+04    0.413531118631362915E+01   -0.270223855972290039E+02   -0.277363818578847213E+04   -0.594515351937698000E+01    1
    0.283724226355552673E+04    0.378385132551193237E+01    0.941076636314392090E+02   -0.277029780080371302E+04   -0.595515351937698156E+01    1
    0.273348011795726597E+04    0.337086227018095208E+01   -0.856468211160993036E+02   -0.275769114739156612E+04   -0.596515351937697336E+01    1
    0.277825391723568919E+04    0.280647948131798231E+01   -0.301192713472883611E+02   -0.272735346884679075E+04   -0.597515351937696959E+01    1
    0.280643212464405178E+04    0.374835036317459469E+01   -0.405864529106777496E+02   -0.272724175000328205E+04   -0.598515351937697559E+01    1
    0.258474448565460079E+04    0.360710249655343729E+01   -0.971064109703386293E+02   -0.272023698761657806E+04   -0.599515351937697627E+01    1
    0.277015127167670335E+04    0.433118740047789608E+01    0.918510014465817903E+02   -0.271922013178590623E+04   -0.600515351937697517E+01    1
    0.174853693927156291E+04    0.451484684095268030E+01    0.439742999486907422E+02   -0.268472268665979482E+04   -0.601515351937697851E+01    1
    0.235934765444844470E+04    0.308209550117111641E+01   -0.218552706048774041E+02   -0.265744073307785129E+04   -0.602515351937697829E+01    1
    0.251703618168830872E+04    0.256636089086532593E+01    0.778926491737365723E+02   -0.265411612584689283E+04   -0.603515351937697453E+01    1
    0.280900699266524953E+04    0.471375696060936811E+01    0.360556743049116335E+01   -0.265257946831187155E+04   -0.604515351937697520E+01    1
    0.274199201464653015E+04    0.523951816558837891E+01    0.544570088386535645E+02   -0.263512010479181663E+04   -0.605515351937697410E+01    1
    0.268504340648651123E+04    0.467695844173431396E+01    0.953306913375854492E+02   -0.259113099878150297E+04   -0.606515351937697478E+01    1
    0.275106961216565742E+04    0.463192793169372052E+01    0.777479150409373290E+02   -0.257158667388357526E+04   -0.607515351937697723E+01    1
    0.151959862112998962E+04    0.335871046781539917E+01    0.707602500915527344E+00   -0.256050606185193556E+04   -0.608515351937697790E+01    1
    0.261947250366210938E+04    0.469967567920684814E+01   -0.473123550415039062E+02   -0.254548078063705543E+04   -0.609515351937697769E+01    1
    0.286283617019653320E+04    0.429392486810684204E+01    0.950201749801635742E+01   -0.254391626343088092E+04   -0.610515351937697481E+01    1
    0.227575976848602295E+04    0.315690535306930542E+01    0.457091808319091797E+02   -0.253285667720796573E+04   -0.611515351937697282E+01    1
    0.240748218297958374E+04    0.357854413986206055E+01   -0.457457423210144043E+02   -0.252331978297673641E+04   -0.612515351937697528E+01    1
    0.287477243241797305E+04    0.281613776420492412E+01    0.844731464994327723E+02   -0.251766689786842471E+04   -0.613515351937697417E+01    1
    0.249198773135883494E+04    0.285620001357295461E+01   -0.295446871690510591E+02   -0.249999650769384607E+04   -0.614515351937697485E+01    1
    0.259038370532866702E+04    0.355037494645168117E+01   -0.635769791971130473E+02   -0.248378265936144726E+04   -0.615515351937697819E+01    1
    0.277470491528511047E+04    0.421636396646499634E+01    0.774127364158630371E+02   -0.245647678124520598E+04   -0.616515351937697620E+01    1
    0.282512719631195068E+04    0.276714766025543213E+01    0.834296226501464844E+02   -0.245486493950262548E+04   -0.617515351937697776E+01    1
    0.237118055224418640E+04    0.388734364509582520E+01   -0.193956732749938965E+02   -0.244033573647488265E+04   -0.618515351937698288E+01    1
    0.288754447102546692E+04    0.400550478696823120E+01    0.308673977851867676E+02   -0.243845468166777164E+04   -0.619515351937698000E+01    1
    0.282888154485857558E+04    0.442332231271759646E+01    0.317064682872068886E+02   -0.243511238605324297E+04   -0.620515351937697535E+01    1
    0.157594432830810547E+04    0.407632547616958618E+01   -0.639889597892761230E+02   -0.241453917280355745E+04   -0.621515351937697247E+01    1
    0.288818709254264832E+04    0.406812846660614014E+01    0.243200063705444336E+02   -0.241376522951354582E+04   -0.622515351937697314E+01    1
    0.228813241124153137E+04    0.353054064512252808E+01    0.334162592887878418E+02   -0.240976697623352175E+04   -0.623515351937697559E+01    1
    0.235241047178549888E+04    0.382423660028721013E+01   -0.108541772970490342E+02   -0.240601566586200624E+04   -0.624515351937698071E+01    1
    0.256787451505661011E+04    0.399027484655380249E+01   -0.590327143669128418E+02   -0.239854266513949324E+04   -0.625515351937697694E+01    1
    0.251817064881324768E+04    0.355456304550170898E+01   -0.593558192253112793E+02   -0.238939971665000439E+04   -0.626515351937697407E+01    1
    0.287668656299556460E+04    0.398244878450012774E+01    0.399071224432217377E+02   -0.237746070157859049E+04   -0.627515351937697385E+01    1
    0.262944408059120178E+04    0.480162465572357178E+01    0.893962383270263672E+02   -0.237640910639789763E+04   -0.628515351937697986E+01    1
    0.250621091723442078E+04    0.300175154209136963E+01   -0.516493082046508789E+02   -0.237200334495502375E+04   -0.629515351937697432E+01    1
    0.228208769559860229E+04    0.329253053665161133E+01    0.461758971214294434E+02   -0.237124672223378911E+04   -0.630515351937697766E+01    1
    0.168598871499124357E+04    0.422859737685194759E+01    0.153086724600339608E+01   -0.232647915205156687E+04   -0.631515351937697567E+01    1
    0.166159262689549314E+04    0.440270878800518517E+01   -0.999695164106155687E+01   -0.231198172461425429E+04   -0.632515351937697190E+01    1
    0.249753512144088745E+04    0.279592776298522949E+01   -0.242500185966491699E+02   -0.230414238009085238E+04   -0.633515351937697790E+01    1
    0.276063580716944489E+04    0.446009762549973843E+01   -0.305749372368848071E+01   -0.230129850925150276E+04   -0.634515351937697858E+01    1
    0.268544861674308777E+04    0.390333497524261475E+01   -0.412362217903137207E+02   -0.228413616651026950E+04   -0.635515351937697659E+01    1
    0.286954590082168579E+04    0.258077168464660645E+01    0.317673325538635254E+02   -0.227114358081569480E+04   -0.636515351937697371E+01    1
    0.252061063863779600E+04    0.314970126009126661E+01   -0.511048381194382131E+02   -0.226437690890930298E+04   -0.637515351937697350E+01    1
    0.243548728823661804E+04    0.443819338083267212E+01   -0.687638521194458008E+01   -0.225842412637778762E+04   -0.638515351937697861E+01    1
    0.148176859702643424E+04    0.371526092140385789E+01    0.623668559452514160E+02   -0.224287583024521336E+04   -0.639515351937698195E+01    1
    0.265753239165038485E+04    0.478856182327563040E+01    0.773837776670086726E+02   -0.222051685236414096E+04   -0.640515351937697730E+01    1
    0.253412296502224945E+04    0.462978540552301343E+01    0.855645188347917838E+02   -0.221730136742890954E+04   -0.641515351937697620E+01    1
    0.158425058126449585E+04    0.277797180414199829E+01    0.322147011756896973E+02   -0.221556373306029582E+04   -0.642515351937697776E+01    1
    0.257373974104851277E+04    0.355091146678354885E+01   -0.552514179911166181E+02   -0.220175011962709777E+04   -0.643515351937697222E+01    1
    0.248564757181160348E+04    0.271870183942693133E+01   -0.142738194178772915E+02   -0.218383764126334700E+04   -0.644515351937697556E+01    1
    0.253345413804054260E+04    0.390549790859222412E+01   -0.406787514686584473E+02   -0.218328522229753980E+04   -0.645515351937697535E+01    1
    0.256885728022479907E+04    0.450631264070629012E+01   -0.278858274599913756E+02   -0.218205687683011774E+04   -0.646515351937697513E+01    1
    0.274853603796220523E+04    0.483853497387908504E+01    0.451973539492703935E+02   -0.216079381583650638E+04   -0.647515351937697048E+01    1
    0.288281185030937195E+04    0.343387079238891602E+01    0.210165977478027344E+00   -0.215965417898342957E+04   -0.648515351937697559E+01    1
    0.261330733635827937E+04    0.476566536495011484E+01    0.749125150440935954E+02   -0.214979535363080186E+04   -0.649515351937697538E+01    1
    0.278482123790770129E+04    0.352254841770225058E+01    0.684792787595190759E+02   -0.214586309833386395E+04   -0.650515351937697694E+01    1
    0.274268842656951119E+04    0.452722992543340830E+01    0.564525371388796771E+02   -0.213609752452433167E+04   -0.651515351937697318E+01    1
    0.146493908064700599E+04    0.347687449844678431E+01   -0.129891988514485490E+01   -0.211940968901328142E+04   -0.652515351937697652E+01    1
    0.260093035899453389E+04    0.428717313010987233E+01   -0.292632492560626076E+02   -0.208385276262006846E+04   -0.653515351937697631E+01    1
    0.154361163369380529E+04    0.265606609717097797E+01   -0.422021323540438686E+01   -0.207502664020388966E+04   -0.654515351937697609E+01    1
    0.147512692213058472E+04    0.318403446674346924E+01   -0.561572313308715820E+02   -0.205458425830504711E+04   -0.655515351937696966E+01    1
    0.274230238199234009E+04    0.273718613386154175E+01    0.401000976562500000E+01   -0.205230412913170039E+04   -0.656515351937697567E+01    1
    0.257595823257641905E+04    0.433971237521296516E+01   -0.276223355413906120E+02   -0.204458230208346095E+04   -0.657515351937698256E+01    1
    0.270761206746101379E+04    0.410249096155166626E+01    0.762059807777404785E+02   -0.203903364537936159E+04   -0.658515351937698501E+01    1
    0.270906425813989517E+04    0.442480782235162451E+01   -0.386940649896372690E+01   -0.203708419135696704E+04   -0.659515351937696881E+01    1
    0.275286181122812650E+04    0.346260540131785932E+01    0.729150130381112831E+02   -0.203478432835229114E+04   -0.660515351937696948E+01    1
    0.287774188954285273E+04    0.364898195476166798E+01    0.399797730854172642E+02   -0.202866853631574941E+04   -0.661515351937697371E+01    1
    0.278662478437849859E+04    0.307454018764139381E+01    0.691414502975681842E+02   -0.199895531009317574E+04   -0.662515351937697705E+01    1
    0.264605670527426855E+04    0.267750260987587918E+01    0.568263578441657273E+02   -0.198529382841207939E+04   -0.663515351937697861E+01    1
    0.278549056977877399E+04    0.392964415350839014E+01    0.544124522939993653E+02   -0.197865949188417653E+04   -0.664515351937698107E+01    1
    0.269655962586402893E+04    0.397312426567077637E+01    0.831184029579162598E+02   -0.196279170275214028E+04   -0.665515351937697286E+01    1
    0.273498002290725708E+04    0.456563568115234375E+01    0.441690683364868164E+02   -0.196188289786560199E+04   -0.666515351937697353E+01    1
    0.243599453568458557E+04    0.414913386106491089E+01   -0.112866401672363281E+02   -0.194966625341580402E+04   -0.667515351937697510E+01    1
    0.283658854451749085E+04    0.368949499924907354E+01    0.469396844173269301E+02   -0.194077999684399128E+04   -0.668515351937697488E+01    1
    0.270785525441169739E+04    0.469115215539932251E+01    0.537909746170043945E+02   -0.193459686631859313E+04   -0.669515351937697734E+01    1
    0.280853039622306824E+04    0.372424745559692383E+01    0.807857513427734375E+01   -0.192984630931524680E+04   -0.670515351937697446E+01    1
    0.152184827591869748E+04    0.303209567488329323E+01   -0.246684503783020261E+02   -0.192486397792913795E+04   -0.671515351937697247E+01    1
    0.248211815882137989E+04    0.406570288317682493E+01    0.852789478515646522E+02   -0.191341547847855782E+04   -0.672515351937697314E+01    1
    0.233435353636741638E+04    0.333003175258636475E+01    0.422575473785400391E+02   -0.190765799059715846E+04   -0.673515351937697382E+01    1
    0.149121332076681392E+04    0.398678846106638041E+01    0.242962010319032657E+02   -0.188890237694670941E+04   -0.674515351937697183E+01    1
    0.268098231066142671E+04    0.266397435533559968E+01    0.441788323933551794E+02   -0.188390272429263814E+04   -0.675515351937697428E+01    1
    0.270804402015796813E+04    0.409548209845221756E+01   -0.160275924382581820E+02   -0.188268757390384508E+04   -0.676515351937697584E+01    1
    0.273156024738336237E+04    0.354095816285212051E+01    0.655340060648408951E+02   -0.186619133927198368E+04   -0.677515351937697829E+01    1
    0.269944017529487610E+04    0.365349328517913818E+01    0.763501405715942383E+02   -0.186556290223621727E+04   -0.678515351937697098E+01    1
    0.265928149819374084E+04    0.427938836812973022E+01    0.677202343940734863E+02   -0.186298168011011740E+04   -0.679515351937697432E+01    1
    0.270481651231882643E+04    0.301939625780769116E+01    0.837376591218629471E+02   -0.185949526594809095E+04   -0.680515351937697410E+01    1
    0.264429154746755012E+04    0.467802219483047566E+01   -0.893562348316972077E+01   -0.185100333036380221E+04   -0.681515351937697567E+01    1
    0.250806583691479227E+04    0.286297159901772513E+01    0.660136039408055240E+02   -0.184241979275803851E+04   -0.682515351937697723E+01    1
    0.269042574167251587E+04    0.481983345746994019E+01    0.504947423934936523E+02   -0.183969681914638454E+04   -0.683515351937697613E+01    1
    0.150232372482091432E+04    0.404642667892588825E+01    0.375260192757585287E+02   -0.181783383132033896E+04   -0.684515351937697059E+01    1
    0.267729187886619729E+04    0.377656855708606143E+01    0.707278253454586263E+02   -0.181659037547045705E+04   -0.685515351937697126E+01    1
    0.147297035874712651E+04    0.338485435610188423E+01    0.237480082688352923E+01   -0.181506017098324401E+04   -0.686515351937697371E+01    1
    0.233984457317433089E+04    0.370261808543658066E+01    0.185748814506842450E+02   -0.180392729186996030E+04   -0.687515351937697083E+01    1
    0.260262813414675293E+04    0.292922401752438599E+01    0.820351009507751314E+02   -0.180349145160319767E+04   -0.688515351937697062E+01    1
    0.154678122453067499E+04    0.342606009700121028E+01    0.121634431218119659E+02   -0.179669763691292428E+04   -0.689515351937697307E+01    1
    0.265947867041198515E+04    0.447477365227859281E+01   -0.100705116416595928E+02   -0.179598712059305763E+04   -0.690515351937697019E+01    1
    0.243548642336914691E+04    0.359524334830571046E+01    0.839725914624097811E+02   -0.179232236256366104E+04   -0.691515351937697176E+01    1
    0.265376533673604808E+04    0.397769107328620652E+01    0.719396049049697126E+02   -0.179033154151951658E+04   -0.692515351937697421E+01    1
    0.273845710320387207E+04    0.413786179753221006E+01    0.774693663436578106E+01   -0.178478110244606205E+04   -0.693515351937697400E+01    1
    0.286474205106185900E+04    0.343451467027225021E+01    0.447442668113345974E+02   -0.178295349221027482E+04   -0.694515351937697556E+01    1
    0.246751798978776969E+04    0.326320332869914242E+01    0.856256324712419143E+02   -0.177499815421555536E+04   -0.695515351937697623E+01    1
    0.263146168202312310E+04    0.300222958659527794E+01    0.846552710191652977E+02   -0.176837502069864149E+04   -0.696515351937697869E+01    1
    0.235637852667988227E+04    0.335219610427886927E+01    0.520792336385772217E+02   -0.175788059243738144E+04   -0.697515351937697670E+01    1
    0.151253170967102051E+04    0.284178423881530762E+01   -0.416034817695617676E+02   -0.173952226381562559E+04   -0.698515351937697471E+01    1
    0.262194872562964838E+04    0.333873847877611585E+01    0.873034374109332987E+02   -0.172914171799300652E+04   -0.699515351937697627E+01    1
    0.266750901209756739E+04    0.344352511966749297E+01    0.778773787572508809E+02   -0.172321209810139976E+04   -0.700515351937697339E+01    1
    0.253972656414674975E+04    0.322864992141187246E+01    0.877653500081495110E+02   -0.172048736400711869E+04   -0.701515351937697229E+01    1
    0.239112685208344283E+04    0.391387020070244906E+01    0.899061482544531998E+01   -0.171846444573346685E+04   -0.702515351937697385E+01    1
    0.265533214211463928E+04    0.395430213212966919E+01   -0.197901487350463867E+02   -0.171462940864690222E+04   -0.703515351937696920E+01    1
    0.284504376535117626E+04    0.287954673953005491E+01    0.509272155412442373E+02   -0.171396185404457083E+04   -0.704515351937696899E+01    1
    0.271031693681106253E+04    0.316453819463433161E+01    0.662789760596763529E+02   -0.171108753718664275E+04   -0.705515351937697233E+01    1
    0.254366879349236297E+04    0.266969177184426387E+01    0.457704284456234802E+02   -0.171093326990467949E+04   -0.706515351937697300E+01    1
    0.257899089036111127E+04    0.420887263685242630E+01    0.800630600603159905E+02   -0.170906611483460301E+04   -0.707515351937697190E+01    1
    0.266157631124634554E+04    0.479300275961830380E+01    0.961600240364907677E+01   -0.170778346772603686E+04   -0.708515351937697524E+01    1
    0.257117840912122483E+04    0.418994865083267420E+01   -0.211534828741142888E+02   -0.169783686881954645E+04   -0.709515351937697947E+01    1
    0.256501355077042854E+04    0.474486314470639137E+01    0.345157865971061995E+02   -0.169655979558186209E+04   -0.710515351937697481E+01    1
    0.270324593224158889E+04    0.346817036237127541E+01    0.229819305775293969E-01   -0.168550064182252754E+04   -0.711515351937697194E+01    1
    0.254075603072714057E+04    0.351517889060014488E+01    0.883424990233040432E+02   -0.168094802624090471E+04   -0.712515351937697261E+01    1
    0.258308014823268786E+04    0.456048360312770651E+01    0.227271371930002886E+01   -0.167471268914123993E+04   -0.713515351937696796E+01    1
    0.247431045205732335E+04    0.381557069510202584E+01   -0.181195756832340180E+02   -0.167066968414396797E+04   -0.714515351937696508E+01    1
    0.247454160689054788E+04    0.403697752779316410E+01   -0.664394274571360199E+01   -0.166194918605243629E+04   -0.715515351937696753E+01    1
    0.279283801939285786E+04    0.301236366435824809E+01    0.580263841735372239E+02   -0.166086087808524985E+04   -0.716515351937696821E+01    1
    0.243295003771781921E+04    0.279980784654617310E+01    0.260589480400085449E+02   -0.165997336531871679E+04   -0.717515351937696444E+01    1
    0.277318418622016907E+04    0.279227244853973389E+01    0.498130321502685547E+02   -0.165903870300151448E+04   -0.718515351937696511E+01    1
    0.256422972846314542E+04    0.304788252726092956E+01    0.763046965863199773E+02   -0.164580094153396203E+04   -0.719515351937696845E+01    1
    0.254739773003802202E+04    0.433925300532940028E+01    0.634938144674707416E+02   -0.164546116938027581E+04   -0.720515351937697446E+01    1
    0.262039037186182759E+04    0.333231498208751109E+01    0.722233318757692473E+02   -0.163436500980610845E+04   -0.721515351937697869E+01    1
    0.280087710022926331E+04    0.284732908010482788E+01    0.501056432723999023E+02   -0.163098770077403015E+04   -0.722515351937697670E+01    1
    0.259971904505334032E+04    0.358510666460426730E+01   -0.222695471438057524E+02   -0.162997183505091152E+04   -0.723515351937696849E+01    1
    0.152221174175246779E+04    0.376866133847202267E+01    0.646241596514025503E+02   -0.162808091051915699E+04   -0.724515351937696384E+01    1
    0.262000916232062173E+04    0.342277885369811585E+01    0.707226686839022420E+02   -0.162102385792772634E+04   -0.725515351937697073E+01    1
    0.268856660435720414E+04    0.357780290548454882E+01   -0.738315614700336198E+01   -0.160478761576575562E+04   -0.726515351937697051E+01    1
    0.255506719928316306E+04    0.388609255647736340E+01    0.703630668606291749E+02   -0.160306923868535205E+04   -0.727515351937696853E+01    1
    0.249367489217969842E+04    0.453169949525313243E+01    0.383937375738174183E+02   -0.160155416149671851E+04   -0.728515351937696742E+01    1
    0.248382825146237155E+04    0.340955998348417832E+01   -0.195351259590004673E+02   -0.160037699630639372E+04   -0.729515351937696988E+01    1
    0.260762232803745292E+04    0.381247529922337369E+01    0.689245151197513337E+02   -0.160008994824488764E+04   -0.730515351937697766E+01    1
    0.147412609167283449E+04    0.335437555531266440E+01    0.383857076324760556E+02   -0.159873245398795643E+04   -0.731515351937697655E+01    1
    0.260165156126022339E+04    0.327391636371612549E+01   -0.206552267074584961E+02   -0.159423045031600532E+04   -0.732515351937697723E+01    1
    0.268200470992905684E+04    0.350883690811217575E+01   -0.407296292325855802E+01   -0.158979280339753041E+04   -0.733515351937697524E+01    1
    0.254226982821154888E+04    0.364256778863077102E+01    0.833627348441422384E+02   -0.158836506955237019E+04   -0.734515351937696614E+01    1
    0.247520316435915993E+04    0.378074828603711666E+01   -0.165954133425701400E+01   -0.158411889419460249E+04   -0.735515351937696948E+01    1
    0.264987004390725906E+04    0.275083787996597939E+01    0.479722062502096946E+02   -0.158365288595739844E+04   -0.736515351937697105E+01    1
    0.151913553709936173E+04    0.304560972529526275E+01    0.252799177569523721E+02   -0.157017150878549342E+04   -0.737515351937696906E+01    1
    0.253256005615124559E+04    0.402729243193809161E+01   -0.172147997463688398E+02   -0.156588789643275891E+04   -0.738515351937697240E+01    1
    0.151946504091044335E+04    0.371722854783621903E+01    0.127356670538703440E+02   -0.156490827128899173E+04   -0.739515351937697218E+01    1
    0.276831132471253932E+04    0.277661202023615417E+01    0.181958577347423471E+02   -0.155926126836909611E+04   -0.740515351937697464E+01    1
    0.265519515527380099E+04    0.451932951901223934E+01    0.519339515296987884E+02   -0.155340789534798023E+04   -0.741515351937697265E+01    1
    0.153755032458894675E+04    0.272177637595225708E+01    0.210995403188904618E+01   -0.155124957572443691E+04   -0.742515351937696799E+01    1
    0.239873277143439464E+04    0.316632888036155258E+01    0.299890333955377173E+02   -0.154528185762514454E+04   -0.743515351937697044E+01    1
    0.261211882510271971E+04    0.414866302888498684E+01   -0.137670753279795122E+01   -0.154289534530810397E+04   -0.744515351937697023E+01    1
    0.283089783877751279E+04    0.309614833753110474E+01    0.293184235671882334E+02   -0.154066038993911411E+04   -0.745515351937696646E+01    1
    0.263847412717906809E+04    0.387280115819047710E+01   -0.167583770647875951E+01   -0.153290407418542441E+04   -0.746515351937696536E+01    1
    0.260599913597106934E+04    0.311256933212280273E+01   -0.160465955734252930E+02   -0.152499600011531879E+04   -0.747515351937696515E+01    1
    0.236635398317235604E+04    0.337795083799433726E+01    0.178980343956594652E+02   -0.152002482742747316E+04   -0.748515351937696671E+01    1
    0.279914415828377787E+04    0.327013315978066110E+01    0.446832622334395637E+02   -0.151454579390772642E+04   -0.749515351937696561E+01    1
    0.248862812634248394E+04    0.326488655905415248E+01   -0.255041365973789880E+01   -0.150956901694629460E+04   -0.750515351937696362E+01    1
    0.256010717836401091E+04    0.410691335274083968E+01   -0.173685359644555604E+01   -0.150538068813267955E+04   -0.751515351937696874E+01    1
    0.284912394491332998E+04    0.316376870090931295E+01    0.247368632629010534E+02   -0.150368280846850894E+04   -0.752515351937696853E+01    1
    0.258084847623185669E+04    0.417273651044255001E+01   -0.131757171306741867E+02   -0.150320374983563352E+04   -0.753515351937696742E+01    1
    0.262692523656316280E+04    0.395019544530332478E+01   -0.280743235162252347E+01   -0.150301019589030830E+04   -0.754515351937696721E+01    1
    0.249180698823586044E+04    0.379788392190925528E+01    0.635051427859533248E+02   -0.150263613305371155E+04   -0.755515351937696877E+01    1
    0.245643894122224810E+04    0.432552233963282617E+01    0.274477774522017341E+02   -0.149277082965605723E+04   -0.756515351937697211E+01    1
    0.261885253278098799E+04    0.403006432179040885E+01   -0.110255318238850322E+02   -0.148473420440034602E+04   -0.757515351937696835E+01    1
    0.255014724980782648E+04    0.387972185193872265E+01   -0.163449769798929054E+02   -0.147897978300268915E+04   -0.758515351937696991E+01    1
    0.263620890497974960E+04    0.289478972594449058E+01    0.578051518302128216E+02   -0.147713417736172505E+04   -0.759515351937697325E+01    1
    0.270452184319419757E+04    0.403551291913003141E+01    0.459001107242114017E+02   -0.147589214668005980E+04   -0.760515351937697126E+01    1
    0.267212574394928242E+04    0.381398233705715040E+01    0.579976351505896730E+02   -0.146688899289602659E+04   -0.761515351937696572E+01    1
    0.265662000161961078E+04    0.404633995975967942E+01    0.575454098121574020E+02   -0.145259771079621009E+04   -0.762515351937696639E+01    1
    0.263739305138587952E+04    0.330320143699645996E+01   -0.455545186996459961E+01   -0.145240640091333898E+04   -0.763515351937696973E+01    1
    0.275015832184858027E+04    0.307763356753092898E+01    0.352911468184733792E+02   -0.144934862537049617E+04   -0.764515351937696952E+01    1
    0.244871238844915479E+04    0.330867142724856977E+01    0.416825797285011390E+01   -0.144897786880575586E+04   -0.765515351937697019E+01    1
    0.262148229165481052E+04    0.327269980310096642E+01   -0.306171174337703178E+01   -0.144851542413809648E+04   -0.766515351937697087E+01    1
    0.256300149426051485E+04    0.454122110298756887E+01    0.353476469209497282E+02   -0.144851144804086607E+04   -0.767515351937697066E+01    1
    0.255685794279306128E+04    0.363826135455798783E+01    0.657718430844479371E+02   -0.144842331623842369E+04   -0.768515351937697044E+01    1
    0.270810475551285572E+04    0.348977293100668362E+01    0.538958967097974551E+02   -0.144548633028361610E+04   -0.769515351937697201E+01    1
    0.247645817530768272E+04    0.280033812204691213E+01    0.162290978106260440E+02   -0.144337186366419223E+04   -0.770515351937697446E+01    1
    0.270854138455514931E+04    0.284982219381210111E+01    0.483382384676286563E+02   -0.143801832773004662E+04   -0.771515351937697069E+01    1
    0.247902367954530246E+04    0.419182805986193241E+01    0.798108253873937201E+01   -0.143716811668668879E+04   -0.772515351937696959E+01    1
    0.152718229169358074E+04    0.368832705489685964E+01    0.384601967000144782E+02   -0.143621269937666739E+04   -0.773515351937697382E+01    1
    0.263355867105259858E+04    0.276696564263360312E+01    0.194739459613239063E+02   -0.143255680822740214E+04   -0.774515351937697538E+01    1
    0.256994274773107190E+04    0.457521971962349561E+01    0.379152228177388508E+02   -0.142872977124249610E+04   -0.775515351937697517E+01    1
    0.255549922317910386E+04    0.279752482084056897E+01    0.427512876757654965E+02   -0.142187931454759428E+04   -0.776515351937697407E+01    1
    0.247696704789211935E+04    0.327918911530883772E+01    0.615952226890431405E+02   -0.141968024683342696E+04   -0.777515351937697297E+01    1
    0.156645717196204964E+04    0.361324942256540016E+01   -0.657575820583615211E+01   -0.141191143592662775E+04   -0.778515351937696565E+01    1
    0.261011146233048839E+04    0.293063645710159459E+01    0.581234161622776355E+02   -0.140667507101547790E+04   -0.779515351937696011E+01    1
    0.264795690138056034E+04    0.438539942848011055E+01    0.406196544756875255E+02   -0.140269379206759322E+04   -0.780515351937696522E+01    1
    0.152144238352775574E+04    0.390261149406433105E+01    0.539806962013244629E+02   -0.140265252663052252E+04   -0.781515351937697123E+01    1
    0.247192938396071668E+04    0.430214001038903238E+01    0.472165341967241261E+02   -0.140020217314233514E+04   -0.782515351937697279E+01    1
    0.263289347900858866E+04    0.278155004250068050E+01    0.197781016913498178E+02   -0.139578279815157975E+04   -0.783515351937697524E+01    1
    0.249889277580371072E+04    0.428143243831380893E+01    0.324901273954755538E+02   -0.139435025812081858E+04   -0.784515351937695993E+01    1
    0.259183552165963420E+04    0.456968031601925695E+01    0.388673430480928630E+02   -0.139280619797562213E+04   -0.785515351937696593E+01    1
    0.254481725621135365E+04    0.338642651719226695E+01   -0.129856369676651866E+02   -0.139009662826622684E+04   -0.786515351937697016E+01    1
    0.245536348525914127E+04    0.355665096577812223E+01    0.607542776239585862E+02   -0.138307993817239981E+04   -0.787515351937697172E+01    1
    0.243343355468150958E+04    0.407697035489372350E+01    0.258404327060878671E+02   -0.137748181414990972E+04   -0.788515351937697417E+01    1
    0.258012353516375151E+04    0.335726950354368370E+01   -0.100068043114271603E+02   -0.137376233355413819E+04   -0.789515351937696952E+01    1
    0.263803091891770146E+04    0.431579256334259043E+01    0.522849298773469968E+02   -0.137222489538939453E+04   -0.790515351937697019E+01    1
    0.261641929501942832E+04    0.280657308879672707E+01    0.156321894582299876E+02   -0.136142311503910742E+04   -0.791515351937696643E+01    1
    0.147267993822349445E+04    0.295399627255956876E+01   -0.186385743909254131E+02   -0.136075119340460174E+04   -0.792515351937696444E+01    1
    0.243311855637428880E+04    0.395243383049941155E+01    0.120940669940455621E+02   -0.135625365310224697E+04   -0.793515351937696778E+01    1
    0.240410984280780622E+04    0.372937128550776320E+01    0.126649517883084144E+02   -0.135231149023711123E+04   -0.794515351937696490E+01    1
    0.244588261842727661E+04    0.310460209846496582E+01    0.320127725601196289E+02   -0.135202048848340746E+04   -0.795515351937696735E+01    1
    0.156821333620441374E+04    0.357270690770527377E+01    0.106210229955427451E+02   -0.134608227215083707E+04   -0.796515351937696447E+01    1
    0.250626062357859291E+04    0.431588011034072316E+01    0.521283131207168537E+02   -0.134282765252994432E+04   -0.797515351937695893E+01    1
    0.273314710172680179E+04    0.344402923639985747E+01    0.170164406176961336E+02   -0.134136250164941657E+04   -0.798515351937696582E+01    1
    0.264329545043482858E+04    0.392260022159076627E+01    0.562155296165143739E+02   -0.133987301274981746E+04   -0.799515351937696650E+01    1
    0.156727451086044312E+04    0.286468082666397095E+01    0.170806407928466797E+02   -0.133336397109277755E+04   -0.800515351937696096E+01    1
    0.249088216467334041E+04    0.286293273077776522E+01    0.482176890764989139E+02   -0.133195554234452106E+04   -0.801515351937696785E+01    1
    0.249130893566986560E+04    0.308554752932058118E+01    0.586273770751813572E+02   -0.133106450110389051E+04   -0.802515351937697652E+01    1
    0.146757692854868901E+04    0.321456137119359120E+01    0.729257039179420019E+01   -0.133090954971305064E+04   -0.803515351937696920E+01    1
    0.267779668594867690E+04    0.304574539468274530E+01    0.561783439599438452E+02   -0.132972574494184119E+04   -0.804515351937696543E+01    1
    0.261538679359618072E+04    0.450656484651896339E+01    0.430150460654347455E+02   -0.132539855385668648E+04   -0.805515351937697233E+01    1
    0.268169811796807153E+04    0.412398020400607557E+01    0.207586803027060398E+02   -0.132378275480638126E+04   -0.806515351937697034E+01    1
    0.267290592287659092E+04    0.356452845128225793E+01    0.353374560609363186E+02   -0.132189262040696576E+04   -0.807515351937696657E+01    1
    0.258262613560021146E+04    0.427455837620843759E+01    0.563692651498982684E+02   -0.131788954573340789E+04   -0.808515351937696636E+01    1
    0.251438152991756624E+04    0.286167540226024952E+01    0.496153502781487816E+02   -0.131276293711009089E+04   -0.809515351937696259E+01    1
    0.260336106419563293E+04    0.447696381807327271E+01    0.396861672401428223E+02   -0.131212762702980126E+04   -0.810515351937696593E+01    1
    0.259044824316670065E+04    0.336540361563983925E+01    0.298376011778837835E+01   -0.130827418177393656E+04   -0.811515351937696572E+01    1
    0.152444270999627952E+04    0.276216699880780681E+01   -0.103681035454160906E+02   -0.130371359037982347E+04   -0.812515351937696728E+01    1
    0.145781572028612754E+04    0.272102737174670262E+01    0.449199319747334869E+01   -0.130012771916432871E+04   -0.813515351937696707E+01    1
    0.267275399563189330E+04    0.329450605382706474E+01    0.692228789732418193E+01   -0.129606283386028076E+04   -0.814515351937696508E+01    1
    0.268883734078049656E+04    0.327757724064323508E+01    0.537715996800274354E+02   -0.128908186183075031E+04   -0.815515351937696664E+01    1
    0.245695218572883095E+04    0.320003865734871029E+01    0.355399203885405939E+02   -0.128135292296608736E+04   -0.816515351937696643E+01    1
    0.254739168274845360E+04    0.357597062824233314E+01    0.300207323854715469E+01   -0.127928233325263363E+04   -0.817515351937696622E+01    1
    0.260017206339124459E+04    0.373348737310320011E+01    0.587548508192595307E+02   -0.127372297102164703E+04   -0.818515351937696600E+01    1
    0.268481298870222236E+04    0.298955287179439111E+01    0.312118786805442596E+02   -0.127128905815049666E+04   -0.819515351937696224E+01    1
    0.256027700226176148E+04    0.444208947970989598E+01    0.494095481157918641E+02   -0.127065717294061392E+04   -0.820515351937696558E+01    1
    0.260544821261719881E+04    0.449675305965620620E+01    0.280271757309555198E+02   -0.126957267399737884E+04   -0.821515351937696714E+01    1
    0.239910976290702820E+04    0.368018716573715210E+01    0.173372387886047363E+02   -0.126563849753284535E+04   -0.822515351937696693E+01    1
    0.250104652921850902E+04    0.439559200034508812E+01    0.207212831018197363E+02   -0.126212294539261529E+04   -0.823515351937696671E+01    1
    0.266170386232643932E+04    0.327925700791281560E+01    0.550306164583628572E+02   -0.125269871531358899E+04   -0.824515351937696295E+01    1
    0.257250396507926416E+04    0.289203392710873253E+01    0.417387896444304829E+02   -0.125017848130983521E+04   -0.825515351937696096E+01    1
    0.250703653446397311E+04    0.295396705863586639E+01    0.536510439840694460E+02   -0.124525251563310167E+04   -0.826515351937696252E+01    1
    0.265764521801245610E+04    0.355573470527561941E+01    0.994255690206156828E+01   -0.123088291388930975E+04   -0.827515351937696408E+01    1
    0.266484517259824224E+04    0.291068512845078375E+01    0.264409281803198439E+02   -0.123029724147502066E+04   -0.828515351937696565E+01    1
    0.158629574303509480E+04    0.364973643224660460E+01    0.550165943475282688E+02   -0.123023854799785249E+04   -0.829515351937696543E+01    1
    0.148121913117441750E+04    0.294774719914104244E+01   -0.134190320160599867E+02   -0.122721943776096600E+04   -0.830515351937696344E+01    1
    0.269896853704981913E+04    0.326774037512770876E+01    0.434584808126517430E+02   -0.122508051049545315E+04   -0.831515351937696146E+01    1
    0.264495681580763903E+04    0.383495585882248990E+01    0.507815137718871199E+02   -0.122444209125883503E+04   -0.832515351937696302E+01    1
    0.156806799594302970E+04    0.358659471828454812E+01    0.195754439041583765E+02   -0.122289564144452561E+04   -0.833515351937696813E+01    1
    0.153568811912933324E+04    0.373462869048882062E+01    0.505136556862674126E+02   -0.122136127612305586E+04   -0.834515351937696437E+01    1
    0.154135333361330891E+04    0.397004218015215882E+01    0.312121713350648520E+02   -0.119699601492285046E+04   -0.835515351937696593E+01    1
    0.243695199475142545E+04    0.325616745063287594E+01    0.428540574538067176E+02   -0.119626052743397804E+04   -0.836515351937696927E+01    1
    0.263540854218530967E+04    0.370758149910111490E+01    0.326851304931715845E+02   -0.119541235249344618E+04   -0.837515351937696906E+01    1
    0.257184033341091481E+04    0.413023512816303295E+01    0.350840005976703821E+02   -0.119155075344008537E+04   -0.838515351937696174E+01    1
    0.262544082564511973E+04    0.378147367653146738E+01    0.369079986269569247E+02   -0.118729191523619397E+04   -0.839515351937695975E+01    1
    0.240149256144095398E+04    0.341657874846319132E+01    0.209934579627341549E+02   -0.118667961377847610E+04   -0.840515351937696487E+01    1
    0.258795539938905222E+04    0.310124491477430331E+01    0.556684413058368079E+02   -0.118358237038327798E+04   -0.841515351937696821E+01    1
    0.159446114811906705E+04    0.388891944544301182E+01    0.149397468299703462E+01   -0.118280571001752992E+04   -0.842515351937696266E+01    1
    0.249965996110762080E+04    0.427156938556356547E+01    0.212631460000563663E+02   -0.117938671432434649E+04   -0.843515351937695534E+01    1
    0.260998737292013720E+04    0.401837360995876303E+01    0.522300271967803269E+02   -0.117504466264273174E+04   -0.844515351937695691E+01    1
    0.265387634564970267E+04    0.404910696728341613E+01    0.192171089554051377E+02   -0.117367614896954751E+04   -0.845515351937696202E+01    1
    0.150252249452785986E+04    0.253686267529178178E+01    0.564963534181890452E+02   -0.117322020621196361E+04   -0.846515351937696536E+01    1
    0.269907913428358279E+04    0.300784413691856667E+01    0.148655339240819018E+02   -0.117210402678326750E+04   -0.847515351937696160E+01    1
    0.260552347131132228E+04    0.409918072717601945E+01    0.315470815559368702E+02   -0.117188042508511990E+04   -0.848515351937696316E+01    1
    0.260858407332915249E+04    0.302060659294699896E+01    0.533429040602545967E+02   -0.116813568842494556E+04   -0.849515351937696295E+01    1
    0.244302970087937410E+04    0.386529230194868534E+01    0.246808062568708095E+02   -0.116551986321248069E+04   -0.850515351937696629E+01    1
    0.258735183749886801E+04    0.299166173708694272E+01    0.528342087277703172E+02   -0.116239401856943050E+04   -0.851515351937696785E+01    1
    0.257593940723683772E+04    0.420053506920951492E+01    0.391723182833904957E+02   -0.115930575422404308E+04   -0.852515351937696408E+01    1
    0.153908805396295566E+04    0.379961323263378326E+01    0.534592819364526406E+02   -0.115708943744154385E+04   -0.853515351937696032E+01    1
    0.243787936594617167E+04    0.385117211193294295E+01    0.210333345214016560E+02   -0.115159545740160411E+04   -0.854515351937695655E+01    1
    0.248148196477304100E+04    0.397308529213924455E+01    0.435265646967370685E+02   -0.115101620334921381E+04   -0.855515351937696344E+01    1
    0.251939037683047036E+04    0.334498473623368398E+01    0.692525165935553844E+01   -0.115011885406801957E+04   -0.856515351937696323E+01    1
    0.254188134047926496E+04    0.406203224179910816E+01    0.371537849169036463E+02   -0.114798180242140234E+04   -0.857515351937696124E+01    1
    0.247462138886843286E+04    0.306209029347034667E+01    0.432989991732742681E+02   -0.114788381938612997E+04   -0.858515351937696103E+01    1
    0.264695991978339453E+04    0.345997867717950491E+01    0.425557847752749581E+02   -0.114297935941564083E+04   -0.859515351937696259E+01    1
    0.262373845519261795E+04    0.333310391863023670E+01    0.334744044169109998E+02   -0.113859396703557331E+04   -0.860515351937696771E+01    1
    0.149076186890518420E+04    0.296234596123805005E+01    0.215027894892401434E+02   -0.112938412402947552E+04   -0.861515351937696039E+01    1
    0.258431412354374515E+04    0.301631520918479445E+01    0.390163267036055288E+02   -0.112839795657975264E+04   -0.862515351937695662E+01    1
    0.259883606752790729E+04    0.379115258750285200E+01    0.335236491477455161E+02   -0.112832997057868806E+04   -0.863515351937696352E+01    1
    0.243864808827830166E+04    0.381720753479397290E+01    0.203337304161436805E+02   -0.112772729286274580E+04   -0.864515351937696508E+01    1
    0.255263804646608696E+04    0.356974317914079453E+01    0.706269750532302965E+01   -0.111800830165566776E+04   -0.865515351937695954E+01    1
    0.265634857830266265E+04    0.362285194865616944E+01    0.221342184985589938E+02   -0.110912991929274995E+04   -0.866515351937696288E+01    1
    0.149864221015734893E+04    0.252342289291853250E+01    0.772588593667047974E+01   -0.110744234102716905E+04   -0.867515351937696266E+01    1
    0.155823075059654025E+04    0.364661634815728908E+01    0.302301070991269398E+02   -0.110492521612367022E+04   -0.868515351937696423E+01    1
    0.250307927727699280E+04    0.387246453762054443E+01    0.393867731094360352E+02   -0.110400457298675769E+04   -0.869515351937696934E+01    1
    0.259878064818166376E+04    0.344641707287414789E+01    0.339546360333695247E+02   -0.110398472053356454E+04   -0.870515351937696735E+01    1
    0.247900645849612101E+04    0.390312220537703691E+01    0.272829304062098430E+02   -0.110277254836999055E+04   -0.871515351937696181E+01    1
    0.252498657107353210E+04    0.322270852327346802E+01    0.326126337051391602E+02   -0.109758969537096527E+04   -0.872515351937695982E+01    1
    0.246108844466245591E+04    0.391078988985333043E+01    0.222939117521355143E+02   -0.109676465973516179E+04   -0.873515351937696316E+01    1
    0.250121891106847488E+04    0.395966158474718144E+01    0.470882284395388240E+02   -0.109522111773344341E+04   -0.874515351937695762E+01    1
    0.250124935105256918E+04    0.301481185508798522E+01    0.433118478375947404E+02   -0.109465038590858421E+04   -0.875515351937695741E+01    1
    0.256598478137795792E+04    0.299127195156632730E+01    0.430766013367919243E+02   -0.109202197228214754E+04   -0.876515351937696252E+01    1
    0.152767313718795776E+04    0.292371231317520142E+01    0.215090751647949219E+02   -0.108931324819294719E+04   -0.877515351937696231E+01    1
    0.251484613306796928E+04    0.384460440473153664E+01    0.383568911628481146E+02   -0.108838085484044132E+04   -0.878515351937696209E+01    1
    0.247117971183743020E+04    0.333056487560018111E+01    0.511628362444971003E+02   -0.108675727469264325E+04   -0.879515351937696188E+01    1
    0.257235569939605557E+04    0.348718406045333973E+01    0.357751415515513713E+02   -0.108409653587505477E+04   -0.880515351937695812E+01    1
    0.261806910112640935E+04    0.359135658680035341E+01    0.424021430067015217E+02   -0.108374538179332399E+04   -0.881515351937695790E+01    1
    0.252281216212600793E+04    0.317242076930607420E+01    0.384653617174852513E+02   -0.108349889804188069E+04   -0.882515351937695769E+01    1
    0.260546650764222522E+04    0.346911970791408653E+01    0.513813244875614430E+02   -0.108307251131496037E+04   -0.883515351937695925E+01    1
    0.249986133830121253E+04    0.338607399403606024E+01    0.924134725740782415E+01   -0.107961793603078263E+04   -0.884515351937695904E+01    1
    0.251285695684084203E+04    0.301480388059949789E+01    0.460966841270898726E+02   -0.107935284493158883E+04   -0.885515351937696238E+01    1
    0.261700939168734658E+04    0.365133626953484214E+01    0.446532549432297401E+02   -0.107907248343610172E+04   -0.886515351937696394E+01    1
    0.251145876789592148E+04    0.343366701851354073E+01    0.545942206361517606E+02   -0.107774097933857729E+04   -0.887515351937696018E+01    1
    0.247545676014458650E+04    0.336716705223415502E+01    0.303173578342449161E+02   -0.107749249424895788E+04   -0.888515351937696174E+01    1
    0.261968725083989921E+04    0.342893809184584830E+01    0.487161395468831984E+02   -0.107553894786343517E+04   -0.889515351937696330E+01    1
    0.256308010586406817E+04    0.409574765516670425E+01    0.425342325444936762E+02   -0.107491434749129667E+04   -0.890515351937696309E+01    1
    0.259101936034172741E+04    0.384660398539150350E+01    0.305673308795192042E+02   -0.107469636415213313E+04   -0.891515351937696288E+01    1
    0.247099329455923089E+04    0.364408026366499005E+01    0.400335952224520213E+02   -0.107369622227878426E+04   -0.892515351937696089E+01    1
    0.253575014524656035E+04    0.320687576996954782E+01    0.101547782449186883E+02   -0.107292792846198290E+04   -0.893515351937696423E+01    1
    0.252066995184094594E+04    0.353241465783972775E+01    0.547239193274277795E+02   -0.107236306089282471E+04   -0.894515351937696579E+01    1
    0.157739313577269922E+04    0.404198986818735495E+01    0.387471364901132631E+02   -0.107194025508616096E+04   -0.895515351937696202E+01    1
    0.251570250342048530E+04    0.357896771813292069E+01    0.341537600093953984E+02   -0.107002667195438153E+04   -0.896515351937696181E+01    1
    0.247886660293437308E+04    0.319587323714296545E+01    0.456588175193772372E+02   -0.106920283559303016E+04   -0.897515351937695982E+01    1
    0.257134932695690713E+04    0.429117714889319757E+01    0.201306612885063743E+02   -0.106194598912553170E+04   -0.898515351937695428E+01    1
    0.259449003182666183E+04    0.421659285020849062E+01    0.239432263387458306E+02   -0.106177774628685529E+04   -0.899515351937695407E+01    1
    0.266775007626623119E+04    0.309240351640622446E+01    0.214057169078120495E+02   -0.106102369359990644E+04   -0.900515351937695741E+01    1
    0.258544148689294889E+04    0.402738149717134242E+01    0.122390113948374335E+02   -0.106063848638342279E+04   -0.901515351937696252E+01    1
    0.249400339379354091E+04    0.365180203077293974E+01    0.103962297907392696E+02   -0.106060433590265120E+04   -0.902515351937696408E+01    1
    0.258966740277518602E+04    0.386165146409931959E+01    0.411189397297599157E+02   -0.105928378856685708E+04   -0.903515351937696032E+01    1
    0.158015220778765729E+04    0.406539171204301031E+01    0.254599862362086355E+02   -0.105749846745193122E+04   -0.904515351937695833E+01    1
    0.259291674699982377E+04    0.296277491610150934E+01    0.238323514731422819E+02   -0.105721793811281441E+04   -0.905515351937695989E+01    1
    0.249964583098998855E+04    0.395522025411951361E+01    0.147663393952809372E+02   -0.105673991207117933E+04   -0.906515351937695790E+01    1
    0.256476621475728189E+04    0.423686991771215826E+01    0.244094945958231335E+02   -0.105656514331899939E+04   -0.907515351937695591E+01    1
    0.255545876843148608E+04    0.324021585391302214E+01    0.384154874126565176E+02   -0.105649162961662728E+04   -0.908515351937695925E+01    1
    0.257398781273645091E+04    0.374325893883856464E+01    0.513756360568040975E+02   -0.105325626699696545E+04   -0.909515351937696437E+01    1
    0.264588572552270716E+04    0.333851787037924463E+01    0.153642066196363487E+02   -0.105179209090135123E+04   -0.910515351937696060E+01    1
    0.262268301929345853E+04    0.387447670106817244E+01    0.245926904401144526E+02   -0.105168719608628840E+04   -0.911515351937695506E+01    1
    0.157090738864225682E+04    0.372009269018246558E+01    0.635414966095871137E+01   -0.105106917262069396E+04   -0.912515351937696195E+01    1
    0.253820660449978323E+04    0.412975206588128607E+01    0.264168409387871748E+02   -0.105087373189068921E+04   -0.913515351937696529E+01    1
    0.258401494717667629E+04    0.382367901203345362E+01    0.492459426654996264E+02   -0.104932311610981287E+04   -0.914515351937696153E+01    1
    0.249505305081719598E+04    0.389732649115597241E+01    0.143336656889489120E+02   -0.104874533373548866E+04   -0.915515351937696131E+01    1
    0.256892927103445982E+04    0.388859042366976038E+01    0.302081981884686570E+02   -0.104786614385642406E+04   -0.916515351937695577E+01    1
    0.157302391810743075E+04    0.364988797916241747E+01    0.272839319578069848E+02   -0.104599200108894138E+04   -0.917515351937695733E+01    1
    0.252892437568032892E+04    0.314290301612067324E+01    0.495670956973187060E+02   -0.104587846353687769E+04   -0.918515351937696067E+01    1
    0.257266904763913499E+04    0.328576723896392986E+01    0.516969502950714741E+02   -0.104543147414994974E+04   -0.919515351937696046E+01    1
    0.253758585577440317E+04    0.309837126647760419E+01    0.481554452356874378E+02   -0.104529191234359769E+04   -0.920515351937696202E+01    1
    0.246247156624727450E+04    0.320680033842173096E+01    0.183927290498844513E+02   -0.104527769648028857E+04   -0.921515351937696536E+01    1
    0.254222558131512869E+04    0.310549675598751751E+01    0.485758888624330609E+02   -0.104527455430616101E+04   -0.922515351937696337E+01    1
    0.260948033799449331E+04    0.339023028579312680E+01    0.417450264435869371E+02   -0.104488109734673571E+04   -0.923515351937695961E+01    1
    0.254506466974629620E+04    0.374721550122752900E+01    0.521085870260651518E+02   -0.104409204318161028E+04   -0.924515351937695584E+01    1
    0.242574397072952434E+04    0.347695747300733737E+01    0.214169046380792167E+02   -0.104351093334319717E+04   -0.925515351937695918E+01    1
    0.255438716085418582E+04    0.316849276816826286E+01    0.406394752683627871E+02   -0.104160411204091247E+04   -0.926515351937696607E+01    1
    0.250564230365908770E+04    0.404637771589498207E+01    0.177013343450125973E+02   -0.104158599476280506E+04   -0.927515351937695876E+01    1
    0.249224289273983004E+04    0.363152404183733202E+01    0.110317987446389054E+02   -0.104025741968748525E+04   -0.928515351937695499E+01    1
    0.262067166728978827E+04    0.343487279492642150E+01    0.134965407859899358E+02   -0.103883551537250514E+04   -0.929515351937696188E+01    1
    0.260847883325818111E+04    0.406713615101367676E+01    0.231972717265296779E+02   -0.103793254605285188E+04   -0.930515351937696522E+01    1
    0.258109142336626337E+04    0.400810899097540663E+01    0.129028934985584840E+02   -0.103727685479618071E+04   -0.931515351937695790E+01    1
    0.258251058584465045E+04    0.337191185007710148E+01    0.391436919984074052E+02   -0.103718548776269972E+04   -0.932515351937696657E+01    1
    0.259766608194299170E+04    0.382190722317468756E+01    0.129174248115680399E+02   -0.103606210503003695E+04   -0.933515351937696458E+01    1
    0.256938656924988027E+04    0.361603784463560096E+01    0.386910838635133416E+02   -0.103604449401025113E+04   -0.934515351937696082E+01    1
    0.259194480031237799E+04    0.359567745323891819E+01    0.484849856454635812E+02   -0.103337763209203354E+04   -0.935515351937695883E+01    1
    0.249640361221893454E+04    0.308987478095945756E+01    0.153517423789578658E+02   -0.103270515980052187E+04   -0.936515351937696394E+01    1
    0.258601574532086806E+04    0.383265147105812609E+01    0.457995476937669821E+02   -0.103219785044549462E+04   -0.937515351937696728E+01    1
    0.245706499665950378E+04    0.347144980644338830E+01    0.437519612218787870E+02   -0.103175257454108714E+04   -0.938515351937696352E+01    1
    0.253702945345380749E+04    0.396880249019960019E+01    0.445087620143313245E+02   -0.103001812400055951E+04   -0.939515351937695797E+01    1
    0.250062375646568125E+04    0.379667272486104324E+01    0.455192779055235235E+02   -0.102863758855954029E+04   -0.940515351937695776E+01    1
    0.261872472471336778E+04    0.382448881707426214E+01    0.238356343344971862E+02   -0.102797070977969543E+04   -0.941515351937695755E+01    1
    0.253758624668908124E+04    0.313095371025899460E+01    0.437209376257061990E+02   -0.102788847423772404E+04   -0.942515351937696089E+01    1
    0.258007662296295166E+04    0.366460818052291870E+01    0.299563527107238770E+02   -0.102534746748492626E+04   -0.943515351937695712E+01    1
    0.248276749594707644E+04    0.371442046418596927E+01    0.277533973489114487E+02   -0.102448078849786907E+04   -0.944515351937694980E+01    1
    0.255360717511689518E+04    0.315727050660690445E+01    0.479639807656426456E+02   -0.102302891233674791E+04   -0.945515351937695137E+01    1
    0.150905387435235866E+04    0.282698429443593069E+01    0.360194288155533116E+02   -0.102075517815756677E+04   -0.946515351937695826E+01    1
    0.260578564422894942E+04    0.389139394065146726E+01    0.156948525906203997E+02   -0.102045417652768890E+04   -0.947515351937695982E+01    1
    0.255369165240028724E+04    0.364683131080591183E+01    0.308032831148999264E+02   -0.102035867313193796E+04   -0.948515351937695605E+01    1
    0.258869964410152625E+04    0.371707593499895461E+01    0.289195295943239898E+02   -0.102021882181123544E+04   -0.949515351937695584E+01    1
    0.146246598601992218E+04    0.278744004568561543E+01    0.123095707423999556E+02   -0.101986147967852480E+04   -0.950515351937695741E+01    1
    0.253566952340919488E+04    0.406110395547129333E+01    0.148714355861389436E+02   -0.101869188332050248E+04   -0.951515351937695897E+01    1
    0.257271592778268950E+04    0.321579235232376170E+01    0.420395519362818391E+02   -0.101792119718895378E+04   -0.952515351937695876E+01    1
    0.251300826684068397E+04    0.328131886417707497E+01    0.293956563032528209E+02   -0.101757488971219846E+04   -0.953515351937695854E+01    1
    0.253805884992015035E+04    0.413945900491216001E+01    0.233338447816084908E+02   -0.101744833765546821E+04   -0.954515351937695833E+01    1
    0.251529119518336393E+04    0.299709378051782682E+01    0.226236152993280797E+02   -0.101740869122512004E+04   -0.955515351937695989E+01    1
    0.259618759872429655E+04    0.354699731231284332E+01    0.287602255695034046E+02   -0.101673936318068968E+04   -0.956515351937696323E+01    1
    0.256268992195156989E+04    0.334321364731703641E+01    0.397549734532953210E+02   -0.101652683013913406E+04   -0.957515351937696302E+01    1
    0.157117084594272274E+04    0.381848553379901823E+01    0.564132955639256295E+01   -0.101621176768677174E+04   -0.958515351937695215E+01    1
    0.252876808983347291E+04    0.316295323670457851E+01    0.455325304026588924E+02   -0.101568510046212896E+04   -0.959515351937695371E+01    1
    0.262657128899253621E+04    0.336864618612905309E+01    0.153401901608242639E+02   -0.101426612331539991E+04   -0.960515351937695527E+01    1
    0.258411558721586744E+04    0.360773806585712320E+01    0.475691423293304751E+02   -0.101409977046710515E+04   -0.961515351937695861E+01    1
    0.258518844027968953E+04    0.322346486405020283E+01    0.288042475700270870E+02   -0.101403545125724440E+04   -0.962515351937695662E+01    1
    0.159549199765477670E+04    0.398902056520866521E+01    0.353044745654368057E+02   -0.101376154523183311E+04   -0.963515351937695286E+01    1
    0.259922705987845757E+04    0.338530473404274002E+01    0.446846188302671408E+02   -0.101266207309253798E+04   -0.964515351937695797E+01    1
    0.251416504815093685E+04    0.338800227246041974E+01    0.511080948417583443E+02   -0.101227541875832912E+04   -0.965515351937696309E+01    1
    0.256305388786318463E+04    0.373828637705201672E+01    0.409938884013226641E+02   -0.101176478321033494E+04   -0.966515351937695755E+01    1
    0.247622951866444419E+04    0.331722508319163811E+01    0.267253491174291185E+02   -0.101036094814442754E+04   -0.967515351937695556E+01    1
    0.259523404680139265E+04    0.357638628805248260E+01    0.284042390033286551E+02   -0.101011481907635516E+04   -0.968515351937696067E+01    1
    0.246442951373226606E+04    0.348069541324072596E+01    0.448115023015083125E+02   -0.100969138537408969E+04   -0.969515351937696224E+01    1
    0.260979228081933798E+04    0.388445140998311356E+01    0.232894112410469916E+02   -0.100900966770395928E+04   -0.970515351937696025E+01    1
    0.254105137331105561E+04    0.320850843132185215E+01    0.427751959355701672E+02   -0.100870803984143777E+04   -0.971515351937696003E+01    1
    0.262233111826870390E+04    0.356577138587257236E+01    0.183473923536846257E+02   -0.100782418619192117E+04   -0.972515351937696160E+01    1
    0.261073490413137188E+04    0.320914688091892941E+01    0.142709165450129802E+02   -0.100552549115439001E+04   -0.973515351937696316E+01    1
    0.253359356522560120E+04    0.311812257766723633E+01    0.268778204917907715E+02   -0.100537901139399810E+04   -0.974515351937696295E+01    1
    0.257780087599224407E+04    0.350238858844982914E+01    0.416177568820970976E+02   -0.100504447064932151E+04   -0.975515351937696273E+01    1
    0.253951475565855435E+04    0.353605883075069549E+01    0.512208425813048791E+02   -0.100295264900958307E+04   -0.976515351937695542E+01    1
    0.251043747099680968E+04    0.387969795049984834E+01    0.263244786846643706E+02   -0.100102809609002850E+04   -0.977515351937695698E+01    1
    0.159250712153911854E+04    0.400485250337997201E+01    0.482983098982820991E+02   -0.100074177343610654E+04   -0.978515351937696209E+01    1
    0.245380895981057802E+04    0.346357275246824869E+01    0.256718580793758235E+02   -0.998582257780001783E+03   -0.979515351937696011E+01    1
    0.254641256478523428E+04    0.300312643600429485E+01    0.192678320423252671E+02   -0.996457726261521771E+03   -0.980515351937695812E+01    1
    0.151694865749829160E+04    0.263624365119937742E+01    0.213004557435302360E+02   -0.996255571538237291E+03   -0.981515351937695613E+01    1
    0.253658833700943342E+04    0.304672343200616380E+01    0.242377002364592329E+02   -0.995970849255892858E+03   -0.982515351937695769E+01    1
    0.261984861221362735E+04    0.308596711104381738E+01    0.226450905189952181E+02   -0.995833957842621544E+03   -0.983515351937696103E+01    1
    0.253042523338301999E+04    0.403571099938961453E+01    0.245633920306984237E+02   -0.994749730232422280E+03   -0.984515351937696082E+01    1
    0.255957937001507435E+04    0.412901465932497835E+01    0.184267119052305759E+02   -0.994507517146670921E+03   -0.985515351937696060E+01    1
    0.246649641123405581E+04    0.354726467242998389E+01    0.270711049269560533E+02   -0.993619250633748607E+03   -0.986515351937695506E+01    1
    0.256053905774156965E+04    0.324239963317780777E+01    0.451477942727877348E+02   -0.993346429619389482E+03   -0.987515351937695307E+01    1
    0.260009317837404387E+04    0.398125323485073634E+01    0.214232037180171773E+02   -0.992333378125111267E+03   -0.988515351937695641E+01    1
    0.255615120575905075E+04    0.300518552622674040E+01    0.208986566640981124E+02   -0.991597952804460192E+03   -0.989515351937695975E+01    1
    0.261421764698288825E+04    0.370414639951367874E+01    0.208086962768719843E+02   -0.991356899604923910E+03   -0.990515351937695954E+01    1
    0.260713393822156013E+04    0.311494519242030687E+01    0.164313282040073432E+02   -0.990866694363976762E+03   -0.991515351937695577E+01    1
    0.157767351268707944E+04    0.376434069210800626E+01    0.541149679537563770E+02   -0.990845339799053932E+03   -0.992515351937695911E+01    1
    0.161294481579524154E+04    0.399412088952642286E+01    0.384338012670141325E+02   -0.990782705890914599E+03   -0.993515351937696067E+01    1
    0.255071737123626554E+04    0.356448067680232672E+01    0.497086659638754043E+02   -0.990773096314060695E+03   -0.994515351937695513E+01    1
    0.252586348034274761E+04    0.396506822427417305E+01    0.254511547517762011E+02   -0.987924146618133022E+03   -0.995515351937695492E+01    1
    0.255103396914781933E+04    0.319820322285290182E+01    0.137152953783665481E+02   -0.987468407793156302E+03   -0.996515351937695826E+01    1
    0.258473154518674255E+04    0.395523146143298820E+01    0.160026803044701893E+02   -0.985847883953501082E+03   -0.997515351937695982E+01    1
    0.152432934053615099E+04    0.273573718087255191E+01    0.394804741632411833E+02   -0.984441235997562217E+03   -0.998515351937696138E+01    1
    0.247497014934508297E+04    0.326649312467276332E+01    0.228278887219737499E+02   -0.984176804365310545E+03   -0.999515351937695584E+01    1
    0.254763555018033094E+04    0.364958229262085698E+01    0.417805624662535138E+02   -0.984017253242156130E+03   -0.100051535193769503E+02    1
    0.250364196044936034E+04    0.364967458849443460E+01    0.463733404486407608E+02   -0.983732557711655545E+03   -0.100151535193769536E+02    1
    0.255767173255639818E+04    0.370851322948980311E+01    0.457322337028564903E+02   -0.982920039753928336E+03   -0.100251535193769570E+02    1
    0.161505595189181736E+04    0.400909400657706261E+01    0.450060992761522130E+02   -0.982837200788508426E+03   -0.100351535193769603E+02    1
    0.250681362218842241E+04    0.343928167225777326E+01    0.416074654587484645E+02   -0.981151566050018005E+03   -0.100451535193769637E+02    1
    0.259248151173953465E+04    0.399351973216765366E+01    0.212274220765490611E+02   -0.979189092625709236E+03   -0.100551535193769475E+02    1
    0.257757043611871950E+04    0.372239600550535688E+01    0.275101397580628912E+02   -0.979003804248285519E+03   -0.100651535193769543E+02    1
    0.262109438092470009E+04    0.314463714513400427E+01    0.201038065770158738E+02   -0.978409969657139868E+03   -0.100751535193769577E+02    1
    0.261348765271557704E+04    0.354988429887806500E+01    0.202267684173686320E+02   -0.978306007197325926E+03   -0.100851535193769539E+02    1
    0.254425259969783792E+04    0.304975195070458938E+01    0.190361443815048546E+02   -0.977771117034806252E+03   -0.100951535193769484E+02    1
    0.152543468877236774E+04    0.284670936979811984E+01    0.426706134259223120E+02   -0.977189706596952192E+03   -0.101051535193769499E+02    1
    0.255747364612254933E+04    0.364827281053231767E+01    0.443179743166227809E+02   -0.976792643898862366E+03   -0.101151535193769551E+02    1
    0.151815256226651491E+04    0.265905950134433988E+01    0.231944846995523477E+02   -0.976739540195905420E+03   -0.101251535193769566E+02    1
    0.255586261934220420E+04    0.402825289771784156E+01    0.247758527517030700E+02   -0.976298960416887780E+03   -0.101351535193769582E+02    1
    0.249839758234914052E+04    0.315944198219052197E+01    0.236877645906992171E+02   -0.975569606729519705E+03   -0.101451535193769562E+02    1
    0.250525013507113545E+04    0.340351044013722204E+01    0.473648666854350324E+02   -0.975023411023951212E+03   -0.101551535193769507E+02    1
    0.261859153203692676E+04    0.321989800289747663E+01    0.235971615683268539E+02   -0.974836576274329673E+03   -0.101651535193769487E+02    1
    0.150979249288695496E+04    0.279665612942589181E+01    0.341179342601027429E+02   -0.973613854225637624E+03   -0.101751535193769485E+02    1
    0.246292749047279358E+04    0.361742848157882690E+01    0.175880551338195801E+02   -0.973508718012518898E+03   -0.101851535193769500E+02    1
    0.258925460700756139E+04    0.399027403153045368E+01    0.214015773536902429E+02   -0.973426819278633729E+03   -0.101951535193769534E+02    1
    0.247430187314538944E+04    0.370590034775767929E+01    0.229011278864723664E+02   -0.971390786930208606E+03   -0.102051535193769531E+02    1
    0.146718804114711202E+04    0.295388600709747529E+01    0.245439159617174170E+02   -0.969915978838824799E+03   -0.102151535193769565E+02    1
    0.256617263401589389E+04    0.374031381377081829E+01    0.275210857519403618E+02   -0.968785845411721652E+03   -0.102251535193769545E+02    1
    0.251887273422317367E+04    0.342687711716781918E+01    0.480391530313303861E+02   -0.968766853786343745E+03   -0.102351535193769507E+02    1
    0.251576147319542315E+04    0.353554448499934892E+01    0.290579029235901487E+02   -0.968124456845519830E+03   -0.102451535193769541E+02    1
    0.155307863227661937E+04    0.380395463039167536E+01    0.347269708098284866E+02   -0.968016404691291541E+03   -0.102551535193769521E+02    1
    0.254251915110328355E+04    0.336200524321956085E+01    0.455802903484666047E+02   -0.967438937065841856E+03   -0.102651535193769536E+02    1
    0.254696218936678815E+04    0.321179456941353703E+01    0.265759662581239695E+02   -0.966184831043882355E+03   -0.102751535193769570E+02    1
    0.251729122314226697E+04    0.361411166349698565E+01    0.462665443822008911E+02   -0.965386531273216292E+03   -0.102851535193769532E+02    1
    0.259465141224961235E+04    0.317905604085998394E+01    0.248945023688089009E+02   -0.965300775438803157E+03   -0.102951535193769512E+02    1
    0.256463902667484581E+04    0.382601603443071170E+01    0.145076846032600031E+02   -0.965053714025939598E+03   -0.103051535193769492E+02    1
    0.255033816796952124E+04    0.341460064038395616E+01    0.445902077044434009E+02   -0.964531813773496879E+03   -0.103151535193769526E+02    1
    0.148457932714749973E+04    0.295015733421225779E+01    0.425310134934185271E+02   -0.961276776143252732E+03   -0.103251535193769541E+02    1
    0.159893282901727957E+04    0.394318104571934036E+01    0.503349435707993678E+02   -0.961153496235777538E+03   -0.103351535193769539E+02    1
    0.160712926492748511E+04    0.387205166829077196E+01    0.515994577368713010E+02   -0.960148422237689260E+03   -0.103451535193769555E+02    1
    0.261598713430677526E+04    0.321822116355905408E+01    0.201812084941287821E+02   -0.960110471994401223E+03   -0.103551535193769570E+02    1
    0.252098428450033225E+04    0.380632270391892114E+01    0.149503794047696488E+02   -0.959979813270664295E+03   -0.103651535193769533E+02    1
    0.154904385716968545E+04    0.383267836083262026E+01    0.268983257528457642E+02   -0.959941687056239971E+03   -0.103751535193769513E+02    1
    0.261066229354764982E+04    0.345291791432703565E+01    0.204982668742376859E+02   -0.959064491301613884E+03   -0.103851535193769564E+02    1
    0.248328496592919873E+04    0.364296848648543392E+01    0.252177772410517207E+02   -0.957789053810721271E+03   -0.103951535193769562E+02    1
    0.252168761273560722E+04    0.317830761725425948E+01    0.168013624875628977E+02   -0.956715271482602020E+03   -0.104051535193769507E+02    1
    0.249974457399918856E+04    0.317180838016474009E+01    0.202784279449983842E+02   -0.955873515465507694E+03   -0.104151535193769558E+02    1
    0.252796141377494132E+04    0.344200267038220531E+01    0.445552060283945650E+02   -0.955864414856791200E+03   -0.104251535193769538E+02    1
    0.254879321815523144E+04    0.402980981120787529E+01    0.212561229515315802E+02   -0.954555005298622291E+03   -0.104351535193769482E+02    1
    0.256966632425561511E+04    0.369949710318491309E+01    0.145955320428331419E+02   -0.954397662830474246E+03   -0.104451535193769534E+02    1
    0.247132311992234190E+04    0.361759493462647130E+01    0.234895350442968294E+02   -0.954275821279055890E+03   -0.104551535193769531E+02    1
    0.160769385159929084E+04    0.385681875081633496E+01    0.340904935386977002E+02   -0.953635498860195639E+03   -0.104651535193769529E+02    1
    0.160446013750482280E+04    0.392708519818865698E+01    0.306140530786214526E+02   -0.953401680305819355E+03   -0.104751535193769580E+02    1
    0.252785080340401237E+04    0.336186808639748946E+01    0.136512113701356697E+02   -0.953243708775139794E+03   -0.104851535193769543E+02    1
    0.254058954715728760E+04    0.396932232379913330E+01    0.236009240150451660E+02   -0.952840781028440574E+03   -0.104951535193769523E+02    1
    0.259812945293159464E+04    0.329673826852661556E+01    0.162712160259574432E+02   -0.952709758451039193E+03   -0.105051535193769539E+02    1
    0.257678363075030938E+04    0.364310000572557735E+01    0.151549054050278471E+02   -0.950724724924362135E+03   -0.105151535193769536E+02    1
    0.259711754153473157E+04    0.360238081652248399E+01    0.226226153117134174E+02   -0.948809674155431594E+03   -0.105251535193769499E+02    1
    0.254937576487203205E+04    0.335758084745832663E+01    0.273574997623854586E+02   -0.947548118606645403E+03   -0.105351535193769514E+02    1
    0.254726296590603715E+04    0.383127414129292276E+01    0.152414946715488213E+02   -0.947488318480515090E+03   -0.105451535193769512E+02    1
    0.160221209902351734E+04    0.404269266769837898E+01    0.227016530701146735E+02   -0.947032397488805714E+03   -0.105551535193769528E+02    1
    0.255141605144738651E+04    0.372607835741093130E+01    0.267017243063108651E+02   -0.943964613083747963E+03   -0.105651535193769543E+02    1
    0.254969288781467094E+04    0.333394500576388797E+01    0.269000510562720194E+02   -0.943735475346394651E+03   -0.105751535193769524E+02    1
    0.161291085572024781E+04    0.403549662107828322E+01    0.226682904553148177E+02   -0.943093455585617676E+03   -0.105851535193769575E+02    1
    0.155104913118892500E+04    0.375945573193148341E+01    0.190635823928414112E+02   -0.942937236937207672E+03   -0.105951535193769573E+02    1
    0.247695804294994832E+04    0.353005278247075083E+01    0.253156662821710512E+02   -0.941986345065824935E+03   -0.106051535193769570E+02    1
    0.149706908794690389E+04    0.275457636072313106E+01    0.347343359819193154E+02   -0.941379621650050581E+03   -0.106151535193769551E+02    1
    0.257790795439684462E+04    0.349001416456682723E+01    0.259192055505261578E+02   -0.940821063142386265E+03   -0.106251535193769495E+02    1
    0.256270758834568505E+04    0.353712947058223115E+01    0.269967467903783103E+02   -0.940481093827711561E+03   -0.106351535193769458E+02    1
    0.258870421109802464E+04    0.354223000296367907E+01    0.241024492858490333E+02   -0.940324978265570621E+03   -0.106451535193769526E+02    1
    0.254542387768028811E+04    0.391168647353112942E+01    0.238923395064403365E+02   -0.940007373517209544E+03   -0.106551535193769560E+02    1
    0.250252306521818809E+04    0.378774561763120632E+01    0.197912433201450852E+02   -0.939359205030766816E+03   -0.106651535193769540E+02    1
    0.247249955773209331E+04    0.356241982879824004E+01    0.237242111340855359E+02   -0.939324462743650884E+03   -0.106751535193769556E+02    1
    0.257248224357620666E+04    0.315912918406002863E+01    0.218198822581811953E+02   -0.938221845675806435E+03   -0.106851535193769500E+02    1
    0.256164861351975287E+04    0.395323271427205380E+01    0.193658491875098377E+02   -0.937907002094562358E+03   -0.106951535193769480E+02    1
    0.250398271138852215E+04    0.379300914297585257E+01    0.206831743374385866E+02   -0.937421229264739736E+03   -0.107051535193769549E+02    1
    0.256141472304190211E+04    0.386568965571742496E+01    0.173346097483520651E+02   -0.934691338841085553E+03   -0.107151535193769494E+02    1
    0.255413496902779843E+04    0.347717023933052172E+01    0.271372923391224816E+02   -0.934423642816123447E+03   -0.107251535193769456E+02    1
    0.151286869372226647E+04    0.271907546488313123E+01    0.305548315121251335E+02   -0.933970729296656259E+03   -0.107351535193769543E+02    1
    0.255902835256573371E+04    0.375371188972730252E+01    0.157959818285710014E+02   -0.933859149996220026E+03   -0.107451535193769505E+02    1
    0.259209861801874104E+04    0.355321926804114741E+01    0.208539591010208625E+02   -0.932669556802324450E+03   -0.107551535193769414E+02    1
    0.248889986012143436E+04    0.341342165443481216E+01    0.164129503431930317E+02   -0.932145036602852429E+03   -0.107651535193769483E+02    1
    0.149280973744926359E+04    0.280537159601030250E+01    0.132891971220692398E+02   -0.931840200579614589E+03   -0.107751535193769499E+02    1
    0.254721942691321510E+04    0.317325100872897625E+01    0.219176229020946494E+02   -0.931766693013464419E+03   -0.107851535193769426E+02    1
    0.257957440116498265E+04    0.362165287707667183E+01    0.170863239675243364E+02   -0.931756706809332741E+03   -0.107951535193769441E+02    1
    0.250272494942897492E+04    0.359819972347341865E+01    0.153591081696503409E+02   -0.929936123746113481E+03   -0.108051535193769528E+02    1
    0.252953291095393615E+04    0.386172392595185388E+01    0.229336284180294143E+02   -0.929532678701549003E+03   -0.108151535193769561E+02    1
    0.246511024951799436E+04    0.348482213712718547E+01    0.210448252189815719E+02   -0.929479242660777345E+03   -0.108251535193769524E+02    1
    0.156589301273959632E+04    0.384099839275456878E+01    0.320211324475094443E+02   -0.929474518163356151E+03   -0.108351535193769521E+02    1
    0.259012969377748323E+04    0.338440569517748369E+01    0.236821947520756027E+02   -0.929040716739351865E+03   -0.108451535193769519E+02    1
    0.151562943845318819E+04    0.273387852794041475E+01    0.294490199296704702E+02   -0.928832558426084006E+03   -0.108551535193769482E+02    1
    0.257760760714824664E+04    0.325556645348603624E+01    0.235136556077258660E+02   -0.927699052167750892E+03   -0.108651535193769480E+02    1
    0.253013309799991748E+04    0.385595818601535889E+01    0.229197504999586243E+02   -0.927596454305661382E+03   -0.108751535193769477E+02    1
    0.257781530236964227E+04    0.374813128763987358E+01    0.188680166132208456E+02   -0.927540700297208787E+03   -0.108851535193769493E+02    1
    0.147581433160295182E+04    0.293887999765689756E+01    0.335926237396363945E+02   -0.927448600931070587E+03   -0.108951535193769473E+02    1
    0.251188884144780786E+04    0.370855642356204207E+01    0.165089974749905934E+02   -0.926757284555768820E+03   -0.109051535193769453E+02    1
    0.251988322491083045E+04    0.323304291844248048E+01    0.185393577153327698E+02   -0.926698060360487261E+03   -0.109151535193769469E+02    1
    0.255299415951597530E+04    0.373085819309440136E+01    0.253715963840161862E+02   -0.926684006427336953E+03   -0.109251535193769485E+02    1
    0.159692273170688986E+04    0.395551866762348103E+01    0.276592018677143159E+02   -0.926373485800929075E+03   -0.109351535193769500E+02    1
    0.254875405875872548E+04    0.377568645448609130E+01    0.249007892194371436E+02   -0.925716045232761871E+03   -0.109451535193769498E+02    1
    0.159955490437098410E+04    0.379188012420896570E+01    0.449946804194734113E+02   -0.925661861846954480E+03   -0.109551535193769460E+02    1
    0.157074586810394385E+04    0.390229972198711517E+01    0.374735231334771015E+02   -0.924915991082794335E+03   -0.109651535193769440E+02    1
    0.155965529914213903E+04    0.384959836549033163E+01    0.468297597389280611E+02   -0.924564864496077007E+03   -0.109751535193769456E+02    1
    0.256224674308924295E+04    0.379718628449275375E+01    0.236023855106764557E+02   -0.923471596325425253E+03   -0.109851535193769454E+02    1
    0.256474158280040319E+04    0.347289977507394187E+01    0.156258070983034969E+02   -0.923145000284428647E+03   -0.109951535193769434E+02    1
    0.257280549888796850E+04    0.322079244737032866E+01    0.195166528088488178E+02   -0.922990254736395173E+03   -0.110051535193769485E+02    1
    0.151868738830557481E+04    0.274622071854530292E+01    0.398896427848982569E+02   -0.922942832043147860E+03   -0.110151535193769536E+02    1
    0.151529099875459406E+04    0.268068351841305397E+01    0.160277899745569101E+02   -0.922790857000347387E+03   -0.110251535193769499E+02    1
    0.251993388198715274E+04    0.349743774780161765E+01    0.269962184394966158E+02   -0.922585355078550492E+03   -0.110351535193769461E+02    1
    0.258766906643491347E+04    0.327107373798949919E+01    0.207579688095240726E+02   -0.921498533979813487E+03   -0.110451535193769441E+02    1
    0.255789158561856766E+04    0.378060342587504827E+01    0.172217049630742309E+02   -0.921412622545550335E+03   -0.110551535193769439E+02    1
    0.254198978027995827E+04    0.384547844310392595E+01    0.231422041719698370E+02   -0.921331157386495079E+03   -0.110651535193769455E+02    1
    0.155979263022090436E+04    0.386837951639363320E+01    0.442075375341389645E+02   -0.920126923269659073E+03   -0.110751535193769488E+02    1
    0.249639414456572285E+04    0.363800264386707806E+01    0.235863725412790615E+02   -0.919660812397814084E+03   -0.110851535193769504E+02    1
    0.151154203953457659E+04    0.278177019017770455E+01    0.437721379935711354E+02   -0.919318113545716187E+03   -0.110951535193769502E+02    1
    0.255623681373811905E+04    0.345576801072683848E+01    0.154842826652646721E+02   -0.918192849751882477E+03   -0.111051535193769553E+02    1
    0.257238641741328092E+04    0.375748815467924802E+01    0.203298426546648159E+02   -0.917734388838773157E+03   -0.111151535193769551E+02    1
    0.256324775429884676E+04    0.353205950053168483E+01    0.252265539116222897E+02   -0.916884419388808510E+03   -0.111251535193769460E+02    1
    0.255822287602573942E+04    0.375232963365444849E+01    0.236803316837127511E+02   -0.915438945210806310E+03   -0.111351535193769493E+02    1
    0.156038526097862314E+04    0.382946525674481997E+01    0.467538906060457009E+02   -0.914414993943899958E+03   -0.111451535193769491E+02    1
    0.256906797832659458E+04    0.350271593234202872E+01    0.244012142546093287E+02   -0.913865267883407114E+03   -0.111551535193769507E+02    1
    0.248498675663191898E+04    0.359598553025113432E+01    0.199569327247845081E+02   -0.913205114967949839E+03   -0.111651535193769469E+02    1
    0.248716386292124389E+04    0.342378159001187177E+01    0.185868929026022016E+02   -0.913062568346515945E+03   -0.111751535193769467E+02    1
    0.257714085639788391E+04    0.331685941509434468E+01    0.224982880678023633E+02   -0.912847524818643478E+03   -0.111851535193769482E+02    1
    0.257652653464932609E+04    0.357915679434300049E+01    0.190910756289407857E+02   -0.912494151944195664E+03   -0.111951535193769498E+02    1
    0.147205066537572065E+04    0.271400414734200179E+01    0.322967325792648694E+02   -0.912156607973174687E+03   -0.112051535193769514E+02    1
    0.251213937601339512E+04    0.360937673521719171E+01    0.250698378010376643E+02   -0.911968388541778609E+03   -0.112151535193769529E+02    1
    0.250296273286728137E+04    0.344897438840424275E+01    0.250813580616980829E+02   -0.911432546974444222E+03   -0.112251535193769527E+02    1
    0.255565339243782228E+04    0.380125035626363728E+01    0.221888815298746778E+02   -0.911412076502611171E+03   -0.112351535193769525E+02    1
    0.250237110407681848E+04    0.363922246893056256E+01    0.179007794208466038E+02   -0.910282104045982692E+03   -0.112451535193769505E+02    1
    0.258174924540962365E+04    0.337826110844217808E+01    0.197504893894451214E+02   -0.909795289036610029E+03   -0.112551535193769485E+02    1
    0.251459412388732108E+04    0.362527626850656359E+01    0.248150117720298340E+02   -0.909713738898541123E+03   -0.112651535193769465E+02    1
    0.251991514571378502E+04    0.331864100184464261E+01    0.234457513087887719E+02   -0.909386102279426382E+03   -0.112751535193769428E+02    1
    0.255881578755989358E+04    0.336008051355638093E+01    0.171386303395574657E+02   -0.908632640127471404E+03   -0.112851535193769514E+02    1
    0.161070653242429557E+04    0.397264717429125014E+01    0.167751470713725297E+02   -0.908475559236087065E+03   -0.112951535193769441E+02    1
    0.155520558299482309E+04    0.384328496334288516E+01    0.250997839245983982E+02   -0.908232715938129786E+03   -0.113051535193769475E+02    1
    0.155579458063765605E+04    0.383657012294640642E+01    0.160909561917377886E+02   -0.908134887793239614E+03   -0.113151535193769508E+02    1
    0.253356534529124883E+04    0.360077922589506461E+01    0.254113148951910830E+02   -0.907166379022259434E+03   -0.113251535193769524E+02    1
    0.249340911795961847E+04    0.356112041665413326E+01    0.235008223967465852E+02   -0.906313998033472558E+03   -0.113351535193769486E+02    1
    0.157101039433347160E+04    0.388927658181118474E+01    0.383220623477772619E+02   -0.906254753966961289E+03   -0.113451535193769519E+02    1
    0.250375030950613336E+04    0.360045521165872895E+01    0.173447234894725852E+02   -0.905772326316353883E+03   -0.113551535193769464E+02    1
    0.252872894450782951E+04    0.349127227475954527E+01    0.154307816404624987E+02   -0.905709561714480515E+03   -0.113651535193769444E+02    1
    0.256791343131161148E+04    0.363113490110673842E+01    0.223528380133150080E+02   -0.905027781085925653E+03   -0.113751535193769477E+02    1
    0.149366437037219953E+04    0.263419170710195516E+01    0.329360888035689641E+02   -0.905024532072166949E+03   -0.113851535193769493E+02    1
    0.255380301092862328E+04    0.368529315553640835E+01    0.176200613638663555E+02   -0.904698553209104830E+03   -0.113951535193769544E+02    1
    0.253637960974325551E+04    0.378184877533180286E+01    0.219992521017630054E+02   -0.904587365860605701E+03   -0.114051535193769453E+02    1
    0.161296219201768326E+04    0.397641080076570574E+01    0.200871424310522571E+02   -0.903954047786870774E+03   -0.114151535193769433E+02    1
    0.156257611022192418E+04    0.387271103545189899E+01    0.146193925832838403E+02   -0.903225576885597548E+03   -0.114251535193769502E+02    1
    0.253281700636472215E+04    0.361979227352051414E+01    0.248842877952781407E+02   -0.902990119344601226E+03   -0.114351535193769465E+02    1
    0.254579227652620193E+04    0.341344844170533879E+01    0.247672382016935160E+02   -0.902873697561215067E+03   -0.114451535193769427E+02    1
    0.149177940355455166E+04    0.261286410734771302E+01    0.302870133361483909E+02   -0.901733459652736201E+03   -0.114551535193769425E+02    1
    0.257359201990622751E+04    0.341660063025193983E+01    0.217625592303424327E+02   -0.901411353253487505E+03   -0.114651535193769476E+02    1
    0.255554282439943563E+04    0.331548772212771237E+01    0.189198103729797396E+02   -0.901245605283326540E+03   -0.114751535193769509E+02    1
    0.251019457740261259E+04    0.357326299041702899E+01    0.167765984017701868E+02   -0.901232646990119292E+03   -0.114851535193769489E+02    1
    0.255070517886733342E+04    0.364086226226622323E+01    0.173363524398949380E+02   -0.901003576166371772E+03   -0.114951535193769505E+02    1
    0.161382873338744139E+04    0.396792257928282766E+01    0.202259097453637509E+02   -0.900957791742401696E+03   -0.115051535193769467E+02    1
    0.252683010497708483E+04    0.337790868050480420E+01    0.171764343566004527E+02   -0.900905808311995770E+03   -0.115151535193769430E+02    1
    0.254627283139187603E+04    0.329595369497841828E+01    0.194260849059325409E+02   -0.900874501474914837E+03   -0.115251535193769428E+02    1
    0.253751133662113944E+04    0.343812146678689556E+01    0.163525942331567649E+02   -0.900571630440542776E+03   -0.115351535193769426E+02    1
    0.161771257633720415E+04    0.388368382659082112E+01    0.186694721443249705E+02   -0.900032471299915869E+03   -0.115451535193769423E+02    1
    0.250265387350002038E+04    0.363707372229644710E+01    0.212671190548158648E+02   -0.899931593660368662E+03   -0.115551535193769439E+02    1
    0.254031123318020354E+04    0.350881875599132131E+01    0.161084062467178484E+02   -0.899621974358622538E+03   -0.115651535193769455E+02    1
    0.147176016449483791E+04    0.278224245099187995E+01    0.355930496214888024E+02   -0.899207132034612869E+03   -0.115751535193769453E+02    1
    0.251358186440484815E+04    0.362540385413151345E+01    0.236328044508681501E+02   -0.898864065789086681E+03   -0.115851535193769433E+02    1
    0.151331623987607168E+04    0.268908010343405390E+01    0.157655721272781619E+02   -0.897691933314954213E+03   -0.115951535193769448E+02    1
    0.255242192586374404E+04    0.353063184831953691E+01    0.242761004534856966E+02   -0.897576300299420609E+03   -0.116051535193769446E+02    1
    0.255298190391495791E+04    0.359370682498750504E+01    0.175544808296701547E+02   -0.897203105189319899E+03   -0.116151535193769408E+02    1
    0.255522532452928181E+04    0.336449806556489150E+01    0.229645205148795668E+02   -0.897112865672015459E+03   -0.116251535193769424E+02    1
    0.249795418989636391E+04    0.356911471461533658E+01    0.186145355713198626E+02   -0.897080066778685250E+03   -0.116351535193769458E+02    1
    0.158600424724195705E+04    0.376760512407490955E+01    0.449505597411910571E+02   -0.896782507676912246E+03   -0.116451535193769455E+02    1
    0.151964640010246694E+04    0.275668278479015694E+01    0.243756250142025834E+02   -0.896480459532255395E+03   -0.116551535193769418E+02    1
    0.150835008888643688E+04    0.274282648506614901E+01    0.387958852288934679E+02   -0.896164012563825054E+03   -0.116651535193769451E+02    1
    0.255159415095073655E+04    0.367847311127880428E+01    0.186366893083358178E+02   -0.896144732652752054E+03   -0.116751535193769502E+02    1
    0.159634801321331042E+04    0.381500510915481428E+01    0.452254062151893379E+02   -0.895635043482071637E+03   -0.116851535193769465E+02    1
    0.146953439476343692E+04    0.282102656022306597E+01    0.282155254123332213E+02   -0.895267497217987284E+03   -0.116951535193769445E+02    1
    0.149889687833988273E+04    0.268368395180109243E+01    0.361406591131471657E+02   -0.894717459805285216E+03   -0.117051535193769460E+02    1
    0.250178913468801784E+04    0.355923198987684586E+01    0.230439842604536835E+02   -0.894095677917373223E+03   -0.117151535193769476E+02    1
    0.253618237572489033E+04    0.372980525328703294E+01    0.200810207825078209E+02   -0.893758749869243729E+03   -0.117251535193769456E+02    1
    0.149868135892038663E+04    0.262565334414593687E+01    0.366521733706384509E+02   -0.893537058774674165E+03   -0.117351535193769418E+02    1
    0.256667485387853412E+04    0.347885990991552108E+01    0.210954337541772645E+02   -0.893517237422327753E+03   -0.117451535193769399E+02    1
    0.252421215994029217E+04    0.335998066822228347E+01    0.225661074063101523E+02   -0.893417016486117745E+03   -0.117551535193769414E+02    1
    0.159118708295739748E+04    0.379465524136054722E+01    0.455259787261014708E+02   -0.893165472547723311E+03   -0.117651535193769430E+02    1
    0.156194355687379107E+04    0.389701685734541492E+01    0.213913297753260991E+02   -0.892027198513113603E+03   -0.117751535193769463E+02    1
    0.150216055715255197E+04    0.268709782427220922E+01    0.123728119061187130E+02   -0.891483987439355815E+03   -0.117851535193769479E+02    1
    0.255837070397287061E+04    0.360747241802287011E+01    0.197473410748540346E+02   -0.891264839824059663E+03   -0.117951535193769459E+02    1
    0.251676257306304342E+04    0.363821527946933276E+01    0.225181490295522906E+02   -0.891251317976909718E+03   -0.118051535193769439E+02    1
    0.253154637206263487E+04    0.333737360366898583E+01    0.207904060742138341E+02   -0.891163540465616165E+03   -0.118151535193769472E+02    1
    0.252735712934168396E+04    0.356708924865637345E+01    0.170488502779615203E+02   -0.891070373153070818E+03   -0.118251535193769470E+02    1
    0.254273292718278663E+04    0.350868290558386642E+01    0.243232830799688458E+02   -0.891030888920862139E+03   -0.118351535193769397E+02    1
    0.161629686915659454E+04    0.386185368576487598E+01    0.203791995767957701E+02   -0.890720065670312351E+03   -0.118451535193769431E+02    1
    0.253228917809759605E+04    0.350592288765785653E+01    0.246525390503745001E+02   -0.890597002531084399E+03   -0.118551535193769446E+02    1
    0.249512573617893304E+04    0.354653280523715519E+01    0.203384905835166450E+02   -0.890549562477936320E+03   -0.118651535193769391E+02    1
    0.160456379725500096E+04    0.396385962684964444E+01    0.240055341735027810E+02   -0.890221700463993102E+03   -0.118751535193769389E+02    1
    0.146228767683714273E+04    0.267450006548379360E+01    0.208068026350459689E+02   -0.890069797349313603E+03   -0.118851535193769422E+02    1
    0.250448842195987390E+04    0.352902848600119778E+01    0.234411653187289062E+02   -0.890029158130710130E+03   -0.118951535193769455E+02    1
    0.147176180423429946E+04    0.282071093078832735E+01    0.114817351465133157E+02   -0.889574313304605312E+03   -0.119051535193769453E+02    1
    0.250916329848273745E+04    0.340552156412910367E+01    0.219059665165306257E+02   -0.889537935953111287E+03   -0.119151535193769504E+02    1
    0.252607184252207844E+04    0.355297883510886514E+01    0.171038585627727286E+02   -0.889395232730289763E+03   -0.119251535193769467E+02    1
    0.148920280225077568E+04    0.277265763608051996E+01    0.331301401177645118E+02   -0.889248959857984119E+03   -0.119351535193769447E+02    1
    0.156511964709866970E+04    0.383649476629338038E+01    0.453962926813404977E+02   -0.889055789330114294E+03   -0.119451535193769427E+02    1
    0.253005118147292933E+04    0.364671601065872197E+01    0.227424230671070546E+02   -0.888442578263489281E+03   -0.119551535193769443E+02    1
    0.255196957827079450E+04    0.347403257659640996E+01    0.230973517398090706E+02   -0.887708784210054318E+03   -0.119651535193769440E+02    1
    0.252645673555845860E+04    0.347553884021761128E+01    0.171333983590833157E+02   -0.887660481927197452E+03   -0.119751535193769421E+02    1
    0.255376585745938974E+04    0.361483507355873135E+01    0.213754347456911518E+02   -0.887657426789864644E+03   -0.119851535193769418E+02    1
    0.252591673964730035E+04    0.356134979992202139E+01    0.173852118131300415E+02   -0.887623072984655437E+03   -0.119951535193769452E+02    1
    0.251516212135191108E+04    0.362493574714188327E+01    0.193030561046522564E+02   -0.887615695279738702E+03   -0.120051535193769467E+02    1
    0.254333237714099960E+04    0.336772984843138712E+01    0.211692163072878685E+02   -0.886439593963308084E+03   -0.120151535193769430E+02    1
    0.147800553336603343E+04    0.289038916567215676E+01    0.357571684677963901E+02   -0.886335779411889462E+03   -0.120251535193769445E+02    1
    0.158353285539849639E+04    0.385450354256157368E+01    0.293983923448205360E+02   -0.886193298146655252E+03   -0.120351535193769426E+02    1
    0.251401827920503501E+04    0.352572458927505439E+01    0.176812202692039193E+02   -0.885034517334953080E+03   -0.120451535193769441E+02    1
    0.250624134194195631E+04    0.345019010752938549E+01    0.193488940486292478E+02   -0.884206181710706005E+03   -0.120551535193769492E+02    1
    0.251259891250207193E+04    0.341984958713012421E+01    0.201186953029798019E+02   -0.883194514636233976E+03   -0.120651535193769472E+02    1
    0.251496543137364324E+04    0.359648511698741791E+01    0.194857943132744396E+02   -0.882952208750168211E+03   -0.120751535193769470E+02    1
    0.149103533026520131E+04    0.280716529196205444E+01    0.161970486574351895E+02   -0.882801587319814644E+03   -0.120851535193769504E+02    1
    0.249891912502252717E+04    0.348427462541806099E+01    0.207953595873213004E+02   -0.882625573222189018E+03   -0.120951535193769466E+02    1
    0.255312257785405700E+04    0.353962918061991605E+01    0.211804385154723036E+02   -0.882451423819643196E+03   -0.121051535193769411E+02    1
    0.148230561577611047E+04    0.266650414110070111E+01    0.334330555433207053E+02   -0.882258829991064886E+03   -0.121151535193769444E+02    1
    0.254015529725425495E+04    0.344002582382227695E+01    0.187277977062396417E+02   -0.881611628886275867E+03   -0.121251535193769460E+02    1
    0.254248043756649440E+04    0.356592434378793577E+01    0.187923822281067032E+02   -0.881427627997554850E+03   -0.121351535193769386E+02    1
    0.160986585960354819E+04    0.391866357294299572E+01    0.251444365574480173E+02   -0.881410860128456193E+03   -0.121451535193769420E+02    1
    0.254728603689066449E+04    0.353301012396116398E+01    0.189906089117218357E+02   -0.881297847895772293E+03   -0.121551535193769453E+02    1
    0.158219209097383236E+04    0.391797393963413842E+01    0.260867513773199562E+02   -0.881210747466689440E+03   -0.121651535193769433E+02    1
    0.156998125214044398E+04    0.378361737134274678E+01    0.383150420142046926E+02   -0.881137524705613259E+03   -0.121751535193769413E+02    1
    0.161025754108767933E+04    0.392191864349218955E+01    0.164494048773694317E+02   -0.881068278643820804E+03   -0.121851535193769358E+02    1
    0.254508089223937259E+04    0.341747559395401179E+01    0.211204456908552913E+02   -0.880728224915677856E+03   -0.121951535193769427E+02    1
    0.158556506295848226E+04    0.377951986432771747E+01    0.431591553118316540E+02   -0.880620738798077127E+03   -0.122051535193769496E+02    1
    0.157545819785389813E+04    0.391790818774827532E+01    0.167318287283969340E+02   -0.880079430378455299E+03   -0.122151535193769423E+02    1
    0.157295887769688716E+04    0.391333138322390273E+01    0.170092961012285429E+02   -0.879962934222609988E+03   -0.122251535193769385E+02    1
    0.250472044485993638E+04    0.347090350084073984E+01    0.206407875877962681E+02   -0.879822427775638857E+03   -0.122351535193769383E+02    1
    0.252532948895188838E+04    0.351693147807970430E+01    0.233253706157926786E+02   -0.879299356403839056E+03   -0.122451535193769416E+02    1
    0.253801052895572957E+04    0.361424904262541080E+01    0.206950463469339354E+02   -0.879295150822021924E+03   -0.122551535193769450E+02    1
    0.148704229183443431E+04    0.281998847332580649E+01    0.369203700922622886E+02   -0.879161431855696264E+03   -0.122651535193769465E+02    1
    0.160056648149763805E+04    0.380753975368583708E+01    0.231788103286039870E+02   -0.878722749567505616E+03   -0.122751535193769445E+02    1
    0.253924828779808922E+04    0.343158805172211068E+01    0.213962787028512764E+02   -0.877979642799134581E+03   -0.122851535193769408E+02    1
    0.146423385557545657E+04    0.271236824695230139E+01    0.217881894173188613E+02   -0.877044166859378720E+03   -0.122951535193769388E+02    1
    0.251437894108888122E+04    0.352437234843654368E+01    0.222791543496675786E+02   -0.876467003337456276E+03   -0.123051535193769421E+02    1
    0.156531381457714679E+04    0.388643940700402624E+01    0.235947595055050243E+02   -0.876455063103758903E+03   -0.123151535193769419E+02    1
    0.253744663062237578E+04    0.354457763685255767E+01    0.218131426190291364E+02   -0.875346897613249439E+03   -0.123251535193769381E+02    1
    0.160026097140294223E+04    0.391052210628625785E+01    0.158712064600920968E+02   -0.875069592226134660E+03   -0.123351535193769379E+02    1
    0.159465759245638151E+04    0.386761512716838762E+01    0.411083046866082213E+02   -0.874807532355578132E+03   -0.123451535193769395E+02    1
    0.159050106329433720E+04    0.387304140504983696E+01    0.398694265746879069E+02   -0.874806585102467807E+03   -0.123551535193769428E+02    1
    0.147653480723451594E+04    0.290737365918312740E+01    0.470134806682401916E+02   -0.874739297372304918E+03   -0.123651535193769408E+02    1
    0.156576777723338091E+04    0.380240618220976945E+01    0.274151661734294265E+02   -0.873970019878594258E+03   -0.123751535193769424E+02    1
    0.155873434593015372E+04    0.380171523785876442E+01    0.197748026429345600E+02   -0.873848287609163435E+03   -0.123851535193769422E+02    1
    0.160429470865050325E+04    0.384430804244953928E+01    0.255685413887695603E+02   -0.872436748650068125E+03   -0.123951535193769384E+02    1
    0.149286528033446211E+04    0.270398319169601198E+01    0.361379018919829207E+02   -0.872042275171210349E+03   -0.124051535193769382E+02    1
    0.253672133981081788E+04    0.351319208724746845E+01    0.209211410526715156E+02   -0.871697521985813296E+03   -0.124151535193769398E+02    1
    0.147323969151601000E+04    0.290177506952784325E+01    0.432961366533711782E+02   -0.871636761594697305E+03   -0.124251535193769431E+02    1
    0.158155230204431064E+04    0.382952920356036852E+01    0.381438766965804348E+02   -0.871460125531957260E+03   -0.124351535193769447E+02    1
    0.158816836636342396E+04    0.381638125208725842E+01    0.447511050325756514E+02   -0.870866165763575964E+03   -0.124451535193769427E+02    1
    0.160306157508942215E+04    0.395091314564870189E+01    0.211143725640887396E+02   -0.869697174307887622E+03   -0.124551535193769389E+02    1
    0.159403290713892329E+04    0.386509521235448839E+01    0.270073189924774795E+02   -0.869679045179561172E+03   -0.124651535193769369E+02    1
    0.158723304814390167E+04    0.385806570103769042E+01    0.138632261697653831E+02   -0.869423461277385400E+03   -0.124751535193769385E+02    1
    0.158993194319037843E+04    0.387445968767361526E+01    0.415048157970491047E+02   -0.868745500088018048E+03   -0.124851535193769383E+02    1
    0.156245918671654044E+04    0.377970186157013144E+01    0.240060699909186042E+02   -0.867684953511211006E+03   -0.124951535193769399E+02    1
    0.147693064724607075E+04    0.281959814053995350E+01    0.351335819022845612E+02   -0.867140234767416587E+03   -0.125051535193769414E+02    1
    0.157695670902256006E+04    0.381006837110535468E+01    0.455506290666376401E+02   -0.866596779196599300E+03   -0.125151535193769394E+02    1
    0.146617965449877420E+04    0.271424746137449135E+01    0.165805977905801853E+02   -0.866110378929692274E+03   -0.125251535193769392E+02    1
    0.149873479601347685E+04    0.268752445229142634E+01    0.142875527230607418E+02   -0.865269866286551405E+03   -0.125351535193769408E+02    1
    0.150097041092362406E+04    0.269587375360609371E+01    0.154282475451719847E+02   -0.864292951304174039E+03   -0.125451535193769388E+02    1
    0.159993582709324187E+04    0.393231910828175302E+01    0.195910690601836848E+02   -0.864096781834332887E+03   -0.125551535193769404E+02    1
    0.159263492940503829E+04    0.385826723244704128E+01    0.150134583931912147E+02   -0.863629883061080363E+03   -0.125651535193769437E+02    1
    0.148435641006343053E+04    0.279819463126813961E+01    0.351975649190906665E+02   -0.863596866845958061E+03   -0.125751535193769470E+02    1
    0.159719632906976585E+04    0.387693900199965391E+01    0.159301954643650276E+02   -0.863576289535063097E+03   -0.125851535193769468E+02    1
    0.148914184303414140E+04    0.279298633317700551E+01    0.434946839293611447E+02   -0.863541728316928356E+03   -0.125951535193769413E+02    1
    0.158485181562048911E+04    0.384135964891042736E+01    0.400715802144684972E+02   -0.863228179771166651E+03   -0.126051535193769357E+02    1
    0.158892490583618337E+04    0.383699559747923180E+01    0.422109165437414902E+02   -0.863213672509265280E+03   -0.126151535193769408E+02    1
    0.158860486164072677E+04    0.383524033678164677E+01    0.423258866056654881E+02   -0.862854001203444113E+03   -0.126251535193769389E+02    1
    0.160512175655246733E+04    0.393529791444713029E+01    0.188883974203599223E+02   -0.862432412690732235E+03   -0.126351535193769404E+02    1
    0.157220048708067884E+04    0.382358005598969308E+01    0.415200096520792385E+02   -0.861861470527151482E+03   -0.126451535193769455E+02    1
    0.160465941957304562E+04    0.386291601529757678E+01    0.247517837672752705E+02   -0.861098485923678709E+03   -0.126551535193769382E+02    1
    0.146952319695623692E+04    0.275202087069698154E+01    0.140132063426680276E+02   -0.860824764005742850E+03   -0.126651535193769345E+02    1
    0.148687651391841177E+04    0.284927892589347254E+01    0.243483087947491441E+02   -0.859828158456399933E+03   -0.126751535193769378E+02    1
    0.151171122096645240E+04    0.274921424057171881E+01    0.206168861564253660E+02   -0.859487771287948362E+03   -0.126851535193769429E+02    1
    0.150461514389087370E+04    0.269221548913395337E+01    0.152755153100949599E+02   -0.859353933861286237E+03   -0.126951535193769462E+02    1
    0.149676073555376070E+04    0.265502416444417610E+01    0.385789251066889562E+02   -0.858786212262794834E+03   -0.127051535193769389E+02    1
    0.148837684871997953E+04    0.259233968271498139E+01    0.156791024217656485E+02   -0.858773006373699218E+03   -0.127151535193769352E+02    1
    0.157002864753140329E+04    0.382269635360637761E+01    0.267888562716356802E+02   -0.858186317680298998E+03   -0.127251535193769367E+02    1
    0.156854771504782320E+04    0.384827222788560608E+01    0.256322518445604572E+02   -0.857764814379301470E+03   -0.127351535193769383E+02    1
    0.147978249318378130E+04    0.260507191277445571E+01    0.150196735694549517E+02   -0.857707395490586691E+03   -0.127451535193769399E+02    1
    0.147748760510730881E+04    0.271155645624181085E+01    0.363687613145793307E+02   -0.857157282390185401E+03   -0.127551535193769396E+02    1
    0.158648227729697146E+04    0.383456282267957782E+01    0.269796176752069812E+02   -0.856833883426618058E+03   -0.127651535193769430E+02    1
    0.158242905374462998E+04    0.386969806058416577E+01    0.154680282399135507E+02   -0.852814185480252831E+03   -0.127751535193769410E+02    1
    0.149628388797372463E+04    0.263051430750108839E+01    0.409433888686879186E+02   -0.852379955308864965E+03   -0.127851535193769372E+02    1
    0.148781761603711357E+04    0.270335211298560596E+01    0.364996953026552546E+02   -0.852294947057769377E+03   -0.127951535193769352E+02    1
    0.157399876293862008E+04    0.381846448265343952E+01    0.153007523658662734E+02   -0.852092138086629006E+03   -0.128051535193769332E+02    1
    0.148063056265497835E+04    0.265772231640964396E+01    0.124383546947347270E+02   -0.852041839059159770E+03   -0.128151535193769330E+02    1
    0.148446595670188663E+04    0.284812283585822623E+01    0.147358961715439989E+02   -0.851705647611654854E+03   -0.128251535193769310E+02    1
    0.150346937848862353E+04    0.262333045982857227E+01    0.238926360432331677E+02   -0.850610805080163686E+03   -0.128351535193769379E+02    1
    0.149546649591115511E+04    0.274027100518990885E+01    0.236665327647099843E+02   -0.850601147147398933E+03   -0.128451535193769448E+02    1
    0.148256655743842703E+04    0.284473034091799226E+01    0.457812233330623712E+02   -0.850469736680676760E+03   -0.128551535193769428E+02    1
    0.148781061092719392E+04    0.278548845599793449E+01    0.390586428437703717E+02   -0.850274185742273858E+03   -0.128651535193769408E+02    1
    0.160092556426795431E+04    0.385690171863291109E+01    0.193592366957352340E+02   -0.850241704986081004E+03   -0.128751535193769406E+02    1
    0.149482725896453394E+04    0.270722910449927934E+01    0.423110987607697382E+02   -0.849945619899034000E+03   -0.128851535193769422E+02    1
    0.148048703848307036E+04    0.287529408381473450E+01    0.442442176575425208E+02   -0.849754120007520896E+03   -0.128951535193769384E+02    1
    0.147775524322427873E+04    0.258554997280055643E+01    0.219875114369725111E+02   -0.849305369313502638E+03   -0.129051535193769364E+02    1
    0.148357566025804499E+04    0.283518465444589340E+01    0.388997866439817415E+02   -0.848770185591343079E+03   -0.129151535193769416E+02    1
    0.158150963328433863E+04    0.384137005683574539E+01    0.264920385911370886E+02   -0.848260651381629259E+03   -0.129251535193769396E+02    1
    0.160681369979593046E+04    0.388937443766901580E+01    0.214940838856885250E+02   -0.847890258606484394E+03   -0.129351535193769358E+02    1
    0.158440900412850169E+04    0.379198274580693084E+01    0.245814629289209421E+02   -0.847535031137565056E+03   -0.129451535193769356E+02    1
    0.149457215164252557E+04    0.273063869717854546E+01    0.162150723672318691E+02   -0.847532854993780234E+03   -0.129551535193769336E+02    1
    0.150251598238402971E+04    0.269997652167758995E+01    0.176006919497368557E+02   -0.847248287422155045E+03   -0.129651535193769405E+02    1
    0.149243136596121917E+04    0.273136570742322782E+01    0.417433091887212697E+02   -0.847046846925029513E+03   -0.129751535193769403E+02    1
    0.147689352968466778E+04    0.287906837062987186E+01    0.402283888959023557E+02   -0.846678375794423800E+03   -0.129851535193769401E+02    1
    0.148625000018507308E+04    0.271973818561445535E+01    0.366434175606620158E+02   -0.846316809136951406E+03   -0.129951535193769381E+02    1
    0.158445681717129173E+04    0.381350400070274320E+01    0.256717953841187949E+02   -0.845951661110591772E+03   -0.130051535193769379E+02    1
    0.160136048351169029E+04    0.387403834673700853E+01    0.213524422165882726E+02   -0.845553898306729593E+03   -0.130151535193769377E+02    1
    0.147304531702002942E+04    0.276362326101070233E+01    0.389486566989987750E+02   -0.845528992704533721E+03   -0.130251535193769410E+02    1
    0.159562961628108769E+04    0.383149943845227714E+01    0.211974875115700172E+02   -0.845126503199778767E+03   -0.130351535193769426E+02    1
    0.149632459790017606E+04    0.271938736521987723E+01    0.247649109719122862E+02   -0.844886264088416965E+03   -0.130451535193769388E+02    1
    0.148599949794987538E+04    0.271951799748469458E+01    0.486266087263153111E+02   -0.844488458704798177E+03   -0.130551535193769386E+02    1
    0.147687395462399377E+04    0.274271789515804754E+01    0.117286350943992375E+02   -0.844306603526782737E+03   -0.130651535193769419E+02    1
    0.157404341862688398E+04    0.378290408993418126E+01    0.244693791047173193E+02   -0.844195684938923478E+03   -0.130751535193769399E+02    1
    0.149214151790150868E+04    0.272962366912487742E+01    0.424845416496422956E+02   -0.844165688254169481E+03   -0.130851535193769362E+02    1
    0.148078912655187582E+04    0.258560634318456550E+01    0.209803107331402572E+02   -0.844162100542827147E+03   -0.130951535193769359E+02    1
    0.147963969491496937E+04    0.275019230599464626E+01    0.113514168219116129E+02   -0.844146577758034027E+03   -0.131051535193769393E+02    1
    0.149564317662541703E+04    0.259456746891549805E+01    0.176383804175965508E+02   -0.843368009377768658E+03   -0.131151535193769391E+02    1
    0.150777520211307456E+04    0.270688205984173624E+01    0.232122692795627756E+02   -0.843335395163846442E+03   -0.131251535193769353E+02    1
    0.159284766002538163E+04    0.387494323390406015E+01    0.177982625913186752E+02   -0.842764399590690232E+03   -0.131351535193769315E+02    1
    0.149029042409867679E+04    0.270100242055490947E+01    0.378450714124212197E+02   -0.842345693768380556E+03   -0.131451535193769349E+02    1
    0.148825951170651024E+04    0.268604862820335999E+01    0.292094549987627090E+02   -0.842252500431116914E+03   -0.131551535193769382E+02    1
    0.159157217743068759E+04    0.382050257433893181E+01    0.191298748168469643E+02   -0.841646242529805704E+03   -0.131651535193769345E+02    1
    0.149509390057811743E+04    0.267533476836991513E+01    0.430042882303735610E+02   -0.841619924624817486E+03   -0.131751535193769342E+02    1
    0.149628540266600498E+04    0.270486953091505455E+01    0.258193879785693809E+02   -0.841563473825200276E+03   -0.131851535193769323E+02    1
    0.148656500921201064E+04    0.267431751998109535E+01    0.126403726003315455E+02   -0.841304251254661494E+03   -0.131951535193769320E+02    1
    0.147183427964903967E+04    0.260755597129747052E+01    0.216189999584473753E+02   -0.840613141683147433E+03   -0.132051535193769336E+02    1
    0.147539298849230454E+04    0.285504569037022637E+01    0.447408990180281307E+02   -0.840557040722056854E+03   -0.132151535193769334E+02    1
    0.148539920286391134E+04    0.270795298390535821E+01    0.120920905331837361E+02   -0.840085058368028967E+03   -0.132251535193769367E+02    1
    0.147991894558597573E+04    0.269360453777443043E+01    0.373174164632251859E+02   -0.839797160707550120E+03   -0.132351535193769418E+02    1
    0.159300415301200337E+04    0.389423887233549948E+01    0.204694871878903939E+02   -0.839655679900952236E+03   -0.132451535193769399E+02    1
    0.157697979082430834E+04    0.378740035316164603E+01    0.239711441180336209E+02   -0.839265579232243681E+03   -0.132551535193769343E+02    1
    0.159399462077815542E+04    0.388343387285867969E+01    0.196189013442791236E+02   -0.838802383065136155E+03   -0.132651535193769359E+02    1
    0.147924308422489412E+04    0.279474971659476612E+01    0.482867050570994252E+02   -0.838775978487980069E+03   -0.132751535193769392E+02    1
    0.147552084725877921E+04    0.261270953670688177E+01    0.171134663547657198E+02   -0.838422328792297321E+03   -0.132851535193769372E+02    1
    0.158530050858926506E+04    0.384754186867823389E+01    0.168539876822473218E+02   -0.838234621893464237E+03   -0.132951535193769352E+02    1
    0.147945470095267774E+04    0.259518743838824939E+01    0.189982482299366922E+02   -0.838140077579911576E+03   -0.133051535193769332E+02    1
    0.149216646496840985E+04    0.269385231053482421E+01    0.396515249772338336E+02   -0.838037469183852863E+03   -0.133151535193769330E+02    1
    0.159030566973394502E+04    0.388015839037044419E+01    0.231272491022767070E+02   -0.837797646669359096E+03   -0.133251535193769346E+02    1
    0.147691468353655455E+04    0.286648514515295894E+01    0.415669357325693909E+02   -0.837303749015394487E+03   -0.133351535193769397E+02    1
    0.158363724578584515E+04    0.385129198424329022E+01    0.249086256034478453E+02   -0.837288186053115055E+03   -0.133451535193769431E+02    1
    0.147577805747118396E+04    0.283244789673300001E+01    0.393576074467052308E+02   -0.836942186758809953E+03   -0.133551535193769411E+02    1
    0.147600496538818265E+04    0.274862554574589524E+01    0.377686898023944195E+02   -0.836832546140907652E+03   -0.133651535193769355E+02    1
    0.158439481514421482E+04    0.386929455451269178E+01    0.177456155694698481E+02   -0.835731871971197165E+03   -0.133751535193769353E+02    1
    0.148446869055408752E+04    0.281117612542242989E+01    0.404209061059319765E+02   -0.835639610751829878E+03   -0.133851535193769404E+02    1
    0.148914274274654235E+04    0.266650952132952090E+01    0.459325976337519535E+02   -0.834865559353364915E+03   -0.133951535193769420E+02    1
    0.150524777805957365E+04    0.268082034911289302E+01    0.189742286742217630E+02   -0.834825789915435735E+03   -0.134051535193769382E+02    1
    0.149158929462214655E+04    0.268451718161790431E+01    0.449860946562271238E+02   -0.834675481536218172E+03   -0.134151535193769345E+02    1
    0.147583788151410863E+04    0.263189858459030379E+01    0.255073656118169509E+02   -0.834629457762756147E+03   -0.134251535193769378E+02    1
    0.150477055980886757E+04    0.266583588245092606E+01    0.229874395670009761E+02   -0.834448303553068740E+03   -0.134351535193769376E+02    1
    0.146795095102243999E+04    0.269894981660776567E+01    0.225841139328457388E+02   -0.833937127555989719E+03   -0.134451535193769338E+02    1
    0.148610496848280127E+04    0.267162966551643333E+01    0.132655541086533333E+02   -0.832904427293995582E+03   -0.134551535193769372E+02    1
    0.146842154501925961E+04    0.274254586291462932E+01    0.184419956515216228E+02   -0.832590055545717405E+03   -0.134651535193769423E+02    1
    0.148883294749578090E+04    0.274410033008855425E+01    0.402237846857137811E+02   -0.832519853798655618E+03   -0.134751535193769367E+02    1
    0.147277886933178002E+04    0.279106965009461971E+01    0.269576780992111509E+02   -0.832469091869430486E+03   -0.134851535193769294E+02    1
    0.148398968674722164E+04    0.267402605712642183E+01    0.131320047409729170E+02   -0.832232241898101393E+03   -0.134951535193769345E+02    1
    0.148190967162137167E+04    0.271944487688133441E+01    0.371474064875122565E+02   -0.832098253237842414E+03   -0.135051535193769414E+02    1
    0.149076314360042124E+04    0.269957254248528233E+01    0.279523745420628984E+02   -0.831886217335572269E+03   -0.135151535193769359E+02    1
    0.146955607820355704E+04    0.265271847772032254E+01    0.231030590673257450E+02   -0.831785197201296114E+03   -0.135251535193769303E+02    1
    0.149043033449323821E+04    0.268657495881323305E+01    0.396890042744204266E+02   -0.831723530255107789E+03   -0.135351535193769337E+02    1
    0.146775619346131998E+04    0.269031584554703329E+01    0.207380980802949892E+02   -0.831423685230191495E+03   -0.135451535193769317E+02    1
    0.149420323841789605E+04    0.272731712661728753E+01    0.180039313903112941E+02   -0.831394239397430397E+03   -0.135551535193769279E+02    1
    0.150205134827774259E+04    0.267035309449131875E+01    0.235579769837267037E+02   -0.830912710652064902E+03   -0.135651535193769366E+02    1
    0.148245605572518934E+04    0.282802049883641304E+01    0.426950764394465523E+02   -0.830378595475920292E+03   -0.135751535193769381E+02    1
    0.150246316031307742E+04    0.263855971329340644E+01    0.195790535948735709E+02   -0.829922505206153573E+03   -0.135851535193769308E+02    1
    0.148312377121108716E+04    0.264895669584346027E+01    0.435426197928604779E+02   -0.829141884946713162E+03   -0.135951535193769377E+02    1
    0.148833989014466260E+04    0.271846333781136273E+01    0.390442527955956109E+02   -0.828988144969216592E+03   -0.136051535193769428E+02    1
    0.148581876711308064E+04    0.273961103263849459E+01    0.380881372008935557E+02   -0.828688624398455659E+03   -0.136151535193769373E+02    1
    0.147536285890909244E+04    0.262300521168950374E+01    0.174215580250259165E+02   -0.828643289690515985E+03   -0.136251535193769335E+02    1
    0.148834894013056874E+04    0.266357573398366343E+01    0.447490245175409598E+02   -0.828597148876712936E+03   -0.136351535193769369E+02    1
    0.148007064902615230E+04    0.260843673299587930E+01    0.181719692756070970E+02   -0.828332278285256280E+03   -0.136451535193769367E+02    1
    0.148001934622023236E+04    0.277291201910364826E+01    0.374795131273176025E+02   -0.828296751909411455E+03   -0.136551535193769364E+02    1
    0.149223699831177714E+04    0.260074589995576444E+01    0.199774112672792370E+02   -0.827370413479220360E+03   -0.136651535193769398E+02    1
    0.147796560987422185E+04    0.283909448331113090E+01    0.406505963965831825E+02   -0.826980043586956754E+03   -0.136751535193769360E+02    1
    0.149113981214247542E+04    0.263061700191754388E+01    0.160301345012502310E+02   -0.826533998809407194E+03   -0.136851535193769305E+02    1
    0.149089947826590424E+04    0.271808197646994953E+01    0.150005598089902890E+02   -0.825849277558714675E+03   -0.136951535193769338E+02    1
    0.147503840364743269E+04    0.273916199515336123E+01    0.134724238968493069E+02   -0.825745485559228769E+03   -0.137051535193769354E+02    1
    0.148507805734108615E+04    0.274630732546567558E+01    0.462798113206042387E+02   -0.825050393597615994E+03   -0.137151535193769316E+02    1
    0.158458146990455680E+04    0.383107333135615402E+01    0.202761511526496037E+02   -0.824532358883313691E+03   -0.137251535193769367E+02    1
    0.148312600675768363E+04    0.266647958102469529E+01    0.449457506870331542E+02   -0.824104176724230797E+03   -0.137351535193769365E+02    1
    0.148427154099665700E+04    0.260422962512816980E+01    0.217477416308071270E+02   -0.823913677491583940E+03   -0.137451535193769327E+02    1
    0.148381966701117813E+04    0.260360707466984209E+01    0.212200000701132581E+02   -0.823883045871400213E+03   -0.137551535193769361E+02    1
    0.149220551198113139E+04    0.268933899903248097E+01    0.152953918330294414E+02   -0.823061039545897643E+03   -0.137651535193769359E+02    1
    0.158106963858359404E+04    0.384336639705036953E+01    0.201259257347271614E+02   -0.822915383675153748E+03   -0.137751535193769321E+02    1
    0.148187381600197523E+04    0.280857245131553412E+01    0.137622212624617219E+02   -0.822885418996311046E+03   -0.137851535193769337E+02    1
    0.148737798680562264E+04    0.275828774744868399E+01    0.147029557988345800E+02   -0.822520862735510491E+03   -0.137951535193769335E+02    1
    0.158158103615952859E+04    0.383054557653392092E+01    0.209777078853843761E+02   -0.822343513878853400E+03   -0.138051535193769315E+02    1
    0.149851217418747228E+04    0.261796751584335485E+01    0.211176817811466577E+02   -0.822293784822582325E+03   -0.138151535193769348E+02    1
    0.147845729670609830E+04    0.282113520118483940E+01    0.447533345484765448E+02   -0.821963386558596426E+03   -0.138251535193769364E+02    1
    0.147404855676849343E+04    0.267793035874058694E+01    0.260114456749006422E+02   -0.821847316814719989E+03   -0.138351535193769326E+02    1
    0.147881597843653708E+04    0.281892186279330081E+01    0.448324490050978852E+02   -0.821556533765470931E+03   -0.138451535193769306E+02    1
    0.147429075196643521E+04    0.264287199370963588E+01    0.242449739826961093E+02   -0.821509062742533388E+03   -0.138551535193769340E+02    1
    0.146937753617839394E+04    0.268961970501723968E+01    0.223450188026330494E+02   -0.821052317392881037E+03   -0.138651535193769337E+02    1
    0.149917805120090043E+04    0.263259245862189628E+01    0.219170211384569313E+02   -0.820097225969166175E+03   -0.138751535193769282E+02    1
    0.147571607888276367E+04    0.279996781609563206E+01    0.425860633533806947E+02   -0.819062004029354057E+03   -0.138851535193769280E+02    1
    0.147282284636572012E+04    0.282982088150706401E+01    0.165662899756050024E+02   -0.818945346076452552E+03   -0.138951535193769278E+02    1
    0.148595790213332975E+04    0.267579415905975582E+01    0.416738372176672272E+02   -0.818515908469822421E+03   -0.139051535193769276E+02    1
    0.148141349137168618E+04    0.268109820437890045E+01    0.409987686710240666E+02   -0.817535579969792252E+03   -0.139151535193769291E+02    1
    0.148045133908913976E+04    0.271888815370672221E+01    0.390892054099949462E+02   -0.817486413844572098E+03   -0.139251535193769325E+02    1
    0.147343333099408642E+04    0.284612108674572539E+01    0.243488401524078739E+02   -0.817150913229012303E+03   -0.139351535193769323E+02    1
    0.148068022635232228E+04    0.277452393803058817E+01    0.283613041867780851E+02   -0.817051427847044238E+03   -0.139451535193769356E+02    1
    0.148672923740353849E+04    0.268634614194531851E+01    0.435474088113985545E+02   -0.817002458309091708E+03   -0.139551535193769389E+02    1
    0.147415351348175409E+04    0.281899347977545389E+01    0.259687132752965226E+02   -0.817001703353698986E+03   -0.139651535193769387E+02    1
    0.148555321173916218E+04    0.276164343317968264E+01    0.274740480306049193E+02   -0.816252753932727728E+03   -0.139751535193769332E+02    1
    0.147529400156036195E+04    0.274978245718566772E+01    0.431450695712916286E+02   -0.816029609573685775E+03   -0.139851535193769276E+02    1
    0.147893436020213858E+04    0.272328177333317312E+01    0.396200761534073251E+02   -0.815795916279217067E+03   -0.139951535193769292E+02    1
    0.149809765663648614E+04    0.265688256226233088E+01    0.208045801571647360E+02   -0.815438258645619499E+03   -0.140051535193769290E+02    1
    0.147101980355030764E+04    0.273722375010614716E+01    0.169573766093003826E+02   -0.815280355198697407E+03   -0.140151535193769305E+02    1
    0.147604423987270411E+04    0.277143202637598307E+01    0.437578451648304281E+02   -0.814433234179345504E+03   -0.140251535193769321E+02    1
    0.148115580712737892E+04    0.282482345591765727E+01    0.149722565241543748E+02   -0.813971413893397425E+03   -0.140351535193769301E+02    1
    0.147894009523807290E+04    0.273107132035143696E+01    0.398205067787860685E+02   -0.813618542047741130E+03   -0.140451535193769317E+02    1
    0.148330299525900978E+04    0.270428015479920392E+01    0.277952057589916990E+02   -0.813471921318363002E+03   -0.140551535193769332E+02    1
    0.148656923226213712E+04    0.274182504499020041E+01    0.146770068070994881E+02   -0.813273284507457902E+03   -0.140651535193769348E+02    1
    0.148020125595949617E+04    0.279883023474887382E+01    0.416530482086006089E+02   -0.812311685861997148E+03   -0.140751535193769310E+02    1
    0.147487432012402633E+04    0.280406801352576496E+01    0.151585835917144465E+02   -0.811157770336985095E+03   -0.140851535193769308E+02    1
    0.148085677586584075E+04    0.269359837951697045E+01    0.429414000119130037E+02   -0.810886858994076192E+03   -0.140951535193769324E+02    1
    0.149296193631583674E+04    0.271426425609255562E+01    0.192671726736874120E+02   -0.810345229778045677E+03   -0.141051535193769304E+02    1
    0.147663875662688542E+04    0.262979959810187713E+01    0.208220654878108888E+02   -0.810304585846671557E+03   -0.141151535193769302E+02    1
    0.149243385047058086E+04    0.271293438118012764E+01    0.238129435104276865E+02   -0.810187693684123133E+03   -0.141251535193769335E+02    1
    0.148439617336027277E+04    0.274447311911745384E+01    0.424777051365629745E+02   -0.809826525468640284E+03   -0.141351535193769298E+02    1
    0.148161276103026171E+04    0.262256436624744493E+01    0.217135166558235966E+02   -0.809650993322221325E+03   -0.141451535193769331E+02    1
    0.148534551746634088E+04    0.277505418679663851E+01    0.264069814451881086E+02   -0.809486304270533310E+03   -0.141551535193769329E+02    1
    0.148482406074836376E+04    0.272319965053104784E+01    0.421068225293114438E+02   -0.809358381948803867E+03   -0.141651535193769345E+02    1
    0.148262562855096326E+04    0.276725701797855050E+01    0.417334222324761015E+02   -0.809252142563082543E+03   -0.141751535193769325E+02    1
    0.148111726694165782E+04    0.270695545392247627E+01    0.441123159892931653E+02   -0.809242115014663113E+03   -0.141851535193769251E+02    1
    0.147943654252474334E+04    0.283394715040324208E+01    0.153667713573929063E+02   -0.809236241042557140E+03   -0.141951535193769285E+02    1
    0.147153052860224830E+04    0.269544868520355907E+01    0.178378931826839420E+02   -0.809121393212962857E+03   -0.142051535193769300E+02    1
    0.147176135816381111E+04    0.266399040365413997E+01    0.211373466273843746E+02   -0.809019164212114447E+03   -0.142151535193769263E+02    1
    0.148416104535825525E+04    0.263796605439620979E+01    0.172055131090447446E+02   -0.808545080670400012E+03   -0.142251535193769278E+02    1
    0.148233356097012665E+04    0.271627067464645355E+01    0.409667898318154755E+02   -0.808480845636603703E+03   -0.142351535193769365E+02    1
    0.148392224019784157E+04    0.263008125790662195E+01    0.181899256111517786E+02   -0.808150047803552525E+03   -0.142451535193769399E+02    1
    0.148707048053651329E+04    0.262233538022372814E+01    0.213814199405244949E+02   -0.808011703372990041E+03   -0.142551535193769414E+02    1
    0.148573690634691684E+04    0.277409071197390711E+01    0.259310292134980642E+02   -0.807349389343556027E+03   -0.142651535193769412E+02    1
    0.148719262142453726E+04    0.276684196005876792E+01    0.251103816840246026E+02   -0.807290269360772754E+03   -0.142751535193769321E+02    1
    0.147883809901346513E+04    0.277670546999207968E+01    0.425306706085849839E+02   -0.807217135771740686E+03   -0.142851535193769266E+02    1
    0.148162600513661778E+04    0.270854565636687639E+01    0.427105658021789907E+02   -0.807038994432076379E+03   -0.142951535193769299E+02    1
    0.148504619899106251E+04    0.269688703206267011E+01    0.269712573275144223E+02   -0.807025025724112083E+03   -0.143051535193769297E+02    1
    0.147883052526905067E+04    0.274394418805337459E+01    0.413608702605029350E+02   -0.806961974490720991E+03   -0.143151535193769295E+02    1
    0.147892171071733515E+04    0.272898353151238870E+01    0.419284206163232227E+02   -0.806761415051729159E+03   -0.143251535193769310E+02    1
    0.149352740677257361E+04    0.268713004923143739E+01    0.234265759699588330E+02   -0.806726356032828789E+03   -0.143351535193769326E+02    1
    0.149268320877693554E+04    0.267790533627237792E+01    0.176434246993493389E+02   -0.806487046127679832E+03   -0.143451535193769359E+02    1
    0.149348355533594668E+04    0.263674284583102736E+01    0.208528064058349827E+02   -0.806099950178358881E+03   -0.143551535193769340E+02    1
    0.148541523333094642E+04    0.272182613553960140E+01    0.147275554362763756E+02   -0.806027376516753975E+03   -0.143651535193769337E+02    1
    0.148172045771652620E+04    0.274839745730467833E+01    0.275755061182237284E+02   -0.805988015025775667E+03   -0.143751535193769318E+02    1
    0.147474032521233175E+04    0.280839120892207150E+01    0.159079094597622372E+02   -0.805752868834822493E+03   -0.143851535193769298E+02    1
    0.147891526846000784E+04    0.273804441877504345E+01    0.429721034388800263E+02   -0.805534920780935863E+03   -0.143951535193769349E+02    1
    0.147667510333078894E+04    0.282980792551701432E+01    0.157750453490212550E+02   -0.805044089598098026E+03   -0.144051535193769329E+02    1
    0.147444617811665330E+04    0.267142267277225010E+01    0.239735584275642992E+02   -0.804960316195199539E+03   -0.144151535193769291E+02    1
    0.147454297022449600E+04    0.266260372422250269E+01    0.178856715178345809E+02   -0.804801159404158852E+03   -0.144251535193769325E+02    1
    0.147766145999421224E+04    0.266015388584857781E+01    0.246086546100802366E+02   -0.804692516851351002E+03   -0.144351535193769358E+02    1
    0.147181856574865265E+04    0.269385186055788362E+01    0.184364157577679606E+02   -0.804676510755824097E+03   -0.144451535193769320E+02    1
    0.149400872831914876E+04    0.266798877704883752E+01    0.191298444325948225E+02   -0.804504251524211213E+03   -0.144551535193769283E+02    1
    0.148197155792514741E+04    0.263643618448310058E+01    0.232602363216415426E+02   -0.804489165318844016E+03   -0.144651535193769316E+02    1
    0.147413859934678453E+04    0.282361018488778726E+01    0.171653462657987461E+02   -0.803529972708254036E+03   -0.144751535193769314E+02    1
    0.147143086045991049E+04    0.274759943392755623E+01    0.225786766180108742E+02   -0.803291063132427780E+03   -0.144851535193769312E+02    1
    0.147164940971788587E+04    0.269909586937318924E+01    0.189276816930588296E+02   -0.802863982911372204E+03   -0.144951535193769345E+02    1
    0.147146645084740203E+04    0.276498204700819361E+01    0.218732893377978428E+02   -0.802335803887869361E+03   -0.145051535193769308E+02    1
    0.149381914062190708E+04    0.265923412907608459E+01    0.206989043999960813E+02   -0.801534861995620304E+03   -0.145151535193769323E+02    1
    0.147663722663162480E+04    0.267723709020489764E+01    0.165564852880437883E+02   -0.800900371760153575E+03   -0.145251535193769339E+02    1
    0.149119935934457499E+04    0.269503603774340128E+01    0.178978924590831525E+02   -0.800840001413560913E+03   -0.145351535193769283E+02    1
    0.148704530850766560E+04    0.277645146019197142E+01    0.228193816252730812E+02   -0.800592124717293245E+03   -0.145451535193769281E+02    1
    0.147792549197134531E+04    0.274634853656642353E+01    0.147033009352808790E+02   -0.800519805153044217E+03   -0.145551535193769279E+02    1
    0.148729439360065066E+04    0.266918072046698418E+01    0.166027862106882651E+02   -0.800225688492646782E+03   -0.145651535193769277E+02    1
    0.147922363727757966E+04    0.265322759941238973E+01    0.238069831951290212E+02   -0.799981277640974668E+03   -0.145751535193769328E+02    1
    0.148363902875047847E+04    0.263453169989130309E+01    0.217833202721998873E+02   -0.799924591775075896E+03   -0.145851535193769326E+02    1
    0.147296160458772556E+04    0.281909462533442934E+01    0.205800654742085669E+02   -0.799339711945523959E+03   -0.145951535193769324E+02    1
    0.148076933399470772E+04    0.276920605771807393E+01    0.268739467228752176E+02   -0.799306849104739285E+03   -0.146051535193769340E+02    1
    0.149277184500365888E+04    0.267827507757156358E+01    0.196694356671956143E+02   -0.799046233558907261E+03   -0.146151535193769302E+02    1
    0.148447583443880126E+04    0.279627161391379442E+01    0.176528090128922770E+02   -0.798913651619149960E+03   -0.146251535193769318E+02    1
    0.147185491140857812E+04    0.271278498868550511E+01    0.191889404344979937E+02   -0.798833133202015119E+03   -0.146351535193769351E+02    1
    0.147993658528006608E+04    0.286048914112609864E+01    0.209216268379982466E+02   -0.798637548221016232E+03   -0.146451535193769313E+02    1
    0.148957411177924928E+04    0.272532914059292297E+01    0.236782037328517276E+02   -0.797953051003297105E+03   -0.146551535193769329E+02    1
    0.148700427602375044E+04    0.267929984379425745E+01    0.165149798619519004E+02   -0.797717627119450412E+03   -0.146651535193769309E+02    1
    0.149161560811683353E+04    0.268003437439378711E+01    0.230623418374733973E+02   -0.797351681662519013E+03   -0.146751535193769307E+02    1
    0.147976381597907061E+04    0.264124539984018014E+01    0.209996154384109133E+02   -0.797236768720726332E+03   -0.146851535193769358E+02    1
    0.149024252885887836E+04    0.272440059726041506E+01    0.195991895060870149E+02   -0.797217567972892311E+03   -0.146951535193769338E+02    1
    0.148000121608117206E+04    0.273116580686590815E+01    0.148828863957341184E+02   -0.797091006223958402E+03   -0.147051535193769336E+02    1
    0.148042683606805554E+04    0.268728310770007361E+01    0.158375643574801330E+02   -0.796644252159083180E+03   -0.147151535193769334E+02    1
    0.147666604283277206E+04    0.265440847064658669E+01    0.219443133640689183E+02   -0.796566586823082389E+03   -0.147251535193769314E+02    1
    0.147494540146756162E+04    0.266377952750201485E+01    0.217531674845013185E+02   -0.796542377812046084E+03   -0.147351535193769294E+02    1
    0.147246553743653794E+04    0.272556232370280505E+01    0.185020144699734317E+02   -0.796095492052300415E+03   -0.147451535193769274E+02    1
    0.147218853060880156E+04    0.275181923700032138E+01    0.220725760457595612E+02   -0.795754834393919054E+03   -0.147551535193769272E+02    1
    0.147283589664146621E+04    0.278624315582147464E+01    0.188775119019756374E+02   -0.795625506262160684E+03   -0.147651535193769234E+02    1
    0.147614174134281666E+04    0.278433536753028399E+01    0.255139128802545372E+02   -0.795524538843161054E+03   -0.147751535193769286E+02    1
    0.147804271151123794E+04    0.264995102789319015E+01    0.196861537979711443E+02   -0.795448758493366313E+03   -0.147851535193769337E+02    1
    0.147431494442508711E+04    0.280218229554705411E+01    0.238287846382450965E+02   -0.795325062549318318E+03   -0.147951535193769281E+02    1
    0.147968375225328509E+04    0.270370379138856443E+01    0.259566509140542365E+02   -0.795223769028889819E+03   -0.148051535193769244E+02    1
    0.149080135577998726E+04    0.265958169182201942E+01    0.195518309412562132E+02   -0.795221392539062890E+03   -0.148151535193769277E+02    1
    0.148049075869099670E+04    0.281470140190057094E+01    0.165307909431331694E+02   -0.795031309955898905E+03   -0.148251535193769310E+02    1
    0.148831858242449880E+04    0.274838303153443109E+01    0.223521700753038743E+02   -0.794769680444962773E+03   -0.148351535193769291E+02    1
    0.147242126264380249E+04    0.273008197793630325E+01    0.221455167699417359E+02   -0.794142280778219856E+03   -0.148451535193769306E+02    1
    0.147816118926928038E+04    0.284146612545385002E+01    0.238355133846219331E+02   -0.794140684425041627E+03   -0.148551535193769304E+02    1
    0.147381536068153855E+04    0.277993250092982169E+01    0.237104020217212508E+02   -0.793996102999978348E+03   -0.148651535193769320E+02    1
    0.147390903148038024E+04    0.275747896299229733E+01    0.171707654388365114E+02   -0.793937002435069871E+03   -0.148751535193769318E+02    1
    0.147338572038443021E+04    0.271787552352288575E+01    0.179526744301763017E+02   -0.793907388096652653E+03   -0.148851535193769298E+02    1
    0.149162743621835807E+04    0.267166250278663497E+01    0.208811964505013918E+02   -0.793892884845684989E+03   -0.148951535193769313E+02    1
    0.147626306762211698E+04    0.273488708498997246E+01    0.254761776067201140E+02   -0.793730824225809556E+03   -0.149051535193769347E+02    1
    0.148550698832518856E+04    0.277208271738283063E+01    0.179319729324254524E+02   -0.793173720372057687E+03   -0.149151535193769238E+02    1
    0.148228751413175041E+04    0.280640948963297321E+01    0.173498794982840110E+02   -0.793077792857543955E+03   -0.149251535193769254E+02    1
    0.148249765895081623E+04    0.265992172505030666E+01    0.237692941150914834E+02   -0.792932863138259336E+03   -0.149351535193769216E+02    1
    0.148862385813349306E+04    0.273829398881659092E+01    0.223187841758944074E+02   -0.792639940058607181E+03   -0.149451535193769285E+02    1
    0.147497798455108295E+04    0.282394655517545212E+01    0.229215030024242594E+02   -0.792488536424253766E+03   -0.149551535193769300E+02    1
    0.148382778893246905E+04    0.276826418696390331E+01    0.253391691322537582E+02   -0.792263522101595754E+03   -0.149651535193769245E+02    1
    0.147441703324805781E+04    0.281379348382755312E+01    0.185777420821793271E+02   -0.792102751538646999E+03   -0.149751535193769278E+02    1
    0.147583940025972151E+04    0.284204434850215115E+01    0.220243921549667050E+02   -0.791670043434121453E+03   -0.149851535193769259E+02    1
    0.148635091727889858E+04    0.274628981757708690E+01    0.174707869188523972E+02   -0.791390339736088777E+03   -0.149951535193769221E+02    1
    0.148826880857664833E+04    0.265731669423847672E+01    0.221781852751219191E+02   -0.791220337243473296E+03   -0.150051535193769272E+02    1
    0.147490192249580537E+04    0.281474837209816942E+01    0.230631881960556200E+02   -0.791009464804215440E+03   -0.150151535193769305E+02    1
    0.148643365146228894E+04    0.266610149235737781E+01    0.235450498570548632E+02   -0.790572478604545495E+03   -0.150251535193769286E+02    1
    0.147354800197550617E+04    0.274919839605322336E+01    0.181036273060365573E+02   -0.790489083664153213E+03   -0.150351535193769301E+02    1
    0.148839833691995000E+04    0.271916106882666009E+01    0.183302994187840369E+02   -0.790474865046784544E+03   -0.150451535193769299E+02    1
    0.149022241084540065E+04    0.270446431945491206E+01    0.208865558353062681E+02   -0.790330983215446622E+03   -0.150551535193769279E+02    1
    0.147470927199789776E+04    0.270135805201925372E+01    0.232717499279474680E+02   -0.790161064168128064E+03   -0.150651535193769295E+02    1
    0.149006760026744473E+04    0.269967260817827004E+01    0.220499459195465022E+02   -0.789983705699142433E+03   -0.150751535193769275E+02    1
    0.148585830075471335E+04    0.274162319719629499E+01    0.171465742128314389E+02   -0.789939621625050222E+03   -0.150851535193769237E+02    1
    0.148752024968671844E+04    0.268576227607717177E+01    0.240569536475419739E+02   -0.789828923201980842E+03   -0.150951535193769217E+02    1
    0.148071879723094844E+04    0.266118616745160619E+01    0.229719430581129131E+02   -0.789496835896879816E+03   -0.151051535193769269E+02    1
    0.147565703229926885E+04    0.270229490542390449E+01    0.238625638932128226E+02   -0.789401391991554874E+03   -0.151151535193769284E+02    1
    0.148226472716985040E+04    0.270856929128625712E+01    0.160767428723057861E+02   -0.788961113228568820E+03   -0.151251535193769282E+02    1
    0.148068036564386648E+04    0.265374580788405900E+01    0.202825978262768842E+02   -0.788870446885108095E+03   -0.151351535193769298E+02    1
    0.148602268041831530E+04    0.270652206624684721E+01    0.247962174474038761E+02   -0.788631766505366500E+03   -0.151451535193769278E+02    1
    0.147394688278289868E+04    0.275050350437616009E+01    0.180240249200284097E+02   -0.788594674553640516E+03   -0.151551535193769258E+02    1
    0.147899507938865554E+04    0.271408766652866307E+01    0.161373966155855726E+02   -0.788452059815428015E+03   -0.151651535193769238E+02    1
    0.148581836774063368E+04    0.276090541334142214E+01    0.185290427652749372E+02   -0.788177140999906214E+03   -0.151751535193769271E+02    1
    0.148931357299049387E+04    0.269236423784413059E+01    0.192447315685857916E+02   -0.788151275482997335E+03   -0.151851535193769305E+02    1
    0.148669259031934416E+04    0.265766132716869485E+01    0.216467428117959315E+02   -0.788072514947310083E+03   -0.151951535193769249E+02    1
    0.147438615681985721E+04    0.269432671873892904E+01    0.218616765453796233E+02   -0.788040967521443235E+03   -0.152051535193769247E+02    1
    0.147554807230620509E+04    0.275145636446093267E+01    0.168812528030256317E+02   -0.787829513161229897E+03   -0.152151535193769263E+02    1
    0.148943457653848145E+04    0.270827544378651730E+01    0.215569163262392181E+02   -0.787806114841164117E+03   -0.152251535193769278E+02    1
    0.147791801161941999E+04    0.280492288075708540E+01    0.246406382676812967E+02   -0.787667570795257234E+03   -0.152351535193769276E+02    1
    0.148651782239962176E+04    0.265787861353951715E+01    0.215370027058373665E+02   -0.787648092197337178E+03   -0.152451535193769221E+02    1
    0.147486355202856271E+04    0.273930211365196685E+01    0.239097392253598002E+02   -0.787600634310348596E+03   -0.152551535193769201E+02    1
    0.148167599966248576E+04    0.282267787808122961E+01    0.202816706504479214E+02   -0.787596930120377237E+03   -0.152651535193769270E+02    1
    0.148215466610413068E+04    0.269931273747609435E+01    0.164875036892374141E+02   -0.787398387592296331E+03   -0.152751535193769303E+02    1
    0.147769434832534080E+04    0.284198328431241354E+01    0.202937359756789846E+02   -0.786779301838942956E+03   -0.152851535193769266E+02    1
    0.148805936983877086E+04    0.268937722878971286E+01    0.185772315308279019E+02   -0.786683174786558538E+03   -0.152951535193769264E+02    1
    0.147511700599440428E+04    0.279088787198633614E+01    0.233913745476874340E+02   -0.786480872614094437E+03   -0.153051535193769297E+02    1
    0.147341926343435716E+04    0.272914989780255013E+01    0.197471561569469571E+02   -0.786398016458917709E+03   -0.153151535193769313E+02    1
    0.147338198704402430E+04    0.274127328748724608E+01    0.196969853803328476E+02   -0.786186118663828438E+03   -0.153251535193769257E+02    1
    0.148931329192511430E+04    0.269834534769935219E+01    0.206051365007113674E+02   -0.786054712072583015E+03   -0.153351535193769255E+02    1
    0.148243782093518166E+04    0.267964554397966781E+01    0.175240950563821656E+02   -0.785993478225426315E+03   -0.153451535193769288E+02    1
    0.147783283429974176E+04    0.270133450243357220E+01    0.243254374785777401E+02   -0.785990814301580713E+03   -0.153551535193769304E+02    1
    0.147803706242348926E+04    0.267522190823975592E+01    0.226860284067757334E+02   -0.785776450953704853E+03   -0.153651535193769249E+02    1
    0.147998527071668968E+04    0.277591491208734853E+01    0.163258331877645020E+02   -0.785723271165845972E+03   -0.153751535193769246E+02    1
    0.147416104418490113E+04    0.272082728620537129E+01    0.224543771310513165E+02   -0.785691218073707660E+03   -0.153851535193769244E+02    1
    0.148412827722699467E+04    0.267323340664321751E+01    0.234521285618984621E+02   -0.785570899081333437E+03   -0.153951535193769207E+02    1
    0.148803966920449125E+04    0.272879360003005456E+01    0.204177150465375377E+02   -0.785514977878701188E+03   -0.154051535193769258E+02    1
    0.147634004432843722E+04    0.282606710214682666E+01    0.191787648378413280E+02   -0.785459466194440324E+03   -0.154151535193769273E+02    1
    0.147605773398142901E+04    0.274245868233028922E+01    0.169923174823817220E+02   -0.785362471613960906E+03   -0.154251535193769236E+02    1
    0.148835702759987771E+04    0.270132018041639688E+01    0.191685692867987143E+02   -0.785279275871619802E+03   -0.154351535193769198E+02    1
    0.147683008606593239E+04    0.278290850543700374E+01    0.169249881904662232E+02   -0.785265594587586520E+03   -0.154451535193769267E+02    1
    0.147825438629145674E+04    0.278218362556858434E+01    0.165645435562042280E+02   -0.785146360744757658E+03   -0.154551535193769283E+02    1
    0.147843231576918470E+04    0.283389618978366187E+01    0.194493613030074926E+02   -0.785050761685772954E+03   -0.154651535193769263E+02    1
    0.147690054803964699E+04    0.275460834637242424E+01    0.247810792823257628E+02   -0.784958391568174875E+03   -0.154751535193769261E+02    1
    0.147556098894714796E+04    0.269635126225268973E+01    0.225503273233930344E+02   -0.784881581511692957E+03   -0.154851535193769205E+02    1
    0.148203062105590675E+04    0.281276279701304199E+01    0.203156990654947265E+02   -0.784783676835262327E+03   -0.154951535193769203E+02    1
    0.147767421783336249E+04    0.271457601476208987E+01    0.168985977862408134E+02   -0.784739995981991569E+03   -0.155051535193769237E+02    1
    0.148702976752955874E+04    0.266852730412523753E+01    0.217464831674138992E+02   -0.784720936776978533E+03   -0.155151535193769234E+02    1
    0.148683900026173956E+04    0.270150267550584822E+01    0.181035933430745644E+02   -0.784603392376428815E+03   -0.155251535193769197E+02    1
    0.148183881870121559E+04    0.275373335364995864E+01    0.164534715679940433E+02   -0.784184854643033304E+03   -0.155351535193769248E+02    1
    0.147967004457015196E+04    0.282614388702258257E+01    0.192696862800184334E+02   -0.784150261387069349E+03   -0.155451535193769281E+02    1
    0.148589815083884241E+04    0.271195849033949354E+01    0.176470876604949893E+02   -0.784077177025791798E+03   -0.155551535193769244E+02    1
    0.147706775872450703E+04    0.269136989422299155E+01    0.182581687634676797E+02   -0.783985603399863066E+03   -0.155651535193769259E+02    1
    0.148629693928588563E+04    0.266995817887747267E+01    0.195632911662220010E+02   -0.783942084697194332E+03   -0.155751535193769239E+02    1
    0.148092537199628032E+04    0.278088751874002149E+01    0.168776045325386974E+02   -0.783880664101772595E+03   -0.155851535193769202E+02    1
    0.147447721864228879E+04    0.279173380495706480E+01    0.197484690908066938E+02   -0.783855370377695408E+03   -0.155951535193769217E+02    1
    0.148749812737777802E+04    0.271835837910755407E+01    0.191131694047040384E+02   -0.783680765569027699E+03   -0.156051535193769233E+02    1
    0.147414603634712148E+04    0.273023123179329552E+01    0.219922697476899742E+02   -0.783386832724681312E+03   -0.156151535193769195E+02    1
    0.147755844654964494E+04    0.270861296947218788E+01    0.241011127450837535E+02   -0.783384398919724845E+03   -0.156251535193769264E+02    1
    0.147833013381485694E+04    0.269761487138422895E+01    0.238989219587963078E+02   -0.783221926633890007E+03   -0.156351535193769333E+02    1
    0.147379044625742335E+04    0.274312204092034628E+01    0.211676034450310624E+02   -0.783217481172791281E+03   -0.156451535193769296E+02    1
    0.148268766699210482E+04    0.274521686674958332E+01    0.249892456198218298E+02   -0.783070291437904416E+03   -0.156551535193769293E+02    1
    0.147818908685857673E+04    0.271031288683554328E+01    0.243301529262557068E+02   -0.783037108887342015E+03   -0.156651535193769256E+02    1
    0.147958352986478553E+04    0.282608628991366562E+01    0.218959284098720275E+02   -0.782902449459456193E+03   -0.156751535193769271E+02    1
    0.147876856126725852E+04    0.267271135464268061E+01    0.215864061110232655E+02   -0.782477992067257219E+03   -0.156851535193769340E+02    1
    0.147782100010763725E+04    0.275163709928349487E+01    0.247663978425307647E+02   -0.782405431992692911E+03   -0.156951535193769303E+02    1
    0.147722884859689884E+04    0.281072656069740789E+01    0.183044640660406941E+02   -0.782254552305649440E+03   -0.157051535193769265E+02    1
    0.148707490250702381E+04    0.268642450407573463E+01    0.192682835512685671E+02   -0.782227424182514824E+03   -0.157151535193769245E+02    1
    0.148690941884378935E+04    0.268528129495956103E+01    0.225312279016137325E+02   -0.782218567963930241E+03   -0.157251535193769243E+02    1
    0.147427339429503490E+04    0.277252983260490860E+01    0.211096533308172951E+02   -0.781749061045013377E+03   -0.157351535193769205E+02    1
    0.148733673180126289E+04    0.268917163737725629E+01    0.221272429375085835E+02   -0.781562957295596334E+03   -0.157451535193769239E+02    1
    0.148555160300984630E+04    0.268295227940850456E+01    0.188293300788852775E+02   -0.781420148910699254E+03   -0.157551535193769254E+02    1
    0.147519016489530532E+04    0.272258941421498513E+01    0.226309937746999026E+02   -0.781325120634478026E+03   -0.157651535193769252E+02    1
    0.148248149860909598E+04    0.277416409051089330E+01    0.177128578008741329E+02   -0.781301459984072721E+03   -0.157751535193769250E+02    1
    0.148159147233804651E+04    0.280922344390582834E+01    0.211052153683940276E+02   -0.781287248171569445E+03   -0.157851535193769212E+02    1
    0.148239349167240766E+04    0.274453737574772783E+01    0.169254744114342088E+02   -0.781064856325645451E+03   -0.157951535193769192E+02    1
    0.148111541882290248E+04    0.269586051598053933E+01    0.175555309518590690E+02   -0.780895187872838164E+03   -0.158051535193769226E+02    1
    0.147878570801469482E+04    0.281871222418149614E+01    0.191350113958622501E+02   -0.780739526271425575E+03   -0.158151535193769295E+02    1
    0.147514662153069503E+04    0.279625334732360376E+01    0.211256709811019903E+02   -0.780732048442440600E+03   -0.158251535193769204E+02    1
    0.148346294677826222E+04    0.267347244546262042E+01    0.193749705865517257E+02   -0.780593813778683739E+03   -0.158351535193769237E+02    1
    0.147920953804661508E+04    0.269136388038003727E+01    0.181841603651199648E+02   -0.780282827855037681E+03   -0.158451535193769235E+02    1
    0.148268936345162092E+04    0.267253220623908216E+01    0.219799339992120082E+02   -0.780254961227852846E+03   -0.158551535193769215E+02    1
    0.147441434471701632E+04    0.276343026393252567E+01    0.203839622978977815E+02   -0.780099701955194519E+03   -0.158651535193769213E+02    1
    0.148342908799663473E+04    0.267330216980537738E+01    0.196098106727423271E+02   -0.780084893942069584E+03   -0.158751535193769211E+02    1
    0.148018897632412472E+04    0.277394833180956635E+01    0.171171605526639183E+02   -0.780040979400237575E+03   -0.158851535193769209E+02    1
    0.147831996121133579E+04    0.271272335720331892E+01    0.239694038046272198E+02   -0.779976916952210559E+03   -0.158951535193769207E+02    1
    0.147722721668955501E+04    0.269051547669348778E+01    0.194117294141326795E+02   -0.779771734200504056E+03   -0.159051535193769240E+02    1
    0.148468625454982612E+04    0.267391532344760874E+01    0.201815037041255891E+02   -0.779761276905886348E+03   -0.159151535193769220E+02    1
    0.147815715977214063E+04    0.270776719597673621E+01    0.177672978748892376E+02   -0.779690731415892742E+03   -0.159251535193769236E+02    1
    0.147735428434842925E+04    0.273075150068511707E+01    0.174214435071781395E+02   -0.779678603476568469E+03   -0.159351535193769287E+02    1
    0.147717378951442220E+04    0.281148015918403260E+01    0.223627808404075523E+02   -0.779654814701262694E+03   -0.159451535193769232E+02    1
    0.148637454063360360E+04    0.270579545450677195E+01    0.189852973087572394E+02   -0.779643572176627686E+03   -0.159551535193769194E+02    1
    0.148554958191732294E+04    0.274899306306638591E+01    0.198908205101609781E+02   -0.779510359259666188E+03   -0.159651535193769210E+02    1
    0.148261624591385248E+04    0.279334496285835332E+01    0.212792473340598747E+02   -0.779504061442626266E+03   -0.159751535193769225E+02    1
    0.147742332267225402E+04    0.269385120485004625E+01    0.223391109808169119E+02   -0.779260030030251528E+03   -0.159851535193769188E+02    1
    0.148719979771463886E+04    0.270911240567306866E+01    0.212913920870623485E+02   -0.779195427201034931E+03   -0.159951535193769203E+02    1
    0.148453956058115955E+04    0.272687074456393796E+01    0.179293777980415285E+02   -0.779167480055183319E+03   -0.160051535193769219E+02    1
    0.147638812052154867E+04    0.278924829537762697E+01    0.229582121347207107E+02   -0.779106329876252630E+03   -0.160151535193769199E+02    1
    0.148025029023084107E+04    0.268636647906775483E+01    0.185803806420249629E+02   -0.779086379599347083E+03   -0.160251535193769179E+02    1
    0.147823781551341972E+04    0.268247919471384799E+01    0.202879414826853122E+02   -0.778950840402344397E+03   -0.160351535193769230E+02    1
    0.148139047394799559E+04    0.268659011910451806E+01    0.230685744701189464E+02   -0.778902652497571239E+03   -0.160451535193769246E+02    1
    0.148312812064477043E+04    0.272330093247849492E+01    0.174583483616655570E+02   -0.778638089215733999E+03   -0.160551535193769190E+02    1
    0.147536686519160367E+04    0.273448592708064098E+01    0.224256760712976586E+02   -0.778612421230481687E+03   -0.160651535193769135E+02    1
    0.147609126951845360E+04    0.278332734941711468E+01    0.186196063773913778E+02   -0.778571293370194098E+03   -0.160751535193769257E+02    1
    0.147887222863251463E+04    0.275192162692908182E+01    0.171218327076924339E+02   -0.778141435461671790E+03   -0.160851535193769237E+02    1
    0.148580781682650240E+04    0.269067233610448975E+01    0.221057030697258341E+02   -0.778071310302407028E+03   -0.160951535193769217E+02    1
    0.147700860020921891E+04    0.269368369638186955E+01    0.202715855795509725E+02   -0.777947821937738127E+03   -0.161051535193769162E+02    1
    0.147690245880456450E+04    0.279967977458237094E+01    0.190142916486179843E+02   -0.777747602168762114E+03   -0.161151535193769178E+02    1
    0.148026232928044442E+04    0.279951572910287361E+01    0.188413206963403184E+02   -0.777589400965380264E+03   -0.161251535193769229E+02    1
    0.147829894515061687E+04    0.281201767445273987E+01    0.195631671195726398E+02   -0.777585158903619117E+03   -0.161351535193769244E+02    1
    0.147801950304107345E+04    0.270175166830128877E+01    0.228597097544998036E+02   -0.777549285340294887E+03   -0.161451535193769189E+02    1
    0.147789241052820989E+04    0.274684360132898409E+01    0.240413281134216845E+02   -0.777519570266450955E+03   -0.161551535193769169E+02    1
    0.147483215534259034E+04    0.275103936059079857E+01    0.205851342114322478E+02   -0.777509710040498021E+03   -0.161651535193769220E+02    1
    0.147751336657457091E+04    0.274671393079613679E+01    0.175717209272304018E+02   -0.777457071070816710E+03   -0.161751535193769271E+02    1
    0.148442633226968792E+04    0.272100599188050429E+01    0.235068727806458213E+02   -0.777294790385679562E+03   -0.161851535193769251E+02    1
    0.147731688690623469E+04    0.280393387199380895E+01    0.192443036697192298E+02   -0.777214261980901256E+03   -0.161951535193769232E+02    1
    0.147960789841867768E+04    0.280426826736960511E+01    0.225433636148155188E+02   -0.777194673503224294E+03   -0.162051535193769212E+02    1
    0.147629423823174511E+04    0.271732743437720625E+01    0.190575289101322198E+02   -0.776898253878104583E+03   -0.162151535193769227E+02    1
    0.147951873020586913E+04    0.274071847068623775E+01    0.172702375170338485E+02   -0.776808848871287182E+03   -0.162251535193769172E+02    1
    0.147802336745881871E+04    0.279131442113581452E+01    0.183237028072016841E+02   -0.776744484947248566E+03   -0.162351535193769152E+02    1
    0.147921698748149129E+04    0.271032989726270657E+01    0.179268734002077395E+02   -0.776725553942124634E+03   -0.162451535193769203E+02    1
    0.148110185000572005E+04    0.279467554002007290E+01    0.193294350952998570E+02   -0.776621881344883832E+03   -0.162551535193769219E+02    1
    0.148303261961766748E+04    0.272731268810867977E+01    0.177794500188565650E+02   -0.776598649314409954E+03   -0.162651535193769270E+02    1
    0.147520471933349381E+04    0.273252084764905057E+01    0.207298670305479931E+02   -0.776529236944189051E+03   -0.162751535193769286E+02    1
    0.148434639511339128E+04    0.272995751164583922E+01    0.184353746035869932E+02   -0.776502745395111560E+03   -0.162851535193769230E+02    1
    0.147693359476510705E+04    0.270414789340505290E+01    0.195116401083122497E+02   -0.776499037679178059E+03   -0.162951535193769281E+02    1
    0.148508194676505354E+04    0.270573668395672584E+01    0.190058474676858964E+02   -0.776392978008795353E+03   -0.163051535193769261E+02    1
    0.147761727247354611E+04    0.280839754383492179E+01    0.200069956860219094E+02   -0.776371223997543893E+03   -0.163151535193769242E+02    1
    0.148452369404758201E+04    0.270947593866354097E+01    0.186489227248387408E+02   -0.776202968775937165E+03   -0.163251535193769186E+02    1
    0.147915484024281568E+04    0.271096080725603716E+01    0.180208244442587642E+02   -0.776194578284959789E+03   -0.163351535193769166E+02    1
    0.148383959753172485E+04    0.275436116464094560E+01    0.228028745715852068E+02   -0.776084161668743036E+03   -0.163451535193769217E+02    1
    0.147819233718494706E+04    0.278459894504781147E+01    0.233431273899322065E+02   -0.775998857864862771E+03   -0.163551535193769233E+02    1
    0.147857715896998593E+04    0.272983744641262094E+01    0.237918433599254797E+02   -0.775881529584598525E+03   -0.163651535193769284E+02    1
    0.147982845164276546E+04    0.268906278882550831E+01    0.220157059369169019E+02   -0.775735305598095806E+03   -0.163751535193769264E+02    1
    0.148206254704807066E+04    0.268144948099579938E+01    0.207918212302506475E+02   -0.775652979111468881E+03   -0.163851535193769244E+02    1
    0.148316058027281019E+04    0.276511944345016492E+01    0.226001128309505361E+02   -0.775486864863833148E+03   -0.163951535193769224E+02    1
    0.148018939884995780E+04    0.272441207823799347E+01    0.176356134248075875E+02   -0.775459122995692951E+03   -0.164051535193769205E+02    1
    0.147827839415508515E+04    0.276650890148378803E+01    0.178137792790104044E+02   -0.775453423516695921E+03   -0.164151535193769185E+02    1
    0.148558402810684834E+04    0.272769745659170715E+01    0.203190642393479521E+02   -0.775296350415814686E+03   -0.164251535193769200E+02    1
    0.148428934714522165E+04    0.268680818288415990E+01    0.209910320719026231E+02   -0.775290281850587007E+03   -0.164351535193769216E+02    1
    0.147744184598349170E+04    0.270011387794994073E+01    0.201604201260446416E+02   -0.775188249187537622E+03   -0.164451535193769196E+02    1
    0.147999540432622643E+04    0.272286421872936701E+01    0.238137760696157841E+02   -0.775168394760267233E+03   -0.164551535193769212E+02    1
    0.147919626747472125E+04    0.280026400711002132E+01    0.193198044443135331E+02   -0.775108227266380595E+03   -0.164651535193769156E+02    1
    0.147966099983846289E+04    0.276093305469631689E+01    0.176540957810654930E+02   -0.775082842938715203E+03   -0.164751535193769136E+02    1
    0.148211233790316737E+04    0.268750696105988673E+01    0.219978117021621529E+02   -0.775073932301448735E+03   -0.164851535193769188E+02    1
    0.148066303980880866E+04    0.279889941758701832E+01    0.207755401509163846E+02   -0.774913066306416340E+03   -0.164951535193769239E+02    1
    0.148204273065397979E+04    0.269302605964674191E+01    0.225177207189592536E+02   -0.774895008066398304E+03   -0.165051535193769183E+02    1
    0.147636692169399430E+04    0.276431277440474865E+01    0.188732689007203618E+02   -0.774890713363478199E+03   -0.165151535193769163E+02    1
    0.148578727865122528E+04    0.271506630659422799E+01    0.207650750728333549E+02   -0.774888392962450212E+03   -0.165251535193769215E+02    1
    0.148316019294238822E+04    0.276161198557604237E+01    0.191206489008374660E+02   -0.774887335038894207E+03   -0.165351535193769195E+02    1
    0.147757818961013072E+04    0.274219251043791123E+01    0.180686914415106372E+02   -0.774829151720027539E+03   -0.165451535193769175E+02    1
    0.148132602192410354E+04    0.272293667418005914E+01    0.238026336498572135E+02   -0.774807882048139163E+03   -0.165551535193769155E+02    1
    0.148136146900039171E+04    0.274342434802223689E+01    0.177618813282481369E+02   -0.774493631389971370E+03   -0.165651535193769170E+02    1
    0.147921266063072608E+04    0.270238573687960271E+01    0.226182479590792695E+02   -0.774436484092425871E+03   -0.165751535193769222E+02    1
    0.148239306080793358E+04    0.277183054388568095E+01    0.192630965155872786E+02   -0.774359589239434172E+03   -0.165851535193769202E+02    1
    0.148140518794146055E+04    0.279000279325389888E+01    0.212666799674974953E+02   -0.774271442265066867E+03   -0.165951535193769182E+02    1
    0.147807543631105591E+04    0.273195980604493149E+01    0.181304125525833655E+02   -0.774242357973691014E+03   -0.166051535193769197E+02    1
    0.148181899021078652E+04    0.269673812369385146E+01    0.226067055117502775E+02   -0.774210360372377636E+03   -0.166151535193769178E+02    1
    0.148309141736534457E+04    0.271742578312947503E+01    0.232876945668185584E+02   -0.774199674480578437E+03   -0.166251535193769122E+02    1
    0.148024416037941091E+04    0.268884242515763727E+01    0.212269225798976890E+02   -0.774138961739165325E+03   -0.166351535193769173E+02    1
    0.148267871519635992E+04    0.277247639076395291E+01    0.219133289995588854E+02   -0.774123740496708024E+03   -0.166451535193769224E+02    1
    0.147765721482297067E+04    0.277071304778187333E+01    0.183807046368325899E+02   -0.774068101196306543E+03   -0.166551535193769169E+02    1
    0.147730416540552505E+04    0.279141893876638836E+01    0.195305487499676929E+02   -0.773958526900785046E+03   -0.166651535193769149E+02    1
    0.148296045336168345E+04    0.271763332895887721E+01    0.232613461498319793E+02   -0.773909480797858464E+03   -0.166751535193769200E+02    1
    0.148279993036467840E+04    0.277220759336530520E+01    0.214776215173454403E+02   -0.773870712263283849E+03   -0.166851535193769180E+02    1
    0.148483755157803444E+04    0.270413925839710112E+01    0.218048888654415123E+02   -0.773842730041483833E+03   -0.166951535193769196E+02    1
    0.148073288752135772E+04    0.272201703193191547E+01    0.179962613913472893E+02   -0.773744791514125268E+03   -0.167051535193769176E+02    1
    0.147884420795832443E+04    0.271761905327289055E+01    0.230985525475850864E+02   -0.773688006190701117E+03   -0.167151535193769192E+02    1
    0.148501277932786115E+04    0.271530061499614650E+01    0.216976155191937323E+02   -0.773387154619505282E+03   -0.167251535193769207E+02    1
    0.148108996445164985E+04    0.271730445172239765E+01    0.182257172028859742E+02   -0.773245833903338962E+03   -0.167351535193769152E+02    1
    0.148489044163318772E+04    0.272426936361093341E+01    0.216121756206077720E+02   -0.773084383963342930E+03   -0.167451535193769203E+02    1
    0.147988941550987010E+04    0.272831755281460575E+01    0.180412098509182357E+02   -0.773057687565193419E+03   -0.167551535193769219E+02    1
    0.147898914935244102E+04    0.270095121650257219E+01    0.196419925451688471E+02   -0.772933880819840624E+03   -0.167651535193769163E+02    1
    0.148416466322669567E+04    0.273701041991752447E+01    0.196016224077682608E+02   -0.772904881010124427E+03   -0.167751535193769143E+02    1
    0.148016461141083823E+04    0.269247149992954338E+01    0.208378198819887643E+02   -0.772892085970810285E+03   -0.167851535193769195E+02    1
    0.147674671097008445E+04    0.278413267997038760E+01    0.210475961695899514E+02   -0.772854324663549278E+03   -0.167951535193769175E+02    1
    0.147780735620926089E+04    0.277800254282398207E+01    0.188706545541983246E+02   -0.772805747703454472E+03   -0.168051535193769190E+02    1
    0.147939599646625993E+04    0.278720533930492076E+01    0.191288351951867384E+02   -0.772694381551553079E+03   -0.168151535193769170E+02    1
    0.147891137724530790E+04    0.279817546852268650E+01    0.209529654865305162E+02   -0.772654354236343579E+03   -0.168251535193769186E+02    1
    0.148126486493589823E+04    0.270254794773525875E+01    0.224936988895273942E+02   -0.772514260743444083E+03   -0.168351535193769166E+02    1
    0.147637056008363379E+04    0.273686399764041921E+01    0.199300029363589601E+02   -0.772436258319069339E+03   -0.168451535193769146E+02    1
    0.148278473653558899E+04    0.276600211347797842E+01    0.215084150279076312E+02   -0.772401087310128560E+03   -0.168551535193769197E+02    1
    0.148177304235386100E+04    0.277947288514448410E+01    0.211691750335368170E+02   -0.772384298370191118E+03   -0.168651535193769213E+02    1
    0.147806647784247684E+04    0.279493218348216921E+01    0.209876305895421780E+02   -0.772296022752808767E+03   -0.168751535193769229E+02    1
    0.148303524708877967E+04    0.270956485504605693E+01    0.190988781679055251E+02   -0.772282910940318857E+03   -0.168851535193769244E+02    1
    0.147852138017997731E+04    0.275735791291544352E+01    0.183020398040676611E+02   -0.772259754027174154E+03   -0.168951535193769224E+02    1
    0.148082524825550263E+04    0.278804392096028142E+01    0.209089233670312353E+02   -0.772239011820189262E+03   -0.169051535193769205E+02    1
    0.148251846478923449E+04    0.274069590670986685E+01    0.186185097992337205E+02   -0.772177485135047391E+03   -0.169151535193769149E+02    1
    0.147641486787062286E+04    0.276166612137684542E+01    0.199158443217259276E+02   -0.772104522413066661E+03   -0.169251535193769129E+02    1
    0.147638044391925200E+04    0.274246436309899799E+01    0.199581208427375572E+02   -0.772066107350791754E+03   -0.169351535193769109E+02    1
    0.148306534093482423E+04    0.272348228896479716E+01    0.228308934352055246E+02   -0.772046535292087469E+03   -0.169451535193769161E+02    1
    0.147872685738680957E+04    0.279206045939251712E+01    0.217129223160805225E+02   -0.772003669200695413E+03   -0.169551535193769176E+02    1
    0.147835385163571300E+04    0.274806632854461830E+01    0.231231223033653350E+02   -0.771957431803108875E+03   -0.169651535193769156E+02    1
    0.148098836552045168E+04    0.276982256712523123E+01    0.228032337600164112E+02   -0.771941159943883804E+03   -0.169751535193769172E+02    1
    0.148431412562080050E+04    0.273254838222282626E+01    0.214829207503247375E+02   -0.771853343744077392E+03   -0.169851535193769223E+02    1
    0.147641495424259665E+04    0.273743214667574097E+01    0.210425611352771824E+02   -0.771823858434929889E+03   -0.169951535193769274E+02    1
    0.148161745010443360E+04    0.269500957579076994E+01    0.211703678734129710E+02   -0.771769475727670169E+03   -0.170051535193769219E+02    1
    0.147881018824324678E+04    0.274006169687779844E+01    0.183329325202866329E+02   -0.771759922025214109E+03   -0.170151535193769128E+02    1
    0.148400126397076292E+04    0.273105296519998397E+01    0.220126425048048304E+02   -0.771727762463191766E+03   -0.170251535193769072E+02    1
    0.148017260549506318E+04    0.269688008903733056E+01    0.206475755412528770E+02   -0.771656878759501751E+03   -0.170351535193769124E+02    1
    0.148442532767483885E+04    0.272446728128147964E+01    0.214011625998346204E+02   -0.771656526054537608E+03   -0.170451535193769175E+02    1
    0.147929753151229352E+04    0.279208324078812087E+01    0.201800176138079195E+02   -0.771645513927541288E+03   -0.170551535193769226E+02    1
    0.148077660211529769E+04    0.275372678042417984E+01    0.232735403178702143E+02   -0.771643275334841974E+03   -0.170651535193769242E+02    1
    0.147883652317098131E+04    0.276721534303244221E+01    0.229775647160969925E+02   -0.771602880427242440E+03   -0.170751535193769186E+02    1
    0.148091852283792969E+04    0.269641828028775432E+01    0.203912326496110410E+02   -0.771506804936408344E+03   -0.170851535193769131E+02    1
    0.148069406976702385E+04    0.272645773824296045E+01    0.183938818220477458E+02   -0.771492866438839769E+03   -0.170951535193769111E+02    1
    0.148159486357828678E+04    0.273164115927519013E+01    0.231817416926648292E+02   -0.771434151750356705E+03   -0.171051535193769126E+02    1
    0.148409362372255487E+04    0.270995777341452104E+01    0.203162315111938625E+02   -0.771398706727552963E+03   -0.171151535193769142E+02    1
    0.147816355358134979E+04    0.275686188215769112E+01    0.228618113504356302E+02   -0.771324458256444586E+03   -0.171251535193769122E+02    1
    0.148222336719269720E+04    0.273741267081381423E+01    0.186869391474648410E+02   -0.771280585317092005E+03   -0.171351535193769102E+02    1
    0.147705673412157353E+04    0.274378233735969390E+01    0.193584836004158802E+02   -0.771245115088364628E+03   -0.171451535193769118E+02    1
    0.148374816620139632E+04    0.271168703983384685E+01    0.218163966444838735E+02   -0.771243246050217749E+03   -0.171551535193769134E+02    1
    0.148400802045176147E+04    0.273839960465829346E+01    0.207601348403131851E+02   -0.771233720482666513E+03   -0.171651535193769149E+02    1
    0.147844258431643607E+04    0.279133901771453541E+01    0.207623951354653684E+02   -0.771225875927551215E+03   -0.171751535193769200E+02    1
    0.148317831023418648E+04    0.274031856472509050E+01    0.193462146089493388E+02   -0.771222146426460085E+03   -0.171851535193769180E+02    1
    0.148019242599856943E+04    0.277722172103791642E+01    0.224456643352604885E+02   -0.771200293775478940E+03   -0.171951535193769125E+02    1
    0.147840821395892090E+04    0.278061777754894557E+01    0.193151592801991399E+02   -0.771189290644611219E+03   -0.172051535193769141E+02    1
    0.148301990800541671E+04    0.270171304242260302E+01    0.202077994035463320E+02   -0.771154195692904295E+03   -0.172151535193769156E+02    1
    0.148088054991517015E+04    0.271254191723045412E+01    0.189258076100278032E+02   -0.771134997885596704E+03   -0.172251535193769101E+02    1
    0.148068475212240719E+04    0.276119574641432974E+01    0.186427051202709322E+02   -0.771119758986512920E+03   -0.172351535193769116E+02    1
    0.148276161436137045E+04    0.275010592531014098E+01    0.193987568902539209E+02   -0.771104935872816100E+03   -0.172451535193769168E+02    1
    0.148344531360935912E+04    0.271373354704930669E+01    0.196048816370070682E+02   -0.771103007354737201E+03   -0.172551535193769148E+02    1
    0.147769882812895867E+04    0.278598374409080485E+01    0.205085130402914189E+02   -0.771091650882241424E+03   -0.172651535193769128E+02    1
    0.147675251208454574E+04    0.276851719366287563E+01    0.209741585758098665E+02   -0.771033931664690499E+03   -0.172751535193769143E+02    1
    0.147791451377928342E+04    0.278429963635163080E+01    0.215354062330352889E+02   -0.770992494490880631E+03   -0.172851535193769195E+02    1
    0.148218165583043492E+04    0.272235730317457758E+01    0.228046836515324713E+02   -0.770970411869125314E+03   -0.172951535193769210E+02    1
    0.148016432967884862E+04    0.276518805025907310E+01    0.186942496064450552E+02   -0.770954550684105925E+03   -0.173051535193769155E+02    1
    0.147761944268373122E+04    0.278276765743593835E+01    0.202318992782679459E+02   -0.770895199377794484E+03   -0.173151535193769135E+02    1
    0.148174110712177935E+04    0.270788536317579798E+01    0.222646367343324272E+02   -0.770853148571897464E+03   -0.173251535193769151E+02    1
    0.148019075554368237E+04    0.278099849334815685E+01    0.220022522739425881E+02   -0.770844516368253153E+03   -0.173351535193769202E+02    1
    0.147981021329100258E+04    0.271408276098142087E+01    0.224464730920568059E+02   -0.770775153800238741E+03   -0.173451535193769217E+02    1
    0.148004977735142666E+04    0.276303153979913052E+01    0.186650326799530148E+02   -0.770755791150223786E+03   -0.173551535193769162E+02    1
    0.148297272744212228E+04    0.273682101081957541E+01    0.192844779031489537E+02   -0.770701927346703314E+03   -0.173651535193769142E+02    1
    0.148169365200512243E+04    0.276064215043693917E+01    0.192185953713094051E+02   -0.770667729020262300E+03   -0.173751535193769122E+02    1
    0.148128999819713863E+04    0.276762478073895091E+01    0.223250836135163695E+02   -0.770646568615526917E+03   -0.173851535193769102E+02    1
    0.148199181870472171E+04    0.270689455667936230E+01    0.195302941591692445E+02   -0.770645761834307450E+03   -0.173951535193769118E+02    1
    0.148398912513425398E+04    0.271661994544159935E+01    0.205717744105928375E+02   -0.770596425060838783E+03   -0.174051535193769098E+02    1
    0.147884389914478288E+04    0.278798521521660003E+01    0.203245246961516841E+02   -0.770587182554366109E+03   -0.174151535193769078E+02    1
    0.147799171721875041E+04    0.278401671377325499E+01    0.213089256748189939E+02   -0.770580382553517893E+03   -0.174251535193769094E+02    1
    0.148355790332272431E+04    0.272333836206615310E+01    0.197391542674512692E+02   -0.770570256381087688E+03   -0.174351535193769074E+02    1
    0.147709592898178789E+04    0.277305085801673323E+01    0.204572888755181879E+02   -0.770567998383223198E+03   -0.174451535193769089E+02    1
    0.148199080264711779E+04    0.276891622574541474E+01    0.211236820878979188E+02   -0.770552447132618340E+03   -0.174551535193769141E+02    1
    0.148237706055209333E+04    0.272803709806607619E+01    0.226976455543617988E+02   -0.770518907413256102E+03   -0.174651535193769156E+02    1
    0.147801070988395850E+04    0.271604329128929711E+01    0.212720010131490369E+02   -0.770508460577582582E+03   -0.174751535193769136E+02    1
    0.148118350329074656E+04    0.269998723271669805E+01    0.209811780290293655E+02   -0.770482030528316500E+03   -0.174851535193769152E+02    1
    0.148281214826262431E+04    0.271544264509371125E+01    0.194309180066223490E+02   -0.770477307766418903E+03   -0.174951535193769168E+02    1
    0.148036270909147061E+04    0.277726719974712966E+01    0.195630210963675353E+02   -0.770476181442454390E+03   -0.175051535193769148E+02    1
    0.147820759538561560E+04    0.278558479600817277E+01    0.204321115783988176E+02   -0.770431594179480840E+03   -0.175151535193769092E+02    1
    0.147882931920287092E+04    0.278321116555859405E+01    0.197611893036305588E+02   -0.770428190242666915E+03   -0.175251535193769072E+02    1
    0.147797290798442555E+04    0.272662119903459121E+01    0.193967668085809350E+02   -0.770411829754311270E+03   -0.175351535193769053E+02    1
    0.148325001915307098E+04    0.273089221716666319E+01    0.195513879808060267E+02   -0.770389649876082785E+03   -0.175451535193769104E+02    1
    0.147743082316593291E+04    0.275069002400851526E+01    0.221363034757822419E+02   -0.770356774289124701E+03   -0.175551535193769119E+02    1
    0.148170494806258375E+04    0.273446936791130302E+01    0.187474863118351607E+02   -0.770354764235427183E+03   -0.175651535193769064E+02    1
    0.148232722683034831E+04    0.271002494987892684E+01    0.195590749862490441E+02   -0.770316264354853502E+03   -0.175751535193769115E+02    1
    0.147688762610579579E+04    0.275869720272039531E+01    0.201646739516384770E+02   -0.770310656348919906E+03   -0.175851535193769202E+02    1
    0.147936455486558611E+04    0.271806814907605077E+01    0.191600588299753554E+02   -0.770256478408928388E+03   -0.175951535193769182E+02    1
    0.147864354887086756E+04    0.278615586511721602E+01    0.204006103772093041E+02   -0.770248036856823319E+03   -0.176051535193769126E+02    1
    0.148290348493833517E+04    0.271720707590747024E+01    0.195419147122904349E+02   -0.770186727757789072E+03   -0.176151535193769107E+02    1
    0.147711797718673347E+04    0.276915215182421903E+01    0.204001562784769703E+02   -0.770181571715470000E+03   -0.176251535193769087E+02    1
    0.148080802731340714E+04    0.272005605247380844E+01    0.189101516627941493E+02   -0.770163506111345328E+03   -0.176351535193769138E+02    1
    0.147758784072469302E+04    0.273171199824605893E+01    0.217422150456433059E+02   -0.769998183961321047E+03   -0.176451535193769189E+02    1
    0.148038225269497980E+04    0.275228590902995318E+01    0.229161461364995773E+02   -0.769950329611284815E+03   -0.176551535193769205E+02    1
    0.148371965939980237E+04    0.272934582428417016E+01    0.206333290822870055E+02   -0.769934860615951038E+03   -0.176651535193769149E+02    1
    0.148226845826529234E+04    0.270522226317902970E+01    0.202392841680717765E+02   -0.769926196621594272E+03   -0.176751535193769129E+02    1
    0.148071674088240593E+04    0.277864999103511412E+01    0.209810105015730386E+02   -0.769902656414091098E+03   -0.176851535193769145E+02    1
    0.147953956778273687E+04    0.271553486638884589E+01    0.193987069634677738E+02   -0.769854537518702955E+03   -0.176951535193769089E+02    1
    0.148049249151505046E+04    0.276503233413404859E+01    0.225222303377640571E+02   -0.769834473553910470E+03   -0.177051535193769141E+02    1
    0.148148978767885956E+04    0.277117105518314633E+01    0.208772060170371958E+02   -0.769806485680176934E+03   -0.177151535193769156E+02    1
    0.147840862924452199E+04    0.278101547362148827E+01    0.201160486051018097E+02   -0.769779516151861117E+03   -0.177251535193769101E+02    1
    0.148360275639912743E+04    0.271862865027033429E+01    0.210577441332228261E+02   -0.769761076646081392E+03   -0.177351535193769081E+02    1
    0.148105464969307059E+04    0.277354727232556675E+01    0.202396706314729613E+02   -0.769736678292032593E+03   -0.177451535193769061E+02    1
    0.147762459675020455E+04    0.277013809956543522E+01    0.199178724850193873E+02   -0.769711229738044494E+03   -0.177551535193769148E+02    1
    0.148203050989085364E+04    0.276012892130148924E+01    0.217494498459238201E+02   -0.769705840839867278E+03   -0.177651535193769163E+02    1
    0.148077467873702153E+04    0.270388765085126570E+01    0.206792074861505739E+02   -0.769668420585409194E+03   -0.177751535193769143E+02    1
    0.147836288533416518E+04    0.277171354372394729E+01    0.194863484182166644E+02   -0.769640814055057945E+03   -0.177851535193769159E+02    1
    0.147893426837171342E+04    0.271129884655514086E+01    0.207891937738640848E+02   -0.769600110092020259E+03   -0.177951535193769175E+02    1
    0.147977335368006720E+04    0.272641477728914383E+01    0.189482933961021303E+02   -0.769584096285215310E+03   -0.178051535193769155E+02    1
    0.148264149145176270E+04    0.270899153234124634E+01    0.213208656583383345E+02   -0.769555718601997114E+03   -0.178151535193769135E+02    1
    0.147872281923977744E+04    0.275762573060552452E+01    0.225556422826395533E+02   -0.769550025718161123E+03   -0.178251535193769115E+02    1
    0.147982856058500579E+04    0.274637664926227743E+01    0.187228255088663644E+02   -0.769520411873488911E+03   -0.178351535193769095E+02    1
    0.147961132321659716E+04    0.270969211818908917E+01    0.201294240095184449E+02   -0.769511499096976650E+03   -0.178451535193769075E+02    1
    0.147911918392868893E+04    0.273822960485491063E+01    0.188616978010109904E+02   -0.769491287559581792E+03   -0.178551535193769126E+02    1
    0.147757861727068507E+04    0.274062107332070948E+01    0.217884414899016008E+02   -0.769482578764127425E+03   -0.178651535193769107E+02    1
    0.148081601752944425E+04    0.270681331284558180E+01    0.201019890378161534E+02   -0.769466116774332704E+03   -0.178751535193769087E+02    1
    0.148289604838479045E+04    0.273511162362614080E+01    0.197586953697224317E+02   -0.769395217102537231E+03   -0.178851535193769102E+02    1
    0.147742275052445871E+04    0.276582673581388416E+01    0.202394196541554976E+02   -0.769362736465983517E+03   -0.178951535193769118E+02    1
    0.147818006124661588E+04    0.272901545248654598E+01    0.196111882985229329E+02   -0.769301711549768470E+03   -0.179051535193769134E+02    1
    0.147738580085446210E+04    0.273562545368176169E+01    0.203598566889739772E+02   -0.769297178745599581E+03   -0.179151535193769149E+02    1
    0.148082189002873611E+04    0.277048734826643006E+01    0.217772368243235945E+02   -0.769286868518743631E+03   -0.179251535193769129E+02    1
    0.147893324196990557E+04    0.277824744985077476E+01    0.215413065234405678E+02   -0.769186747556617888E+03   -0.179351535193769145E+02    1
    0.148292795955046586E+04    0.273715878233089871E+01    0.199753103610086811E+02   -0.769185974750101423E+03   -0.179451535193769161E+02    1
    0.148279966595413180E+04    0.273672567183408599E+01    0.218919602998403064E+02   -0.769182754105307595E+03   -0.179551535193769141E+02    1
    0.148050947314407517E+04    0.276191270025717284E+01    0.224053706777973503E+02   -0.769155112756352992E+03   -0.179651535193769085E+02    1
    0.147880285018649693E+04    0.278039854984813140E+01    0.204754496608390326E+02   -0.769148804072795883E+03   -0.179751535193769101E+02    1
    0.147741426668047848E+04    0.276220648029978921E+01    0.211655911977829874E+02   -0.769098172645502245E+03   -0.179851535193769152E+02    1
    0.147788653070924352E+04    0.272874976475083342E+01    0.201015098034734336E+02   -0.769075241350674105E+03   -0.179951535193769097E+02    1
    0.147756054598275614E+04    0.274801013766807323E+01    0.197987083766568333E+02   -0.769071784407860150E+03   -0.180051535193769077E+02    1
    0.148309620399117125E+04    0.274010870585619548E+01    0.208509949758328332E+02   -0.769070383394264695E+03   -0.180151535193769092E+02    1
    0.147837748404945501E+04    0.272196947759551433E+01    0.213668801380686659E+02   -0.769024236333539420E+03   -0.180251535193769108E+02    1
    0.148015426996113388E+04    0.276728155999196224E+01    0.221924698175980382E+02   -0.769010806925996349E+03   -0.180351535193769088E+02    1
    0.148031409230480517E+04    0.275170529954651766E+01    0.189462081324965652E+02   -0.769009186299797307E+03   -0.180451535193769104E+02    1
    0.148042837818962062E+04    0.277276347293314540E+01    0.199872027889497019E+02   -0.769004443720640666E+03   -0.180551535193769084E+02    1
    0.147834440598201309E+04    0.273077486511407841E+01    0.219313384363431823E+02   -0.769000665016309767E+03   -0.180651535193769099E+02    1
    0.148031634805499789E+04    0.274448416577587961E+01    0.188955636209975779E+02   -0.768933458060765929E+03   -0.180751535193769044E+02    1
    0.147956497409346798E+04    0.273994306401864351E+01    0.226090931573569804E+02   -0.768885827365357386E+03   -0.180851535193769060E+02    1
    0.148013791730649973E+04    0.275032262329618682E+01    0.226287428534073172E+02   -0.768827050325786900E+03   -0.180951535193769111E+02    1
    0.147864184206080222E+04    0.272267013836537286E+01    0.215938047040063168E+02   -0.768823217647213482E+03   -0.181051535193769091E+02    1
    0.148150843360586259E+04    0.273742652253901131E+01    0.191695057685832495E+02   -0.768785533707030709E+03   -0.181151535193769142E+02    1
    0.147881380782155725E+04    0.277681138034852504E+01    0.203156309419959769E+02   -0.768704166105366426E+03   -0.181251535193769122E+02    1
    0.148097574909743480E+04    0.277013346189955589E+01    0.208789067924749503E+02   -0.768693492158571303E+03   -0.181351535193769031E+02    1
    0.147980722568689771E+04    0.277169956658711714E+01    0.197716304589473424E+02   -0.768691227609786779E+03   -0.181451535193769047E+02    1
    0.148106737738196603E+04    0.271057966221305247E+01    0.201817651433021013E+02   -0.768678889571953960E+03   -0.181551535193769062E+02    1
    0.148102561590734217E+04    0.272745034571394607E+01    0.192029628745016936E+02   -0.768649897150924744E+03   -0.181651535193769078E+02    1
    0.148062186102053647E+04    0.270929341692147219E+01    0.208457273165016517E+02   -0.768638705622112184E+03   -0.181751535193769129E+02    1
    0.147837704652521484E+04    0.277369318043134383E+01    0.202870823150711317E+02   -0.768624856087927583E+03   -0.181851535193769109E+02    1
    0.147909128411722304E+04    0.272104028477996440E+01    0.198114857125667214E+02   -0.768608040014461835E+03   -0.181951535193769125E+02    1
    0.147819779457977643E+04    0.274399712778155180E+01    0.219660426341701935E+02   -0.768534088358669123E+03   -0.182051535193769105E+02    1
    0.148074055505974229E+04    0.271457801758813488E+01    0.217224251209937336E+02   -0.768530599524852960E+03   -0.182151535193769121E+02    1
    0.148260409116738310E+04    0.271871460807874943E+01    0.202651741541482124E+02   -0.768525653379609480E+03   -0.182251535193769101E+02    1
    0.148188676113030510E+04    0.272354899685383467E+01    0.220547977671084112E+02   -0.768524679167963086E+03   -0.182351535193769116E+02    1
    0.148249149344230523E+04    0.274815693959647067E+01    0.210222724141923010E+02   -0.768502074070486970E+03   -0.182451535193769061E+02    1
    0.147895992123209726E+04    0.277636649207037234E+01    0.211111393201059485E+02   -0.768491454242005261E+03   -0.182551535193769077E+02    1
    0.148201834080327262E+04    0.271266742526437499E+01    0.210190122569661639E+02   -0.768391585853692504E+03   -0.182651535193769128E+02    1
    0.147931358768728796E+04    0.277092812461751592E+01    0.217497711580211757E+02   -0.768389504612200540E+03   -0.182751535193769143E+02    1
    0.148192547524197380E+04    0.272250166076026057E+01    0.219351524961450792E+02   -0.768383697748966142E+03   -0.182851535193769088E+02    1
    0.147914850725496512E+04    0.271682709034237480E+01    0.206080274231816389E+02   -0.768380513745860640E+03   -0.182951535193769104E+02    1
    0.148245857436895540E+04    0.272509539971128412E+01    0.199488527363792514E+02   -0.768376707957824806E+03   -0.183051535193769119E+02    1
    0.147775077434757804E+04    0.275226297679057730E+01    0.200345150615696355E+02   -0.768354850666425477E+03   -0.183151535193769099E+02    1
    0.148262857776150372E+04    0.272127037124194437E+01    0.213293880425887323E+02   -0.768322783528187983E+03   -0.183251535193769080E+02    1
    0.148007564351228552E+04    0.273997738313896511E+01    0.190957164730499471E+02   -0.768277645256467849E+03   -0.183351535193769095E+02    1
    0.148064372255352487E+04    0.271147238468823071E+01    0.208954387482966268E+02   -0.768258650569358906E+03   -0.183451535193769146E+02    1
    0.147894728796270351E+04    0.272902482088072906E+01    0.219006422822107965E+02   -0.768244620522377431E+03   -0.183551535193769162E+02    1
    0.148106180077144336E+04    0.271225491952712927E+01    0.203919839756309358E+02   -0.768221448740374854E+03   -0.183651535193769178E+02    1
    0.148112107499740591E+04    0.271998809751537340E+01    0.219305251215980519E+02   -0.768216438524258592E+03   -0.183751535193769158E+02    1
    0.147931593448410786E+04    0.272288937903335659E+01    0.197706442576967731E+02   -0.768216014078809394E+03   -0.183851535193769173E+02    1
    0.147950504932138711E+04    0.275205487992739650E+01    0.223651402202906553E+02   -0.768198703939688471E+03   -0.183951535193769118E+02    1
    0.148038270533274704E+04    0.271248464367335185E+01    0.209806716669155549E+02   -0.768193476337671200E+03   -0.184051535193769027E+02    1
    0.147962436889302717E+04    0.271811223013175374E+01    0.214885936208697927E+02   -0.768190580697084670E+03   -0.184151535193769043E+02    1
    0.147856989305991647E+04    0.274381565660748983E+01    0.220189622527598772E+02   -0.768103565585630804E+03   -0.184251535193769129E+02    1
    0.147946655587251553E+04    0.275510227714837441E+01    0.222613439225324043E+02   -0.768058844140043902E+03   -0.184351535193769109E+02    1
    0.148237123542879067E+04    0.273101888429940587E+01    0.200091324184967050E+02   -0.768036700815371205E+03   -0.184451535193769125E+02    1
    0.147966209316967752E+04    0.272002415676643405E+01    0.215918935429930059E+02   -0.768035403978116847E+03   -0.184551535193769105E+02    1
    0.148001474427954781E+04    0.276901140591757144E+01    0.200287974981932422E+02   -0.768028197165822576E+03   -0.184651535193769085E+02    1
    0.148182446246332916E+04    0.271487196678811227E+01    0.210731576219555592E+02   -0.768017561677349249E+03   -0.184751535193769065E+02    1
    0.147851282427549722E+04    0.277078373709520864E+01    0.209951641583598985E+02   -0.768007302244431685E+03   -0.184851535193769081E+02    1
    0.148052548830279875E+04    0.276304982406607902E+01    0.217887200290437733E+02   -0.767938633521971042E+03   -0.184951535193769132E+02    1
    0.148149828833902734E+04    0.275955834513020637E+01    0.208500255227954483E+02   -0.767937289625543599E+03   -0.185051535193769112E+02    1
    0.148195585225051809E+04    0.272005861402820415E+01    0.215149324230923753E+02   -0.767935015970969971E+03   -0.185151535193769057E+02    1
    0.148204145593756562E+04    0.275091906653009044E+01    0.206041277905272295E+02   -0.767929701871435213E+03   -0.185251535193769072E+02    1
    0.148182224628988843E+04    0.275329448880816186E+01    0.203813988335998886E+02   -0.767919924628485660E+03   -0.185351535193769088E+02    1
    0.147821240725172242E+04    0.273622213283660898E+01    0.200668346912963074E+02   -0.767911255171615835E+03   -0.185451535193769068E+02    1
    0.148061814337461828E+04    0.271530851691958164E+01    0.202456329174996057E+02   -0.767904287328748296E+03   -0.185551535193769084E+02    1
    0.147884369487214508E+04    0.275153031589384289E+01    0.220654789255573434E+02   -0.767880108070556616E+03   -0.185651535193769064E+02    1
    0.148052035726773943E+04    0.274136119613816387E+01    0.223314290098016244E+02   -0.767853505706902979E+03   -0.185751535193769080E+02    1
    0.148050960233760270E+04    0.276826061839929949E+01    0.205763303752201949E+02   -0.767849954793904999E+03   -0.185851535193769060E+02    1
    0.148105551124683916E+04    0.276369359307085771E+01    0.209817482468450862E+02   -0.767835456731937484E+03   -0.185951535193769075E+02    1
    0.147870418890246128E+04    0.273609307842645411E+01    0.218215231198518325E+02   -0.767835224990986035E+03   -0.186051535193769055E+02    1
    0.148219483183212469E+04    0.272438998752072248E+01    0.214941409750667844E+02   -0.767817012052948257E+03   -0.186151535193769035E+02    1
    0.148074788821635616E+04    0.274614791571572336E+01    0.222573984676349426E+02   -0.767814232271556421E+03   -0.186251535193769051E+02    1
    0.148162355275069785E+04    0.273909716320328966E+01    0.220195833580416007E+02   -0.767796914498022602E+03   -0.186351535193769067E+02    1
    0.147979055265681041E+04    0.276572592494213776E+01    0.217409588653399055E+02   -0.767778684876208445E+03   -0.186451535193769118E+02    1
    0.148058473416813240E+04    0.274557635751011331E+01    0.222783137793342974E+02   -0.767778291662711354E+03   -0.186551535193769062E+02    1
    0.148227979879979125E+04    0.272906901531300061E+01    0.201419529695581616E+02   -0.767763458623110068E+03   -0.186651535193769078E+02    1
    0.148010626601448234E+04    0.275279816677547506E+01    0.193916557386568371E+02   -0.767728404739531470E+03   -0.186751535193769129E+02    1
    0.147840319952546179E+04    0.276264969141798034E+01    0.200995664367190443E+02   -0.767724343088056912E+03   -0.186851535193769109E+02    1
    0.147840361972068899E+04    0.275774184977569581E+01    0.216180929866651752E+02   -0.767715151641703869E+03   -0.186951535193769125E+02    1
    0.148098296496210446E+04    0.275351085138261675E+01    0.219383666099243584E+02   -0.767682450970799437E+03   -0.187051535193769105E+02    1
    0.147973902218144849E+04    0.272226123312191248E+01    0.215808521639188484E+02   -0.767674302777468597E+03   -0.187151535193769050E+02    1
    0.147952071113688862E+04    0.273625019533896063E+01    0.194227516186382161E+02   -0.767672976486020616E+03   -0.187251535193769101E+02    1
    0.147842884657980176E+04    0.275356745057106167E+01    0.198075941717027462E+02   -0.767669738453315404E+03   -0.187351535193769116E+02    1
    0.147920273321996001E+04    0.274514596201088912E+01    0.220996383677553183E+02   -0.767604362058741799E+03   -0.187451535193769097E+02    1
    0.147959005192651011E+04    0.272007019165003161E+01    0.211524590367787368E+02   -0.767601004050513211E+03   -0.187551535193769112E+02    1
    0.147954990258309954E+04    0.276866482223026589E+01    0.213419470716001740E+02   -0.767569303625005318E+03   -0.187651535193769128E+02    1
    0.148198681688103261E+04    0.274762408743969777E+01    0.205936770578408073E+02   -0.767538027735549008E+03   -0.187751535193769072E+02    1
    0.148139983459403720E+04    0.272663216505257555E+01    0.197990081372704907E+02   -0.767525182479277873E+03   -0.187851535193769017E+02    1
    0.148177243625575807E+04    0.274022519463947845E+01    0.198954716765351804E+02   -0.767516470541668468E+03   -0.187951535193769068E+02    1
    0.148216432691507703E+04    0.273764397422599348E+01    0.202747247699696800E+02   -0.767494334319039353E+03   -0.188051535193769119E+02    1
    0.147905791269773272E+04    0.272880141476424987E+01    0.215258710599883756E+02   -0.767489239949452781E+03   -0.188151535193769099E+02    1
    0.148175329463024536E+04    0.272008678650595126E+01    0.212027141507296477E+02   -0.767488961211178321E+03   -0.188251535193769115E+02    1
    0.147965315324929043E+04    0.272316574875334050E+01    0.200536537663286651E+02   -0.767482754885932650E+03   -0.188351535193769095E+02    1
    0.148160638148666271E+04    0.272483580454214591E+01    0.199929418301206425E+02   -0.767466012788000171E+03   -0.188451535193769040E+02    1
    0.148164996240212145E+04    0.274895689482306871E+01    0.214851136956119007E+02   -0.767431559116624385E+03   -0.188551535193769020E+02    1
    0.148054937509706178E+04    0.275598947645642367E+01    0.218832074588147805E+02   -0.767427068810467063E+03   -0.188651535193769035E+02    1
    0.147910769185297477E+04    0.272685550156395085E+01    0.201492746214415348E+02   -0.767423887794863504E+03   -0.188751535193769016E+02    1
    0.148070116728203402E+04    0.276401710875657347E+01    0.208861279313753698E+02   -0.767423230491636446E+03   -0.188851535193768996E+02    1
    0.148105003617204443E+04    0.275539284476912982E+01    0.216114698713289357E+02   -0.767376810967742699E+03   -0.188951535193769011E+02    1
    0.148216368058768512E+04    0.273885499843700764E+01    0.204725296268344295E+02   -0.767374120484719583E+03   -0.189051535193769062E+02    1
    0.147893018102337601E+04    0.273393843053383367E+01    0.198858913413434379E+02   -0.767356868377401042E+03   -0.189151535193769043E+02    1
    0.147966329657881465E+04    0.275895644146507868E+01    0.218519528852051224E+02   -0.767339064610288119E+03   -0.189251535193769058E+02    1
    0.147880172047677524E+04    0.276618510466145384E+01    0.210566402947891049E+02   -0.767334602564196075E+03   -0.189351535193769109E+02    1
    0.148010678248500108E+04    0.276272989396116975E+01    0.200203063954720335E+02   -0.767332187225946996E+03   -0.189451535193769125E+02    1
    0.148108703471551144E+04    0.274411392906801765E+01    0.219639162031134703E+02   -0.767311605993491412E+03   -0.189551535193769105E+02    1
    0.147918022440910181E+04    0.273341031147744351E+01    0.217310111246346906E+02   -0.767309313608988987E+03   -0.189651535193769050E+02    1
    0.148014063477073887E+04    0.275961356512210276E+01    0.198461215248961054E+02   -0.767304026357399152E+03   -0.189751535193769030E+02    1
    0.147838950932573562E+04    0.275043043016537681E+01    0.200564419034616463E+02   -0.767295538548640479E+03   -0.189851535193769045E+02    1
    0.148143096383399734E+04    0.272686759142187407E+01    0.216735188207572378E+02   -0.767292708156619256E+03   -0.189951535193769097E+02    1
    0.147944480856650353E+04    0.273223990988389343E+01    0.217973069767643182E+02   -0.767283979721601554E+03   -0.190051535193769077E+02    1
    0.147870191293971538E+04    0.273331225915345044E+01    0.201935214759192831E+02   -0.767268380109035661E+03   -0.190151535193769021E+02    1
    0.148031026977414172E+04    0.273883604519674861E+01    0.220935487555119039E+02   -0.767264697650974995E+03   -0.190251535193769037E+02    1
    0.148011862726497930E+04    0.272999954370116704E+01    0.196765731731044013E+02   -0.767255410452223487E+03   -0.190351535193769088E+02    1
    0.148033769233202634E+04    0.272381014110995423E+01    0.199583291583141715E+02   -0.767255089848689067E+03   -0.190451535193769033E+02    1
    0.148070742052997275E+04    0.272657335380604504E+01    0.198076031479222223E+02   -0.767245981008974127E+03   -0.190551535193769084E+02    1
    0.148121314341838615E+04    0.273456137149959666E+01    0.197191437979666375E+02   -0.767237969820917669E+03   -0.190651535193769099E+02    1
    0.147865044059558295E+04    0.273668482648916900E+01    0.214144012282626335E+02   -0.767233230286176649E+03   -0.190751535193769044E+02    1
    0.148099861115353747E+04    0.274606877909215674E+01    0.219240622902649562E+02   -0.767232446233606652E+03   -0.190851535193768953E+02    1
    0.148080657993409795E+04    0.275297411406344583E+01    0.198348387238103783E+02   -0.767231071638048206E+03   -0.190951535193768969E+02    1
    0.148078133897121779E+04    0.272924307757526163E+01    0.218644250048478170E+02   -0.767224905153596183E+03   -0.191051535193769055E+02    1
    0.147885348344937779E+04    0.273513843537176538E+01    0.199868794219120787E+02   -0.767213495626468784E+03   -0.191151535193769071E+02    1
    0.148056966127649321E+04    0.276037613992837372E+01    0.201909572617241224E+02   -0.767198989524643594E+03   -0.191251535193769087E+02    1
    0.148204248757899586E+04    0.273052519856704423E+01    0.212381772220943361E+02   -0.767182304640381062E+03   -0.191351535193769102E+02    1
    0.148208891325509853E+04    0.273301333147944225E+01    0.204603298146255383E+02   -0.767181670635207411E+03   -0.191451535193769047E+02    1
    0.147935429634193838E+04    0.275836165034082548E+01    0.198284406941023263E+02   -0.767158970749064679E+03   -0.191551535193769098E+02    1
    0.147863869579269908E+04    0.275995018290855532E+01    0.202438984932782944E+02   -0.767154819544593806E+03   -0.191651535193769114E+02    1
    0.147915263914792968E+04    0.275128431384482575E+01    0.196993452397231152E+02   -0.767148890897951105E+03   -0.191751535193769094E+02    1
    0.148139525721082282E+04    0.275398419486740220E+01    0.208065095369863684E+02   -0.767146334230962339E+03   -0.191851535193769109E+02    1
    0.148181979151426162E+04    0.274630236395787497E+01    0.209627803981069292E+02   -0.767139370546444297E+03   -0.191951535193769054E+02    1
    0.148170384502162233E+04    0.274873427762068889E+01    0.208481102350355485E+02   -0.767129981970353697E+03   -0.192051535193769034E+02    1
    0.148044486968231604E+04    0.276335698190183443E+01    0.210012754492454405E+02   -0.767124077900823863E+03   -0.192151535193769014E+02    1
    0.148102862528044830E+04    0.275804714013279240E+01    0.206243646881994636E+02   -0.767121402639525741E+03   -0.192251535193769030E+02    1
    0.147940122903053134E+04    0.276679023952350445E+01    0.209696379505375887E+02   -0.767120016410726066E+03   -0.192351535193769045E+02    1
    0.147861734187317120E+04    0.275860352299238976E+01    0.202316337197824652E+02   -0.767109106972990276E+03   -0.192451535193769097E+02    1
    0.148013950688332352E+04    0.276076698791237263E+01    0.215366982592844636E+02   -0.767083489031508748E+03   -0.192551535193769077E+02    1
    0.148109875197990550E+04    0.272368162709593964E+01    0.201875977652627512E+02   -0.767039064923770638E+03   -0.192651535193769021E+02    1
    0.147854743813398227E+04    0.273794905524948762E+01    0.211256667979549349E+02   -0.767030553452210029E+03   -0.192751535193769001E+02    1
    0.147850036447131970E+04    0.274270875261941782E+01    0.212632383618040421E+02   -0.767016314913630254E+03   -0.192851535193769017E+02    1
    0.147902692777113475E+04    0.274845462131972385E+01    0.217422026381179023E+02   -0.767015628154258479E+03   -0.192951535193769068E+02    1
    0.148075222406628768E+04    0.273701238651494672E+01    0.219242595132455449E+02   -0.767014749490649820E+03   -0.193051535193769048E+02    1
    0.147898493998545678E+04    0.274768725390186663E+01    0.198087491117073284E+02   -0.767012018936923937E+03   -0.193151535193769028E+02    1
    0.148151485692138431E+04    0.273982182621200110E+01    0.200324779178608878E+02   -0.766998795944803987E+03   -0.193251535193769080E+02    1
    0.148054794897880993E+04    0.275572959957763919E+01    0.216306351641168959E+02   -0.766992848867853354E+03   -0.193351535193769095E+02    1
    0.147899701010774106E+04    0.272990350670293935E+01    0.205440529425585225E+02   -0.766957244531859942E+03   -0.193451535193769075E+02    1
    0.148071496319228254E+04    0.273910785493275366E+01    0.219134503663143079E+02   -0.766952321784251126E+03   -0.193551535193769020E+02    1
    0.147959837468723458E+04    0.276251981228586452E+01    0.213744561822454244E+02   -0.766951185237185200E+03   -0.193651535193769035E+02    1
    0.147863521281303906E+04    0.275617458654282332E+01    0.212626565258527478E+02   -0.766948733239260264E+03   -0.193751535193769051E+02    1
    0.147879755097461043E+04    0.275180234289436720E+01    0.199969678119887817E+02   -0.766944451319053201E+03   -0.193851535193769031E+02    1
    0.147847832955699300E+04    0.275674501380530002E+01    0.206104297243102650E+02   -0.766939587804641860E+03   -0.193951535193769047E+02    1
    0.147969806020590499E+04    0.273396100291777921E+01    0.197962617864616846E+02   -0.766925075585083391E+03   -0.194051535193769062E+02    1
    0.148193867145500781E+04    0.273553092102027806E+01    0.206204665887575374E+02   -0.766919682324553833E+03   -0.194151535193769043E+02    1
    0.148149873242140711E+04    0.272691071796627060E+01    0.202901288745744210E+02   -0.766914827976380820E+03   -0.194251535193769058E+02    1
    0.148065582445397877E+04    0.275415482067441175E+01    0.200171624216844322E+02   -0.766914347029440933E+03   -0.194351535193769074E+02    1
    0.147845031877936822E+04    0.275400699246788161E+01    0.205584899097523248E+02   -0.766890252404689363E+03   -0.194451535193769089E+02    1
    0.148137928504658385E+04    0.272958290711833840E+01    0.215047952551956030E+02   -0.766886767089868272E+03   -0.194551535193769034E+02    1
    0.147938038160058250E+04    0.273563904131742808E+01    0.198810152187694200E+02   -0.766873820820680521E+03   -0.194651535193769014E+02    1
    0.148062176622413403E+04    0.274462771755716828E+01    0.218715897456866344E+02   -0.766871022499190872E+03   -0.194751535193769065E+02    1
    0.148027020932418918E+04    0.276218026599397826E+01    0.207334835526844472E+02   -0.766839379953468892E+03   -0.194851535193769081E+02    1
    0.148155977976722602E+04    0.274723512131136172E+01    0.207116061164471290E+02   -0.766835946130437947E+03   -0.194951535193769061E+02    1
    0.147926179820958805E+04    0.276150117165389819E+01    0.212733613958443470E+02   -0.766834630867105375E+03   -0.195051535193769041E+02    1
    0.148160344520205763E+04    0.272702424714513603E+01    0.205753914957564206E+02   -0.766795063317902986E+03   -0.195151535193769021E+02    1
    0.148015793987616485E+04    0.272338916946810627E+01    0.209973298384525719E+02   -0.766786097387089967E+03   -0.195251535193768966E+02    1
    0.147863387886660939E+04    0.275096721253839682E+01    0.212430876865982157E+02   -0.766783499105672263E+03   -0.195351535193768981E+02    1
    0.148150599559857687E+04    0.274496774223263129E+01    0.212485490900862430E+02   -0.766781128147240224E+03   -0.195451535193769033E+02    1
    0.148044292698708568E+04    0.274805509957074046E+01    0.217994113330586003E+02   -0.766766999450366029E+03   -0.195551535193769048E+02    1
    0.147852799741300919E+04    0.275122399719125488E+01    0.210214046333272506E+02   -0.766762371620757108E+03   -0.195651535193769028E+02    1
    0.148046923129119750E+04    0.274932220663756599E+01    0.217576691768238391E+02   -0.766755298133530346E+03   -0.195751535193769044E+02    1
    0.147860319786466380E+04    0.274188194927619033E+01    0.210518099528520253E+02   -0.766751294712480671E+03   -0.195851535193769024E+02    1
    0.148006095000340065E+04    0.272388723643288255E+01    0.206320102591365213E+02   -0.766743041108209241E+03   -0.195951535193769004E+02    1
    0.147874827911577518E+04    0.273650317247692643E+01    0.206154182682230385E+02   -0.766741579184520901E+03   -0.196051535193769055E+02    1
    0.148085244696530071E+04    0.272307249128581708E+01    0.206052384451149493E+02   -0.766738566819836592E+03   -0.196151535193769035E+02    1
    0.148136417546247640E+04    0.274046185836438827E+01    0.214948549804915956E+02   -0.766716689108021001E+03   -0.196251535193769051E+02    1
    0.147905845033707283E+04    0.273908247403987248E+01    0.214631911696266116E+02   -0.766716413310912799E+03   -0.196351535193768996E+02    1
    0.147947052209944968E+04    0.274878336733299466E+01    0.217279861131204797E+02   -0.766707742505347142E+03   -0.196451535193769047E+02    1
    0.148113092969681884E+04    0.275268149620333791E+01    0.209223086828110638E+02   -0.766707072356799472E+03   -0.196551535193768991E+02    1
    0.147913125257012439E+04    0.275083472548632280E+01    0.215745597144489523E+02   -0.766706389825366159E+03   -0.196651535193769007E+02    1
    0.147973656945997277E+04    0.274837978074932998E+01    0.217839221546961710E+02   -0.766704836288716933E+03   -0.196751535193769023E+02    1
    0.148099747768359975E+04    0.273169986745558102E+01    0.200210830484092099E+02   -0.766700260754854980E+03   -0.196851535193769003E+02    1
    0.148026509277777927E+04    0.273650075392192660E+01    0.217778550912794771E+02   -0.766689187633525876E+03   -0.196951535193768983E+02    1
    0.147888001203763042E+04    0.275918102148872135E+01    0.206308560420986851E+02   -0.766681459193613023E+03   -0.197051535193769034E+02    1
    0.148174072080986912E+04    0.273636014453678822E+01    0.206851248023070440E+02   -0.766672982028369688E+03   -0.197151535193769014E+02    1
    0.147890744551378839E+04    0.274003992973804333E+01    0.213238023836314028E+02   -0.766672434769516485E+03   -0.197251535193768959E+02    1
    0.147959729745061509E+04    0.272863029118171063E+01    0.203426760441723076E+02   -0.766671337947247821E+03   -0.197351535193769010E+02    1
    0.148073709469304254E+04    0.272335348889490181E+01    0.208394136593616821E+02   -0.766671088221661876E+03   -0.197451535193769097E+02    1
    0.148000696608127623E+04    0.273676758833528266E+01    0.198254878570622850E+02   -0.766654230463542717E+03   -0.197551535193769077E+02    1
    0.148077378705331421E+04    0.274951257696674212E+01    0.200538099962925429E+02   -0.766653306964335343E+03   -0.197651535193769092E+02    1
    0.147954057531981152E+04    0.273409388022133593E+01    0.200219322754310127E+02   -0.766651283086861895E+03   -0.197751535193769072E+02    1
    0.147945711829150696E+04    0.275665030103074837E+01    0.214780428876061791E+02   -0.766650505258362500E+03   -0.197851535193769017E+02    1
    0.147892248392666033E+04    0.274435134052211893E+01    0.214154239443956840E+02   -0.766648780902256703E+03   -0.197951535193769033E+02    1
    0.148062685334474918E+04    0.275397171890600134E+01    0.214154130840252748E+02   -0.766647922298140202E+03   -0.198051535193769084E+02    1
    0.148079643929371196E+04    0.275567407625471894E+01    0.206072819008966945E+02   -0.766647802760052969E+03   -0.198151535193769099E+02    1
    0.148065642535500501E+04    0.273987923428642510E+01    0.198472748523904130E+02   -0.766641581412778237E+03   -0.198251535193769080E+02    1
    0.147966955607343834E+04    0.274856841115827910E+01    0.198349512686651650E+02   -0.766635573917585816E+03   -0.198351535193769024E+02    1
    0.147961625487041624E+04    0.276166614804841526E+01    0.205582572750983275E+02   -0.766624147418816619E+03   -0.198451535193769004E+02    1
    0.148032007519783838E+04    0.275482948026833174E+01    0.214794093338223320E+02   -0.766605035070615713E+03   -0.198551535193769020E+02    1
    0.147997153209003386E+04    0.274125527218717568E+01    0.217691104580639063E+02   -0.766600756686779050E+03   -0.198651535193769035E+02    1
    0.148051830032305043E+04    0.273022690844810523E+01    0.215278684683816408E+02   -0.766600528210635161E+03   -0.198751535193769016E+02    1
    0.147999435971974435E+04    0.272854862816806332E+01    0.213243831781589961E+02   -0.766583975770077473E+03   -0.198851535193769031E+02    1
    0.148003538306371456E+04    0.275831062857022902E+01    0.202938879219426269E+02   -0.766581752079210901E+03   -0.198951535193769047E+02    1
    0.148094024465522034E+04    0.273627955161679948E+01    0.199996586755996333E+02   -0.766573809992693896E+03   -0.199051535193769027E+02    1
    0.147894165444606824E+04    0.274434897513403353E+01    0.213615765663221850E+02   -0.766569964730509355E+03   -0.199151535193769007E+02    1
    0.147873530407212593E+04    0.275168579341528652E+01    0.204456484978907866E+02   -0.766569465997499947E+03   -0.199251535193768952E+02    1
    0.147872795712502352E+04    0.274380696436242433E+01    0.204400762307516999E+02   -0.766565715715204988E+03   -0.199351535193769003E+02    1
    0.147984764066922003E+04    0.273441147728831435E+01    0.215711598666113389E+02   -0.766546215453302921E+03   -0.199451535193769018E+02    1
    0.147972421512883739E+04    0.272873187354188529E+01    0.204043564044595485E+02   -0.766544416460737352E+03   -0.199551535193769034E+02    1
    0.148053496562918690E+04    0.273360837548857605E+01    0.216097147264648299E+02   -0.766537146462500573E+03   -0.199651535193768979E+02    1
    0.147950141166578123E+04    0.275029944979472818E+01    0.215947673369444715E+02   -0.766520806357411630E+03   -0.199751535193768994E+02    1
    0.147945280665928522E+04    0.273012786074754832E+01    0.209503132579962141E+02   -0.766514768560749872E+03   -0.199851535193769045E+02    1
    0.148158860726818148E+04    0.273744368448845732E+01    0.209201193109504544E+02   -0.766509548405923624E+03   -0.199951535193769026E+02    1
    0.148140811241072925E+04    0.272926100336598720E+01    0.208357899048848196E+02   -0.766497672700483918E+03   -0.200051535193768970E+02    1
    0.148059807481975417E+04    0.274775140245549077E+01    0.215684531832745563E+02   -0.766468239777584699E+03   -0.200151535193768986E+02    1
    0.147996081731043068E+04    0.272989457283537229E+01    0.212968760779228035E+02   -0.766465829278679962E+03   -0.200251535193769001E+02    1
    0.148133064594810753E+04    0.273092495168501914E+01    0.211258225049974442E+02   -0.766464577651767399E+03   -0.200351535193769017E+02    1
    0.147898495193128383E+04    0.275651287431246894E+01    0.206448900627513865E+02   -0.766455584184218765E+03   -0.200451535193769068E+02    1
    0.148141382066777442E+04    0.273533090201673534E+01    0.211820274644962296E+02   -0.766455031356863174E+03   -0.200551535193769048E+02    1
    0.147989830205299927E+04    0.275865254014902428E+01    0.204609554413156047E+02   -0.766450249640130551E+03   -0.200651535193768993E+02    1
    0.147958833162501242E+04    0.273131370334564583E+01    0.211726487328568425E+02   -0.766447849787207815E+03   -0.200751535193768973E+02    1
    0.147998415299150179E+04    0.272910629084354861E+01    0.203446938701245585E+02   -0.766442525177398920E+03   -0.200851535193768989E+02    1
    0.148052727463817769E+04    0.272908108639289004E+01    0.202607726959777068E+02   -0.766440066923029917E+03   -0.200951535193769004E+02    1
    0.148085174829689049E+04    0.272734949300085061E+01    0.210897519140144567E+02   -0.766431652733243823E+03   -0.201051535193769020E+02    1
    0.148096564721171217E+04    0.275135280248667158E+01    0.208318838144857352E+02   -0.766428641119459030E+03   -0.201151535193769000E+02    1
    0.147967275559952941E+04    0.273741695908743532E+01    0.200248583334303731E+02   -0.766425632570569860E+03   -0.201251535193768945E+02    1
    0.147919812191970277E+04    0.275830822807906895E+01    0.207159417829183496E+02   -0.766423259698456036E+03   -0.201351535193768960E+02    1
    0.148138702233250365E+04    0.273711336888185697E+01    0.211496502856787032E+02   -0.766404353082131593E+03   -0.201451535193769011E+02    1
    0.147924993733504243E+04    0.274509080552104345E+01    0.200989298878723019E+02   -0.766399143678973246E+03   -0.201551535193769027E+02    1
    0.148118536362898203E+04    0.273064171633495967E+01    0.211290872753407939E+02   -0.766391920520306485E+03   -0.201651535193769007E+02    1
    0.147950050010340101E+04    0.274508665219481340E+01    0.200032963713426568E+02   -0.766390682539077261E+03   -0.201751535193768952E+02    1
    0.148033444783749724E+04    0.273619271555699717E+01    0.200002712437888022E+02   -0.766388402758671646E+03   -0.201851535193769003E+02    1
    0.147941057936732886E+04    0.275746100976919850E+01    0.204532361544793844E+02   -0.766383429194207793E+03   -0.201951535193768983E+02    1
    0.148042051421490737E+04    0.274970082933926907E+01    0.201067861126798704E+02   -0.766381006411319959E+03   -0.202051535193768999E+02    1
    0.147979926461992886E+04    0.275199702173782113E+01    0.214949517926459066E+02   -0.766374788547914136E+03   -0.202151535193768979E+02    1
    0.147971690989952413E+04    0.274732041931503801E+01    0.215845292227122343E+02   -0.766374731872745770E+03   -0.202251535193768959E+02    1
    0.148039034337529802E+04    0.272721113964524253E+01    0.205762207194502622E+02   -0.766372658833162063E+03   -0.202351535193768974E+02    1
    0.147994391145318082E+04    0.273553899042231308E+01    0.200563174242339528E+02   -0.766369149063451459E+03   -0.202451535193769061E+02    1
    0.148034508057560629E+04    0.273814610238988632E+01    0.199842735302759138E+02   -0.766363914772208545E+03   -0.202551535193769041E+02    1
    0.148129579548621882E+04    0.274272991627800522E+01    0.205832897032687470E+02   -0.766360671873131650E+03   -0.202651535193768986E+02    1
    0.147946577981892983E+04    0.273429425089212508E+01    0.203289167205956005E+02   -0.766359566120163436E+03   -0.202751535193768966E+02    1
    0.147885044771804360E+04    0.275043191577483936E+01    0.206704096071699013E+02   -0.766354417152033193E+03   -0.202851535193769017E+02    1
    0.147953108832827911E+04    0.274157273723806849E+01    0.215046673928867023E+02   -0.766349570204956763E+03   -0.202951535193769033E+02    1
    0.148000617522272387E+04    0.273246699182138730E+01    0.201935383268355650E+02   -0.766346759774416228E+03   -0.203051535193769048E+02    1
    0.148039647662304787E+04    0.272833381689513432E+01    0.211184476735699604E+02   -0.766345006491725485E+03   -0.203151535193768993E+02    1
    0.148072647065264073E+04    0.274222658515281115E+01    0.215293268691971065E+02   -0.766344447921495203E+03   -0.203251535193768973E+02    1
    0.147998711852611405E+04    0.274816834237413499E+01    0.215746752199873271E+02   -0.766341594179906679E+03   -0.203351535193769024E+02    1
    0.147948811488349247E+04    0.273908480900086726E+01    0.201180908348218566E+02   -0.766340699920226598E+03   -0.203451535193769040E+02    1
    0.147955018779481134E+04    0.274753767901346579E+01    0.215113762465519898E+02   -0.766333313654178596E+03   -0.203551535193769055E+02    1
    0.148124772355097275E+04    0.273074906402028761E+01    0.207736746640453873E+02   -0.766332862368952192E+03   -0.203651535193768964E+02    1
    0.148135419187956313E+04    0.274124697874954926E+01    0.208234893469368103E+02   -0.766328426083590784E+03   -0.203751535193768945E+02    1
    0.148066849946232014E+04    0.274370653656786123E+01    0.215191325133893088E+02   -0.766326101956538650E+03   -0.203851535193768996E+02    1
    0.147973917309186595E+04    0.275392828035528048E+01    0.202160216177852021E+02   -0.766318879231544315E+03   -0.203951535193768940E+02    1
    0.148048747206172584E+04    0.274275202111303074E+01    0.200297307707451893E+02   -0.766312875107071932E+03   -0.204051535193768991E+02    1
    0.148108476417776819E+04    0.273057485323075966E+01    0.205428340345675196E+02   -0.766311709154215350E+03   -0.204151535193769078E+02    1
