    0.115053029253275771E-98    0.199716451556000357E+04    0.245380895981057802E+04    0.346357275246824869E+01    0.256718580793758235E+02
    0.953295247811625983E-98    0.199291545252304354E+04    0.254641256478523428E+04    0.300312643600429485E+01    0.192678320423252671E+02
    0.115525847729481274E-97    0.199251114307647458E+04    0.151694865749829160E+04    0.263624365119937742E+01    0.213004557435302360E+02
    0.152051089139774752E-97    0.199194169851178572E+04    0.253658833700943342E+04    0.304672343200616380E+01    0.242377002364592329E+02
    0.172622648635058912E-97    0.199166791568524309E+04    0.261984861221362735E+04    0.308596711104381738E+01    0.226450905189952181E+02
    0.505392624069947466E-97    0.198949946046484456E+04    0.253042523338301999E+04    0.403571099938961453E+01    0.245633920306984237E+02
    0.637496435954073744E-97    0.198901503429334184E+04    0.255957937001507435E+04    0.412901465932497835E+01    0.184267119052305759E+02
    0.153427801260725253E-96    0.198723850126749721E+04    0.246649641123405581E+04    0.354726467242998389E+01    0.270711049269560533E+02
    0.199547264018508122E-96    0.198669285923877896E+04    0.256053905774156965E+04    0.324239963317780777E+01    0.451477942727877348E+02
    0.544083438626352050E-96    0.198466675625022253E+04    0.260009317837404387E+04    0.398125323485073634E+01    0.214232037180171773E+02
    0.112386389759530093E-95    0.198319590560892038E+04    0.255615120575905075E+04    0.300518552622674040E+01    0.208986566640981124E+02
    0.141598564304475005E-95    0.198271379920984782E+04    0.261421764698288825E+04    0.370414639951367874E+01    0.208086962768719843E+02
    0.228880786048701335E-95    0.198173338872795352E+04    0.260713393822156013E+04    0.311494519242030687E+01    0.164313282040073432E+02
    0.231494438154126573E-95    0.198169067959810786E+04    0.157767351268707944E+04    0.376434069210800626E+01    0.541149679537563770E+02
    0.244005253579482936E-95    0.198156541178182920E+04    0.161294481579524154E+04    0.399412088952642286E+01    0.384338012670141325E+02
    0.243910006875187608E-95    0.198154619262812139E+04    0.255071737123626554E+04    0.356448067680232672E+01    0.497086659638754043E+02
    0.417032408044641959E-94    0.197584829323626604E+04    0.252586348034274761E+04    0.396506822427417305E+01    0.254511547517762011E+02
    0.651255970571164628E-94    0.197493681558631260E+04    0.255103396914781933E+04    0.319820322285290182E+01    0.137152953783665481E+02
    0.325981785644717858E-93    0.197169576790700216E+04    0.258473154518674255E+04    0.395523146143298820E+01    0.160026803044701893E+02
    0.131749760620175529E-92    0.196888247199512443E+04    0.152432934053615099E+04    0.273573718087255191E+01    0.394804741632411833E+02
    0.169921404342482610E-92    0.196835360873062109E+04    0.247497014934508297E+04    0.326649312467276332E+01    0.228278887219737499E+02
    0.197331908529722674E-92    0.196803450648431226E+04    0.254763555018033094E+04    0.364958229262085698E+01    0.417805624662535138E+02
    0.259714423549792315E-92    0.196746511542331109E+04    0.250364196044936034E+04    0.364967458849443460E+01    0.463733404486407608E+02
    0.579462305532835348E-92    0.196584007950785667E+04    0.255767173255639818E+04    0.370851322948980311E+01    0.457322337028564903E+02
    0.623244924986416264E-92    0.196567440157701685E+04    0.161505595189181736E+04    0.400909400657706261E+01    0.450060992761522130E+02
    0.332948966687493779E-91    0.196230313210003601E+04    0.250681362218842241E+04    0.343928167225777326E+01    0.416074654587484645E+02
    0.234598972487239949E-90    0.195837818525141847E+04    0.259248151173953465E+04    0.399351973216765366E+01    0.212274220765490611E+02
    0.279545741454695886E-90    0.195800760849657104E+04    0.257757043611871950E+04    0.372239600550535688E+01    0.275101397580628912E+02
    0.501197645321554833E-90    0.195681993931427974E+04    0.262109438092470009E+04    0.314463714513400427E+01    0.201038065770158738E+02
    0.550574888827014939E-90    0.195661201439465185E+04    0.261348765271557704E+04    0.354988429887806500E+01    0.202267684173686320E+02
    0.930621969726834978E-90    0.195554223406961250E+04    0.254425259969783792E+04    0.304975195070458938E+01    0.190361443815048546E+02
    0.164791080383326739E-89    0.195437941319390438E+04    0.152543468877236774E+04    0.284670936979811984E+01    0.426706134259223120E+02
    0.242679390179604948E-89    0.195358528779772473E+04    0.255747364612254933E+04    0.364827281053231767E+01    0.443179743166227809E+02
    0.253368485406509426E-89    0.195347908039181084E+04    0.151815256226651491E+04    0.265905950134433988E+01    0.231944846995523477E+02
    0.389718495539595135E-89    0.195259792083377556E+04    0.255586261934220420E+04    0.402825289771784156E+01    0.247758527517030700E+02
    0.800133316617109009E-89    0.195113921345903941E+04    0.249839758234914052E+04    0.315944198219052197E+01    0.236877645906992171E+02
    0.136782075851944826E-88    0.195004682204790242E+04    0.250525013507113545E+04    0.340351044013722204E+01    0.473648666854350324E+02
    0.163240360958947904E-88    0.194967315254865935E+04    0.261859153203692676E+04    0.321989800289747663E+01    0.235971615683268539E+02
    0.548916189982601144E-88    0.194722770845127525E+04    0.150979249288695496E+04    0.279665612942589181E+01    0.341179342601027429E+02
    0.603702775674012797E-88    0.194701743602503780E+04    0.246292749047279358E+04    0.361742848157882690E+01    0.175880551338195801E+02
    0.648706718768866978E-88    0.194685363855726746E+04    0.258925460700756139E+04    0.399027403153045368E+01    0.214015773536902429E+02
    0.491975034775430792E-87    0.194278157386041721E+04    0.247430187314538944E+04    0.370590034775767929E+01    0.229011278864723664E+02
    0.212863469360057986E-86    0.193983195767764960E+04    0.146718804114711202E+04    0.295388600709747529E+01    0.245439159617174170E+02
    0.652482551844709836E-86    0.193757169082344330E+04    0.256617263401589389E+04    0.374031381377081829E+01    0.275210857519403618E+02
    0.658375886137663269E-86    0.193753370757268749E+04    0.251887273422317367E+04    0.342687711716781918E+01    0.480391530313303861E+02
    0.123914011769009545E-85    0.193624891369103966E+04    0.251576147319542315E+04    0.353554448499934892E+01    0.290579029235901487E+02
    0.136679671771635064E-85    0.193603280938258308E+04    0.155307863227661937E+04    0.380395463039167536E+01    0.347269708098284866E+02
    0.241074894616657575E-85    0.193487787413168371E+04    0.254251915110328355E+04    0.336200524321956085E+01    0.455802903484666047E+02
    0.836489253377652644E-85    0.193236966208776471E+04    0.254696218936678815E+04    0.321179456941353703E+01    0.265759662581239695E+02
    0.183998637168504972E-84    0.193077306254643258E+04    0.251729122314226697E+04    0.361411166349698565E+01    0.462665443822008911E+02
    0.198479175499566094E-84    0.193060155087760631E+04    0.259465141224961235E+04    0.317905604085998394E+01    0.248945023688089009E+02
    0.251576117585668027E-84    0.193010742805187920E+04    0.256463902667484581E+04    0.382601603443071170E+01    0.145076846032600031E+02
    0.419744356352462071E-84    0.192906362754699376E+04    0.255033816796952124E+04    0.341460064038395616E+01    0.445902077044434009E+02
    0.107717633085907992E-82    0.192255355228650546E+04    0.148457932714749973E+04    0.295015733421225779E+01    0.425310134934185271E+02
    0.120637864459237840E-82    0.192230699247155508E+04    0.159893282901727957E+04    0.394318104571934036E+01    0.503349435707993678E+02
    0.326316314372926565E-82    0.192029684447537852E+04    0.160712926492748511E+04    0.387205166829077196E+01    0.515994577368713010E+02
    0.335565592401508177E-82    0.192022094398880245E+04    0.261598713430677526E+04    0.321822116355905408E+01    0.201812084941287821E+02
    0.378598458600403130E-82    0.191995962654132859E+04    0.252098428450033225E+04    0.380632270391892114E+01    0.149503794047696488E+02
    0.389398165517113434E-82    0.191988337411247994E+04    0.154904385716968545E+04    0.383267836083262026E+01    0.268983257528457642E+02
    0.926855928455421737E-82    0.191812898260322777E+04    0.261066229354764982E+04    0.345291791432703565E+01    0.204982668742376859E+02
    0.328537351415968398E-81    0.191557810762144254E+04    0.248328496592919873E+04    0.364296848648543392E+01    0.252177772410517207E+02
    0.951874180313521294E-81    0.191343054296520404E+04    0.252168761273560722E+04    0.317830761725425948E+01    0.168013624875628977E+02
    0.218678756281651601E-80    0.191174703093101539E+04    0.249974457399918856E+04    0.317180838016474009E+01    0.202784279449983842E+02
    0.218482166932991131E-80    0.191172882971358240E+04    0.252796141377494132E+04    0.344200267038220531E+01    0.445552060283945650E+02
    0.801202683796013664E-80    0.190911001059724458E+04    0.254879321815523144E+04    0.402980981120787529E+01    0.212561229515315802E+02
    0.928394194969004587E-80    0.190879532566094849E+04    0.256966632425561511E+04    0.369949710318491309E+01    0.145955320428331419E+02
    0.103825632354530058E-79    0.190855164255811178E+04    0.247132311992234190E+04    0.361759493462647130E+01    0.234895350442968294E+02
    0.195006969497743733E-79    0.190727099772039128E+04    0.160769385159929084E+04    0.385681875081633496E+01    0.340904935386977002E+02
    0.243923305293385252E-79    0.190680336061163871E+04    0.160446013750482280E+04    0.392708519818865698E+01    0.306140530786214526E+02
    0.282824166284731805E-79    0.190648741755027959E+04    0.252785080340401237E+04    0.336186808639748946E+01    0.136512113701356697E+02
    0.418950649220052538E-79    0.190568156205688115E+04    0.254058954715728760E+04    0.396932232379913330E+01    0.236009240150451660E+02
    0.472848815339210839E-79    0.190541951690207839E+04    0.259812945293159464E+04    0.329673826852661556E+01    0.162712160259574432E+02
    0.340775581472241247E-78    0.190144944984872427E+04    0.257678363075030938E+04    0.364310000572557735E+01    0.151549054050278471E+02
    0.228992629561430569E-77    0.189761934831086319E+04    0.259711754153473157E+04    0.360238081652248399E+01    0.226226153117134174E+02
    0.800507071699826535E-77    0.189509623721329081E+04    0.254937576487203205E+04    0.335758084745832663E+01    0.273574997623854586E+02
    0.841381759886874769E-77    0.189497663696103018E+04    0.254726296590603715E+04    0.383127414129292276E+01    0.152414946715488213E+02
    0.131417777690445838E-76    0.189406479497761143E+04    0.160221209902351734E+04    0.404269266769837898E+01    0.227016530701146735E+02
    0.279661712586561259E-75    0.188792922616749593E+04    0.255141605144738651E+04    0.372607835741093130E+01    0.267017243063108651E+02
    0.348179600753832130E-75    0.188747095069278930E+04    0.254969288781467094E+04    0.333394500576388797E+01    0.269000510562720194E+02
    0.655067446140465491E-75    0.188618691117123535E+04    0.161291085572024781E+04    0.403549662107828322E+01    0.226682904553148177E+02
    0.758207314291110955E-75    0.188587447387441534E+04    0.155104913118892500E+04    0.375945573193148341E+01    0.190635823928414112E+02
    0.194272852737754193E-74    0.188397269013164987E+04    0.247695804294994832E+04    0.353005278247075083E+01    0.253156662821710512E+02
    0.352830243305625739E-74    0.188275924330010116E+04    0.149706908794690389E+04    0.275457636072313106E+01    0.347343359819193154E+02
    0.610663182952935664E-74    0.188164212628477253E+04    0.257790795439684462E+04    0.349001416456682723E+01    0.259192055505261578E+02
    0.849386960598708680E-74    0.188096218765542312E+04    0.256270758834568505E+04    0.353712947058223115E+01    0.269967467903783103E+02
    0.983020946426255346E-74    0.188064995653114124E+04    0.258870421109802464E+04    0.354223000296367907E+01    0.241024492858490333E+02
    0.133706899078339156E-73    0.188001474703441909E+04    0.254542387768028811E+04    0.391168647353112942E+01    0.238923395064403365E+02
    0.253108580957438476E-73    0.187871841006153363E+04    0.250252306521818809E+04    0.378774561763120632E+01    0.197912433201450852E+02
    0.259449183176360562E-73    0.187864892548730177E+04    0.247249955773209331E+04    0.356241982879824004E+01    0.237242111340855359E+02
    0.773695144125964862E-73    0.187644369135161287E+04    0.257248224357620666E+04    0.315912918406002863E+01    0.218198822581811953E+02
    0.104945001072169143E-72    0.187581400418912472E+04    0.256164861351975287E+04    0.395323271427205380E+01    0.193658491875098377E+02
    0.168883519478415792E-72    0.187484245852947947E+04    0.250398271138852215E+04    0.379300914297585257E+01    0.206831743374385866E+02
    0.256342534137258577E-71    0.186938267768217111E+04    0.256141472304190211E+04    0.386568965571742496E+01    0.173346097483520651E+02
    0.331693251003904906E-71    0.186884728563224689E+04    0.255413496902779843E+04    0.347717023933052172E+01    0.271372923391224816E+02
    0.516525221293450109E-71    0.186794145859331252E+04    0.151286869372226647E+04    0.271907546488313123E+01    0.305548315121251335E+02
    0.571750906830242325E-71    0.186771829999244005E+04    0.255902835256573371E+04    0.375371188972730252E+01    0.157959818285710014E+02
    0.185993461498964154E-70    0.186533911360464890E+04    0.259209861801874104E+04    0.355321926804114741E+01    0.208539591010208625E+02
    0.311136498971916685E-70    0.186429007320570486E+04    0.248889986012143436E+04    0.341342165443481216E+01    0.164129503431930317E+02
    0.417827113363657334E-70    0.186368040115922918E+04    0.149280973744926359E+04    0.280537159601030250E+01    0.132891971220692398E+02
    0.445223012681123141E-70    0.186353338602692884E+04    0.254721942691321510E+04    0.317325100872897625E+01    0.219176229020946494E+02
    0.445216870485439039E-70    0.186351341361866548E+04    0.257957440116498265E+04    0.362165287707667183E+01    0.170863239675243364E+02
    0.272206095405671289E-69    0.185987224749222696E+04    0.250272494942897492E+04    0.359819972347341865E+01    0.153591081696503409E+02
    0.403430620079342685E-69    0.185906535740309801E+04    0.252953291095393615E+04    0.386172392595185388E+01    0.229336284180294143E+02
    0.421340193697888737E-69    0.185895848532155469E+04    0.246511024951799436E+04    0.348482213712718547E+01    0.210448252189815719E+02
    0.419123265266907329E-69    0.185894903632671230E+04    0.156589301273959632E+04    0.384099839275456878E+01    0.320211324475094443E+02
    0.640319000107212371E-69    0.185808143347870373E+04    0.259012969377748323E+04    0.338440569517748369E+01    0.236821947520756027E+02
    0.780648358390626853E-69    0.185766511685216801E+04    0.151562943845318819E+04    0.273387852794041475E+01    0.294490199296704702E+02
    0.240097710710759900E-68    0.185539810433550178E+04    0.257760760714824664E+04    0.325556645348603624E+01    0.235136556077258660E+02
    0.263392108978113674E-68    0.185519290861132276E+04    0.253013309799991748E+04    0.385595818601535889E+01    0.229197504999586243E+02
    0.275723303413957501E-68    0.185508140059441757E+04    0.257781530236964227E+04    0.374813128763987358E+01    0.188680166132208456E+02
    0.299315201914182429E-68    0.185489720186214117E+04    0.147581433160295182E+04    0.293887999765689756E+01    0.335926237396363945E+02
    0.591589853907253368E-68    0.185351456911153764E+04    0.251188884144780786E+04    0.370855642356204207E+01    0.165089974749905934E+02
    0.621439011942286740E-68    0.185339612072097452E+04    0.251988322491083045E+04    0.323304291844248048E+01    0.185393577153327698E+02
    0.623963397541708781E-68    0.185336801285467391E+04    0.255299415951597530E+04    0.373085819309440136E+01    0.253715963840161862E+02
    0.842701106038450150E-68    0.185274697160185815E+04    0.159692273170688986E+04    0.395551866762348103E+01    0.276592018677143159E+02
    0.161010215043083232E-67    0.185143209046552374E+04    0.254875405875872548E+04    0.377568645448609130E+01    0.249007892194371436E+02
    0.168283691687941271E-67    0.185132372369390896E+04    0.159955490437098410E+04    0.379188012420896570E+01    0.449946804194734113E+02
    0.351258338691056850E-67    0.184983198216558867E+04    0.157074586810394385E+04    0.390229972198711517E+01    0.374735231334771015E+02
    0.494055839946732227E-67    0.184912972899215401E+04    0.155965529914213903E+04    0.384959836549033163E+01    0.468297597389280611E+02
    0.145959855969470508E-66    0.184694319265085051E+04    0.256224674308924295E+04    0.379718628449275375E+01    0.236023855106764557E+02
    0.200322319292708022E-66    0.184629000056885729E+04    0.256474158280040319E+04    0.347289977507394187E+01    0.156258070983034969E+02
    0.231521609285799793E-66    0.184598050947279035E+04    0.257280549888796850E+04    0.322079244737032866E+01    0.195166528088488178E+02
    0.240349930953288277E-66    0.184588566408629572E+04    0.151868738830557481E+04    0.274622071854530292E+01    0.398896427848982569E+02
    0.277014804294229595E-66    0.184558171400069477E+04    0.151529099875459406E+04    0.268068351841305397E+01    0.160277899745569101E+02
    0.336828154050707514E-66    0.184517071015710098E+04    0.251993388198715274E+04    0.349743774780161765E+01    0.269962184394966158E+02
    0.988702987357165720E-66    0.184299706795962697E+04    0.258766906643491347E+04    0.327107373798949919E+01    0.207579688095240726E+02
    0.106667904491672131E-65    0.184282524509110067E+04    0.255789158561856766E+04    0.378060342587504827E+01    0.172217049630742309E+02
    0.114569940517274829E-65    0.184266231477299016E+04    0.254198978027995827E+04    0.384547844310392595E+01    0.231422041719698370E+02
    0.378198650333183466E-65    0.184025384653931815E+04    0.155979263022090436E+04    0.386837951639363320E+01    0.442075375341389645E+02
    0.596769212189213779E-65    0.183932162479562817E+04    0.249639414456572285E+04    0.363800264386707806E+01    0.235863725412790615E+02
    0.832330261937673235E-65    0.183863622709143237E+04    0.151154203953457659E+04    0.278177019017770455E+01    0.437721379935711354E+02
    0.253891754383800459E-64    0.183638569950376495E+04    0.255623681373811905E+04    0.345576801072683848E+01    0.154842826652646721E+02
    0.397569167581337089E-64    0.183546877767754631E+04    0.257238641741328092E+04    0.375748815467924802E+01    0.203298426546648159E+02
    0.920887957182378080E-64    0.183376883877761702E+04    0.256324775429884676E+04    0.353205950053168483E+01    0.252265539116222897E+02
    0.386923678508261092E-63    0.183087789042161262E+04    0.255822287602573942E+04    0.375232963365444849E+01    0.236803316837127511E+02
    0.106654392941964829E-62    0.182882998788779992E+04    0.156038526097862314E+04    0.382946525674481997E+01    0.467538906060457009E+02
    0.182969540718859438E-62    0.182773053576681423E+04    0.256906797832659458E+04    0.350271593234202872E+01    0.244012142546093287E+02
    0.350539224480558662E-62    0.182641022993589968E+04    0.248498675663191898E+04    0.359598553025113432E+01    0.199569327247845081E+02
    0.400221935391191344E-62    0.182612513669303189E+04    0.248716386292124389E+04    0.342378159001187177E+01    0.185868929026022016E+02
    0.491303842186326662E-62    0.182569504963728696E+04    0.257714085639788391E+04    0.331685941509434468E+01    0.224982880678023633E+02
    0.692588227335109736E-62    0.182498830388839133E+04    0.257652653464932609E+04    0.357915679434300049E+01    0.190910756289407857E+02
    0.961004993456421070E-62    0.182431321594634937E+04    0.147205066537572065E+04    0.271400414734200179E+01    0.322967325792648694E+02
    0.114848508605279860E-61    0.182393677708355722E+04    0.251213937601339512E+04    0.360937673521719171E+01    0.250698378010376643E+02
    0.194310133866965456E-61    0.182286509394888844E+04    0.250296273286728137E+04    0.344897438840424275E+01    0.250813580616980829E+02
    0.196355341108131899E-61    0.182282415300522234E+04    0.255565339243782228E+04    0.380125035626363728E+01    0.221888815298746778E+02
    0.601783917148019588E-61    0.182056420809196538E+04    0.250237110407681848E+04    0.363922246893056256E+01    0.179007794208466038E+02
    0.969435020421474987E-61    0.181959057807322006E+04    0.258174924540962365E+04    0.337826110844217808E+01    0.197504893894451214E+02
    0.104133996082607286E-60    0.181942747779708225E+04    0.251459412388732108E+04    0.362527626850656359E+01    0.248150117720298340E+02
    0.143067294835599260E-60    0.181877220455885276E+04    0.251991514571378502E+04    0.331864100184464261E+01    0.234457513087887719E+02
    0.300899783695236072E-60    0.181726528025494281E+04    0.255881578755989358E+04    0.336008051355638093E+01    0.171386303395574657E+02
    0.348576652625775108E-60    0.181695111847217413E+04    0.161070653242429557E+04    0.397264717429125014E+01    0.167751470713725297E+02
    0.439967761151668011E-60    0.181646543187625957E+04    0.155520558299482309E+04    0.384328496334288516E+01    0.250997839245983982E+02
    0.480357010352313083E-60    0.181626977558647923E+04    0.155579458063765605E+04    0.383657012294640642E+01    0.160909561917377886E+02
    0.125267728767544553E-59    0.181433275804451887E+04    0.253356534529124883E+04    0.360077922589506461E+01    0.254113148951910830E+02
    0.290857735382082678E-59    0.181262799606694512E+04    0.249340911795961847E+04    0.356112041665413326E+01    0.235008223967465852E+02
    0.305539275673981320E-59    0.181250950793392258E+04    0.157101039433347160E+04    0.388927658181118474E+01    0.383220623477772619E+02
    0.490049292458866974E-59    0.181154465263270777E+04    0.250375030950613336E+04    0.360045521165872895E+01    0.173447234894725852E+02
    0.516600880344810967E-59    0.181141912342896103E+04    0.252872894450782951E+04    0.349127227475954527E+01    0.154307816404624987E+02
    0.101135997431574245E-58    0.181005556217185131E+04    0.256791343131161148E+04    0.363113490110673842E+01    0.223528380133150080E+02
    0.100455529204639653E-58    0.181004906414433390E+04    0.149366437037219953E+04    0.263419170710195516E+01    0.329360888035689641E+02
    0.137784930819691841E-58    0.180939710641820966E+04    0.255380301092862328E+04    0.368529315553640835E+01    0.176200613638663555E+02
    0.152456810432023405E-58    0.180917473172121140E+04    0.253637960974325551E+04    0.378184877533180286E+01    0.219992521017630054E+02
    0.284348164707568981E-58    0.180790809557374155E+04    0.161296219201768326E+04    0.397641080076570574E+01    0.200871424310522571E+02
    0.583281735356264850E-58    0.180645115377119510E+04    0.156257611022192418E+04    0.387271103545189899E+01    0.146193925832838403E+02
    0.730791257604945112E-58    0.180598023868920245E+04    0.253281700636472215E+04    0.361979227352051414E+01    0.248842877952781407E+02
    0.812852482743962356E-58    0.180574739512243013E+04    0.254579227652620193E+04    0.341344844170533879E+01    0.247672382016935160E+02
    0.251691079504408500E-57    0.180346691930547240E+04    0.149177940355455166E+04    0.261286410734771302E+01    0.302870133361483909E+02
    0.343885536674885709E-57    0.180282270650697501E+04    0.257359201990622751E+04    0.341660063025193983E+01    0.217625592303424327E+02
    0.401841137408699501E-57    0.180249121056665308E+04    0.255554282439943563E+04    0.331548772212771237E+01    0.189198103729797396E+02
    0.403031661407182054E-57    0.180246529398023858E+04    0.251019457740261259E+04    0.357326299041702899E+01    0.167765984017701868E+02
    0.501741951601964347E-57    0.180200715233274354E+04    0.255070517886733342E+04    0.364086226226622323E+01    0.173363524398949380E+02
    0.520021611279156079E-57    0.180191558348480339E+04    0.161382873338744139E+04    0.396792257928282766E+01    0.202259097453637509E+02
    0.542318681159259216E-57    0.180181161662399154E+04    0.252683010497708483E+04    0.337790868050480420E+01    0.171764343566004527E+02
    0.553997757192984518E-57    0.180174900294982967E+04    0.254627283139187603E+04    0.329595369497841828E+01    0.194260849059325409E+02
    0.742506535547974173E-57    0.180114326088108555E+04    0.253751133662113944E+04    0.343812146678689556E+01    0.163525942331567649E+02
    0.126040807095530375E-56    0.180006494259983174E+04    0.161771257633720415E+04    0.388368382659082112E+01    0.186694721443249705E+02
    0.138031698754984483E-56    0.179986318732073732E+04    0.250265387350002038E+04    0.363707372229644710E+01    0.212671190548158648E+02
    0.186252384832809085E-56    0.179924394871724508E+04    0.254031123318020354E+04    0.350881875599132131E+01    0.161084062467178484E+02
    0.279204638882491521E-56    0.179841426406922574E+04    0.147176016449483791E+04    0.278224245099187995E+01    0.355930496214888024E+02
    0.389557403237545082E-56    0.179772813157817336E+04    0.251358186440484815E+04    0.362540385413151345E+01    0.236328044508681501E+02
    0.124531489585761431E-55    0.179538386662990843E+04    0.151331623987607168E+04    0.268908010343405390E+01    0.157655721272781619E+02
    0.138406032250268376E-55    0.179515260059884122E+04    0.255242192586374404E+04    0.353063184831953691E+01    0.242761004534856966E+02
    0.199016301401067110E-55    0.179440621037863980E+04    0.255298190391495791E+04    0.359370682498750504E+01    0.175544808296701547E+02
    0.215643429712204074E-55    0.179422573134403092E+04    0.255522532452928181E+04    0.336449806556489150E+01    0.229645205148795668E+02
    0.220616334219835579E-55    0.179416013355737050E+04    0.249795418989636391E+04    0.356911471461533658E+01    0.186145355713198626E+02
    0.294118942063276816E-55    0.179356501535382449E+04    0.158600424724195705E+04    0.376760512407490955E+01    0.449505597411910571E+02
    0.393874525359160028E-55    0.179296091906451079E+04    0.151964640010246694E+04    0.275668278479015694E+01    0.243756250142025834E+02
    0.535113761951167944E-55    0.179232802512765011E+04    0.150835008888643688E+04    0.274282648506614901E+01    0.387958852288934679E+02
    0.540102682643788605E-55    0.179228946530550411E+04    0.255159415095073655E+04    0.367847311127880428E+01    0.186366893083358178E+02
    0.890202037335635771E-55    0.179127008696414327E+04    0.159634801321331042E+04    0.381500510915481428E+01    0.452254062151893379E+02
    0.127282575188967399E-54    0.179053499443597457E+04    0.146953439476343692E+04    0.282102656022306597E+01    0.282155254123332213E+02
    0.218425944212740357E-54    0.178943491961057043E+04    0.149889687833988273E+04    0.268368395180109243E+01    0.361406591131471657E+02
    0.402714919930021312E-54    0.178819135583474645E+04    0.250178913468801784E+04    0.355923198987684586E+01    0.230439842604536835E+02
    0.558445463200261857E-54    0.178751749973848746E+04    0.253618237572489033E+04    0.372980525328703294E+01    0.200810207825078209E+02
    0.690107967238701622E-54    0.178707411754934833E+04    0.149868135892038663E+04    0.262565334414593687E+01    0.366521733706384509E+02
    0.696919153522310997E-54    0.178703447484465551E+04    0.256667485387853412E+04    0.347885990991552108E+01    0.210954337541772645E+02
    0.762719509349547541E-54    0.178683403297223549E+04    0.252421215994029217E+04    0.335998066822228347E+01    0.225661074063101523E+02
    0.971104697183260086E-54    0.178633094509544662E+04    0.159118708295739748E+04    0.379465524136054722E+01    0.455259787261014708E+02
    0.300102243474835758E-53    0.178405439702622721E+04    0.156194355687379107E+04    0.389701685734541492E+01    0.213913297753260991E+02
    0.511493205556374238E-53    0.178296797487871163E+04    0.150216055715255197E+04    0.268709782427220922E+01    0.123728119061187130E+02
    0.630480304638221647E-53    0.178252967964811933E+04    0.255837070397287061E+04    0.360747241802287011E+01    0.197473410748540346E+02
    0.632704674548482138E-53    0.178250263595381944E+04    0.251676257306304342E+04    0.363821527946933276E+01    0.225181490295522906E+02
    0.683879187577356422E-53    0.178232708093123233E+04    0.253154637206263487E+04    0.333737360366898583E+01    0.207904060742138341E+02
    0.743187663516833678E-53    0.178214074630614164E+04    0.252735712934168396E+04    0.356708924865637345E+01    0.170488502779615203E+02
    0.765426213436251740E-53    0.178206177784172428E+04    0.254273292718278663E+04    0.350868290558386642E+01    0.243232830799688458E+02
    0.103406826270294111E-52    0.178144013134062470E+04    0.161629686915659454E+04    0.386185368576487598E+01    0.203791995767957701E+02
    0.115784895115188149E-52    0.178119400506216880E+04    0.253228917809759605E+04    0.350592288765785653E+01    0.246525390503745001E+02
    0.120202061238299789E-52    0.178109912495587264E+04    0.249512573617893304E+04    0.354653280523715519E+01    0.203384905835166450E+02
    0.165180065398059910E-52    0.178044340092798620E+04    0.160456379725500096E+04    0.396385962684964444E+01    0.240055341735027810E+02
    0.190364241787562276E-52    0.178013959469862721E+04    0.146228767683714273E+04    0.267450006548379360E+01    0.208068026350459689E+02
    0.196287126342441068E-52    0.178005831626142026E+04    0.250448842195987390E+04    0.352902848600119778E+01    0.234411653187289062E+02
    0.306256609507135123E-52    0.177914862660921062E+04    0.147176180423429946E+04    0.282071093078832735E+01    0.114817351465133157E+02
    0.314442331977014097E-52    0.177907587190622257E+04    0.250916329848273745E+04    0.340552156412910367E+01    0.219059665165306257E+02
    0.359065175012179875E-52    0.177879046546057953E+04    0.252607184252207844E+04    0.355297883510886514E+01    0.171038585627727286E+02
    0.411486737648659783E-52    0.177849791971596824E+04    0.148920280225077568E+04    0.277265763608051996E+01    0.331301401177645118E+02
    0.494203471582711543E-52    0.177811157866022859E+04    0.156511964709866970E+04    0.383649476629338038E+01    0.453962926813404977E+02
    0.903393641518929010E-52    0.177688515652697856E+04    0.253005118147292933E+04    0.364671601065872197E+01    0.227424230671070546E+02
    0.186301689308920455E-51    0.177541756842010864E+04    0.255196957827079450E+04    0.347403257659640996E+01    0.230973517398090706E+02
    0.193575889252927236E-51    0.177532096385439490E+04    0.252645673555845860E+04    0.347553884021761128E+01    0.171333983590833157E+02
    0.192236188689203225E-51    0.177531485357972929E+04    0.255376585745938974E+04    0.361483507355873135E+01    0.213754347456911518E+02
    0.196975345398786270E-51    0.177524614596931087E+04    0.252591673964730035E+04    0.356134979992202139E+01    0.173852118131300415E+02
    0.196459494571169857E-51    0.177523139055947740E+04    0.251516212135191108E+04    0.362493574714188327E+01    0.193030561046522564E+02
    0.630528017891535148E-51    0.177287918792661617E+04    0.254333237714099960E+04    0.336772984843138712E+01    0.211692163072878685E+02
    0.692544255869277654E-51    0.177267155882377892E+04    0.147800553336603343E+04    0.289038916567215676E+01    0.357571684677963901E+02
    0.790648431887110487E-51    0.177238659629331050E+04    0.158353285539849639E+04    0.385450354256157368E+01    0.293983923448205360E+02
    0.249397778880520586E-50    0.177006903466990616E+04    0.251401827920503501E+04    0.352572458927505439E+01    0.176812202692039193E+02
    0.565315934855847752E-50    0.176841236342141201E+04    0.250624134194195631E+04    0.345019010752938549E+01    0.193488940486292478E+02
    0.153925194296897811E-49    0.176638902927246795E+04    0.251259891250207193E+04    0.341984958713012421E+01    0.201186953029798019E+02
    0.194177486395620227E-49    0.176590441750033642E+04    0.251496543137364324E+04    0.359648511698741791E+01    0.194857943132744396E+02
    0.223496119055679725E-49    0.176560317463962929E+04    0.149103533026520131E+04    0.280716529196205444E+01    0.161970486574351895E+02
    0.263857226230854954E-49    0.176525114644437804E+04    0.249891912502252717E+04    0.348427462541806099E+01    0.207953595873213004E+02
    0.310926810873019238E-49    0.176490284763928639E+04    0.255312257785405700E+04    0.353962918061991605E+01    0.211804385154723036E+02
    0.373213774795763998E-49    0.176451765998212977E+04    0.148230561577611047E+04    0.266650414110070111E+01    0.334330555433207053E+02
    0.705814519723237721E-49    0.176322325777255173E+04    0.254015529725425495E+04    0.344002582382227695E+01    0.187277977062396417E+02
    0.839959244122573981E-49    0.176285525599510970E+04    0.254248043756649440E+04    0.356592434378793577E+01    0.187923822281067032E+02
    0.845663258574352551E-49    0.176282172025691239E+04    0.160986585960354819E+04    0.391866357294299572E+01    0.251444365574480173E+02
    0.937421924216736825E-49    0.176259569579154459E+04    0.254728603689066449E+04    0.353301012396116398E+01    0.189906089117218357E+02
    0.101255680653226308E-48    0.176242149493337888E+04    0.158219209097383236E+04    0.391797393963413842E+01    0.260867513773199562E+02
    0.107864042754523411E-48    0.176227504941122652E+04    0.156998125214044398E+04    0.378361737134274678E+01    0.383150420142046926E+02
    0.114447663652985025E-48    0.176213655728764161E+04    0.161025754108767933E+04    0.392191864349218955E+01    0.164494048773694317E+02
    0.159201605895304720E-48    0.176145644983135571E+04    0.254508089223937259E+04    0.341747559395401179E+01    0.211204456908552913E+02
    0.175503235431341691E-48    0.176124147759615425E+04    0.158556506295848226E+04    0.377951986432771747E+01    0.431591553118316540E+02
    0.298558501293786423E-48    0.176015886075691060E+04    0.157545819785389813E+04    0.391790818774827532E+01    0.167318287283969340E+02
    0.332108609912592615E-48    0.175992586844521998E+04    0.157295887769688716E+04    0.391333138322390273E+01    0.170092961012285429E+02
    0.378406305521989043E-48    0.175964485555127771E+04    0.250472044485993638E+04    0.347090350084073984E+01    0.206407875877962681E+02
    0.632095109462523647E-48    0.175859871280767811E+04    0.252532948895188838E+04    0.351693147807970430E+01    0.233253706157926786E+02
    0.628443076986811278E-48    0.175859030164404385E+04    0.253801052895572957E+04    0.361424904262541080E+01    0.206950463469339354E+02
    0.711207635785335179E-48    0.175832286371139253E+04    0.148704229183443431E+04    0.281998847332580649E+01    0.369203700922622886E+02
    0.109186957112948709E-47    0.175744549913501123E+04    0.160056648149763805E+04    0.380753975368583708E+01    0.231788103286039870E+02
    0.227276737792827570E-47    0.175595928559826916E+04    0.253924828779808922E+04    0.343158805172211068E+01    0.213962787028512764E+02
    0.573434846861954246E-47    0.175408833371875744E+04    0.146423385557545657E+04    0.271236824695230139E+01    0.217881894173188613E+02
    0.101111387215626466E-46    0.175293400667491255E+04    0.251437894108888122E+04    0.352437234843654368E+01    0.222791543496675786E+02
    0.101307757376690095E-46    0.175291012620751781E+04    0.156531381457714679E+04    0.388643940700402624E+01    0.235947595055050243E+02
    0.303787510103086039E-46    0.175069379522649888E+04    0.253744663062237578E+04    0.354457763685255767E+01    0.218131426190291364E+02
    0.396879958805364961E-46    0.175013918445226932E+04    0.160026097140294223E+04    0.391052210628625785E+01    0.158712064600920968E+02
    0.510654754545907300E-46    0.174961506471115626E+04    0.159465759245638151E+04    0.386761512716838762E+01    0.411083046866082213E+02
    0.506052787952787898E-46    0.174961317020493561E+04    0.159050106329433720E+04    0.387304140504983696E+01    0.398694265746879069E+02
    0.535889893838838228E-46    0.174947859474460984E+04    0.147653480723451594E+04    0.290737365918312740E+01    0.470134806682401916E+02
    0.114505300985930441E-45    0.174794003975718852E+04    0.156576777723338091E+04    0.380240618220976945E+01    0.274151661734294265E+02
    0.128041366587451158E-45    0.174769657521832687E+04    0.155873434593015372E+04    0.380171523785876442E+01    0.197748026429345600E+02
    0.520033039610289496E-45    0.174487349730013625E+04    0.160429470865050325E+04    0.384430804244953928E+01    0.255685413887695603E+02
    0.763845715818119704E-45    0.174408455034242070E+04    0.149286528033446211E+04    0.270398319169601198E+01    0.361379018919829207E+02
    0.106754725545041791E-44    0.174339504397162659E+04    0.253672133981081788E+04    0.351319208724746845E+01    0.209211410526715156E+02
    0.112313527113969842E-44    0.174327352318939461E+04    0.147323969151601000E+04    0.290177506952784325E+01    0.432961366533711782E+02
    0.132678694210601506E-44    0.174292025106391452E+04    0.158155230204431064E+04    0.382952920356036852E+01    0.381438766965804348E+02
    0.237909450398422153E-44    0.174173233152715193E+04    0.158816836636342396E+04    0.381638125208725842E+01    0.447511050325756514E+02
    0.758150258687331978E-44    0.173939434861577524E+04    0.160306157508942215E+04    0.395091314564870189E+01    0.211143725640887396E+02
    0.764338477766614608E-44    0.173935809035912234E+04    0.159403290713892329E+04    0.386509521235448839E+01    0.270073189924774795E+02
    0.977105497187367218E-44    0.173884692255477080E+04    0.158723304814390167E+04    0.385806570103769042E+01    0.138632261697653831E+02
    0.190560689394751049E-43    0.173749100017603610E+04    0.158993194319037843E+04    0.387445968767361526E+01    0.415048157970491047E+02
    0.544853690126396256E-43    0.173536990702242201E+04    0.156245918671654044E+04    0.377970186157013144E+01    0.240060699909186042E+02
    0.930047856971593019E-43    0.173428046953483317E+04    0.147693064724607075E+04    0.281959814053995350E+01    0.351335819022845612E+02
    0.158555790474050705E-42    0.173319355839319860E+04    0.157695670902256006E+04    0.381006837110535468E+01    0.455506290666376401E+02
    0.255317224246260442E-42    0.173222075785938455E+04    0.146617965449877420E+04    0.271424746137449135E+01    0.165805977905801853E+02
    0.585824016775077507E-42    0.173053973257310281E+04    0.149873479601347685E+04    0.268752445229142634E+01    0.142875527230607418E+02
    0.154061106811398897E-41    0.172858590260834808E+04    0.150097041092362406E+04    0.269587375360609371E+01    0.154282475451719847E+02
    0.185586075079862002E-41    0.172819356366866577E+04    0.159993582709324187E+04    0.393231910828175302E+01    0.195910690601836848E+02
    0.293071780683395851E-41    0.172725976612216073E+04    0.159263492940503829E+04    0.385826723244704128E+01    0.150134583931912147E+02
    0.299895409660162185E-41    0.172719373369191612E+04    0.148435641006343053E+04    0.279819463126813961E+01    0.351975649190906665E+02
    0.303084332024547746E-41    0.172715257907012619E+04    0.159719632906976585E+04    0.387693900199965391E+01    0.159301954643650276E+02
    0.310620623815917455E-41    0.172708345663385671E+04    0.148914184303414140E+04    0.279298633317700551E+01    0.434946839293611447E+02
    0.420784511803030180E-41    0.172645635954233330E+04    0.158485181562048911E+04    0.384135964891042736E+01    0.400715802144684972E+02
    0.422685378435574725E-41    0.172642734501853056E+04    0.158892490583618337E+04    0.383699559747923180E+01    0.422109165437414902E+02
    0.599621979153653611E-41    0.172570800240688823E+04    0.158860486164072677E+04    0.383524033678164677E+01    0.423258866056654881E+02
    0.904957457790602076E-41    0.172486482538146447E+04    0.160512175655246733E+04    0.393529791444713029E+01    0.188883974203599223E+02
    0.158577749348911337E-40    0.172372294105430296E+04    0.157220048708067884E+04    0.382358005598969308E+01    0.415200096520792385E+02
    0.336712553258929351E-40    0.172219697184735742E+04    0.160465941957304562E+04    0.386291601529757678E+01    0.247517837672752705E+02
    0.438321003488293691E-40    0.172164952801148570E+04    0.146952319695623692E+04    0.275202087069698154E+01    0.140132063426680276E+02
    0.117562720537077938E-39    0.171965631691279987E+04    0.148687651391841177E+04    0.284927892589347254E+01    0.243483087947491441E+02
    0.163589321727568770E-39    0.171897554257589672E+04    0.151171122096645240E+04    0.274921424057171881E+01    0.206168861564253660E+02
    0.185155604709943650E-39    0.171870786772257247E+04    0.150461514389087370E+04    0.269221548913395337E+01    0.152755153100949599E+02
    0.323409129528166613E-39    0.171757242452558967E+04    0.149676073555376070E+04    0.265502416444417610E+01    0.385789251066889562E+02
    0.324447607062416023E-39    0.171754601274739844E+04    0.148837684871997953E+04    0.259233968271498139E+01    0.156791024217656485E+02
    0.577560246023820903E-39    0.171637263536059800E+04    0.157002864753140329E+04    0.382269635360637761E+01    0.267888562716356802E+02
    0.871587324414258163E-39    0.171552962875860294E+04    0.156854771504782320E+04    0.384827222788560608E+01    0.256322518445604572E+02
    0.913912605060093198E-39    0.171541479098117338E+04    0.147978249318378130E+04    0.260507191277445571E+01    0.150196735694549517E+02
    0.156845768488269954E-38    0.171431456478037080E+04    0.147748760510730881E+04    0.271155645624181085E+01    0.363687613145793307E+02
    0.214575556212721648E-38    0.171366776685323612E+04    0.158648227729697146E+04    0.383456282267957782E+01    0.269796176752069812E+02
    0.118295967121622777E-36    0.170562837096050566E+04    0.158242905374462998E+04    0.386969806058416577E+01    0.154680282399135507E+02
    0.180805135437973396E-36    0.170475991061772993E+04    0.149628388797372463E+04    0.263051430750108839E+01    0.409433888686879186E+02
    0.194888597924958799E-36    0.170458989411553875E+04    0.148781761603711357E+04    0.270335211298560596E+01    0.364996953026552546E+02
    0.236331876554989380E-36    0.170418427617325801E+04    0.157399876293862008E+04    0.381846448265343952E+01    0.153007523658662734E+02
    0.246050328210993153E-36    0.170408367811831954E+04    0.148063056265497835E+04    0.265772231640964396E+01    0.124383546947347270E+02
    0.340947173457548277E-36    0.170341129522330971E+04    0.148446595670188663E+04    0.284812283585822623E+01    0.147358961715439989E+02
    0.100885376601020138E-35    0.170122161016032737E+04    0.150346937848862353E+04    0.262333045982857227E+01    0.238926360432331677E+02
    0.100850872920796011E-35    0.170120229429479787E+04    0.149546649591115511E+04    0.274027100518990885E+01    0.236665327647099843E+02
    0.113869537677065866E-35    0.170093947336135352E+04    0.148256655743842703E+04    0.284473034091799226E+01    0.457812233330623712E+02
    0.137085432329846799E-35    0.170054837148454772E+04    0.148781061092719392E+04    0.278548845599793449E+01    0.390586428437703717E+02
    0.140202117977481435E-35    0.170048340997216201E+04    0.160092556426795431E+04    0.385690171863291109E+01    0.193592366957352340E+02
    0.186637861239099170E-35    0.169989123979806800E+04    0.149482725896453394E+04    0.270722910449927934E+01    0.423110987607697382E+02
    0.223781484448732341E-35    0.169950824001504179E+04    0.148048703848307036E+04    0.287529408381473450E+01    0.442442176575425208E+02
    0.347033304557877256E-35    0.169861073862700528E+04    0.147775524322427873E+04    0.258554997280055643E+01    0.219875114369725111E+02
    0.586753310055309994E-35    0.169754037118268616E+04    0.148357566025804499E+04    0.283518465444589340E+01    0.388997866439817415E+02
    0.966942165763335585E-35    0.169652130276325852E+04    0.158150963328433863E+04    0.384137005683574539E+01    0.264920385911370886E+02
    0.138649112068346551E-34    0.169578051721296879E+04    0.160681369979593046E+04    0.388937443766901580E+01    0.214940838856885250E+02
    0.195815685528181056E-34    0.169507006227513011E+04    0.158440900412850169E+04    0.379198274580693084E+01    0.245814629289209421E+02
    0.194289629366423769E-34    0.169506570998756047E+04    0.149457215164252557E+04    0.273063869717854546E+01    0.162150723672318691E+02
    0.255677670681372529E-34    0.169449657484431009E+04    0.150251598238402971E+04    0.269997652167758995E+01    0.176006919497368557E+02
    0.309623811526434869E-34    0.169409369385005903E+04    0.149243136596121917E+04    0.273136570742322782E+01    0.417433091887212697E+02
    0.443114933507470361E-34    0.169335675158884760E+04    0.147689352968466778E+04    0.287906837062987186E+01    0.402283888959023557E+02
    0.629795924441604027E-34    0.169263361827390281E+04    0.148625000018507308E+04    0.271973818561445535E+01    0.366434175606620158E+02
    0.898335731110357728E-34    0.169190332222118354E+04    0.158445681717129173E+04    0.381350400070274320E+01    0.256717953841187949E+02
    0.132385957232492613E-33    0.169110779661345919E+04    0.160136048351169029E+04    0.387403834673700853E+01    0.213524422165882726E+02
    0.134374029546322656E-33    0.169105798540906744E+04    0.147304531702002942E+04    0.276362326101070233E+01    0.389486566989987750E+02
    0.198962563046027370E-33    0.169025300639955753E+04    0.159562961628108769E+04    0.383149943845227714E+01    0.211974875115700172E+02
    0.250474167884941140E-33    0.168977252817683393E+04    0.149632459790017606E+04    0.271938736521987723E+01    0.247649109719122862E+02
    0.369134537038378497E-33    0.168897691740959635E+04    0.148599949794987538E+04    0.271951799748469458E+01    0.486266087263153111E+02
    0.438349419884182636E-33    0.168861320705356547E+04    0.147687395462399377E+04    0.274271789515804754E+01    0.117286350943992375E+02
    0.484896246100016542E-33    0.168839136987784696E+04    0.157404341862688398E+04    0.378290408993418126E+01    0.244693791047173193E+02
    0.494690160022890352E-33    0.168833137650833896E+04    0.149214151790150868E+04    0.272962366912487742E+01    0.424845416496422956E+02
    0.491528212415370959E-33    0.168832420108565429E+04    0.148078912655187582E+04    0.258560634318456550E+01    0.209803107331402572E+02
    0.494250326859455734E-33    0.168829315551606805E+04    0.147963969491496937E+04    0.275019230599464626E+01    0.113514168219116129E+02
    0.106593806604180730E-32    0.168673601875553732E+04    0.149564317662541703E+04    0.259456746891549805E+01    0.176383804175965508E+02
    0.109031804554099506E-32    0.168667079032769288E+04    0.150777520211307456E+04    0.270688205984173624E+01    0.232122692795627756E+02
    0.191069110508748081E-32    0.168552879918138046E+04    0.159284766002538163E+04    0.387494323390406015E+01    0.177982625913186752E+02
    0.287533972948630997E-32    0.168469138753676111E+04    0.149029042409867679E+04    0.270100242055490947E+01    0.378450714124212197E+02
    0.312478090805963694E-32    0.168450500086223383E+04    0.148825951170651024E+04    0.268604862820335999E+01    0.292094549987627090E+02
    0.567245538567316087E-32    0.168329248505961141E+04    0.159157217743068759E+04    0.382050257433893181E+01    0.191298748168469643E+02
    0.576577731211313960E-32    0.168323984924963497E+04    0.149509390057811743E+04    0.267533476836991513E+01    0.430042882303735610E+02
    0.603992006281713103E-32    0.168312694765040055E+04    0.149628540266600498E+04    0.270486953091505455E+01    0.258193879785693809E+02
    0.774938393358570986E-32    0.168260850250932299E+04    0.148656500921201064E+04    0.267431751998109535E+01    0.126403726003315455E+02
    0.153133181836494339E-31    0.168122628336629487E+04    0.147183427964903967E+04    0.260755597129747052E+01    0.216189999584473753E+02
    0.160358025273276394E-31    0.168111408144411371E+04    0.147539298849230454E+04    0.285504569037022637E+01    0.447408990180281307E+02
    0.254523031103605658E-31    0.168017011673605793E+04    0.148539920286391134E+04    0.270795298390535821E+01    0.120920905331837361E+02
    0.336059755489779808E-31    0.167959432141510024E+04    0.147991894558597573E+04    0.269360453777443043E+01    0.373174164632251859E+02
    0.383281533848807138E-31    0.167931135980190447E+04    0.159300415301200337E+04    0.389423887233549948E+01    0.204694871878903939E+02
    0.560523104658761261E-31    0.167853115846448736E+04    0.157697979082430834E+04    0.378740035316164603E+01    0.239711441180336209E+02
    0.881889381450254065E-31    0.167760476613027231E+04    0.159399462077815542E+04    0.388343387285867969E+01    0.196189013442791236E+02
    0.896475718084293031E-31    0.167755195697596014E+04    0.147924308422489412E+04    0.279474971659476612E+01    0.482867050570994252E+02
    0.126410659561277943E-30    0.167684465758459464E+04    0.147552084725877921E+04    0.261270953670688177E+01    0.171134663547657198E+02
    0.150994393798319296E-30    0.167646924378692847E+04    0.158530050858926506E+04    0.384754186867823389E+01    0.168539876822473218E+02
    0.164315280195097855E-30    0.167628015515982315E+04    0.147945470095267774E+04    0.259518743838824939E+01    0.189982482299366922E+02
    0.180259128525289599E-30    0.167607493836770573E+04    0.149216646496840985E+04    0.269385231053482421E+01    0.396515249772338336E+02
    0.226833877653234196E-30    0.167559529333871819E+04    0.159030566973394502E+04    0.388015839037044419E+01    0.231272491022767070E+02
    0.368012014977757558E-30    0.167460749803078897E+04    0.147691468353655455E+04    0.286648514515295894E+01    0.415669357325693909E+02
    0.370064956860301048E-30    0.167457637210623011E+04    0.158363724578584515E+04    0.385129198424329022E+01    0.249086256034478453E+02
    0.517845970408209212E-30    0.167388437351761991E+04    0.147577805747118396E+04    0.283244789673300001E+01    0.393576074467052308E+02
    0.572102666132039606E-30    0.167366509228181530E+04    0.147600496538818265E+04    0.274862554574589524E+01    0.377686898023944195E+02
    0.170273767402119541E-29    0.167146374394239433E+04    0.158439481514421482E+04    0.386929455451269178E+01    0.177456155694698481E+02
    0.184872936172708468E-29    0.167127922150365976E+04    0.148446869055408752E+04    0.281117612542242989E+01    0.404209061059319765E+02
    0.396914207797265013E-29    0.166973111870672983E+04    0.148914274274654235E+04    0.266650952132952090E+01    0.459325976337519535E+02
    0.408907755527003248E-29    0.166965157983087147E+04    0.150524777805957365E+04    0.268082034911289302E+01    0.189742286742217630E+02
    0.470500947676797089E-29    0.166935096307243634E+04    0.149158929462214655E+04    0.268451718161790431E+01    0.449860946562271238E+02
    0.487759153774561792E-29    0.166925891552551229E+04    0.147583788151410863E+04    0.263189858459030379E+01    0.255073656118169509E+02
    0.578810975081825722E-29    0.166889660710613748E+04    0.150477055980886757E+04    0.266583588245092606E+01    0.229874395670009761E+02
    0.955420878094082769E-29    0.166787425511197944E+04    0.146795095102243999E+04    0.269894981660776567E+01    0.225841139328457388E+02
    0.265673237301128635E-28    0.166580885458799116E+04    0.148610496848280127E+04    0.267162966551643333E+01    0.132655541086533333E+02
    0.360192593636242587E-28    0.166518011109143481E+04    0.146842154501925961E+04    0.274254586291462932E+01    0.184419956515216228E+02
    0.382542828825068683E-28    0.166503970759731124E+04    0.148883294749578090E+04    0.274410033008855425E+01    0.402237846857137811E+02
    0.398458179132525310E-28    0.166493818373886097E+04    0.147277886933178002E+04    0.279106965009461971E+01    0.269576780992111509E+02
    0.499922216008414335E-28    0.166446448379620279E+04    0.148398968674722164E+04    0.267402605712642183E+01    0.131320047409729170E+02
    0.565913465438084000E-28    0.166419650647568483E+04    0.148190967162137167E+04    0.271944487688133441E+01    0.371474064875122565E+02
    0.692616933513678404E-28    0.166377243467114454E+04    0.149076314360042124E+04    0.269957254248528233E+01    0.279523745420628984E+02
    0.758617133847804308E-28    0.166357039440259223E+04    0.146955607820355704E+04    0.265271847772032254E+01    0.231030590673257450E+02
    0.798842784705158803E-28    0.166344706051021558E+04    0.149043033449323821E+04    0.268657495881323305E+01    0.396890042744204266E+02
    0.106743001821533197E-27    0.166284737046038299E+04    0.146775619346131998E+04    0.269031584554703329E+01    0.207380980802949892E+02
    0.108839021761241752E-27    0.166278847879486079E+04    0.149420323841789605E+04    0.272731712661728753E+01    0.180039313903112941E+02
    0.174408224881299882E-27    0.166182542130412980E+04    0.150205134827774259E+04    0.267035309449131875E+01    0.235579769837267037E+02
    0.294569169807107393E-27    0.166075719095184058E+04    0.148245605572518934E+04    0.282802049883641304E+01    0.426950764394465523E+02
    0.460173741594291057E-27    0.165984501041230715E+04    0.150246316031307742E+04    0.263855971329340644E+01    0.195790535948735709E+02
    0.994484365028700490E-27    0.165828376989342632E+04    0.148312377121108716E+04    0.264895669584346027E+01    0.435426197928604779E+02
    0.114821558863654213E-26    0.165797628993843318E+04    0.148833989014466260E+04    0.271846333781136273E+01    0.390442527955956109E+02
    0.153377136369675288E-26    0.165737724879691132E+04    0.148581876711308064E+04    0.273961103263849459E+01    0.380881372008935557E+02
    0.158893559340176297E-26    0.165728657938103197E+04    0.147536285890909244E+04    0.262300521168950374E+01    0.174215580250259165E+02
    0.164741133452057432E-26    0.165719429775342587E+04    0.148834894013056874E+04    0.266357573398366343E+01    0.447490245175409598E+02
    0.212564600643704440E-26    0.165666455657051256E+04    0.148007064902615230E+04    0.260843673299587930E+01    0.181719692756070970E+02
    0.218060450678305915E-26    0.165659350381882291E+04    0.148001934622023236E+04    0.277291201910364826E+01    0.374795131273176025E+02
    0.545177130107083393E-26    0.165474082695844072E+04    0.149223699831177714E+04    0.260074589995576444E+01    0.199774112672792370E+02
    0.797499050046120084E-26    0.165396008717391351E+04    0.147796560987422185E+04    0.283909448331113090E+01    0.406505963965831825E+02
    0.123339452184846091E-25    0.165306799761881439E+04    0.149113981214247542E+04    0.263061700191754388E+01    0.160301345012502310E+02
    0.242175235740319808E-25    0.165169855511742935E+04    0.149089947826590424E+04    0.271808197646994953E+01    0.150005598089902890E+02
    0.265988633915428861E-25    0.165149097111845754E+04    0.147503840364743269E+04    0.273916199515336123E+01    0.134724238968493069E+02
    0.527709287300239160E-25    0.165010078719523199E+04    0.148507805734108615E+04    0.274630732546567558E+01    0.462798113206042387E+02
    0.877064252926279862E-25    0.164906471776662738E+04    0.158458146990455680E+04    0.383107333135615402E+01    0.202761511526496037E+02
    0.133243371934820731E-24    0.164820835344846159E+04    0.148312600675768363E+04    0.266647958102469529E+01    0.449457506870331542E+02
    0.159600936513623148E-24    0.164782735498316788E+04    0.148427154099665700E+04    0.260422962512816980E+01    0.217477416308071270E+02
    0.162927965399434406E-24    0.164776609174280043E+04    0.148381966701117813E+04    0.260360707466984209E+01    0.212200000701132581E+02
    0.366982623148595730E-24    0.164612207909179529E+04    0.149220551198113139E+04    0.268933899903248097E+01    0.152953918330294414E+02
    0.420300683953689185E-24    0.164583076735030750E+04    0.158106963858359404E+04    0.384336639705036953E+01    0.201259257347271614E+02
    0.428776175845448075E-24    0.164577083799262209E+04    0.148187381600197523E+04    0.280857245131553412E+01    0.137622212624617219E+02
    0.611240995230739494E-24    0.164504172547102098E+04    0.148737798680562264E+04    0.275828774744868399E+01    0.147029557988345800E+02
    0.722588689155052250E-24    0.164468702775770680E+04    0.158158103615952859E+04    0.383054557653392092E+01    0.209777078853843761E+02
    0.751874349741908141E-24    0.164458756964516465E+04    0.149851217418747228E+04    0.261796751584335485E+01    0.211176817811466577E+02
    0.103583949775023679E-23    0.164392677311719285E+04    0.147845729670609830E+04    0.282113520118483940E+01    0.447533345484765448E+02
    0.115174933881072476E-23    0.164369463362943998E+04    0.147404855676849343E+04    0.267793035874058694E+01    0.260114456749006422E+02
    0.152510765347304322E-23    0.164311306753094186E+04    0.147881597843653708E+04    0.281892186279330081E+01    0.448324490050978852E+02
    0.158333918149393847E-23    0.164301812548506678E+04    0.147429075196643521E+04    0.264287199370963588E+01    0.242449739826961093E+02
    0.247510141910954042E-23    0.164210463478576207E+04    0.146937753617839394E+04    0.268961970501723968E+01    0.223450188026330494E+02
    0.636855625490483714E-23    0.164019445193833235E+04    0.149917805120090043E+04    0.263259245862189628E+01    0.219170211384569313E+02
    0.177537140471462188E-22    0.163812400805870811E+04    0.147571607888276367E+04    0.279996781609563206E+01    0.425860633533806947E+02
    0.197519592513644595E-22    0.163789069215290510E+04    0.147282284636572012E+04    0.282982088150706401E+01    0.165662899756050024E+02
    0.300448208683940173E-22    0.163703181693964484E+04    0.148595790213332975E+04    0.267579415905975582E+01    0.416738372176672272E+02
    0.792826088041379731E-22    0.163507115993958450E+04    0.148141349137168618E+04    0.268109820437890045E+01    0.409987686710240666E+02
    0.824494122904449916E-22    0.163497282768914420E+04    0.148045133908913976E+04    0.271888815370672221E+01    0.390892054099949462E+02
    0.114169654154424535E-21    0.163430182645802461E+04    0.147343333099408642E+04    0.284612108674572539E+01    0.243488401524078739E+02
    0.124857229237793319E-21    0.163410285569408848E+04    0.148068022635232228E+04    0.277452393803058817E+01    0.283613041867780851E+02
    0.129818907021859532E-21    0.163400491661818342E+04    0.148672923740353849E+04    0.268634614194531851E+01    0.435474088113985545E+02
    0.128624256244411981E-21    0.163400340670739797E+04    0.147415351348175409E+04    0.281899347977545389E+01    0.259687132752965226E+02
    0.269305071757110214E-21    0.163250550786545546E+04    0.148555321173916218E+04    0.276164343317968264E+01    0.274740480306049193E+02
    0.333282071102237938E-21    0.163205921914737155E+04    0.147529400156036195E+04    0.274978245718566772E+01    0.431450695712916286E+02
    0.416831676263024304E-21    0.163159183255843413E+04    0.147893436020213858E+04    0.272328177333317312E+01    0.396200761534073251E+02
    0.590128387913926675E-21    0.163087651729123900E+04    0.149809765663648614E+04    0.265688256226233088E+01    0.208045801571647360E+02
    0.684195411933875412E-21    0.163056071039739481E+04    0.147101980355030764E+04    0.273722375010614716E+01    0.169573766093003826E+02
    0.158029147386139098E-20    0.162886646835869101E+04    0.147604423987270411E+04    0.277143202637598307E+01    0.437578451648304281E+02
    0.248290586274923534E-20    0.162794282778679485E+04    0.148115580712737892E+04    0.282482345591765727E+01    0.149722565241543748E+02
    0.349838501862465970E-20    0.162723708409548226E+04    0.147894009523807290E+04    0.273107132035143696E+01    0.398205067787860685E+02
    0.401052505090489102E-20    0.162694384263672600E+04    0.148330299525900978E+04    0.270428015479920392E+01    0.277952057589916990E+02
    0.484311921490988373E-20    0.162654656901491580E+04    0.148656923226213712E+04    0.274182504499020041E+01    0.146770068070994881E+02
    0.125429358233813324E-19    0.162462337172399430E+04    0.148020125595949617E+04    0.279883023474887382E+01    0.416530482086006089E+02
    0.393727183780616360E-19    0.162231554067397019E+04    0.147487432012402633E+04    0.280406801352576496E+01    0.151585835917144465E+02
    0.511102207773589725E-19    0.162177371798815238E+04    0.148085677586584075E+04    0.269359837951697045E+01    0.429414000119130037E+02
    0.869743900824977649E-19    0.162069045955609135E+04    0.149296193631583674E+04    0.271426425609255562E+01    0.192671726736874120E+02
    0.896808843444485191E-19    0.162060917169334311E+04    0.147663875662688542E+04    0.262979959810187713E+01    0.208220654878108888E+02
    0.997981655987931519E-19    0.162037538736824627E+04    0.149243385047058086E+04    0.271293438118012764E+01    0.238129435104276865E+02
    0.141785877956389035E-18    0.161965305093728057E+04    0.148439617336027277E+04    0.274447311911745384E+01    0.424777051365629745E+02
    0.167310298683271198E-18    0.161930198664444265E+04    0.148161276103026171E+04    0.262256436624744493E+01    0.217135166558235966E+02
    0.195300464439984580E-18    0.161897260854106662E+04    0.148534551746634088E+04    0.277505418679663851E+01    0.264069814451881086E+02
    0.219743627590445309E-18    0.161871676389760773E+04    0.148482406074836376E+04    0.272319965053104784E+01    0.421068225293114438E+02
    0.241942700521212112E-18    0.161850428512616509E+04    0.148262562855096326E+04    0.276725701797855050E+01    0.417334222324761015E+02
    0.241949365752014134E-18    0.161848423002932623E+04    0.148111726694165782E+04    0.270695545392247627E+01    0.441123159892931653E+02
    0.240953132576248852E-18    0.161847248208511428E+04    0.147943654252474334E+04    0.283394715040324208E+01    0.153667713573929063E+02
    0.267588478805227682E-18    0.161824278642592571E+04    0.147153052860224830E+04    0.269544868520355907E+01    0.178378931826839420E+02
    0.293441785680392424E-18    0.161803832842422889E+04    0.147176135816381111E+04    0.266399040365413997E+01    0.211373466273843746E+02
    0.466735546692122690E-18    0.161709016134080002E+04    0.148416104535825525E+04    0.263796605439620979E+01    0.172055131090447446E+02
    0.492747981631868257E-18    0.161696169127320741E+04    0.148233356097012665E+04    0.271627067464645355E+01    0.409667898318154755E+02
    0.679118533452649934E-18    0.161630009560710505E+04    0.148392224019784157E+04    0.263008125790662195E+01    0.181899256111517786E+02
    0.772120104350709070E-18    0.161602340674598008E+04    0.148707048053651329E+04    0.262233538022372814E+01    0.213814199405244949E+02
    0.148245406110572224E-17    0.161469877868711205E+04    0.148573690634691684E+04    0.277409071197390711E+01    0.259310292134980642E+02
    0.155709023682348058E-17    0.161458053872154551E+04    0.148719262142453726E+04    0.276684196005876792E+01    0.251103816840246026E+02
    0.165856444454208418E-17    0.161443427154348137E+04    0.147883809901346513E+04    0.277670546999207968E+01    0.425306706085849839E+02
    0.196225392727979198E-17    0.161407798886415276E+04    0.148162600513661778E+04    0.270854565636687639E+01    0.427105658021789907E+02
    0.197005701391304216E-17    0.161405005144822417E+04    0.148504619899106251E+04    0.269688703206267011E+01    0.269712573275144223E+02
    0.207739294720417714E-17    0.161392394898144198E+04    0.147883052526905067E+04    0.274394418805337459E+01    0.413608702605029350E+02
    0.251349233794919760E-17    0.161352283010345832E+04    0.147892171071733515E+04    0.272898353151238870E+01    0.419284206163232227E+02
    0.257727380279889474E-17    0.161345271206565758E+04    0.149352740677257361E+04    0.268713004923143739E+01    0.234265759699588330E+02
    0.324151910611564614E-17    0.161297409225535966E+04    0.149268320877693554E+04    0.267790533627237792E+01    0.176434246993493389E+02
    0.472627813513789428E-17    0.161219990035671776E+04    0.149348355533594668E+04    0.263674284583102736E+01    0.208528064058349827E+02
    0.503146749847982289E-17    0.161205475303350795E+04    0.148541523333094642E+04    0.272182613553960140E+01    0.147275554362763756E+02
    0.518138907614346690E-17    0.161197603005155133E+04    0.148172045771652620E+04    0.274839745730467833E+01    0.275755061182237284E+02
    0.648971991047734014E-17    0.161150573766964499E+04    0.147474032521233175E+04    0.280839120892207150E+01    0.159079094597622372E+02
    0.798981356992172711E-17    0.161106984156187173E+04    0.147891526846000784E+04    0.273804441877504345E+01    0.429721034388800263E+02
    0.129228699936562009E-16    0.161008817919619605E+04    0.147667510333078894E+04    0.282980792551701432E+01    0.157750453490212550E+02
    0.139122815158463930E-16    0.160992063239039908E+04    0.147444617811665330E+04    0.267142267277225010E+01    0.239735584275642992E+02
    0.161501413726845481E-16    0.160960231880831770E+04    0.147454297022449600E+04    0.266260372422250269E+01    0.178856715178345809E+02
    0.178244543826845636E-16    0.160938503370270200E+04    0.147766145999421224E+04    0.266015388584857781E+01    0.246086546100802366E+02
    0.179318318954343933E-16    0.160935302151164819E+04    0.147181856574865265E+04    0.269385186055788362E+01    0.184364157577679606E+02
    0.210907948720646365E-16    0.160900850304842243E+04    0.149400872831914876E+04    0.266798877704883752E+01    0.191298444325948225E+02
    0.211983402532438606E-16    0.160897833063768803E+04    0.148197155792514741E+04    0.263643618448310058E+01    0.232602363216415426E+02
    0.547685157786436988E-16    0.160705994541650807E+04    0.147413859934678453E+04    0.282361018488778726E+01    0.171653462657987461E+02
    0.688565307262529420E-16    0.160658212626485556E+04    0.147143086045991049E+04    0.274759943392755623E+01    0.225786766180108742E+02
    0.104491454834600416E-15    0.160572796582274441E+04    0.147164940971788587E+04    0.269909586937318924E+01    0.189276816930588296E+02
    0.175437757108127534E-15    0.160467160777573872E+04    0.147146645084740203E+04    0.276498204700819361E+01    0.218732893377978428E+02
    0.386923195423445645E-15    0.160306972399124061E+04    0.149381914062190708E+04    0.265923412907608459E+01    0.206989043999960813E+02
    0.722499297279306532E-15    0.160180074352030715E+04    0.147663722663162480E+04    0.267723709020489764E+01    0.165564852880437883E+02
    0.759823974500706330E-15    0.160168000282712183E+04    0.149119935934457499E+04    0.269503603774340128E+01    0.178978924590831525E+02
    0.963876804442608021E-15    0.160118424943458649E+04    0.148704530850766560E+04    0.277645146019197142E+01    0.228193816252730812E+02
    0.102585639953833999E-14    0.160103961030608843E+04    0.147792549197134531E+04    0.274634853656642353E+01    0.147033009352808790E+02
    0.136294041526655565E-14    0.160045137698529356E+04    0.148729439360065066E+04    0.266918072046698418E+01    0.166027862106882651E+02
    0.172297989273011651E-14    0.159996255528194934E+04    0.147922363727757966E+04    0.265322759941238973E+01    0.238069831951290212E+02
    0.180532594324522865E-14    0.159984918355015179E+04    0.148363902875047847E+04    0.263453169989130309E+01    0.217833202721998873E+02
    0.320791432510563923E-14    0.159867942389104792E+04    0.147296160458772556E+04    0.281909462533442934E+01    0.205800654742085669E+02
    0.328210118931715373E-14    0.159861369820947857E+04    0.148076933399470772E+04    0.276920605771807393E+01    0.268739467228752176E+02
    0.421689624140972465E-14    0.159809246711781452E+04    0.149277184500365888E+04    0.267827507757156358E+01    0.196694356671956143E+02
    0.476682902584505972E-14    0.159782730323829992E+04    0.148447583443880126E+04    0.279627161391379442E+01    0.176528090128922770E+02
    0.511511420446831528E-14    0.159766626640403024E+04    0.147185491140857812E+04    0.271278498868550511E+01    0.191889404344979937E+02
    0.615820111134159716E-14    0.159727509644203246E+04    0.147993658528006608E+04    0.286048914112609864E+01    0.209216268379982466E+02
    0.120888304773447048E-13    0.159590610200659421E+04    0.148957411177924928E+04    0.272532914059292297E+01    0.236782037328517276E+02
    0.151455356063989205E-13    0.159543525423890082E+04    0.148700427602375044E+04    0.267929984379425745E+01    0.165149798619519004E+02
    0.216207016626193465E-13    0.159470336332503803E+04    0.149161560811683353E+04    0.268003437439378711E+01    0.230623418374733973E+02
    0.240122521853791779E-13    0.159447353744145266E+04    0.147976381597907061E+04    0.264124539984018014E+01    0.209996154384109133E+02
    0.242342023506744638E-13    0.159443513594578462E+04    0.149024252885887836E+04    0.272440059726041506E+01    0.195991895060870149E+02
    0.272302014452795237E-13    0.159418201244791680E+04    0.148000121608117206E+04    0.273116580686590815E+01    0.148828863957341184E+02
    0.421435129820994360E-13    0.159328850431816636E+04    0.148042683606805554E+04    0.268728310770007361E+01    0.158375643574801330E+02
    0.450938604562467159E-13    0.159313317364616478E+04    0.147666604283277206E+04    0.265440847064658669E+01    0.219443133640689183E+02
    0.457391733892951511E-13    0.159308475562409217E+04    0.147494540146756162E+04    0.266377952750201485E+01    0.217531674845013185E+02
    0.707987167994103637E-13    0.159219098410460083E+04    0.147246553743653794E+04    0.272556232370280505E+01    0.185020144699734317E+02
    0.985435452865131209E-13    0.159150966878783811E+04    0.147218853060880156E+04    0.275181923700032138E+01    0.220725760457595612E+02
    0.111032912500202968E-12    0.159125101252432137E+04    0.147283589664146621E+04    0.278624315582147464E+01    0.188775119019756374E+02
    0.121606945484567959E-12    0.159104907768632211E+04    0.147614174134281666E+04    0.278433536753028399E+01    0.255139128802545372E+02
    0.129875257899270622E-12    0.159089751698673263E+04    0.147804271151123794E+04    0.264995102789319015E+01    0.196861537979711443E+02
    0.145513720220699643E-12    0.159065012509863664E+04    0.147431494442508711E+04    0.280218229554705411E+01    0.238287846382450965E+02
    0.159423454771511481E-12    0.159044753805777964E+04    0.147968375225328509E+04    0.270370379138856443E+01    0.259566509140542365E+02
    0.158212709371001839E-12    0.159044278507812578E+04    0.149080135577998726E+04    0.265958169182201942E+01    0.195518309412562132E+02
    0.189430645861662099E-12    0.159006261991179781E+04    0.148049075869099670E+04    0.281470140190057094E+01    0.165307909431331694E+02
    0.243630439169903166E-12    0.158953936088992555E+04    0.148831858242449880E+04    0.274838303153443109E+01    0.223521700753038743E+02
    0.451715316346660699E-12    0.158828456155643971E+04    0.147242126264380249E+04    0.273008197793630325E+01    0.221455167699417359E+02
    0.447935166134322774E-12    0.158828136885008325E+04    0.147816118926928038E+04    0.284146612545385002E+01    0.238355133846219331E+02
    0.512463725274513749E-12    0.158799220599995670E+04    0.147381536068153855E+04    0.277993250092982169E+01    0.237104020217212508E+02
    0.538253960037903489E-12    0.158787400487013974E+04    0.147390903148038024E+04    0.275747896299229733E+01    0.171707654388365114E+02
    0.548915674790733276E-12    0.158781477619330531E+04    0.147338572038443021E+04    0.271787552352288575E+01    0.179526744301763017E+02
    0.551393154002947852E-12    0.158778576969136998E+04    0.149162743621835807E+04    0.267166250278663497E+01    0.208811964505013918E+02
    0.641948898213886611E-12    0.158746164845161911E+04    0.147626306762211698E+04    0.273488708498997246E+01    0.254761776067201140E+02
    0.110944210125852134E-11    0.158634744074411537E+04    0.148550698832518856E+04    0.277208271738283063E+01    0.179319729324254524E+02
    0.120898938547987079E-11    0.158615558571508791E+04    0.148228751413175041E+04    0.280640948963297321E+01    0.173498794982840110E+02
    0.138363557725658892E-11    0.158586572627651867E+04    0.148249765895081623E+04    0.265992172505030666E+01    0.237692941150914834E+02
    0.183608867863929394E-11    0.158527988011721436E+04    0.148862385813349306E+04    0.273829398881659092E+01    0.223187841758944074E+02
    0.211497126326626868E-11    0.158497707284850753E+04    0.147497798455108295E+04    0.282394655517545212E+01    0.229215030024242594E+02
    0.262230984068013087E-11    0.158452704420319151E+04    0.148382778893246905E+04    0.276826418696390331E+01    0.253391691322537582E+02
    0.304903793863342699E-11    0.158420550307729400E+04    0.147441703324805781E+04    0.281379348382755312E+01    0.185777420821793271E+02
    0.465310256519751948E-11    0.158334008686824291E+04    0.147583940025972151E+04    0.284204434850215115E+01    0.220243921549667050E+02
    0.609359313487107086E-11    0.158278067947217755E+04    0.148635091727889858E+04    0.274628981757708690E+01    0.174707869188523972E+02
    0.715091561163307340E-11    0.158244067448694659E+04    0.148826880857664833E+04    0.265731669423847672E+01    0.221781852751219191E+02
    0.874177139002970796E-11    0.158201892960843088E+04    0.147490192249580537E+04    0.281474837209816942E+01    0.230631881960556200E+02
    0.133979142921969402E-10    0.158114495720909099E+04    0.148643365146228894E+04    0.266610149235737781E+01    0.235450498570548632E+02
    0.144182387556371049E-10    0.158097816732830643E+04    0.147354800197550617E+04    0.274919839605322336E+01    0.181036273060365573E+02
    0.144791922674498051E-10    0.158094973009356909E+04    0.148839833691995000E+04    0.271916106882666009E+01    0.183302994187840369E+02
    0.165534482584437229E-10    0.158066196643089324E+04    0.149022241084540065E+04    0.270446431945491206E+01    0.208865558353062681E+02
    0.194240789887576736E-10    0.158032212833625613E+04    0.147470927199789776E+04    0.270135805201925372E+01    0.232717499279474680E+02
    0.229627181417521864E-10    0.157996741139828487E+04    0.149006760026744473E+04    0.269967260817827004E+01    0.220499459195465022E+02
    0.237588721397337489E-10    0.157987924325010044E+04    0.148585830075471335E+04    0.274162319719629499E+01    0.171465742128314389E+02
    0.262759598645048198E-10    0.157965784640396168E+04    0.148752024968671844E+04    0.268576227607717177E+01    0.240569536475419739E+02
    0.362609626195092027E-10    0.157899367179375963E+04    0.148071879723094844E+04    0.266118616745160619E+01    0.229719430581129131E+02
    0.394954572117875635E-10    0.157880278398310975E+04    0.147565703229926885E+04    0.270229490542390449E+01    0.238625638932128226E+02
    0.607316161119841465E-10    0.157792222645713764E+04    0.148226472716985040E+04    0.270856929128625712E+01    0.160767428723057861E+02
    0.658336275280448581E-10    0.157774089377021619E+04    0.148068036564386648E+04    0.265374580788405900E+01    0.202825978262768842E+02
    0.827489350083904784E-10    0.157726353301073300E+04    0.148602268041831530E+04    0.270652206624684721E+01    0.247962174474038761E+02
    0.850214090464749746E-10    0.157718934910728103E+04    0.147394688278289868E+04    0.275050350437616009E+01    0.180240249200284097E+02
    0.970782965779319923E-10    0.157690411963085603E+04    0.147899507938865554E+04    0.271408766652866307E+01    0.161373966155855726E+02
    0.126524586585953230E-09    0.157635428199981243E+04    0.148581836774063368E+04    0.276090541334142214E+01    0.185290427652749372E+02
    0.128547973147857007E-09    0.157630255096599467E+04    0.148931357299049387E+04    0.269236423784413059E+01    0.192447315685857916E+02
    0.137697975343878549E-09    0.157614502989462017E+04    0.148669259031934416E+04    0.265766132716869485E+01    0.216467428117959315E+02
    0.140697209100788469E-09    0.157608193504288647E+04    0.147438615681985721E+04    0.269432671873892904E+01    0.218616765453796233E+02
    0.172098069927250928E-09    0.157565902632245979E+04    0.147554807230620509E+04    0.275145636446093267E+01    0.168812528030256317E+02
    0.174419411261740089E-09    0.157561222968232823E+04    0.148943457653848145E+04    0.270827544378651730E+01    0.215569163262392181E+02
    0.198344784918260209E-09    0.157533514159051447E+04    0.147791801161941999E+04    0.280492288075708540E+01    0.246406382676812967E+02
    0.200233753628828729E-09    0.157529618439467436E+04    0.148651782239962176E+04    0.265787861353951715E+01    0.215370027058373665E+02
    0.207876330755550078E-09    0.157520126862069719E+04    0.147486355202856271E+04    0.273930211365196685E+01    0.239097392253598002E+02
    0.206571692055720913E-09    0.157519386024075447E+04    0.148167599966248576E+04    0.282267787808122961E+01    0.202816706504479214E+02
    0.249432928961591228E-09    0.157479677518459266E+04    0.148215466610413068E+04    0.269931273747609435E+01    0.164875036892374141E+02
    0.458644688245960240E-09    0.157355860367788591E+04    0.147769434832534080E+04    0.284198328431241354E+01    0.202937359756789846E+02
    0.499897392815071355E-09    0.157336634957311708E+04    0.148805936983877086E+04    0.268937722878971286E+01    0.185772315308279019E+02
    0.605893989202592258E-09    0.157296174522818887E+04    0.147511700599440428E+04    0.279088787198633614E+01    0.233913745476874340E+02
    0.651684918073994383E-09    0.157279603291783542E+04    0.147341926343435716E+04    0.272914989780255013E+01    0.197471561569469571E+02
    0.797481778181805097E-09    0.157237223732765688E+04    0.147338198704402430E+04    0.274127328748724608E+01    0.196969853803328476E+02
    0.900423832044935520E-09    0.157210942414516603E+04    0.148931329192511430E+04    0.269834534769935219E+01    0.206051365007113674E+02
    0.947758216771096936E-09    0.157198695645085263E+04    0.148243782093518166E+04    0.267964554397966781E+01    0.175240950563821656E+02
    0.940830831298754132E-09    0.157198162860316143E+04    0.147783283429974176E+04    0.270133450243357220E+01    0.243254374785777401E+02
    0.115415839596018470E-08    0.157155290190740971E+04    0.147803706242348926E+04    0.267522190823975592E+01    0.226860284067757334E+02
    0.120508632661803299E-08    0.157144654233169194E+04    0.147998527071668968E+04    0.277591491208734853E+01    0.163258331877645020E+02
    0.123195741265268074E-08    0.157138243614741532E+04    0.147416104418490113E+04    0.272082728620537129E+01    0.224543771310513165E+02
    0.137564579401861626E-08    0.157114179816266687E+04    0.148412827722699467E+04    0.267323340664321751E+01    0.234521285618984621E+02
    0.144029001392403175E-08    0.157102995575740238E+04    0.148803966920449125E+04    0.272879360003005456E+01    0.204177150465375377E+02
    0.150735457322880260E-08    0.157091893238888065E+04    0.147634004432843722E+04    0.282606710214682666E+01    0.191787648378413280E+02
    0.164435918743068128E-08    0.157072494322792181E+04    0.147605773398142901E+04    0.274245868233028922E+01    0.169923174823817220E+02
    0.176923367162435288E-08    0.157055855174323960E+04    0.148835702759987771E+04    0.270132018041639688E+01    0.191685692867987143E+02
    0.177575872621161971E-08    0.157053118917517304E+04    0.147683008606593239E+04    0.278290850543700374E+01    0.169249881904662232E+02
    0.198072239833914758E-08    0.157029272148951532E+04    0.147825438629145674E+04    0.278218362556858434E+01    0.165645435562042280E+02
    0.215773850500339092E-08    0.157010152337154591E+04    0.147843231576918470E+04    0.283389618978366187E+01    0.194493613030074926E+02
    0.234299682024399571E-08    0.156991678313634975E+04    0.147690054803964699E+04    0.275460834637242424E+01    0.247810792823257628E+02
    0.250488007434163057E-08    0.156976316302338591E+04    0.147556098894714796E+04    0.269635126225268973E+01    0.225503273233930344E+02
    0.273503856222160725E-08    0.156956735367052465E+04    0.148203062105590675E+04    0.281276279701304199E+01    0.203156990654947265E+02
    0.282872587259739388E-08    0.156947999196398314E+04    0.147767421783336249E+04    0.271457601476208987E+01    0.168985977862408134E+02
    0.285446830714417267E-08    0.156944187355395707E+04    0.148702976752955874E+04    0.266852730412523753E+01    0.217464831674138992E+02
    0.317856549921810290E-08    0.156920678475285763E+04    0.148683900026173956E+04    0.270150267550584822E+01    0.181035933430745644E+02
    0.478252058968204510E-08    0.156836970928606661E+04    0.148183881870121559E+04    0.275373335364995864E+01    0.164534715679940433E+02
    0.490159657412948076E-08    0.156830052277413870E+04    0.147967004457015196E+04    0.282614388702258257E+01    0.192696862800184334E+02
    0.522077231897765931E-08    0.156815435405158360E+04    0.148589815083884241E+04    0.271195849033949354E+01    0.176470876604949893E+02
    0.566450193371862865E-08    0.156797120679972613E+04    0.147706775872450703E+04    0.269136989422299155E+01    0.182581687634676797E+02
    0.585758658606008430E-08    0.156788416939438866E+04    0.148629693928588563E+04    0.266995817887747267E+01    0.195632911662220010E+02
    0.616666558984748296E-08    0.156776132820354519E+04    0.148092537199628032E+04    0.278088751874002149E+01    0.168776045325386974E+02
    0.626170174785388170E-08    0.156771074075539082E+04    0.147447721864228879E+04    0.279173380495706480E+01    0.197484690908066938E+02
    0.738209003831540146E-08    0.156736153113805540E+04    0.148749812737777802E+04    0.271835837910755407E+01    0.191131694047040384E+02
    0.980595295738793153E-08    0.156677366544936262E+04    0.147414603634712148E+04    0.273023123179329552E+01    0.219922697476899742E+02
    0.973203918036479027E-08    0.156676879783944969E+04    0.147755844654964494E+04    0.270861296947218788E+01    0.241011127450837535E+02
    0.113350051315820042E-07    0.156644385326778001E+04    0.147833013381485694E+04    0.269761487138422895E+01    0.238989219587963078E+02
    0.112722189402316879E-07    0.156643496234558256E+04    0.147379044625742335E+04    0.274312204092034628E+01    0.211676034450310624E+02
    0.129297509690634491E-07    0.156614058287580883E+04    0.148268766699210482E+04    0.274521686674958332E+01    0.249892456198218298E+02
    0.132329970018864408E-07    0.156607421777468403E+04    0.147818908685857673E+04    0.271031288683554328E+01    0.243301529262557068E+02
    0.149898440898011928E-07    0.156580489891891239E+04    0.147958352986478553E+04    0.282608628991366562E+01    0.218959284098720275E+02
    0.226878673428002011E-07    0.156495598413451444E+04    0.147876856126725852E+04    0.267271135464268061E+01    0.215864061110232655E+02
    0.241525599820104727E-07    0.156481086398538582E+04    0.147782100010763725E+04    0.275163709928349487E+01    0.247663978425307647E+02
    0.278065071908656435E-07    0.156450910461129888E+04    0.147722884859689884E+04    0.281072656069740789E+01    0.183044640660406941E+02
    0.282868826913090791E-07    0.156445484836502965E+04    0.148707490250702381E+04    0.268642450407573463E+01    0.192682835512685671E+02
    0.282545471764925975E-07    0.156443713592786048E+04    0.148690941884378935E+04    0.268528129495956103E+01    0.225312279016137325E+02
    0.447352296055046391E-07    0.156349812209002675E+04    0.147427339429503490E+04    0.277252983260490860E+01    0.211096533308172951E+02
    0.533495250390870719E-07    0.156312591459119267E+04    0.148733673180126289E+04    0.268917163737725629E+01    0.221272429375085835E+02
    0.609268192695302567E-07    0.156284029782139851E+04    0.148555160300984630E+04    0.268295227940850456E+01    0.188293300788852775E+02
    0.663339436051331575E-07    0.156265024126895605E+04    0.147519016489530532E+04    0.272258941421498513E+01    0.226309937746999026E+02
    0.672463260993532293E-07    0.156260291996814544E+04    0.148248149860909598E+04    0.277416409051089330E+01    0.177128578008741329E+02
    0.675301523082315758E-07    0.156257449634313889E+04    0.148159147233804651E+04    0.280922344390582834E+01    0.211052153683940276E+02
    0.835099715864714633E-07    0.156212971265129090E+04    0.148239349167240766E+04    0.274453737574772783E+01    0.169254744114342088E+02
    0.979673733002805743E-07    0.156179037574567633E+04    0.148111541882290248E+04    0.269586051598053933E+01    0.175555309518590690E+02
    0.113329114034738553E-06    0.156147905254285115E+04    0.147878570801469482E+04    0.281871222418149614E+01    0.191350113958622501E+02
    0.113043638788192732E-06    0.156146409688488120E+04    0.147514662153069503E+04    0.279625334732360376E+01    0.211256709811019903E+02
    0.128510240258232686E-06    0.156118762755736748E+04    0.148346294677826222E+04    0.267347244546262042E+01    0.193749705865517257E+02
    0.173641792859681823E-06    0.156056565571007536E+04    0.147920953804661508E+04    0.269136388038003727E+01    0.181841603651199648E+02
    0.176772066483218047E-06    0.156050992245570569E+04    0.148268936345162092E+04    0.267253220623908216E+01    0.219799339992120082E+02
    0.204408494436576615E-06    0.156019940391038904E+04    0.147441434471701632E+04    0.276343026393252567E+01    0.203839622978977815E+02
    0.205393659606373840E-06    0.156016978788413917E+04    0.148342908799663473E+04    0.267330216980537738E+01    0.196098106727423271E+02
    0.212478959709778315E-06    0.156008195880047515E+04    0.148018897632412472E+04    0.277394833180956635E+01    0.171171605526639183E+02
    0.224282275803907364E-06    0.155995383390442112E+04    0.147831996121133579E+04    0.271272335720331892E+01    0.239694038046272198E+02
    0.272622531540009164E-06    0.155954346840100811E+04    0.147722721668955501E+04    0.269051547669348778E+01    0.194117294141326795E+02
    0.272747228865885949E-06    0.155952255381177270E+04    0.148468625454982612E+04    0.267391532344760874E+01    0.201815037041255891E+02
    0.289770999655293227E-06    0.155938146283178548E+04    0.147815715977214063E+04    0.270776719597673621E+01    0.177672978748892376E+02
    0.290388271285860884E-06    0.155935720695313694E+04    0.147735428434842925E+04    0.273075150068511707E+01    0.174214435071781395E+02
    0.294420103040201469E-06    0.155930962940252539E+04    0.147717378951442220E+04    0.281148015918403260E+01    0.223627808404075523E+02
    0.294786154638242852E-06    0.155928714435325537E+04    0.148637454063360360E+04    0.270579545450677195E+01    0.189852973087572394E+02
    0.333440057277758298E-06    0.155902071851933238E+04    0.148554958191732294E+04    0.274899306306638591E+01    0.198908205101609781E+02
    0.332207883453332330E-06    0.155900812288525253E+04    0.148261624591385248E+04    0.279334496285835332E+01    0.212792473340598747E+02
    0.419805849085342568E-06    0.155852006006050306E+04    0.147742332267225402E+04    0.269385120485004625E+01    0.223391109808169119E+02
    0.443365802919802075E-06    0.155839085440206986E+04    0.148719979771463886E+04    0.270911240567306866E+01    0.212913920870623485E+02
    0.451394786812726542E-06    0.155833496011036664E+04    0.148453956058115955E+04    0.272687074456393796E+01    0.179293777980415285E+02
    0.475084410383275738E-06    0.155821265975250526E+04    0.147638812052154867E+04    0.278924829537762697E+01    0.229582121347207107E+02
    0.479835228601143136E-06    0.155817275919869417E+04    0.148025029023084107E+04    0.268636647906775483E+01    0.185803806420249629E+02
    0.544017800716048180E-06    0.155790168080468879E+04    0.147823781551341972E+04    0.268247919471384799E+01    0.202879414826853122E+02
    0.565194473607612382E-06    0.155780530499514248E+04    0.148139047394799559E+04    0.268659011910451806E+01    0.230685744701189464E+02
    0.729043320527793583E-06    0.155727617843146800E+04    0.148312812064477043E+04    0.272330093247849492E+01    0.174583483616655570E+02
    0.740555914585216767E-06    0.155722484246096337E+04    0.147536686519160367E+04    0.273448592708064098E+01    0.224256760712976586E+02
    0.763970365938257315E-06    0.155714258674038820E+04    0.147609126951845360E+04    0.278332734941711468E+01    0.186196063773913778E+02
    0.116256832380221481E-05    0.155628287092334358E+04    0.147887222863251463E+04    0.275192162692908182E+01    0.171218327076924339E+02
    0.123461204753572079E-05    0.155614262060481406E+04    0.148580781682650240E+04    0.269067233610448975E+01    0.221057030697258341E+02
    0.138298630998110421E-05    0.155589564387547625E+04    0.147700860020921891E+04    0.269368369638186955E+01    0.202715855795509725E+02
    0.167274321558131855E-05    0.155549520433752423E+04    0.147690245880456450E+04    0.279967977458237094E+01    0.190142916486179843E+02
    0.193995761753869596E-05    0.155517880193076053E+04    0.148026232928044442E+04    0.279951572910287361E+01    0.188413206963403184E+02
    0.192881955829200240E-05    0.155517031780723823E+04    0.147829894515061687E+04    0.281201767445273987E+01    0.195631671195726398E+02
    0.197937621332099632E-05    0.155509857068058977E+04    0.147801950304107345E+04    0.270175166830128877E+01    0.228597097544998036E+02
    0.201878697808030977E-05    0.155503914053290191E+04    0.147789241052820989E+04    0.274684360132898409E+01    0.240413281134216845E+02
    0.201850482377362277E-05    0.155501942008099604E+04    0.147483215534259034E+04    0.275103936059079857E+01    0.205851342114322478E+02
    0.210643305298359743E-05    0.155491414214163342E+04    0.147751336657457091E+04    0.274671393079613679E+01    0.175717209272304018E+02
    0.245291400087624353E-05    0.155458958077135912E+04    0.148442633226968792E+04    0.272100599188050429E+01    0.235068727806458213E+02
    0.263216081280334904E-05    0.155442852396180251E+04    0.147731688690623469E+04    0.280393387199380895E+01    0.192443036697192298E+02
    0.265752061465032733E-05    0.155438934700644859E+04    0.147960789841867768E+04    0.280426826736960511E+01    0.225433636148155188E+02
    0.353889033558962884E-05    0.155379650775620917E+04    0.147629423823174511E+04    0.271732743437720625E+01    0.190575289101322198E+02
    0.383135382674063658E-05    0.155361769774257436E+04    0.147951873020586913E+04    0.274071847068623775E+01    0.172702375170338485E+02
    0.404540692250202432E-05    0.155348896989449713E+04    0.147802336745881871E+04    0.279131442113581452E+01    0.183237028072016841E+02
    0.408169829042682982E-05    0.155345110788424927E+04    0.147921698748149129E+04    0.271032989726270657E+01    0.179268734002077395E+02
    0.448252160662700819E-05    0.155324376268976766E+04    0.148110185000572005E+04    0.279467554002007290E+01    0.193294350952998570E+02
    0.454222862048339954E-05    0.155319729862881991E+04    0.148303261961766748E+04    0.272731268810867977E+01    0.177794500188565650E+02
    0.482027098481570038E-05    0.155305847388837810E+04    0.147520471933349381E+04    0.273252084764905057E+01    0.207298670305479931E+02
    0.490042382598851799E-05    0.155300549079022312E+04    0.148434639511339128E+04    0.272995751164583922E+01    0.184353746035869932E+02
    0.486968577492029325E-05    0.155299807535835612E+04    0.147693359476510705E+04    0.270414789340505290E+01    0.195116401083122497E+02
    0.536067061927022598E-05    0.155278595601759071E+04    0.148508194676505354E+04    0.270573668395672584E+01    0.190058474676858964E+02
    0.542405176367723494E-05    0.155274244799508779E+04    0.147761727247354611E+04    0.280839754383492179E+01    0.200069956860219094E+02
    0.635408755747016463E-05    0.155240593755187433E+04    0.148452369404758201E+04    0.270947593866354097E+01    0.186489227248387408E+02
    0.634386882199539312E-05    0.155238915656991958E+04    0.147915484024281568E+04    0.271096080725603716E+01    0.180208244442587642E+02
    0.701398085970578704E-05    0.155216832333748607E+04    0.148383959753172485E+04    0.275436116464094560E+01    0.228028745715852068E+02
    0.756255598817451868E-05    0.155199771572972554E+04    0.147819233718494706E+04    0.278459894504781147E+01    0.233431273899322065E+02
    0.841939107696423906E-05    0.155176305916919705E+04    0.147857715896998593E+04    0.272983744641262094E+01    0.237918433599254797E+02
    0.964810471520076741E-05    0.155147061119619161E+04    0.147982845164276546E+04    0.268906278882550831E+01    0.220157059369169019E+02
    0.103717729847331720E-04    0.155130595822293776E+04    0.148206254704807066E+04    0.268144948099579938E+01    0.207918212302506475E+02
    0.121241851174181268E-04    0.155097372972766630E+04    0.148316058027281019E+04    0.276511944345016492E+01    0.226001128309505361E+02
    0.123412103346799855E-04    0.155091824599138590E+04    0.148018939884995780E+04    0.272441207823799347E+01    0.176356134248075875E+02
    0.122882506591539792E-04    0.155090684703339184E+04    0.147827839415508515E+04    0.276650890148378803E+01    0.178137792790104044E+02
    0.142351844162271081E-04    0.155059270083162937E+04    0.148558402810684834E+04    0.272769745659170715E+01    0.203190642393479521E+02
    0.141793295839779556E-04    0.155058056370117401E+04    0.148428934714522165E+04    0.268680818288415990E+01    0.209910320719026231E+02
    0.155462259354160364E-04    0.155037649837507524E+04    0.147744184598349170E+04    0.270011387794994073E+01    0.201604201260446416E+02
    0.157001824188225795E-04    0.155033678952053447E+04    0.147999540432622643E+04    0.272286421872936701E+01    0.238137760696157841E+02
    0.165079127276571460E-04    0.155021645453276119E+04    0.147919626747472125E+04    0.280026400711002132E+01    0.193198044443135331E+02
    0.167638394487434360E-04    0.155016568587743041E+04    0.147966099983846289E+04    0.276093305469631689E+01    0.176540957810654930E+02
    0.167455874900839752E-04    0.155014786460289747E+04    0.148211233790316737E+04    0.268750696105988673E+01    0.219978117021621529E+02
    0.194724527083457583E-04    0.154982613261283268E+04    0.148066303980880866E+04    0.279889941758701832E+01    0.207755401509163846E+02
    0.196300003317598001E-04    0.154979001613279661E+04    0.148204273065397979E+04    0.269302605964674191E+01    0.225177207189592536E+02
    0.195183242238003261E-04    0.154978142672695640E+04    0.147636692169399430E+04    0.276431277440474865E+01    0.188732689007203618E+02
    0.193690054093175594E-04    0.154977678592490042E+04    0.148578727865122528E+04    0.271506630659422799E+01    0.207650750728333549E+02
    0.191965783591829982E-04    0.154977467007778841E+04    0.148316019294238822E+04    0.276161198557604237E+01    0.191206489008374660E+02
    0.201441791667265419E-04    0.154965830344005508E+04    0.147757818961013072E+04    0.274219251043791123E+01    0.180686914415106372E+02
    0.203724814862109080E-04    0.154961576409627833E+04    0.148132602192410354E+04    0.272293667418005914E+01    0.238026336498572135E+02
    0.276171153420404740E-04    0.154898726277994274E+04    0.148136146900039171E+04    0.274342434802223689E+01    0.177618813282481369E+02
    0.289503704217422863E-04    0.154887296818485174E+04    0.147921266063072608E+04    0.270238573687960271E+01    0.226182479590792695E+02
    0.309532453711871476E-04    0.154871917847886834E+04    0.148239306080793358E+04    0.277183054388568095E+01    0.192630965155872786E+02
    0.334691736793174633E-04    0.154854288453013373E+04    0.148140518794146055E+04    0.279000279325389888E+01    0.212666799674974953E+02
    0.341140430067830296E-04    0.154848471594738203E+04    0.147807543631105591E+04    0.273195980604493149E+01    0.181304125525833655E+02
    0.348727847778588552E-04    0.154842072074475527E+04    0.148181899021078652E+04    0.269673812369385146E+01    0.226067055117502775E+02
    0.348967119397375363E-04    0.154839934896115687E+04    0.148309141736534457E+04    0.271742578312947503E+01    0.232876945668185584E+02
    0.367120615047471607E-04    0.154827792347833065E+04    0.148024416037941091E+04    0.268884242515763727E+01    0.212269225798976890E+02
    0.369042453616282498E-04    0.154824748099341605E+04    0.148267871519635992E+04    0.277247639076395291E+01    0.219133289995588854E+02
    0.386275555169650171E-04    0.154813620239261309E+04    0.147765721482297067E+04    0.277071304778187333E+01    0.183807046368325899E+02
    0.426718815154956613E-04    0.154791705380157009E+04    0.147730416540552505E+04    0.279141893876638836E+01    0.195305487499676929E+02
    0.443710084678161353E-04    0.154781896159571693E+04    0.148296045336168345E+04    0.271763332895887721E+01    0.232613461498319793E+02
    0.456660360665691237E-04    0.154774142452656770E+04    0.148279993036467840E+04    0.277220759336530520E+01    0.214776215173454403E+02
    0.464946406030956067E-04    0.154768546008296767E+04    0.148483755157803444E+04    0.270413925839710112E+01    0.218048888654415123E+02
    0.507684743084073481E-04    0.154748958302825054E+04    0.148073288752135772E+04    0.272201703193191547E+01    0.179962613913472893E+02
    0.532001332416190038E-04    0.154737601238140223E+04    0.147884420795832443E+04    0.271761905327289055E+01    0.230985525475850864E+02
    0.711586913287104227E-04    0.154677430923901056E+04    0.148501277932786115E+04    0.271530061499614650E+01    0.216976155191937323E+02
    0.811446356987579915E-04    0.154649166780667792E+04    0.148108996445164985E+04    0.271730445172239765E+01    0.182257172028859742E+02
    0.944134109532973576E-04    0.154616876792668586E+04    0.148489044163318772E+04    0.272426936361093341E+01    0.216121756206077720E+02
    0.960030082000334483E-04    0.154611537513038684E+04    0.147988941550987010E+04    0.272831755281460575E+01    0.180412098509182357E+02
    0.107574784099563446E-03    0.154586776163968125E+04    0.147898914935244102E+04    0.270095121650257219E+01    0.196419925451688471E+02
    0.109638224945875413E-03    0.154580976202024885E+04    0.148416466322669567E+04    0.273701041991752447E+01    0.196016224077682608E+02
    0.109945096754537886E-03    0.154578417194162057E+04    0.148016461141083823E+04    0.269247149992954338E+01    0.208378198819887643E+02
    0.113040077959398189E-03    0.154570864932709856E+04    0.147674671097008445E+04    0.278413267997038760E+01    0.210475961695899514E+02
    0.117486024740620515E-03    0.154561149540690894E+04    0.147780735620926089E+04    0.277800254282398207E+01    0.188706545541983246E+02
    0.130019643129117442E-03    0.154538876310310616E+04    0.147939599646625993E+04    0.278720533930492076E+01    0.191288351951867384E+02
    0.133982990488889820E-03    0.154530870847268716E+04    0.147891137724530790E+04    0.279817546852268650E+01    0.209529654865305162E+02
    0.152597898604557060E-03    0.154502852148688817E+04    0.148126486493589823E+04    0.270254794773525875E+01    0.224936988895273942E+02
    0.163335892800014359E-03    0.154487251663813868E+04    0.147637056008363379E+04    0.273686399764041921E+01    0.199300029363589601E+02
    0.167499402058499060E-03    0.154480217462025712E+04    0.148278473653558899E+04    0.276600211347797842E+01    0.215084150279076312E+02
    0.168640414187633367E-03    0.154476859674038224E+04    0.148177304235386100E+04    0.277947288514448410E+01    0.211691750335368170E+02
    0.182371230700708123E-03    0.154459204550561753E+04    0.147806647784247684E+04    0.279493218348216921E+01    0.209876305895421780E+02
    0.182939619675499680E-03    0.154456582188063771E+04    0.148303524708877967E+04    0.270956485504605693E+01    0.190988781679055251E+02
    0.185362443855931371E-03    0.154451950805434831E+04    0.147852138017997731E+04    0.275735791291544352E+01    0.183020398040676611E+02
    0.187364378944531790E-03    0.154447802364037852E+04    0.148082524825550263E+04    0.278804392096028142E+01    0.209089233670312353E+02
    0.197271698064895360E-03    0.154435497027009478E+04    0.148251846478923449E+04    0.274069590670986685E+01    0.186185097992337205E+02
    0.210091821106915186E-03    0.154420904482613332E+04    0.147641486787062286E+04    0.276166612137684542E+01    0.199158443217259276E+02
    0.216147218098662369E-03    0.154413221470158351E+04    0.147638044391925200E+04    0.274246436309899799E+01    0.199581208427375572E+02
    0.218226125799140332E-03    0.154409307058417494E+04    0.148306534093482423E+04    0.272348228896479716E+01    0.228308934352055246E+02
    0.225517529235811943E-03    0.154400733840139083E+04    0.147872685738680957E+04    0.279206045939251712E+01    0.217129223160805225E+02
    0.233839571529613737E-03    0.154391486360621775E+04    0.147835385163571300E+04    0.274806632854461830E+01    0.231231223033653350E+02
    0.235310789215934435E-03    0.154388231988776761E+04    0.148098836552045168E+04    0.276982256712523123E+01    0.228032337600164112E+02
    0.254353071610481077E-03    0.154370668748815478E+04    0.148431412562080050E+04    0.273254838222282626E+01    0.214829207503247375E+02
    0.259357821040220394E-03    0.154364771686985978E+04    0.147641495424259665E+04    0.273743214667574097E+01    0.210425611352771824E+02
    0.271128089424649960E-03    0.154353895145534034E+04    0.148161745010443360E+04    0.269500957579076994E+01    0.211703678734129710E+02
    0.271007112622081991E-03    0.154351984405042822E+04    0.147881018824324678E+04    0.274006169687779844E+01    0.183329325202866329E+02
    0.277079544270599247E-03    0.154345552492638353E+04    0.148400126397076292E+04    0.273105296519998397E+01    0.220126425048048304E+02
    0.294473298599261214E-03    0.154331375751900350E+04    0.148017260549506318E+04    0.269688008903733056E+01    0.206475755412528770E+02
    0.291646087206131428E-03    0.154331305210907522E+04    0.148442532767483885E+04    0.272446728128147964E+01    0.214011625998346204E+02
    0.291941419516023688E-03    0.154329102785508258E+04    0.147929753151229352E+04    0.279208324078812087E+01    0.201800176138079195E+02
    0.289684313740399559E-03    0.154328655066968395E+04    0.148077660211529769E+04    0.275372678042417984E+01    0.232735403178702143E+02
    0.298624420279510676E-03    0.154320576085448488E+04    0.147883652317098131E+04    0.276721534303244221E+01    0.229775647160969925E+02
    0.325467351881554513E-03    0.154301360987281669E+04    0.148091852283792969E+04    0.269641828028775432E+01    0.203912326496110410E+02
    0.326751731859053194E-03    0.154298573287767954E+04    0.148069406976702385E+04    0.272645773824296045E+01    0.183938818220477458E+02
    0.343063424527406615E-03    0.154286830350071341E+04    0.148159486357828678E+04    0.273164115927519013E+01    0.231817416926648292E+02
    0.351904687236042864E-03    0.154279741345510593E+04    0.148409362372255487E+04    0.270995777341452104E+01    0.203162315111938625E+02
    0.375256140877340202E-03    0.154264891651288917E+04    0.147816355358134979E+04    0.275686188215769112E+01    0.228618113504356302E+02
    0.388184900773447066E-03    0.154256117063418401E+04    0.148222336719269720E+04    0.273741267081381423E+01    0.186869391474648410E+02
    0.398199048937315477E-03    0.154249023017672926E+04    0.147705673412157353E+04    0.274378233735969390E+01    0.193584836004158802E+02
    0.394974435032385146E-03    0.154248649210043550E+04    0.148374816620139632E+04    0.271168703983384685E+01    0.218163966444838735E+02
    0.394787090788585484E-03    0.154246744096533303E+04    0.148400802045176147E+04    0.273839960465829346E+01    0.207601348403131851E+02
    0.393937065393744476E-03    0.154245175185510243E+04    0.147844258431643607E+04    0.279133901771453541E+01    0.207623951354653684E+02
    0.391474611929329907E-03    0.154244429285292017E+04    0.148317831023418648E+04    0.274031856472509050E+01    0.193462146089493388E+02
    0.396142231058528257E-03    0.154240058755095788E+04    0.148019242599856943E+04    0.277722172103791642E+01    0.224456643352604885E+02
    0.396539812938502979E-03    0.154237858128922244E+04    0.147840821395892090E+04    0.278061777754894557E+01    0.193151592801991399E+02
    0.406616873229020883E-03    0.154230839138580859E+04    0.148301990800541671E+04    0.270171304242260302E+01    0.202077994035463320E+02
    0.410374109556503055E-03    0.154226999577119341E+04    0.148088054991517015E+04    0.271254191723045412E+01    0.189258076100278032E+02
    0.412529659527343295E-03    0.154223951797302584E+04    0.148068475212240719E+04    0.276119574641432974E+01    0.186427051202709322E+02
    0.414524142922272911E-03    0.154220987174563220E+04    0.148276161436137045E+04    0.275010592531014098E+01    0.193987568902539209E+02
    0.411191785420063284E-03    0.154220601470947440E+04    0.148344531360935912E+04    0.271373354704930669E+01    0.196048816370070682E+02
    0.411749934238655611E-03    0.154218330176448285E+04    0.147769882812895867E+04    0.278598374409080485E+01    0.205085130402914189E+02
    0.431874668482041917E-03    0.154206786332938100E+04    0.147675251208454574E+04    0.276851719366287563E+01    0.209741585758098665E+02
    0.445667251503334557E-03    0.154198498898176126E+04    0.147791451377928342E+04    0.278429963635163080E+01    0.215354062330352889E+02
    0.451084743175325783E-03    0.154194082373825063E+04    0.148218165583043492E+04    0.272235730317457758E+01    0.228046836515324713E+02
    0.453736397642043527E-03    0.154190910136821185E+04    0.148016432967884862E+04    0.276518805025907310E+01    0.186942496064450552E+02
    0.476690633691157916E-03    0.154179039875558897E+04    0.147761944268373122E+04    0.278276765743593835E+01    0.202318992782679459E+02
    0.492216430763154386E-03    0.154170629714379493E+04    0.148174110712177935E+04    0.270788536317579798E+01    0.222646367343324272E+02
    0.491543639148801694E-03    0.154168903273650631E+04    0.148019075554368237E+04    0.278099849334815685E+01    0.220022522739425881E+02
    0.521606405671288316E-03    0.154155030760047748E+04    0.147981021329100258E+04    0.271408276098142087E+01    0.224464730920568059E+02
    0.526512957213601598E-03    0.154151158230044757E+04    0.148004977735142666E+04    0.276303153979913052E+01    0.186650326799530148E+02
    0.550121820150667636E-03    0.154140385469340663E+04    0.148297272744212228E+04    0.273682101081957541E+01    0.192844779031489537E+02
    0.563596218989642693E-03    0.154133545804052460E+04    0.148169365200512243E+04    0.276064215043693917E+01    0.192185953713094051E+02
    0.569921411100366890E-03    0.154129313723105383E+04    0.148128999819713863E+04    0.276762478073895091E+01    0.223250836135163695E+02
    0.564706008779408946E-03    0.154129152366861490E+04    0.148199181870472171E+04    0.270689455667936230E+01    0.195302941591692445E+02
    0.587362414641947857E-03    0.154119285012167757E+04    0.148398912513425398E+04    0.271661994544159935E+01    0.205717744105928375E+02
    0.586917659885358546E-03    0.154117436510873222E+04    0.147884389914478288E+04    0.278798521521660003E+01    0.203245246961516841E+02
    0.585042525685601413E-03    0.154116076510703579E+04    0.147799171721875041E+04    0.278401671377325499E+01    0.213089256748189939E+02
    0.585116346579828530E-03    0.154114051276217538E+04    0.148355790332272431E+04    0.272333836206615310E+01    0.197391542674512692E+02
    0.580603864935583507E-03    0.154113599676644640E+04    0.147709592898178789E+04    0.277305085801673323E+01    0.204572888755181879E+02
    0.583835905124544105E-03    0.154110489426523668E+04    0.148199080264711779E+04    0.276891622574541474E+01    0.211236820878979188E+02
    0.597742272333620346E-03    0.154103781482651220E+04    0.148237706055209333E+04    0.272803709806607619E+01    0.226976455543617988E+02
    0.598009424586608642E-03    0.154101692115516516E+04    0.147801070988395850E+04    0.271604329128929711E+01    0.212720010131490369E+02
    0.607915908049100318E-03    0.154096406105663300E+04    0.148118350329074656E+04    0.269998723271669805E+01    0.209811780290293655E+02
    0.604716241183728413E-03    0.154095461553283781E+04    0.148281214826262431E+04    0.271544264509371125E+01    0.194309180066223490E+02
    0.599373923220922829E-03    0.154095236288490878E+04    0.148036270909147061E+04    0.277726719974712966E+01    0.195630210963675353E+02
    0.620467305141462967E-03    0.154086318835896168E+04    0.147820759538561560E+04    0.278558479600817277E+01    0.204321115783988176E+02
    0.616388131624722889E-03    0.154085638048533383E+04    0.147882931920287092E+04    0.278321116555859405E+01    0.197611893036305588E+02
    0.620321155876497757E-03    0.154082365950862254E+04    0.147797290798442555E+04    0.272662119903459121E+01    0.193967668085809350E+02
    0.627922791541370151E-03    0.154077929975216557E+04    0.148325001915307098E+04    0.273089221716666319E+01    0.195513879808060267E+02
    0.642452447567744538E-03    0.154071354857824940E+04    0.147743082316593291E+04    0.275069002400851526E+01    0.221363034757822419E+02
    0.637339739341064612E-03    0.154070952847085437E+04    0.148170494806258375E+04    0.273446936791130302E+01    0.187474863118351607E+02
    0.655765159795069857E-03    0.154063252870970700E+04    0.148232722683034831E+04    0.271002494987892684E+01    0.195590749862490441E+02
    0.652891358582778224E-03    0.154062131269783981E+04    0.147688762610579579E+04    0.275869720272039531E+01    0.201646739516384770E+02
    0.682381361509475375E-03    0.154051295681785678E+04    0.147936455486558611E+04    0.271806814907605077E+01    0.191600588299753554E+02
    0.681318733953008271E-03    0.154049607371364664E+04    0.147864354887086756E+04    0.278615586511721602E+01    0.204006103772093041E+02
    0.717188949515773738E-03    0.154037345551557814E+04    0.148290348493833517E+04    0.271720707590747024E+01    0.195419147122904349E+02
    0.713723317060016029E-03    0.154036314343094000E+04    0.147711797718673347E+04    0.276915215182421903E+01    0.204001562784769703E+02
    0.719503204598677219E-03    0.154032701222269066E+04    0.148080802731340714E+04    0.272005605247380844E+01    0.189101516627941493E+02
    0.840404337563887866E-03    0.153999636792264209E+04    0.147758784072469302E+04    0.273171199824605893E+01    0.217422150456433059E+02
    0.872827097180614315E-03    0.153990065922256963E+04    0.148038225269497980E+04    0.275228590902995318E+01    0.229161461364995773E+02
    0.877613661420573762E-03    0.153986972123190208E+04    0.148371965939980237E+04    0.272934582428417016E+01    0.206333290822870055E+02
    0.876441947498834322E-03    0.153985239324318854E+04    0.148226845826529234E+04    0.270522226317902970E+01    0.202392841680717765E+02
    0.888389859394657930E-03    0.153980531282818220E+04    0.148071674088240593E+04    0.277864999103511412E+01    0.209810105015730386E+02
    0.922908016909759678E-03    0.153970907503740591E+04    0.147953956778273687E+04    0.271553486638884589E+01    0.193987069634677738E+02
    0.932243025507608096E-03    0.153966894710782094E+04    0.148049249151505046E+04    0.276503233413404859E+01    0.225222303377640571E+02
    0.949163823686232115E-03    0.153961297136035387E+04    0.148148978767885956E+04    0.277117105518314633E+01    0.208772060170371958E+02
    0.965408125323090295E-03    0.153955903230372223E+04    0.147840862924452199E+04    0.278101547362148827E+01    0.201160486051018097E+02
    0.973590170421038481E-03    0.153952215329216278E+04    0.148360275639912743E+04    0.271862865027033429E+01    0.210577441332228261E+02
    0.987709671250811038E-03    0.153947335658406519E+04    0.148105464969307059E+04    0.277354727232556675E+01    0.202396706314729613E+02
    0.100308682903578776E-02    0.153942245947608899E+04    0.147762459675020455E+04    0.277013809956543522E+01    0.199178724850193873E+02
    0.998472141104539976E-03    0.153941168167973456E+04    0.148203050989085364E+04    0.276012892130148924E+01    0.217494498459238201E+02
    0.102622931656199800E-02    0.153933684117081839E+04    0.148077467873702153E+04    0.270388765085126570E+01    0.206792074861505739E+02
    0.104445765216248845E-02    0.153928162811011589E+04    0.147836288533416518E+04    0.277171354372394729E+01    0.194863484182166644E+02
    0.107702404150467122E-02    0.153920022018404052E+04    0.147893426837171342E+04    0.271129884655514086E+01    0.207891937738640848E+02
    0.108352057087133407E-02    0.153916819257043062E+04    0.147977335368006720E+04    0.272641477728914383E+01    0.189482933961021303E+02
    0.110361726843691472E-02    0.153911143720399423E+04    0.148264149145176270E+04    0.270899153234124634E+01    0.213208656583383345E+02
    0.109887408271976236E-02    0.153910005143632225E+04    0.147872281923977744E+04    0.275762573060552452E+01    0.225556422826395533E+02
    0.112063998704645747E-02    0.153904082374697782E+04    0.147982856058500579E+04    0.274637664926227743E+01    0.187228255088663644E+02
    0.111942226302028428E-02    0.153902299819395330E+04    0.147961132321659716E+04    0.270969211818908917E+01    0.201294240095184449E+02
    0.113091184864638501E-02    0.153898257511916358E+04    0.147911918392868893E+04    0.273822960485491063E+01    0.188616978010109904E+02
    0.112945255245439774E-02    0.153896515752825485E+04    0.147757861727068507E+04    0.274062107332070948E+01    0.217884414899016008E+02
    0.113677469564989132E-02    0.153893223354866541E+04    0.148081601752944425E+04    0.270681331284558180E+01    0.201019890378161534E+02
    0.120815537154184615E-02    0.153879043420507446E+04    0.148289604838479045E+04    0.273511162362614080E+01    0.197586953697224317E+02
    0.123562306214481201E-02    0.153872547293196703E+04    0.147742275052445871E+04    0.276582673581388416E+01    0.202394196541554976E+02
    0.130030683408477389E-02    0.153860342309953694E+04    0.147818006124661588E+04    0.272901545248654598E+01    0.196111882985229329E+02
    0.129321719985090052E-02    0.153859435749119916E+04    0.147738580085446210E+04    0.273562545368176169E+01    0.203598566889739772E+02
    0.129361845279338337E-02    0.153857373703748726E+04    0.148082189002873611E+04    0.277048734826643006E+01    0.217772368243235945E+02
    0.141561526944901394E-02    0.153837349511323578E+04    0.147893324196990557E+04    0.277824744985077476E+01    0.215413065234405678E+02
    0.140261319205228839E-02    0.153837194950020285E+04    0.148292795955046586E+04    0.273715878233089871E+01    0.199753103610086811E+02
    0.139313653810344430E-02    0.153836550821061519E+04    0.148279966595413180E+04    0.273672567183408599E+01    0.218919602998403064E+02
    0.141793141036459288E-02    0.153831022551270598E+04    0.148050947314407517E+04    0.276191270025717284E+01    0.224053706777973503E+02
    0.141270702519628063E-02    0.153829760814559177E+04    0.147880285018649693E+04    0.278039854984813140E+01    0.204754496608390326E+02
    0.147128941165280275E-02    0.153819634529100449E+04    0.147741426668047848E+04    0.276220648029978921E+01    0.211655911977829874E+02
    0.149043863409186903E-02    0.153815048270134821E+04    0.147788653070924352E+04    0.272874976475083342E+01    0.201015098034734336E+02
    0.148071844343643667E-02    0.153814356881572030E+04    0.147756054598275614E+04    0.274801013766807323E+01    0.197987083766568333E+02
    0.146804035315614115E-02    0.153814076678852939E+04    0.148309620399117125E+04    0.274010870585619548E+01    0.208509949758328332E+02
    0.152207643619050020E-02    0.153804847266707884E+04    0.147837748404945501E+04    0.272196947759551433E+01    0.213668801380686659E+02
    0.152730521728801708E-02    0.153802161385199270E+04    0.148015426996113388E+04    0.276728155999196224E+01    0.221924698175980382E+02
    0.151456082554473487E-02    0.153801837259959461E+04    0.148031409230480517E+04    0.275170529954651766E+01    0.189462081324965652E+02
    0.150661903684760163E-02    0.153800888744128133E+04    0.148042837818962062E+04    0.277276347293314540E+01    0.199872027889497019E+02
    0.149727501047191474E-02    0.153800133003261953E+04    0.147834440598201309E+04    0.273077486511407841E+01    0.219313384363431823E+02
    0.158542696854653184E-02    0.153786691612153186E+04    0.148031634805499789E+04    0.274448416577587961E+01    0.188955636209975779E+02
    0.164622443915851723E-02    0.153777165473071477E+04    0.147956497409346798E+04    0.273994306401864351E+01    0.226090931573569804E+02
    0.172851297492801741E-02    0.153765410065157380E+04    0.148013791730649973E+04    0.275032262329618682E+01    0.226287428534073172E+02
    0.171788548508000757E-02    0.153764643529442696E+04    0.147864184206080222E+04    0.272267013836537286E+01    0.215938047040063168E+02
    0.176610773527758084E-02    0.153757106741406142E+04    0.148150843360586259E+04    0.273742652253901131E+01    0.191695057685832495E+02
    0.189675723042992471E-02    0.153740833221073285E+04    0.147881380782155725E+04    0.277681138034852504E+01    0.203156309419959769E+02
    0.189803597474093051E-02    0.153738698431714261E+04    0.148097574909743480E+04    0.277013346189955589E+01    0.208789067924749503E+02
    0.188341045049690136E-02    0.153738245521957356E+04    0.147980722568689771E+04    0.277169956658711714E+01    0.197716304589473424E+02
    0.188781908715626940E-02    0.153735777914390792E+04    0.148106737738196603E+04    0.271057966221305247E+01    0.201817651433021013E+02
    0.192401598742313832E-02    0.153729979430184949E+04    0.148102561590734217E+04    0.272745034571394607E+01    0.192029628745016936E+02
    0.192630987425272833E-02    0.153727741124422437E+04    0.148062186102053647E+04    0.270929341692147219E+01    0.208457273165016517E+02
    0.193373956120578114E-02    0.153724971217585517E+04    0.147837704652521484E+04    0.277369318043134383E+01    0.202870823150711317E+02
    0.194696509401645428E-02    0.153721608002892367E+04    0.147909128411722304E+04    0.272104028477996440E+01    0.198114857125667214E+02
    0.207554434441343692E-02    0.153706817671733825E+04    0.147819779457977643E+04    0.274399712778155180E+01    0.219660426341701935E+02
    0.206207403157754841E-02    0.153706119904970592E+04    0.148074055505974229E+04    0.271457801758813488E+01    0.217224251209937336E+02
    0.205167889879596119E-02    0.153705130675921896E+04    0.148260409116738310E+04    0.271871460807874943E+01    0.202651741541482124E+02
    0.203324419828664841E-02    0.153704935833592617E+04    0.148188676113030510E+04    0.272354899685383467E+01    0.220547977671084112E+02
    0.205903564998401959E-02    0.153700414814097394E+04    0.148249149344230523E+04    0.274815693959647067E+01    0.210222724141923010E+02
    0.206031229453420509E-02    0.153698290848401052E+04    0.147895992123209726E+04    0.277636649207037234E+01    0.211111393201059485E+02
    0.225404405101762607E-02    0.153678317170738501E+04    0.148201834080327262E+04    0.271266742526437499E+01    0.210190122569661639E+02
    0.223626530620834934E-02    0.153677900922440108E+04    0.147931358768728796E+04    0.277092812461751592E+01    0.217497711580211757E+02
    0.222690797193680597E-02    0.153676739549793228E+04    0.148192547524197380E+04    0.272250166076026057E+01    0.219351524961450792E+02
    0.221178098542616124E-02    0.153676102749172128E+04    0.147914850725496512E+04    0.271682709034237480E+01    0.206080274231816389E+02
    0.219812308880658076E-02    0.153675341591564961E+04    0.148245857436895540E+04    0.272509539971128412E+01    0.199488527363792514E+02
    0.222434201031064148E-02    0.153670970133285095E+04    0.147775077434757804E+04    0.275226297679057730E+01    0.200345150615696355E+02
    0.227397245995472489E-02    0.153664556705637597E+04    0.148262857776150372E+04    0.272127037124194437E+01    0.213293880425887323E+02
    0.235529634515926857E-02    0.153655529051293570E+04    0.148007564351228552E+04    0.273997738313896511E+01    0.190957164730499471E+02
    0.237657706205268845E-02    0.153651730113871781E+04    0.148064372255352487E+04    0.271147238468823071E+01    0.208954387482966268E+02
    0.238617410454492439E-02    0.153648924104475486E+04    0.147894728796270351E+04    0.272902482088072906E+01    0.219006422822107965E+02
    0.241781217714633978E-02    0.153644289748074971E+04    0.148106180077144336E+04    0.271225491952712927E+01    0.203919839756309358E+02
    0.240577786618549399E-02    0.153643287704851718E+04    0.148112107499740591E+04    0.271998809751537340E+01    0.219305251215980519E+02
    0.238285115217240799E-02    0.153643202815761879E+04    0.147931593448410786E+04    0.272288937903335659E+01    0.197706442576967731E+02
    0.240033394858231918E-02    0.153639740787937694E+04    0.147950504932138711E+04    0.275205487992739650E+01    0.223651402202906553E+02
    0.238890589099797048E-02    0.153638695267534240E+04    0.148038270533274704E+04    0.271248464367335185E+01    0.209806716669155549E+02
    0.237199438876802829E-02    0.153638116139416934E+04    0.147962436889302717E+04    0.271811223013175374E+01    0.214885936208697927E+02
    0.256189245846382601E-02    0.153620713117126161E+04    0.147856989305991647E+04    0.274381565660748983E+01    0.220189622527598772E+02
    0.265240737911639872E-02    0.153611768828008780E+04    0.147946655587251553E+04    0.275510227714837441E+01    0.222613439225324043E+02
    0.268481277952586353E-02    0.153607340163074241E+04    0.148237123542879067E+04    0.273101888429940587E+01    0.200091324184967050E+02
    0.266154780325185284E-02    0.153607080795623369E+04    0.147966209316967752E+04    0.272002415676643405E+01    0.215918935429930059E+02
    0.265412397355121142E-02    0.153605639433164515E+04    0.148001474427954781E+04    0.276901140591757144E+01    0.200287974981932422E+02
    0.265581117478489370E-02    0.153603512335469850E+04    0.148182446246332916E+04    0.271487196678811227E+01    0.210731576219555592E+02
    0.265650026900949047E-02    0.153601460448886337E+04    0.147851282427549722E+04    0.277078373709520864E+01    0.209951641583598985E+02
    0.281701634354871626E-02    0.153587726704394208E+04    0.148052548830279875E+04    0.276304982406607902E+01    0.217887200290437733E+02
    0.279273719134057966E-02    0.153587457925108720E+04    0.148149828833902734E+04    0.275955834513020637E+01    0.208500255227954483E+02
    0.277124268304182334E-02    0.153587003194193994E+04    0.148195585225051809E+04    0.272005861402820415E+01    0.215149324230923753E+02
    0.275828729320355031E-02    0.153585940374287043E+04    0.148204145593756562E+04    0.275091906653009044E+01    0.206041277905272295E+02
    0.275767293369085387E-02    0.153583984925697132E+04    0.148182224628988843E+04    0.275329448880816186E+01    0.203813988335998886E+02
    0.275400617084769518E-02    0.153582251034323167E+04    0.147821240725172242E+04    0.273622213283660898E+01    0.200668346912963074E+02
    0.274566823874232251E-02    0.153580857465749659E+04    0.148061814337461828E+04    0.271530851691958164E+01    0.202456329174996057E+02
    0.278487709695586375E-02    0.153576021614111323E+04    0.147884369487214508E+04    0.275153031589384289E+01    0.220654789255573434E+02
    0.283149858178818881E-02    0.153570701141380596E+04    0.148052035726773943E+04    0.274136119613816387E+01    0.223314290098016244E+02
    0.281329675675034366E-02    0.153569990958781000E+04    0.148050960233760270E+04    0.276826061839929949E+01    0.205763303752201949E+02
    0.282597964271480775E-02    0.153567091346387497E+04    0.148105551124683916E+04    0.276369359307085771E+01    0.209817482468450862E+02
    0.279850912947707904E-02    0.153567044998197207E+04    0.147870418890246128E+04    0.273609307842645411E+01    0.218215231198518325E+02
    0.282158775348466439E-02    0.153563402410589651E+04    0.148219483183212469E+04    0.272438998752072248E+01    0.214941409750667844E+02
    0.280128864327432430E-02    0.153562846454311284E+04    0.148074788821635616E+04    0.274614791571572336E+01    0.222573984676349426E+02
    0.282186302669514780E-02    0.153559382899604520E+04    0.148162355275069785E+04    0.273909716320328966E+01    0.220195833580416007E+02
    0.284518171259135226E-02    0.153555736975241689E+04    0.147979055265681041E+04    0.276572592494213776E+01    0.217409588653399055E+02
    0.281797953129848608E-02    0.153555658332542271E+04    0.148058473416813240E+04    0.274557635751011331E+01    0.222783137793342974E+02
    0.283163190261987276E-02    0.153552691724622014E+04    0.148227979879979125E+04    0.272906901531300061E+01    0.201419529695581616E+02
    0.290347145073271019E-02    0.153545680947906294E+04    0.148010626601448234E+04    0.275279816677547506E+01    0.193916557386568371E+02
    0.288628071812321559E-02    0.153544868617611382E+04    0.147840319952546179E+04    0.276264969141798034E+01    0.200995664367190443E+02
    0.288394794853390202E-02    0.153543030328340774E+04    0.147840361972068899E+04    0.275774184977569581E+01    0.216180929866651752E+02
    0.295016423536080498E-02    0.153536490194159887E+04    0.148098296496210446E+04    0.275351085138261675E+01    0.219383666099243584E+02
    0.294470615676757337E-02    0.153534860555493719E+04    0.147973902218144849E+04    0.272226123312191248E+01    0.215808521639188484E+02
    0.291927508408701755E-02    0.153534595297204123E+04    0.147952071113688862E+04    0.273625019533896063E+01    0.194227516186382161E+02
    0.289960163202634784E-02    0.153533947690663081E+04    0.147842884657980176E+04    0.275356745057106167E+01    0.198075941717027462E+02
    0.306470021007880034E-02    0.153520872411748360E+04    0.147920273321996001E+04    0.274514596201088912E+01    0.220996383677553183E+02
    0.304441194832191352E-02    0.153520200810102642E+04    0.147959005192651011E+04    0.272007019165003161E+01    0.211524590367787368E+02
    0.311119901605353506E-02    0.153513860725001064E+04    0.147954990258309954E+04    0.276866482223026589E+01    0.213419470716001740E+02
    0.317810172604470614E-02    0.153507605547109802E+04    0.148198681688103261E+04    0.274762408743969777E+01    0.205936770578408073E+02
    0.318715711625497996E-02    0.153505036495855575E+04    0.148139983459403720E+04    0.272663216505257555E+01    0.197990081372704907E+02
    0.318305450181954495E-02    0.153503294108333694E+04    0.148177243625575807E+04    0.274022519463947845E+01    0.198954716765351804E+02
    0.322192012377947676E-02    0.153498866863807871E+04    0.148216432691507703E+04    0.273764397422599348E+01    0.202747247699696800E+02
    0.320615327920578197E-02    0.153497847989890556E+04    0.147905791269773272E+04    0.272880141476424987E+01    0.215258710599883756E+02
    0.317513642976697836E-02    0.153497792242235664E+04    0.148175329463024536E+04    0.272008678650595126E+01    0.212027141507296477E+02
    0.316311381421748375E-02    0.153496550977186530E+04    0.147965315324929043E+04    0.272316574875334050E+01    0.200536537663286651E+02
    0.318451189023092338E-02    0.153493202557600034E+04    0.148160638148666271E+04    0.272483580454214591E+01    0.199929418301206425E+02
    0.326334484674109786E-02    0.153486311823324877E+04    0.148164996240212145E+04    0.274895689482306871E+01    0.214851136956119007E+02
    0.324541425712159210E-02    0.153485413762093413E+04    0.148054937509706178E+04    0.275598947645642367E+01    0.218832074588147805E+02
    0.322335911025445560E-02    0.153484777558972701E+04    0.147910769185297477E+04    0.272685550156395085E+01    0.201492746214415348E+02
    0.319338448345170755E-02    0.153484646098327289E+04    0.148070116728203402E+04    0.276401710875657347E+01    0.208861279313753698E+02
    0.331182979519398322E-02    0.153475362193548540E+04    0.148105003617204443E+04    0.275539284476912982E+01    0.216114698713289357E+02
    0.328771017784829263E-02    0.153474824096943917E+04    0.148216368058768512E+04    0.273885499843700764E+01    0.204725296268344295E+02
    0.331163966963458423E-02    0.153471373675480208E+04    0.147893018102337601E+04    0.273393843053383367E+01    0.198858913413434379E+02
    0.333758403460453646E-02    0.153467812922057624E+04    0.147966329657881465E+04    0.275895644146507868E+01    0.218519528852051224E+02
    0.331915173378141215E-02    0.153466920512839215E+04    0.147880172047677524E+04    0.276618510466145384E+01    0.210566402947891049E+02
    0.329407232024335125E-02    0.153466437445189399E+04    0.148010678248500108E+04    0.276272989396116975E+01    0.200203063954720335E+02
    0.332911272358231772E-02    0.153462321198698282E+04    0.148108703471551144E+04    0.274411392906801765E+01    0.219639162031134703E+02
    0.330355183604922773E-02    0.153461862721797797E+04    0.147918022440910181E+04    0.273341031147744351E+01    0.217310111246346906E+02
    0.328801965576245659E-02    0.153460805271479830E+04    0.148014063477073887E+04    0.275961356512210276E+01    0.198461215248961054E+02
    0.328305129873749128E-02    0.153459107709728096E+04    0.147838950932573562E+04    0.275043043016537681E+01    0.200564419034616463E+02
    0.325959728645583034E-02    0.153458541631323851E+04    0.148143096383399734E+04    0.272686759142187407E+01    0.216735188207572378E+02
    0.325545513075818855E-02    0.153456795944320311E+04    0.147944480856650353E+04    0.273223990988389343E+01    0.217973069767643182E+02
    0.327373555208840868E-02    0.153453676021807132E+04    0.147870191293971538E+04    0.273331225915345044E+01    0.201935214759192831E+02
    0.325311878266277112E-02    0.153452939530194999E+04    0.148031026977414172E+04    0.273883604519674861E+01    0.220935487555119039E+02
    0.325080078176813751E-02    0.153451082090444697E+04    0.148011862726497930E+04    0.272999954370116704E+01    0.196765731731044013E+02
    0.321948678694173717E-02    0.153451017969737813E+04    0.148033769233202634E+04    0.272381014110995423E+01    0.199583291583141715E+02
    0.321661898620382442E-02    0.153449196201794825E+04    0.148070742052997275E+04    0.272657335380604504E+01    0.198076031479222223E+02
    0.321022809319460381E-02    0.153447593964183534E+04    0.148121314341838615E+04    0.273456137149959666E+01    0.197191437979666375E+02
    0.319338513956372600E-02    0.153446646057235330E+04    0.147865044059558295E+04    0.273668482648916900E+01    0.214144012282626335E+02
    0.316409026733814993E-02    0.153446489246721330E+04    0.148099861115353747E+04    0.274606877909215674E+01    0.219240622902649562E+02
    0.313691607178070162E-02    0.153446214327609641E+04    0.148080657993409795E+04    0.275297411406344583E+01    0.198348387238103783E+02
    0.312491367563175974E-02    0.153444981030719237E+04    0.148078133897121779E+04    0.272924307757526163E+01    0.218644250048478170E+02
    0.312932143192463626E-02    0.153442699125293757E+04    0.147885348344937779E+04    0.273513843537176538E+01    0.199868794219120787E+02
    0.314345429107796941E-02    0.153439797904928719E+04    0.148056966127649321E+04    0.276037613992837372E+01    0.201909572617241224E+02
    0.316453831280465560E-02    0.153436460928076212E+04    0.148204248757899586E+04    0.273052519856704423E+01    0.212381772220943361E+02
    0.313503763061181214E-02    0.153436334127041482E+04    0.148208891325509853E+04    0.273301333147944225E+01    0.204603298146255383E+02
    0.317510614582119368E-02    0.153431794149812936E+04    0.147935429634193838E+04    0.275836165034082548E+01    0.198284406941023263E+02
    0.315658980113258129E-02    0.153430963908918761E+04    0.147863869579269908E+04    0.275995018290855532E+01    0.202438984932782944E+02
    0.314376433486687496E-02    0.153429778179590221E+04    0.147915263914792968E+04    0.275128431384482575E+01    0.196993452397231152E+02
    0.312045112165386818E-02    0.153429266846192468E+04    0.148139525721082282E+04    0.275398419486740220E+01    0.208065095369863684E+02
    0.311099081710479669E-02    0.153427874109288859E+04    0.148181979151426162E+04    0.274630236395787497E+01    0.209627803981069292E+02
    0.310908926432398218E-02    0.153425996394070739E+04    0.148170384502162233E+04    0.274873427762068889E+01    0.208481102350355485E+02
    0.309638069534651098E-02    0.153424815580164773E+04    0.148044486968231604E+04    0.276335698190183443E+01    0.210012754492454405E+02
    0.307378337659135062E-02    0.153424280527905148E+04    0.148102862528044830E+04    0.275804714013279240E+01    0.206243646881994636E+02
    0.304742021598836859E-02    0.153424003282145213E+04    0.147940122903053134E+04    0.276679023952350445E+01    0.209696379505375887E+02
    0.305019291553732409E-02    0.153421821394598055E+04    0.147861734187317120E+04    0.275860352299238976E+01    0.202316337197824652E+02
    0.309820459589285613E-02    0.153416697806301750E+04    0.148013950688332352E+04    0.276076698791237263E+01    0.215366982592844636E+02
    0.320671448748224494E-02    0.153407812984754128E+04    0.148109875197990550E+04    0.272368162709593964E+01    0.201875977652627512E+02
    0.320194475259436484E-02    0.153406110690442006E+04    0.147854743813398227E+04    0.273794905524948762E+01    0.211256667979549349E+02
    0.321554512144148598E-02    0.153403262982726051E+04    0.147850036447131970E+04    0.274270875261941782E+01    0.212632383618040421E+02
    0.318573699654845161E-02    0.153403125630851696E+04    0.147902692777113475E+04    0.274845462131972385E+01    0.217422026381179023E+02
    0.315681094044349209E-02    0.153402949898129964E+04    0.148075222406628768E+04    0.273701238651494672E+01    0.219242595132455449E+02
    0.313394588176385980E-02    0.153402403787384787E+04    0.147898493998545678E+04    0.274768725390186663E+01    0.198087491117073284E+02
    0.314406285935667695E-02    0.153399759188960797E+04    0.148151485692138431E+04    0.273982182621200110E+01    0.200324779178608878E+02
    0.313134600215464595E-02    0.153398569773570671E+04    0.148054794897880993E+04    0.275572959957763919E+01    0.216306351641168959E+02
    0.321255728106862887E-02    0.153391448906371988E+04    0.147899701010774106E+04    0.272990350670293935E+01    0.205440529425585225E+02
    0.319628765438255717E-02    0.153390464356850225E+04    0.148071496319228254E+04    0.273910785493275366E+01    0.219134503663143079E+02
    0.316808269052914473E-02    0.153390237047437040E+04    0.147959837468723458E+04    0.276251981228586452E+01    0.213744561822454244E+02
    0.314426001570925059E-02    0.153389746647852053E+04    0.147863521281303906E+04    0.275617458654282332E+01    0.212626565258527478E+02
    0.312633219126303265E-02    0.153388890263810640E+04    0.147879755097461043E+04    0.275180234289436720E+01    0.199969678119887817E+02
    0.311031500226326574E-02    0.153387917560928372E+04    0.147847832955699300E+04    0.275674501380530002E+01    0.206104297243102650E+02
    0.312438113732870166E-02    0.153385015117016678E+04    0.147969806020590499E+04    0.273396100291777921E+01    0.197962617864616846E+02
    0.311002102945646258E-02    0.153383936464910767E+04    0.148193867145500781E+04    0.273553092102027806E+01    0.206204665887575374E+02
    0.309405904668694177E-02    0.153382965595276164E+04    0.148149873242140711E+04    0.272691071796627060E+01    0.202901288745744210E+02
    0.306474627072663309E-02    0.153382869405888187E+04    0.148065582445397877E+04    0.275415482067441175E+01    0.200171624216844322E+02
    0.310824857351518291E-02    0.153378050480937873E+04    0.147845031877936822E+04    0.275400699246788161E+01    0.205584899097523248E+02
    0.308806512838036328E-02    0.153377353417973654E+04    0.148137928504658385E+04    0.272958290711833840E+01    0.215047952551956030E+02
    0.309717681566849118E-02    0.153374764164136104E+04    0.147938038160058250E+04    0.273563904131742808E+01    0.198810152187694200E+02
    0.307495206775269337E-02    0.153374204499838174E+04    0.148062176622413403E+04    0.274462771755716828E+01    0.218715897456866344E+02
    0.314222723546620820E-02    0.153367875990693778E+04    0.148027020932418918E+04    0.276218026599397826E+01    0.207334835526844472E+02
    0.312166240540506269E-02    0.153367189226087589E+04    0.148155977976722602E+04    0.274723512131136172E+01    0.207116061164471290E+02
    0.309466897453293662E-02    0.153366926173421075E+04    0.147926179820958805E+04    0.276150117165389819E+01    0.212733613958443470E+02
    0.318753692490768683E-02    0.153359012663580597E+04    0.148160344520205763E+04    0.272702424714513603E+01    0.205753914957564206E+02
    0.318424249481918855E-02    0.153357219477417993E+04    0.148015793987616485E+04    0.272338916946810627E+01    0.209973298384525719E+02
    0.316076063822713854E-02    0.153356699821134453E+04    0.147863387886660939E+04    0.275096721253839682E+01    0.212430876865982157E+02
    0.313673881219671616E-02    0.153356225629448045E+04    0.148150599559857687E+04    0.274496774223263129E+01    0.212485490900862430E+02
    0.314971622739805427E-02    0.153353399890073206E+04    0.148044292698708568E+04    0.274805509957074046E+01    0.217994113330586003E+02
    0.313284078460373530E-02    0.153352474324151422E+04    0.147852799741300919E+04    0.275122399719125488E+01    0.210214046333272506E+02
    0.312368588852480816E-02    0.153351059626706069E+04    0.148046923129119750E+04    0.274932220663756599E+01    0.217576691768238391E+02
    0.310501050963248862E-02    0.153350258942496134E+04    0.147860319786466380E+04    0.274188194927619033E+01    0.210518099528520253E+02
    0.309959266476888618E-02    0.153348608221641848E+04    0.148006095000340065E+04    0.272388723643288255E+01    0.206320102591365213E+02
    0.307324076341924804E-02    0.153348315836904180E+04    0.147874827911577518E+04    0.273650317247692643E+01    0.206154182682230385E+02
    0.305184093191053236E-02    0.153347713363967318E+04    0.148085244696530071E+04    0.272307249128581708E+01    0.206052384451149493E+02
    0.308830595079346041E-02    0.153343337821604200E+04    0.148136417546247640E+04    0.274046185836438827E+01    0.214948549804915956E+02
    0.305842018028383610E-02    0.153343282662182560E+04    0.147905845033707283E+04    0.273908247403987248E+01    0.214631911696266116E+02
    0.305435764574962148E-02    0.153341548501069428E+04    0.147947052209944968E+04    0.274878336733299466E+01    0.217279861131204797E+02
    0.302599346517721255E-02    0.153341414471359894E+04    0.148113092969681884E+04    0.275268149620333791E+01    0.209223086828110638E+02
    0.299792981032250905E-02    0.153341277965073232E+04    0.147913125257012439E+04    0.275083472548632280E+01    0.215745597144489523E+02
    0.297271454586534598E-02    0.153340967257743387E+04    0.147973656945997277E+04    0.274837978074932998E+01    0.217839221546961710E+02
    0.295663281331358515E-02    0.153340052150970996E+04    0.148099747768359975E+04    0.273169986745558102E+01    0.200210830484092099E+02
    0.295980734207052301E-02    0.153337837526705175E+04    0.148026509277777927E+04    0.273650075392192660E+01    0.217778550912794771E+02
    0.295309159234859739E-02    0.153336291838722605E+04    0.147888001203763042E+04    0.275918102148872135E+01    0.206308560420986851E+02
    0.294859794424234649E-02    0.153334596405673938E+04    0.148174072080986912E+04    0.273636014453678822E+01    0.206851248023070440E+02
    0.292085693199804200E-02    0.153334486953903297E+04    0.147890744551378839E+04    0.274003992973804333E+01    0.213238023836314028E+02
    0.289496744397533048E-02    0.153334267589449564E+04    0.147959729745061509E+04    0.272863029118171063E+01    0.203426760441723076E+02
    0.286687787998954682E-02    0.153334217644332375E+04    0.148073709469304254E+04    0.272335348889490181E+01    0.208394136593616821E+02
    0.288660580239266532E-02    0.153330846092708543E+04    0.148000696608127623E+04    0.273676758833528266E+01    0.198254878570622850E+02
    0.286052406704216580E-02    0.153330661392867069E+04    0.148077378705331421E+04    0.274951257696674212E+01    0.200538099962925429E+02
    0.283779892632491986E-02    0.153330256617372379E+04    0.147954057531981152E+04    0.273409388022133593E+01    0.200219322754310127E+02
    0.281174856302944271E-02    0.153330101051672500E+04    0.147945711829150696E+04    0.275665030103074837E+01    0.214780428876061791E+02
    0.278857555125114906E-02    0.153329756180451341E+04    0.147892248392666033E+04    0.274435134052211893E+01    0.214154239443956840E+02
    0.276320023778651135E-02    0.153329584459628040E+04    0.148062685334474918E+04    0.275397171890600134E+01    0.214154130840252748E+02
    0.273603297663725176E-02    0.153329560552010594E+04    0.148079643929371196E+04    0.275567407625471894E+01    0.206072819008966945E+02
    0.272571396642978889E-02    0.153328316282555647E+04    0.148065642535500501E+04    0.273987923428642510E+01    0.198472748523904130E+02
    0.271485323550173154E-02    0.153327114783517163E+04    0.147966955607343834E+04    0.274856841115827910E+01    0.198349512686651650E+02
    0.271872873384036706E-02    0.153324829483763324E+04    0.147961625487041624E+04    0.276166614804841526E+01    0.205582572750983275E+02
    0.274361595503084046E-02    0.153321007014123143E+04    0.148032007519783838E+04    0.275482948026833174E+01    0.214794093338223320E+02
    0.272796286083772316E-02    0.153320151337355810E+04    0.147997153209003386E+04    0.274125527218717568E+01    0.217691104580639063E+02
    0.270143632009575392E-02    0.153320105642127032E+04    0.148051830032305043E+04    0.273022690844810523E+01    0.215278684683816408E+02
    0.271919544025334961E-02    0.153316795154015495E+04    0.147999435971974435E+04    0.272854862816806332E+01    0.213243831781589961E+02
    0.269813213942815284E-02    0.153316350415842180E+04    0.148003538306371456E+04    0.275831062857022902E+01    0.202938879219426269E+02
    0.269258532630786609E-02    0.153314761998538779E+04    0.148094024465522034E+04    0.273627955161679948E+01    0.199996586755996333E+02
    0.267606406375160396E-02    0.153313992946101871E+04    0.147894165444606824E+04    0.274434897513403353E+01    0.213615765663221850E+02
    0.265075847255676024E-02    0.153313893199499989E+04    0.147873530407212593E+04    0.275168579341528652E+01    0.204456484978907866E+02
    0.263424364067199905E-02    0.153313143143040998E+04    0.147872795712502352E+04    0.274380696436242433E+01    0.204400762307516999E+02
    0.265938889932019595E-02    0.153309243090660584E+04    0.147984764066922003E+04    0.273441147728831435E+01    0.215711598666113389E+02
    0.263766841783747742E-02    0.153308883292147470E+04    0.147972421512883739E+04    0.272873187354188529E+01    0.204043564044595485E+02
    0.263047739861975308E-02    0.153307429292500115E+04    0.148053496562918690E+04    0.273360837548857605E+01    0.216097147264648299E+02
    0.264720788223045097E-02    0.153304161271482326E+04    0.147950141166578123E+04    0.275029944979472818E+01    0.215947673369444715E+02
    0.263673985823712365E-02    0.153302953712149974E+04    0.147945280665928522E+04    0.273012786074754832E+01    0.209503132579962141E+02
    0.262416672271000495E-02    0.153301909681184725E+04    0.148158860726818148E+04    0.273744368448845732E+01    0.209201193109504544E+02
    0.262909350565882199E-02    0.153299534540096784E+04    0.148140811241072925E+04    0.272926100336598720E+01    0.208357899048848196E+02
    0.268068413183928734E-02    0.153293647955516940E+04    0.148059807481975417E+04    0.274775140245549077E+01    0.215684531832745563E+02
    0.266041608614956022E-02    0.153293165855735992E+04    0.147996081731043068E+04    0.272989457283537229E+01    0.212968760779228035E+02
    0.263724328361330737E-02    0.153292915530353480E+04    0.148133064594810753E+04    0.273092495168501914E+01    0.211258225049974442E+02
    0.263459014812370646E-02    0.153291116836843753E+04    0.147898495193128383E+04    0.275651287431246894E+01    0.206448900627513865E+02
    0.260981791815506538E-02    0.153291006271372635E+04    0.148141382066777442E+04    0.273533090201673534E+01    0.211820274644962296E+02
    0.259623462055247334E-02    0.153290049928026110E+04    0.147989830205299927E+04    0.275865254014902428E+01    0.204609554413156047E+02
    0.257657764814873090E-02    0.153289569957441563E+04    0.147958833162501242E+04    0.273131370334564583E+01    0.211726487328568425E+02
    0.256455925950692517E-02    0.153288505035479784E+04    0.147998415299150179E+04    0.272910629084354861E+01    0.203446938701245585E+02
    0.254529075632028154E-02    0.153288013384605983E+04    0.148052727463817769E+04    0.272908108639289004E+01    0.202607726959777068E+02
    0.254125760699148431E-02    0.153286330546648765E+04    0.148085174829689049E+04    0.272734949300085061E+01    0.210897519140144567E+02
    0.252356022744779215E-02    0.153285728223891806E+04    0.148096564721171217E+04    0.275135280248667158E+01    0.208318838144857352E+02
    0.250597841230997161E-02    0.153285126514113972E+04    0.147967275559952941E+04    0.273741695908743532E+01    0.200248583334303731E+02
    0.248693769975879718E-02    0.153284651939691207E+04    0.147919812191970277E+04    0.275830822807906895E+01    0.207159417829183496E+02
    0.250918683484717972E-02    0.153280870616426319E+04    0.148138702233250365E+04    0.273711336888185697E+01    0.211496502856787032E+02
    0.249719507908873839E-02    0.153279828735794649E+04    0.147924993733504243E+04    0.274509080552104345E+01    0.200989298878723019E+02
    0.249027038341617483E-02    0.153278384104061297E+04    0.148118536362898203E+04    0.273064171633495967E+01    0.211290872753407939E+02
    0.246854590171818444E-02    0.153278136507815452E+04    0.147950050010340101E+04    0.274508665219481340E+01    0.200032963713426568E+02
    0.244956156120854866E-02    0.153277680551734329E+04    0.148033444783749724E+04    0.273619271555699717E+01    0.200002712437888022E+02
    0.243727989030095892E-02    0.153276685838841559E+04    0.147941057936732886E+04    0.275746100976919850E+01    0.204532361544793844E+02
    0.241888188228488350E-02    0.153276201282263992E+04    0.148042051421490737E+04    0.274970082933926907E+01    0.201067861126798704E+02
    0.240975061932770110E-02    0.153274957709582827E+04    0.147979926461992886E+04    0.275199702173782113E+01    0.214949517926459066E+02
    0.238590841797187668E-02    0.153274946374549154E+04    0.147971690989952413E+04    0.274732041931503801E+01    0.215845292227122343E+02
    0.236707018001332953E-02    0.153274531766632413E+04    0.148039034337529802E+04    0.272721113964524253E+01    0.205762207194502622E+02
    0.235175709590787442E-02    0.153273829812690292E+04    0.147994391145318082E+04    0.273553899042231308E+01    0.200563174242339528E+02
    0.234057597067671881E-02    0.153272782954441709E+04    0.148034508057560629E+04    0.273814610238988632E+01    0.199842735302759138E+02
    0.232481377596791168E-02    0.153272134374626330E+04    0.148129579548621882E+04    0.274272991627800522E+01    0.205832897032687470E+02
    0.230422799117675683E-02    0.153271913224032687E+04    0.147946577981892983E+04    0.273429425089212508E+01    0.203289167205956005E+02
    0.229307717610325408E-02    0.153270883430406639E+04    0.147885044771804360E+04    0.275043191577483936E+01    0.206704096071699013E+02
    0.228129122096258066E-02    0.153269914040991353E+04    0.147953108832827911E+04    0.274157273723806849E+01    0.215046673928867023E+02
    0.226494853809496022E-02    0.153269351954883246E+04    0.148000617522272387E+04    0.273246699182138730E+01    0.201935383268355650E+02
    0.224634695420501251E-02    0.153269001298345097E+04    0.148039647662304787E+04    0.272833381689513432E+01    0.211184476735699604E+02
    0.222523803320073821E-02    0.153268889584299041E+04    0.148072647065264073E+04    0.274222658515281115E+01    0.215293268691971065E+02
    0.220939259242984663E-02    0.153268318835981336E+04    0.147998711852611405E+04    0.274816834237413499E+01    0.215746752199873271E+02
    0.218936575518422763E-02    0.153268139984045320E+04    0.147948811488349247E+04    0.273908480900086726E+01    0.201180908348218566E+02
    0.218365080750649188E-02    0.153266662730835719E+04    0.147955018779481134E+04    0.274753767901346579E+01    0.215113762465519898E+02
    0.216289898308223054E-02    0.153266572473790438E+04    0.148124772355097275E+04    0.273074906402028761E+01    0.207736746640453873E+02
    0.215089864453368211E-02    0.153265685216718157E+04    0.148135419187956313E+04    0.274124697874954926E+01    0.208234893469368103E+02
    0.213445182242545488E-02    0.153265220391307730E+04    0.148066849946232014E+04    0.274370653656786123E+01    0.215191325133893088E+02
    0.212853208690004991E-02    0.153263775846308863E+04    0.147973917309186595E+04    0.275392828035528048E+01    0.202160216177852021E+02
    0.212004370817120164E-02    0.153262575021414386E+04    0.148048747206172584E+04    0.274275202111303074E+01    0.200297307707451893E+02
    0.210139762356450696E-02    0.153262341830843070E+04    0.148108476417776819E+04    0.273057485323075966E+01    0.205428340345675196E+02
    0.220665616132975943E-02    0.153252563365090259E+04    0.147943875919171023E+04    0.275484490143429861E+01    0.203968099425674723E+02
    0.228933856407522243E-02    0.153245206441359528E+04    0.147961309757052118E+04    0.275648385731542556E+01    0.205782882839359900E+02
    0.247686040069708575E-02    0.153229460671058359E+04    0.147968961061662731E+04    0.275567792473493345E+01    0.209193346237820776E+02
    0.266483595491379902E-02    0.153214830529130063E+04    0.148035781025115193E+04    0.274507487128570471E+01    0.202266523324078378E+02
    0.284963520225017461E-02    0.153201420831823316E+04    0.148056601559835735E+04    0.274812730965536822E+01    0.205751491652159046E+02
    0.213458790098195123E-02    0.153259204307712344E+04    0.148013810127348279E+04    0.272824561918569142E+01    0.207845699136324669E+02
    0.351513870231933302E-02    0.153159443232278136E+04    0.147973336519708528E+04    0.274654102746090745E+01    0.207259400387266055E+02
    0.225507935112623280E-02    0.153248221996937809E+04    0.148099014146873151E+04    0.274385573517956560E+01    0.203870818999760388E+02
    0.281519714006876406E-02    0.153203852570971708E+04    0.147937613284227268E+04    0.274773585202441506E+01    0.210797381567730042E+02
    0.225062195183804064E-02    0.153248617708987285E+04    0.148061980846522192E+04    0.274151526687118441E+01    0.201166711535308878E+02
    0.227990616616725091E-02    0.153246032171812885E+04    0.148093013894546334E+04    0.274708191079287323E+01    0.205193023416304356E+02
    0.285452390177851545E-02    0.153201078015247822E+04    0.148079763078822180E+04    0.274478420697143077E+01    0.206309283252082025E+02
    0.268483495325137203E-02    0.153213335177969520E+04    0.147972309277806039E+04    0.274880154325569759E+01    0.212936882505932346E+02
    0.216404103770514045E-02    0.153256463564274054E+04    0.148118007846050932E+04    0.273581882329412718E+01    0.204291983865259255E+02
    0.277140211866798046E-02    0.153206988354767236E+04    0.148081551166906092E+04    0.273596160124536203E+01    0.204980186674696512E+02
    0.216185102899109621E-02    0.153256666066682101E+04    0.148058745634787419E+04    0.273301043571407254E+01    0.213781212129551932E+02
    0.221900977671385608E-02    0.153251446819228704E+04    0.148015625292000209E+04    0.274158610370788169E+01    0.215608020819961155E+02
    0.259986653657143154E-02    0.153219767006874417E+04    0.147919234401128824E+04    0.274358874570486710E+01    0.205361011697606273E+02
    0.278568957394225358E-02    0.153205959940082312E+04    0.148019691096979341E+04    0.273869741426558377E+01    0.213311165539164591E+02
    0.282229976209932582E-02    0.153203348614984725E+04    0.147996434091666811E+04    0.273583802077973992E+01    0.203971759004073334E+02
    0.267785906669888805E-02    0.153213855505287188E+04    0.148075723481549539E+04    0.273622682143881413E+01    0.203961090410576844E+02
    0.243234584687732416E-02    0.153233087797045073E+04    0.147941254944695902E+04    0.274801043463531736E+01    0.212995511203599222E+02
    0.236294108188469252E-02    0.153238877616341597E+04    0.148117210513349073E+04    0.273441326574327581E+01    0.206541688319648244E+02
    0.212266076567846698E-02    0.153260324953222425E+04    0.148129315570704762E+04    0.274215415092387405E+01    0.207208338223933595E+02
    0.321718397418479770E-02    0.153177157742250301E+04    0.148057366307272173E+04    0.274562012878799377E+01    0.208861503678228360E+02
    0.226791510421878867E-02    0.153247086838566292E+04    0.148076645971330231E+04    0.273144826822720255E+01    0.203947330833466509E+02
    0.215538482680672008E-02    0.153257265172891312E+04    0.148008377144343672E+04    0.273458621657358725E+01    0.201354260127868656E+02
    0.273383209374291128E-02    0.153209718164743526E+04    0.147924288762823198E+04    0.274163318422332436E+01    0.207828045132043826E+02
    0.330590436589526734E-02    0.153171717014890010E+04    0.148044427122573188E+04    0.274356881090109361E+01    0.205185848591540747E+02
    0.263081780289353695E-02    0.153217400079293861E+04    0.148010383691424431E+04    0.274944796761925403E+01    0.202790458471274349E+02
    0.241650693000280406E-02    0.153234394413182008E+04    0.147941410308806894E+04    0.273654334048452164E+01    0.204928551032819541E+02
    0.227581523699453168E-02    0.153246391362370014E+04    0.147951169635971019E+04    0.275673940926620364E+01    0.209025045879408111E+02
    0.238829497865062149E-02    0.153236743086538854E+04    0.147901921478187819E+04    0.274841933382896331E+01    0.206714901960332469E+02
    0.222108629971068785E-02    0.153251259749119185E+04    0.148079446965794136E+04    0.275097714770595925E+01    0.208322387999062499E+02
    0.240213817293494312E-02    0.153235587179974254E+04    0.148065326169578088E+04    0.273616794388166484E+01    0.202281556173017805E+02
    0.260996929773207485E-02    0.153218991337609941E+04    0.147940984576018809E+04    0.274034238580160361E+01    0.203952395319370652E+02
    0.312404154030617928E-02    0.153183033523390395E+04    0.147979065108467671E+04    0.275072744142307624E+01    0.209628873827206803E+02
    0.261272541891316174E-02    0.153218780249534802E+04    0.147970490871354423E+04    0.275233969998872663E+01    0.211767348576994010E+02
    0.280406265667937403E-02    0.153204645166321598E+04    0.148049330190211845E+04    0.273191016332903791E+01    0.207708103243467122E+02
    0.243413809705094906E-02    0.153232940483273956E+04    0.148099081487304579E+04    0.274580849451891140E+01    0.206843695949156370E+02
    0.255407222569380187E-02    0.153223321221868400E+04    0.147994096189724269E+04    0.275267168016901564E+01    0.211991356118674190E+02
    0.288046026608805008E-02    0.153199269010000262E+04    0.147967290077217331E+04    0.274523461000438207E+01    0.212543729728187429E+02
    0.326738166945815317E-02    0.153174061238906097E+04    0.147981760998431650E+04    0.273818369608480250E+01    0.206067474847204437E+02
    0.212313635724266023E-02    0.153260280147354183E+04    0.148090612909288188E+04    0.272979333054008055E+01    0.211050154432202817E+02
    0.229433749916492426E-02    0.153244770203108601E+04    0.148086763972302333E+04    0.274831075777868694E+01    0.205503394577377492E+02
    0.278043882544350184E-02    0.153206337275973942E+04    0.147982574741123858E+04    0.275276164804070245E+01    0.205279409942384632E+02
    0.238495802211985668E-02    0.153237022724519397E+04    0.148119968214454002E+04    0.274017046918968799E+01    0.209405483228206180E+02
    0.284104097343774141E-02    0.153202024924207490E+04    0.147967371411722070E+04    0.275310637318484241E+01    0.206697016016242685E+02
    0.344679720269091801E-02    0.153163369938635583E+04    0.147975765696179360E+04    0.274442282015422112E+01    0.205592454065231465E+02
    0.271579807342593694E-02    0.153211041857221289E+04    0.148054248285254175E+04    0.273301374406408026E+01    0.210937776706623765E+02
    0.210773341953328927E-02    0.153261736396926767E+04    0.147901464200464284E+04    0.274803655133319591E+01    0.211521588104257603E+02
    0.351501438155257416E-02    0.153159450305851942E+04    0.148035863412254184E+04    0.274363399052256396E+01    0.209814361776770681E+02
    0.235032774465887421E-02    0.153239948072350035E+04    0.147921653167409158E+04    0.273792472227785488E+01    0.206466729792823571E+02
    0.341809963780187291E-02    0.153165042082163609E+04    0.148000895626048418E+04    0.274884792088402818E+01    0.208346795168883290E+02
    0.250685788334517861E-02    0.153227053003272090E+04    0.147907617155410048E+04    0.274486562222042618E+01    0.208615819395894420E+02
    0.236700618059531914E-02    0.153238533840862851E+04    0.147929697787363079E+04    0.273689694198500266E+01    0.209237740839737398E+02
    0.294046295871144446E-02    0.153195145621618190E+04    0.148012510599462416E+04    0.273954317527877578E+01    0.202900502174014008E+02
    0.264658625121809909E-02    0.153216204908707095E+04    0.148011288354317526E+04    0.273825358291932996E+01    0.213666714850317021E+02
    0.219928721797211504E-02    0.153253232365991471E+04    0.147908413164898479E+04    0.275401431792908236E+01    0.207308813599019146E+02
    0.349368984757606827E-02    0.153160667341074554E+04    0.148052404809375548E+04    0.274152121389947157E+01    0.208743796076793018E+02
    0.231824754396506077E-02    0.153242696722946266E+04    0.147918896564137731E+04    0.274807488979370174E+01    0.203397966394241791E+02
    0.333662035539427325E-02    0.153169867344186719E+04    0.148001548819254504E+04    0.274007292379387835E+01    0.211089203201259039E+02
    0.227683595318609912E-02    0.153246301681332216E+04    0.147916416401313268E+04    0.275117498072618671E+01    0.204194215186292070E+02
    0.210478441429361608E-02    0.153262016420023429E+04    0.147983232049973935E+04    0.273020475052090150E+01    0.205227602181199131E+02
    0.234471626102168273E-02    0.153240426149769746E+04    0.148110728101008976E+04    0.273949976597900768E+01    0.211649563918066690E+02
    0.246664522282555049E-02    0.153230287225587790E+04    0.148051256749687718E+04    0.273051954458764534E+01    0.205515390508232798E+02
    0.277236525701561208E-02    0.153206918861349345E+04    0.147947004740315492E+04    0.274179109272039989E+01    0.211572635594621659E+02
    0.257011544945891105E-02    0.153222068865225492E+04    0.147928702618761645E+04    0.273853882994358910E+01    0.208085118745209741E+02
    0.216804502325749484E-02    0.153256093859089424E+04    0.148029942499800222E+04    0.272956754086770026E+01    0.211408269343781114E+02
    0.357624368496919053E-02    0.153155996429287643E+04    0.148008559154654222E+04    0.274071612074679827E+01    0.205816347861180589E+02
    0.364087175841822097E-02    0.153152414399789723E+04    0.148011400399095919E+04    0.274404715724709680E+01    0.206208895581793996E+02
    0.329974806887291510E-02    0.153172089804640336E+04    0.148018253584194326E+04    0.274499969627801033E+01    0.204432587819020455E+02
    0.239303199585727761E-02    0.153236346793310486E+04    0.148069302204064934E+04    0.274115279896753528E+01    0.214086856672832226E+02
    0.270272559861528452E-02    0.153212006880239687E+04    0.148072006122213043E+04    0.274833237354522986E+01    0.207942524011545800E+02
    0.216178767578916907E-02    0.153256671927782554E+04    0.148062078952306729E+04    0.275221973705723144E+01    0.211054673168625158E+02
    0.278400522448091301E-02    0.153206080905382828E+04    0.148069132240576619E+04    0.274757216709299446E+01    0.209658186108893716E+02
    0.277581913140998934E-02    0.153206669851972674E+04    0.147999458068689637E+04    0.274843826498841581E+01    0.202871331562161998E+02
    0.261923029518461997E-02    0.153218282930369378E+04    0.147970604526207308E+04    0.275488782023595302E+01    0.208692230726425407E+02
    0.264994041529779739E-02    0.153215951598208403E+04    0.148075412342482423E+04    0.274363245940677158E+01    0.203841144576182955E+02
    0.210740352998656840E-02    0.153261767702153747E+04    0.148014603987509190E+04    0.275552681212487460E+01    0.211749864411359994E+02
    0.284352775490040021E-02    0.153201849939490785E+04    0.148039975805975359E+04    0.274877394123999474E+01    0.204660705068422999E+02
    0.306708112047377390E-02    0.153186713762351656E+04    0.147987315466063387E+04    0.273600888253948327E+01    0.205972592695691219E+02
    0.215141797237629502E-02    0.153257633599841620E+04    0.148020013352184060E+04    0.272846280820420262E+01    0.206183280674748630E+02
    0.276633673769030716E-02    0.153207354235681578E+04    0.148045475995831657E+04    0.274360636365058363E+01    0.202719674983588618E+02
    0.294555275724881806E-02    0.153194799730607929E+04    0.147946641703937985E+04    0.274274157578865685E+01    0.204692250546119681E+02
    0.263913623130576430E-02    0.153216768693496806E+04    0.147941926395103656E+04    0.275087874131188048E+01    0.211166436194268670E+02
    0.253843161057597071E-02    0.153224549746366347E+04    0.148078008734064360E+04    0.274231769513459733E+01    0.203189050092821475E+02
    0.240088899592126332E-02    0.153235691212451934E+04    0.148104182865468488E+04    0.274539929407253558E+01    0.208687117282986208E+02
    0.235880493264291422E-02    0.153239228007937163E+04    0.148043898989556033E+04    0.275261996586140478E+01    0.205174531409173255E+02
    0.311945072755881632E-02    0.153183327641706092E+04    0.147985139642084846E+04    0.274997180116525675E+01    0.205303402798342205E+02
    0.232568134982507084E-02    0.153242056419239680E+04    0.148117906294842123E+04    0.274144948699351643E+01    0.210156773670583448E+02
    0.279832162026751909E-02    0.153205055065974148E+04    0.148035503903891527E+04    0.273334116229975344E+01    0.210855026835947257E+02
    0.229513841233638244E-02    0.153244700398782788E+04    0.148031750378206061E+04    0.273535948058240486E+01    0.201518731372792388E+02
    0.277392525695465374E-02    0.153206806353720958E+04    0.147968294619351764E+04    0.275376131348160946E+01    0.208672348982591274E+02
    0.324437147804972677E-02    0.153175474700790232E+04    0.147961096464095294E+04    0.274341683378832624E+01    0.210314059176817381E+02
    0.245239145059973629E-02    0.153231446299045979E+04    0.147979009249575438E+04    0.274229994303891411E+01    0.214421388949456428E+02
    0.300235403840373944E-02    0.153190979697111607E+04    0.147992302394824901E+04    0.274236100275125461E+01    0.202968502200307341E+02
    0.267362596246949885E-02    0.153214171911300787E+04    0.147942848727898763E+04    0.273738757859502568E+01    0.208914945428327457E+02
    0.300604493759877188E-02    0.153190733981094809E+04    0.147953341468337840E+04    0.274111058929228957E+01    0.210542759157167154E+02
    0.212171811581706804E-02    0.153260413790708731E+04    0.147964960299910717E+04    0.275816087543717536E+01    0.207116373814664172E+02
