    0.126588501930236816E+04    0.519245791435241699E+01    0.906330585479736328E+02   -0.887816736236465804E+05   -0.460515351937698814E+01    1
    0.125617588162422180E+04    0.486178731918334961E+01   -0.434846997261047363E+02   -0.800226633042696049E+05   -0.461515351937698259E+01    1
    0.120463575124740601E+04    0.367466914653778076E+01   -0.919529557228088379E+02   -0.481176529502278572E+05   -0.462515351937698149E+01    1
    0.122235779762268066E+04    0.384966164827346802E+01    0.458883047103881836E+02   -0.425474719887586471E+05   -0.463515351937698661E+01    1
    0.136722963452339172E+04    0.466025239229202271E+01    0.371975660324096680E+02   -0.313873871536370898E+05   -0.464515351937698728E+01    1
    0.144836561679840088E+04    0.514777177572250366E+01   -0.774567484855651855E+02   -0.261575194264598467E+05   -0.465515351937698174E+01    1
    0.143129247426986694E+04    0.479454022645950317E+01    0.956872224807739258E+02   -0.213574592405139738E+05   -0.466515351937698153E+01    1
    0.138833248615264893E+04    0.395169842243194580E+01    0.616752266883850098E+02   -0.162636668973477263E+05   -0.467515351937698398E+01    1
    0.148123395442962646E+04    0.493576711416244507E+01    0.484381437301635742E+02   -0.149860972905408889E+05   -0.468515351937698377E+01    1
    0.137392659783363342E+04    0.347057807445526123E+01   -0.828392148017883301E+02   -0.137431844885130158E+05   -0.469515351937698444E+01    1
    0.125950886011123657E+04    0.295285898447036743E+01    0.555248975753784180E+02   -0.136595721106801284E+05   -0.470515351937698423E+01    1
    0.126931476593017578E+04    0.280830597877502441E+01   -0.767627716064453125E+02   -0.133957407644084651E+05   -0.471515351937698135E+01    1
    0.148435475230216980E+04    0.486598640680313110E+01    0.811483740806579590E+02   -0.131856313893563347E+05   -0.472515351937698025E+01    1
    0.148137064576148987E+04    0.484614485502243042E+01    0.334166288375854492E+01   -0.128113000179107294E+05   -0.473515351937698448E+01    1
    0.146368497610092163E+04    0.462551134824752808E+01    0.717438101768493652E+02   -0.104267845446854062E+05   -0.474515351937698782E+01    1
    0.126174010038375854E+04    0.258882832527160645E+01   -0.177893638610839844E+02   -0.949064439268042770E+04   -0.475515351937698494E+01    1
    0.187463170886039734E+04    0.254626864194869995E+01    0.613553404808044434E+02   -0.923911679238601937E+04   -0.476515351937698117E+01    1
    0.153628844022750854E+04    0.494471657276153564E+01   -0.473123788833618164E+02   -0.904669010534372865E+04   -0.477515351937698451E+01    1
    0.202225439548492432E+04    0.301419878005981445E+01   -0.543523311614990234E+02   -0.893154011877778248E+04   -0.478515351937698341E+01    1
    0.196504274010658264E+04    0.273373341560363770E+01   -0.120180964469909668E+02   -0.864621437463372604E+04   -0.479515351937697876E+01    1
    0.195746361613273621E+04    0.326966398954391479E+01   -0.474045634269714355E+02   -0.848698675225546140E+04   -0.480515351937698032E+01    1
    0.195523085594177246E+04    0.262082314491271973E+01    0.107974767684936523E+02   -0.843694965168459566E+04   -0.481515351937698277E+01    1
    0.194470967650413513E+04    0.364045202732086182E+01   -0.642913579940795898E+02   -0.842062982033206390E+04   -0.482515351937698345E+01    1
    0.215205532908439636E+04    0.280637621879577637E+01   -0.931673526763916016E+02   -0.759457785357427565E+04   -0.483515351937698323E+01    1
    0.218477856516838074E+04    0.499473065137863159E+01   -0.625527381896972656E+02   -0.758992993115218906E+04   -0.484515351937698480E+01    1
    0.186341582536697388E+04    0.537280446290969849E+01    0.495195865631103516E+02   -0.753556603663145506E+04   -0.485515351937698814E+01    1
    0.175796347856521606E+04    0.288121360540390015E+01    0.835396647453308105E+02   -0.749659631757294846E+04   -0.486515351937698437E+01    1
    0.173597897291183472E+04    0.271275550127029419E+01   -0.978304147720336914E+01   -0.741225351136425434E+04   -0.487515351937698149E+01    1
    0.212813616991043091E+04    0.250219511985778809E+01    0.940923929214477539E+02   -0.731002637573124684E+04   -0.488515351937698572E+01    1
    0.234841217398643494E+04    0.502465963363647461E+01   -0.939626216888427734E+02   -0.719232003973340034E+04   -0.489515351937698817E+01    1
    0.199228180646896362E+04    0.412908899784088135E+01   -0.554754853248596191E+02   -0.717032439307261484E+04   -0.490515351937698973E+01    1
    0.158113626837730408E+04    0.516076922416687012E+01    0.917062759399414062E+02   -0.695383649791342759E+04   -0.491515351937698775E+01    1
    0.197257687449455261E+04    0.499820446968078613E+01    0.912279605865478516E+02   -0.692194380868978897E+04   -0.492515351937698220E+01    1
    0.220624498128890991E+04    0.458047956228256226E+01   -0.949044942855834961E+02   -0.675707985789385930E+04   -0.493515351937698199E+01    1
    0.225403273701667786E+04    0.465674084424972534E+01   -0.965260028839111328E+02   -0.672984532105572362E+04   -0.494515351937698799E+01    1
    0.186368687748908997E+04    0.393661528825759888E+01   -0.929029703140258789E+02   -0.669726936474428476E+04   -0.495515351937699045E+01    1
    0.196593949198722839E+04    0.497507739067077637E+01    0.785618782043457031E+02   -0.650287189231014509E+04   -0.496515351937698846E+01    1
    0.176906719207763672E+04    0.536927753686904907E+01    0.221251368522644043E+02   -0.647320822860353474E+04   -0.497515351937698824E+01    1
    0.202281362414360046E+04    0.333296501636505127E+01    0.367044568061828613E+02   -0.646239744983651781E+04   -0.498515351937698359E+01    1
    0.239565448164939880E+04    0.545452708005905151E+01    0.241528749465942383E+01   -0.638924782772002982E+04   -0.499515351937698426E+01    1
    0.188087776303291321E+04    0.450006443262100220E+01   -0.589982390403747559E+02   -0.630830197980785306E+04   -0.500515351937698583E+01    1
    0.219338849782943726E+04    0.431251972913742065E+01   -0.846628427505493164E+02   -0.627031420817522030E+04   -0.501515351937698384E+01    1
    0.206179578304290771E+04    0.328238892555236816E+01    0.598645806312561035E+02   -0.622593455368849664E+04   -0.502515351937698451E+01    1
    0.202782428860664368E+04    0.415180248022079468E+01   -0.300159454345703125E+01   -0.608162198521675236E+04   -0.503515351937698608E+01    1
    0.199609467387199402E+04    0.502303028106689453E+01    0.348823189735412598E+02   -0.602278590661478029E+04   -0.504515351937698409E+01    1
    0.230017279982566833E+04    0.517610126733779907E+01    0.818969368934631348E+02   -0.601975304348216105E+04   -0.505515351937698298E+01    1
    0.205906793475151062E+04    0.464739710092544556E+01    0.343589186668395996E+02   -0.577907297561113683E+04   -0.506515351937698455E+01    1
    0.222905804514884949E+04    0.288362795114517212E+01   -0.871294856071472168E+02   -0.572303588226678221E+04   -0.507515351937697989E+01    1
    0.212836598157882690E+04    0.319692516326904297E+01   -0.199469327926635742E+01   -0.558551220327758710E+04   -0.508515351937698501E+01    1
    0.224526969790458679E+04    0.510845917463302612E+01    0.860650181770324707E+02   -0.558505842013006622E+04   -0.509515351937699013E+01    1
    0.178816638588905334E+04    0.524431896209716797E+01    0.475398778915405273E+02   -0.549315939847695336E+04   -0.510515351937699080E+01    1
    0.218759821653366089E+04    0.496053981781005859E+01    0.323946475982666016E+02   -0.539525848146615772E+04   -0.511515351937698348E+01    1
    0.179818264842033386E+04    0.430042260885238647E+01   -0.890383243560791016E+02   -0.537498592918203576E+04   -0.512515351937698238E+01    1
    0.163592932820320129E+04    0.275752210617065430E+01    0.969518780708312988E+02   -0.520965669127972797E+04   -0.513515351937698394E+01    1
    0.173889620304107666E+04    0.493573904037475586E+01   -0.939849495887756348E+02   -0.516861645930260784E+04   -0.514515351937697751E+01    1
    0.146004983782768250E+04    0.410380542278289795E+01    0.648406147956848145E+02   -0.508437241559223639E+04   -0.515515351937698085E+01    1
    0.175577986240386963E+04    0.522690141201019287E+01    0.158316254615783691E+02   -0.504061452991899296E+04   -0.516515351937698330E+01    1
    0.211276391744613647E+04    0.412207072973251343E+01    0.102842092514038086E+02   -0.503494724470941492E+04   -0.517515351937698220E+01    1
    0.228379973173141479E+04    0.499183851480484009E+01   -0.701828002929687500E+01   -0.500706059991508300E+04   -0.518515351937698643E+01    1
    0.227930746078491211E+04    0.389329922199249268E+01   -0.786443352699279785E+02   -0.493786931053951594E+04   -0.519515351937698533E+01    1
    0.218378575444221497E+04    0.476859343051910400E+01    0.656802654266357422E+01   -0.493663768474681819E+04   -0.520515351937697623E+01    1
    0.172986464500427246E+04    0.341173237562179565E+01   -0.234452605247497559E+02   -0.491914413670552494E+04   -0.521515351937698224E+01    1
    0.217340268492698669E+04    0.410327452421188354E+01   -0.215318202972412109E+01   -0.484127455864105832E+04   -0.522515351937697670E+01    1
    0.223990884423255920E+04    0.503108531236648560E+01    0.203638434410095215E+02   -0.468148574968735011E+04   -0.523515351937698092E+01    1
    0.187293872237205505E+04    0.471622258424758911E+01    0.986926555633544922E+01   -0.466378766505618751E+04   -0.524515351937698071E+01    1
    0.244713391661643982E+04    0.524960541725158691E+01   -0.236741662025451660E+02   -0.465308555517047898E+04   -0.525515351937698583E+01    1
    0.244206782579421997E+04    0.529369378089904785E+01   -0.110762357711791992E+02   -0.457815598526112717E+04   -0.526515351937698739E+01    1
    0.151372251510620117E+04    0.440479236841201782E+01   -0.991894364356994629E+02   -0.451273704340685254E+04   -0.527515351937698007E+01    1
    0.173117917180061340E+04    0.444946420192718506E+01   -0.875034570693969727E+02   -0.441649059701177794E+04   -0.528515351937697542E+01    1
    0.225027793049812317E+04    0.334705680608749390E+01   -0.369651079177856445E+02   -0.439851696920466020E+04   -0.529515351937697609E+01    1
    0.236683064699172974E+04    0.408100163936614990E+01   -0.949316859245300293E+02   -0.423890307464481884E+04   -0.530515351937697677E+01    1
    0.226790432333946228E+04    0.253180044889450073E+01    0.880320191383361816E+02   -0.421927386175327229E+04   -0.531515351937698188E+01    1
    0.236495962738990784E+04    0.481540799140930176E+01    0.774734973907470703E+02   -0.415683256842534684E+04   -0.532515351937698078E+01    1
    0.179430766701698303E+04    0.466048431396484375E+01   -0.264078974723815918E+02   -0.408531055324484987E+04   -0.533515351937697613E+01    1
    0.281731309294700623E+04    0.516148018836975098E+01   -0.760653257369995117E+02   -0.408401239155343592E+04   -0.534515351937697680E+01    1
    0.238720515370368958E+04    0.273992753028869629E+01   -0.846631526947021484E+02   -0.406950602685091008E+04   -0.535515351937698103E+01    1
    0.181781280040740967E+04    0.382214987277984619E+01    0.421615719795227051E+02   -0.403346507487610415E+04   -0.536515351937698171E+01    1
    0.281908339262008667E+04    0.544992852210998535E+01   -0.415780186653137207E+02   -0.400052135225085885E+04   -0.537515351937698238E+01    1
    0.283217657804489136E+04    0.259391415119171143E+01   -0.866494655609130859E+02   -0.394079387173521536E+04   -0.538515351937698128E+01    1
    0.282035850286483765E+04    0.514661985635757446E+01   -0.590055584907531738E+02   -0.389483689029506058E+04   -0.539515351937698018E+01    1
    0.267799655795097351E+04    0.530247694253921509E+01   -0.857990741729736328E+02   -0.385495030574923794E+04   -0.540515351937698263E+01    1
    0.279750521183013916E+04    0.530510944128036499E+01    0.985133886337280273E+02   -0.382326174038051522E+04   -0.541515351937698153E+01    1
    0.185072349309921265E+04    0.434058958292007446E+01    0.300048112869262695E+02   -0.381000590031939100E+04   -0.542515351937697865E+01    1
    0.166149638295173645E+04    0.448680555820465088E+01   -0.683153152465820312E+02   -0.379911248691241917E+04   -0.543515351937697933E+01    1
    0.254829148054122925E+04    0.265734767913818359E+01   -0.739827275276184082E+02   -0.374663195538107402E+04   -0.544515351937698178E+01    1
    0.271582651734352112E+04    0.256642705202102661E+01   -0.486917138099670410E+02   -0.362498893201317787E+04   -0.545515351937698245E+01    1
    0.249837249517440796E+04    0.257205611467361450E+01   -0.372682690620422363E+02   -0.348308455875241543E+04   -0.546515351937698401E+01    1
    0.238255754313705893E+04    0.470692522181996686E+01   -0.100503116544947773E+02   -0.333432729917555753E+04   -0.547515351937698025E+01    1
    0.165930881659293505E+04    0.424151330402988336E+01   -0.913809334359629020E+02   -0.333412992213236703E+04   -0.548515351937698004E+01    1
    0.268645703196525574E+04    0.496433693170547485E+01   -0.678955316543579102E+02   -0.332924882850215818E+04   -0.549515351937697805E+01    1
    0.221715576648712158E+04    0.329536116123199463E+01    0.278419375419616699E+02   -0.325997442372137311E+04   -0.550515351937697694E+01    1
    0.277159941792488098E+04    0.488620758056640625E+01   -0.522293925285339355E+02   -0.323227743061669389E+04   -0.551515351937698295E+01    1
    0.275146718621253967E+04    0.425659924745559692E+01   -0.945503354072570801E+02   -0.321627716913719996E+04   -0.552515351937698185E+01    1
    0.225606809957514270E+04    0.394749037171938344E+01    0.482577622330509257E+02   -0.315069290412917871E+04   -0.553515351937698163E+01    1
    0.287965062260627747E+04    0.397387528419494629E+01    0.953282475471496582E+02   -0.312985524559109308E+04   -0.554515351937698142E+01    1
    0.250015708208084106E+04    0.481871694326400757E+01    0.946057200431823730E+02   -0.310324345931260359E+04   -0.555515351937698032E+01    1
    0.263533836653712842E+04    0.292689419009085627E+01   -0.970940284898496770E+02   -0.310261960873430962E+04   -0.556515351937698544E+01    1
    0.245990576004391687E+04    0.287051404938466437E+01   -0.592711117543107022E+02   -0.308171450137825468E+04   -0.557515351937698611E+01    1
    0.239047565052238997E+04    0.257666486840733588E+01   -0.184858273504194699E+02   -0.303117739294528110E+04   -0.558515351937698146E+01    1
    0.284625507593154907E+04    0.364451646804809570E+01   -0.580147504806518555E+02   -0.296502886849824745E+04   -0.559515351937697680E+01    1
    0.276571137208488108E+04    0.501580952367541233E+01    0.828323412321545618E+02   -0.296045127330175910E+04   -0.560515351937697748E+01    1
    0.151043108105659485E+04    0.327199089527130127E+01   -0.386897683143615723E+02   -0.294180549243957648E+04   -0.561515351937697904E+01    1
    0.273193055987358093E+04    0.389715194702148438E+01   -0.885720610618591309E+02   -0.289250630296506279E+04   -0.562515351937698060E+01    1
    0.274959069490432739E+04    0.353285664319992065E+01   -0.769833207130432129E+02   -0.286332628837393304E+04   -0.563515351937698039E+01    1
    0.168629951772057939E+04    0.482479770684156772E+01    0.385323884362766762E+02   -0.286124148056554668E+04   -0.564515351937698284E+01    1
    0.166040335893630981E+04    0.393856292963027954E+01   -0.531239271163940430E+02   -0.285759134886504307E+04   -0.565515351937698085E+01    1
    0.253033293485641479E+04    0.300744712352752686E+01   -0.897365570068359375E+02   -0.284529306961705333E+04   -0.566515351937697975E+01    1
    0.275340913534164429E+04    0.425942075252532959E+01   -0.546415090560913086E+02   -0.282273178580438662E+04   -0.567515351937697954E+01    1
    0.251954951882362366E+04    0.374172580242156982E+01   -0.943208217620849609E+02   -0.282208090950417500E+04   -0.568515351937697666E+01    1
    0.239531503319740295E+04    0.380938738584518433E+01   -0.431664466857910156E+02   -0.282101390368886496E+04   -0.569515351937697734E+01    1
    0.263866086602210999E+04    0.448242890834808350E+01   -0.648436903953552246E+02   -0.281924149299482860E+04   -0.570515351937697890E+01    1
    0.251560515030977785E+04    0.394743409834627368E+01   -0.846375299500078597E+02   -0.274923298432106003E+04   -0.571515351937697780E+01    1
    0.272970104217529297E+04    0.522590506076812744E+01   -0.130146145820617676E+02   -0.271771840278858326E+04   -0.572515351937697403E+01    1
    0.248069624900817871E+04    0.345280736684799194E+01   -0.775722980499267578E+02   -0.269483317362014122E+04   -0.573515351937697382E+01    1
    0.270666012458558771E+04    0.510184455206732856E+01    0.720691775562764292E+02   -0.269049111233656276E+04   -0.574515351937697805E+01    1
    0.271080628428653790E+04    0.448727910064596358E+01   -0.335214876664917938E+02   -0.268938499538144515E+04   -0.575515351937698227E+01    1
    0.160361910462379456E+04    0.464813524484634399E+01    0.695586204528808594E+01   -0.268768839833182437E+04   -0.576515351937698384E+01    1
    0.238962008950573363E+04    0.349230278361350166E+01   -0.390638027484620523E+02   -0.268590932720126330E+04   -0.577515351937697918E+01    1
    0.159698273539543152E+04    0.454905337095260620E+01   -0.719356536865234375E+01   -0.266211908381456306E+04   -0.578515351937698075E+01    1
    0.232027105998909110E+04    0.347767456560217392E+01    0.835649018570881310E+02   -0.265616924329369795E+04   -0.579515351937698409E+01    1
    0.276954992591366999E+04    0.260531138433248133E+01    0.646848322987824531E+02   -0.264185430765367164E+04   -0.580515351937698565E+01    1
    0.252556647062301636E+04    0.374908149242401123E+01   -0.858896374702453613E+02   -0.263953099576923933E+04   -0.581515351937698366E+01    1
    0.251025246837663144E+04    0.323544414061092089E+01   -0.630124066475949007E+02   -0.263690650326074638E+04   -0.582515351937698256E+01    1
    0.264476404786109924E+04    0.477832376956939697E+01   -0.410187244415283203E+02   -0.262773201809174043E+04   -0.583515351937698412E+01    1
    0.173734239144875824E+04    0.455481079524683352E+01    0.204331459540384515E+02   -0.261294173208351276E+04   -0.584515351937698391E+01    1
    0.274854372726891688E+04    0.406911770778403969E+01   -0.401120791976917630E+02   -0.260000294740214986E+04   -0.585515351937697837E+01    1
    0.244349558056230444E+04    0.415232741314410436E+01    0.969756410234944326E+02   -0.258963137229392669E+04   -0.586515351937697371E+01    1
    0.281149423718452454E+04    0.270933157205581665E+01    0.735133528709411621E+02   -0.255965804841942736E+04   -0.587515351937697705E+01    1
    0.279992208480834961E+04    0.326052641868591309E+01   -0.369673252105712891E+02   -0.253992921368902807E+04   -0.588515351937697684E+01    1
    0.226437926022207739E+04    0.341190225690555060E+01    0.409536103753157761E+02   -0.252535692523653051E+04   -0.589515351937697751E+01    1
    0.282709873318672180E+04    0.435448485612869263E+01    0.330458879470825195E+01   -0.251975155418505256E+04   -0.590515351937697286E+01    1
    0.261593962207312097E+04    0.531500535322909951E+01    0.272661392699944543E+02   -0.251545868321220541E+04   -0.591515351937697531E+01    1
    0.267738990783691406E+04    0.518406653404235840E+01   -0.791052579879760742E+01   -0.249171134999532251E+04   -0.592515351937697687E+01    1
    0.159667296161602735E+04    0.458519609073471379E+01    0.126813400824630946E+02   -0.248615009325907658E+04   -0.593515351937697400E+01    1
    0.226742007732391357E+04    0.334868240356445312E+01    0.447263717651367188E+02   -0.248299034487094013E+04   -0.594515351937698000E+01    1
    0.170541552086346360E+04    0.375344366352593495E+01    0.196994520456336346E+02   -0.247980124829826764E+04   -0.595515351937698156E+01    1
    0.225562956333160400E+04    0.351169526576995850E+01    0.180445313453674316E+02   -0.246454569904898290E+04   -0.596515351937697336E+01    1
    0.234574968218803406E+04    0.343770331144332886E+01   -0.176200628280639648E+02   -0.244356180751039801E+04   -0.597515351937696959E+01    1
    0.242328329781517778E+04    0.283060851578394468E+01   -0.199158661825013468E+02   -0.242062793317106025E+04   -0.598515351937697559E+01    1
    0.269141505940606203E+04    0.525652021698846106E+01    0.332250471566975421E+02   -0.241531247986617745E+04   -0.599515351937697627E+01    1
    0.157543333172798157E+04    0.409916967153549194E+01   -0.767911434173583984E+02   -0.240592967184407371E+04   -0.600515351937697517E+01    1
    0.289534317255020142E+04    0.300689494609832764E+01    0.852046847343444824E+02   -0.240529957071093304E+04   -0.601515351937697851E+01    1
    0.263874324560165405E+04    0.266122812032699585E+01   -0.346171855926513672E+01   -0.237895357339471866E+04   -0.602515351937697829E+01    1
    0.241402411460876465E+04    0.257097536325454712E+01    0.325459480285644531E+02   -0.237631986402633265E+04   -0.603515351937697453E+01    1
    0.272521464824676514E+04    0.456860953569412231E+01   -0.217857837677001953E+02   -0.235955077109945796E+04   -0.604515351937697520E+01    1
    0.165403445298766133E+04    0.459700650117295595E+01    0.397420691295433812E+02   -0.234966111406182472E+04   -0.605515351937697410E+01    1
    0.261967840194702148E+04    0.492007851600646973E+01    0.745752096176147461E+02   -0.234499285058298574E+04   -0.606515351937697478E+01    1
    0.263235370588336446E+04    0.301465806074753218E+01   -0.359772777892428337E+02   -0.234386434614527116E+04   -0.607515351937697723E+01    1
    0.169241831302642822E+04    0.446232932806015015E+01    0.220226168632507324E+02   -0.232857452625030146E+04   -0.608515351937697790E+01    1
    0.151158885379954631E+04    0.373745187576315674E+01   -0.489338908359151290E+02   -0.231485673476446755E+04   -0.609515351937697769E+01    1
    0.263615421652793884E+04    0.258169168233871460E+01    0.567931294441223145E+02   -0.230634634867259865E+04   -0.610515351937697481E+01    1
    0.168009907007217407E+04    0.373294264078140259E+01    0.754798650741577148E+01   -0.228649492803562180E+04   -0.611515351937697282E+01    1
    0.152846552133560181E+04    0.391640609502792358E+01   -0.807255625724792480E+02   -0.228199043222072851E+04   -0.612515351937697528E+01    1
    0.254380325701243510E+04    0.509959046395233528E+01    0.233537380408713489E+02   -0.226115711775949421E+04   -0.613515351937697417E+01    1
    0.159344050999881028E+04    0.397749586981937409E+01   -0.802459349292237789E+02   -0.224515310099843828E+04   -0.614515351937697485E+01    1
    0.253440459724621087E+04    0.469481724130084377E+01    0.745998240487787996E+02   -0.223696709955655570E+04   -0.615515351937697819E+01    1
    0.228776563757814711E+04    0.344552394807396389E+01    0.436677221908173010E+02   -0.222933441801584377E+04   -0.616515351937697620E+01    1
    0.241104102436316953E+04    0.452931291001308267E+01    0.305468132774171579E+02   -0.222546861825290034E+04   -0.617515351937697776E+01    1
    0.263895248770713806E+04    0.442929756641387939E+01   -0.295959353446960449E+02   -0.221921535573288020E+04   -0.618515351937698288E+01    1
    0.282033502106646392E+04    0.400814346035518376E+01    0.543275685846831493E+02   -0.221031401302083714E+04   -0.619515351937698000E+01    1
    0.233079746028050022E+04    0.369969953599489720E+01    0.578817380714089609E+02   -0.220831259388260332E+04   -0.620515351937697535E+01    1
    0.264122334471639260E+04    0.253533526122490782E+01    0.211180177814776187E+02   -0.220277267193185935E+04   -0.621515351937697247E+01    1
    0.229119624419726961E+04    0.342023719622901368E+01    0.468903065888301001E+02   -0.220259081337778480E+04   -0.622515351937697314E+01    1
    0.286137413882315514E+04    0.386423915160185150E+01    0.384054670226944381E+02   -0.219530879086811865E+04   -0.623515351937697559E+01    1
    0.246742209196090698E+04    0.421845358610153198E+01    0.888062834739685059E+02   -0.219369432743347807E+04   -0.624515351937698071E+01    1
    0.252429744005203247E+04    0.380517828464508057E+01   -0.499218106269836426E+02   -0.219320741903594853E+04   -0.625515351937697694E+01    1
    0.151923309317188478E+04    0.368549189069367333E+01   -0.314379691670914241E+02   -0.219158848611480062E+04   -0.626515351937697407E+01    1
    0.252578838916513268E+04    0.473032160727964701E+01    0.639109388735749917E+02   -0.218580573877653251E+04   -0.627515351937697385E+01    1
    0.166078364770346661E+04    0.357359601432394136E+01    0.170404324420793785E+02   -0.216375786613098444E+04   -0.628515351937697986E+01    1
    0.261333071565575392E+04    0.384048480197072362E+01   -0.373747375562452504E+02   -0.216259284806624237E+04   -0.629515351937697432E+01    1
    0.162074389234598812E+04    0.350780713710675229E+01    0.495172995818309403E+01   -0.215937052490192627E+04   -0.630515351937697766E+01    1
    0.257064838684300457E+04    0.385555116314704538E+01   -0.373112573734614372E+02   -0.215675943209245179E+04   -0.631515351937697567E+01    1
    0.259526879771801305E+04    0.254953857595923994E+01    0.265203498923157497E+02   -0.214421805630418703E+04   -0.632515351937697190E+01    1
    0.152951831817626953E+04    0.329961764812469482E+01   -0.991646051406860352E+01   -0.213749602383668889E+04   -0.633515351937697790E+01    1
    0.164743090266799572E+04    0.420396480040679688E+01    0.888962051564550677E+02   -0.213089423741842302E+04   -0.634515351937697858E+01    1
    0.288641778809104926E+04    0.376947227167243160E+01    0.118000656818747700E+02   -0.212604435263058440E+04   -0.635515351937697659E+01    1
    0.156477642259536265E+04    0.293260845744915200E+01   -0.364833011928011430E+02   -0.211961899173541678E+04   -0.636515351937697371E+01    1
    0.270384055404835635E+04    0.419157510264267152E+01    0.797705271741572517E+02   -0.208840486134233515E+04   -0.637515351937697350E+01    1
    0.263324370858808288E+04    0.462610767164560954E+01    0.815383991400661330E+02   -0.205027751706763092E+04   -0.638515351937697861E+01    1
    0.262417269945144653E+04    0.325493490695953369E+01    0.962285757064819336E+02   -0.201385545344364573E+04   -0.639515351937698195E+01    1
    0.248907079696655273E+04    0.400396859645843506E+01    0.900740146636962891E+02   -0.200043418769387472E+04   -0.640515351937697730E+01    1
    0.265729961609339807E+04    0.297934190019933176E+01   -0.261581046600130662E+02   -0.199511858486442088E+04   -0.641515351937697620E+01    1
    0.249771573715885643E+04    0.424137115579216761E+01   -0.224384332892533394E+02   -0.198400047644208826E+04   -0.642515351937697776E+01    1
    0.255637462677542999E+04    0.273950433377810665E+01    0.621718542403664287E+02   -0.197537085718961953E+04   -0.643515351937697222E+01    1
    0.259091504292022364E+04    0.293674551528492689E+01    0.893814659002838141E+02   -0.195662872526241404E+04   -0.644515351937697556E+01    1
    0.259844144049868510E+04    0.339821585739626553E+01    0.957019191298881822E+02   -0.194812877162804011E+04   -0.645515351937697535E+01    1
    0.151461789712305972E+04    0.373916112663237943E+01    0.836750481745872889E+02   -0.194594475910735241E+04   -0.646515351937697513E+01    1
    0.152742487662288977E+04    0.251618783754690423E+01    0.336265723678393726E+02   -0.194153495452269181E+04   -0.647515351937697048E+01    1
    0.277900717361280749E+04    0.415730688551949079E+01    0.120700630518146568E+02   -0.193812853071101563E+04   -0.648515351937697559E+01    1
    0.261175216047350750E+04    0.382647595773786975E+01    0.934343155100033016E+02   -0.193736889471166705E+04   -0.649515351937697538E+01    1
    0.150454947791013842E+04    0.398354650258911658E+01   -0.156334526816012840E+02   -0.192250519840521065E+04   -0.650515351937697694E+01    1
    0.160097299177418131E+04    0.367985195293716849E+01    0.970618231797327269E+02   -0.190916063048774481E+04   -0.651515351937697318E+01    1
    0.282060160336165609E+04    0.346328420220419897E+01    0.576445427510208788E+02   -0.190673355682564716E+04   -0.652515351937697652E+01    1
    0.235135330600785983E+04    0.393073182155069389E+01    0.247052555858805505E+02   -0.189195344547047853E+04   -0.653515351937697631E+01    1
    0.259342667460441589E+04    0.456656926870346069E+01   -0.203840970993041992E+02   -0.188888805921454536E+04   -0.654515351937697609E+01    1
    0.254001420736312866E+04    0.374026560783386230E+01    0.932808279991149902E+02   -0.188602834788040263E+04   -0.655515351937696966E+01    1
    0.283587193059348010E+04    0.357298325747980927E+01    0.490124537428563087E+02   -0.187354426158666615E+04   -0.656515351937697567E+01    1
    0.256467751860618591E+04    0.304364246129989624E+01    0.903464078903198242E+02   -0.186923782143661697E+04   -0.657515351937698256E+01    1
    0.278539480566978455E+04    0.390340954065322876E+01    0.451472163200378418E+02   -0.186818197569937274E+04   -0.658515351937698501E+01    1
    0.246108190417289734E+04    0.387602418661117554E+01    0.842457890510559082E+02   -0.185298285821572517E+04   -0.659515351937696881E+01    1
    0.263474119901657104E+04    0.496211355924606323E+01    0.309229016304016113E+02   -0.184225706602266700E+04   -0.660515351937696948E+01    1
    0.258626475954701345E+04    0.493862723466436115E+01    0.471826256517119305E+02   -0.182104649046796180E+04   -0.661515351937697371E+01    1
    0.264592334436206056E+04    0.462172118827813172E+01   -0.700814354006465123E+01   -0.181547980316373150E+04   -0.662515351937697705E+01    1
    0.270660961406544220E+04    0.476977837508809088E+01    0.275256080002039596E+02   -0.181273096378372657E+04   -0.663515351937697861E+01    1
    0.159816593300397381E+04    0.289397274083305023E+01    0.264313053402624121E+02   -0.181208808766586299E+04   -0.664515351937698107E+01    1
    0.288825106058189476E+04    0.338010878609707310E+01    0.506644589919856401E+02   -0.181108087861686727E+04   -0.665515351937697286E+01    1
    0.243896071776313420E+04    0.286329904355907328E+01    0.646187247402430387E+01   -0.180652751065967777E+04   -0.666515351937697353E+01    1
    0.270642653107643127E+04    0.397876441478729248E+01   -0.146160960197448730E+02   -0.179559634312104163E+04   -0.667515351937697510E+01    1
    0.247601637332119662E+04    0.354167303765818620E+01    0.893014488805659141E+02   -0.178996222635189179E+04   -0.668515351937697488E+01    1
    0.276177162889007013E+04    0.398675681763798817E+01    0.438181504121876628E+02   -0.177118920137521377E+04   -0.669515351937697734E+01    1
    0.261124139078982535E+04    0.275372552753695432E+01    0.641505929506904238E+01   -0.177102750851355404E+04   -0.670515351937697446E+01    1
    0.288678201189153970E+04    0.318908871001215433E+01    0.371717915664173404E+02   -0.176752907935153735E+04   -0.671515351937697247E+01    1
    0.274044949724352227E+04    0.272385306520920345E+01    0.502161949915712285E+02   -0.176595197515102927E+04   -0.672515351937697314E+01    1
    0.248542386702130034E+04    0.457029647993316601E+01    0.547868969187463222E+02   -0.175758436527649087E+04   -0.673515351937697382E+01    1
    0.262376840114593506E+04    0.417184913158416748E+01    0.799572587013244629E+02   -0.175666660926428767E+04   -0.674515351937697183E+01    1
    0.268324410645196122E+04    0.328333321634936182E+01    0.730179801964806074E+02   -0.175550560848333839E+04   -0.675515351937697428E+01    1
    0.151952595663343436E+04    0.300889522473510862E+01   -0.147643254190286513E+02   -0.175128814127658211E+04   -0.676515351937697584E+01    1
    0.267370682768907591E+04    0.299277491478062574E+01    0.681796788405114285E+02   -0.174396470834548791E+04   -0.677515351937697829E+01    1
    0.247160509617252956E+04    0.321717276014584019E+01    0.716950445667810641E+02   -0.173258589143480185E+04   -0.678515351937697098E+01    1
    0.249150232231134714E+04    0.301080659221736280E+01    0.808642237876003946E+02   -0.173069861044928984E+04   -0.679515351937697432E+01    1
    0.160909523035777102E+04    0.427759485647663862E+01   -0.111176705588141402E+02   -0.172866774728128735E+04   -0.680515351937697410E+01    1
    0.264544088990328237E+04    0.374823339929894850E+01   -0.220256294349357802E+02   -0.172398617955169379E+04   -0.681515351937697567E+01    1
    0.268512710332870483E+04    0.459513247013092041E+01    0.395067095756530762E+02   -0.171565400922785921E+04   -0.682515351937697723E+01    1
    0.261642334952424790E+04    0.454393778503127788E+01   -0.405134299244480189E+01   -0.170921336609286664E+04   -0.683515351937697613E+01    1
    0.236512466847162341E+04    0.318743159483704064E+01    0.451314393492800150E+02   -0.169518298444987227E+04   -0.684515351937697059E+01    1
    0.241817159757442641E+04    0.426656561520250932E+01    0.445630998445317061E+02   -0.169019811593648205E+04   -0.685515351937697126E+01    1
    0.261120328341193635E+04    0.300747213898545773E+01    0.805690207984189328E+02   -0.168894622171383207E+04   -0.686515351937697371E+01    1
    0.252020595930725176E+04    0.432721482006353675E+01   -0.405375410040829820E+01   -0.168714735111085974E+04   -0.687515351937697083E+01    1
    0.261347634667954162E+04    0.466118318711645685E+01    0.400175462922516090E+01   -0.168558236888528677E+04   -0.688515351937697062E+01    1
    0.154950634704058075E+04    0.407890429501843865E+01    0.666359435642128801E+02   -0.167199831793517569E+04   -0.689515351937697307E+01    1
    0.157492426703364845E+04    0.418683211092989893E+01   -0.601787869813155396E+01   -0.167072347299084413E+04   -0.690515351937697019E+01    1
    0.247984496049083555E+04    0.404960951576971695E+01   -0.436029187324409406E+01   -0.167051873960236207E+04   -0.691515351937697176E+01    1
    0.246564924824665013E+04    0.340744526446834861E+01    0.709892278593547132E+02   -0.166794698746802965E+04   -0.692515351937697421E+01    1
    0.264012609307076673E+04    0.290562398327904958E+01    0.626767250466497785E+02   -0.166489735480550826E+04   -0.693515351937697400E+01    1
    0.260723138427126014E+04    0.490786579072158435E+01    0.249719549990850851E+02   -0.166013307308123171E+04   -0.694515351937697556E+01    1
    0.260772156109439129E+04    0.443928269577272161E+01   -0.200354061886984880E+01   -0.165695425386046827E+04   -0.695515351937697623E+01    1
    0.267541421962828917E+04    0.453506452745005539E+01    0.496889752795879076E+02   -0.164514189311947257E+04   -0.696515351937697869E+01    1
    0.258008953038413347E+04    0.307444620692795656E+01    0.754552473092126093E+02   -0.163906606858930854E+04   -0.697515351937697670E+01    1
    0.157137841761330060E+04    0.410368986497507127E+01    0.804335945379781663E+02   -0.163729722143414074E+04   -0.698515351937697471E+01    1
    0.263930634129913506E+04    0.282904947446251143E+01    0.580728740827689194E+01   -0.162953384573718881E+04   -0.699515351937697627E+01    1
    0.268342753052711487E+04    0.376808887720108032E+01   -0.403954982757568359E+01   -0.162540164192178941E+04   -0.700515351937697339E+01    1
    0.157959486842155457E+04    0.332933795452117920E+01    0.331024765968322754E+02   -0.162299241098831953E+04   -0.701515351937697229E+01    1
    0.250601717829704285E+04    0.363967937231063843E+01   -0.212065219879150391E+02   -0.162280233789858517E+04   -0.702515351937697385E+01    1
    0.285724859563598602E+04    0.329302897752535451E+01    0.280984955553271334E+02   -0.162023598327175455E+04   -0.703515351937696920E+01    1
    0.240034326983048595E+04    0.389039939371307675E+01    0.318593582898859893E+02   -0.161860378855623389E+04   -0.704515351937696899E+01    1
    0.237676853185394975E+04    0.386996698931988981E+01    0.154138477850762001E+02   -0.161218029030052412E+04   -0.705515351937697233E+01    1
    0.258919843061869051E+04    0.459911558709237855E+01    0.437994078374460116E+01   -0.161170582105195444E+04   -0.706515351937697300E+01    1
    0.260316017862235140E+04    0.319363075875395852E+01    0.760817881769227711E+02   -0.160401598945861542E+04   -0.707515351937697190E+01    1
    0.262090263039931733E+04    0.479311492291847685E+01    0.419776894270625291E+02   -0.160287618919545866E+04   -0.708515351937697524E+01    1
    0.266542051981952227E+04    0.398164540376365306E+01   -0.863339934897263106E+01   -0.159168661960224608E+04   -0.709515351937697947E+01    1
    0.262030015200470143E+04    0.462932346542141016E+01    0.557884731833937622E+02   -0.157892384739642694E+04   -0.710515351937697481E+01    1
    0.164652265830293891E+04    0.432077626405408832E+01    0.135592627419843978E+02   -0.157706122926370040E+04   -0.711515351937697194E+01    1
    0.155881085619704982E+04    0.295380363274596380E+01    0.723935988119530123E+02   -0.157458312454427278E+04   -0.712515351937697261E+01    1
    0.154706736158328567E+04    0.274953153790709726E+01    0.459535020655641802E+01   -0.156810288500846855E+04   -0.713515351937696796E+01    1
    0.241390102617957064E+04    0.409521414407061535E+01    0.488013238626273562E+02   -0.156713622532310069E+04   -0.714515351937696508E+01    1
    0.257401397793394608E+04    0.328333303322411041E+01    0.766381463680433228E+02   -0.156521150659770728E+04   -0.715515351937696753E+01    1
    0.261179376982154645E+04    0.305724965105686541E+01   -0.389308815040593004E+00   -0.155758448982775599E+04   -0.716515351937696821E+01    1
    0.272867170658618306E+04    0.386732445068783326E+01    0.412542701683741200E+02   -0.154955027513573350E+04   -0.717515351937696444E+01    1
    0.248951987436911713E+04    0.345696025165788967E+01    0.683472298697455187E+02   -0.154599275221576045E+04   -0.718515351937696511E+01    1
    0.241650291214916979E+04    0.362704957342894252E+01    0.428741359219324636E+01   -0.154552643858501506E+04   -0.719515351937696845E+01    1
    0.268584055304527283E+04    0.348974442481994629E+01    0.605877041816711426E+02   -0.154382715310287176E+04   -0.720515351937697446E+01    1
    0.252604148669052120E+04    0.350629700866535154E+01    0.810964096592341264E+02   -0.154376394178941223E+04   -0.721515351937697869E+01    1
    0.250422556179976391E+04    0.392602326506858823E+01    0.638700274476518643E+02   -0.154134569270999191E+04   -0.722515351937697670E+01    1
    0.272394678439950530E+04    0.375192978961348444E+01    0.519785325796225948E+02   -0.154022537322568246E+04   -0.723515351937696849E+01    1
    0.239550492167472839E+04    0.398956048488616943E+01    0.230839371681213379E+02   -0.153646035382086234E+04   -0.724515351937696384E+01    1
    0.263324412598873096E+04    0.426260679339983284E+01    0.600728475385377862E+02   -0.153588418248579978E+04   -0.725515351937697073E+01    1
    0.279711883766322126E+04    0.335452747235609294E+01    0.276599442142945833E+02   -0.153100720262194136E+04   -0.726515351937697051E+01    1
    0.246189637776341533E+04    0.332601244159077680E+01   -0.573083588699056179E+01   -0.152824197482469049E+04   -0.727515351937696853E+01    1
    0.250283236911212316E+04    0.312435563275801886E+01   -0.274634027801153024E+01   -0.152760651744028746E+04   -0.728515351937696742E+01    1
    0.249093910669817433E+04    0.321710199716732204E+01   -0.238215137068664262E+01   -0.152498960158260115E+04   -0.729515351937696988E+01    1
    0.271382184118338273E+04    0.348892917582633633E+01    0.561672282631224107E+01   -0.152447377626847629E+04   -0.730515351937697766E+01    1
    0.265454099622833292E+04    0.395695880416511114E+01    0.608483143761734482E+02   -0.152397279098747231E+04   -0.731515351937697655E+01    1
    0.249463959926982625E+04    0.438727533676595538E+01    0.352865770606667866E+02   -0.152332438451843291E+04   -0.732515351937697723E+01    1
    0.151958966093962522E+04    0.392437580423201204E+01    0.578849852075064177E+02   -0.151607156568240407E+04   -0.733515351937697524E+01    1
    0.256086201667785645E+04    0.400105983018875122E+01    0.655888080596923828E+02   -0.151320967635841794E+04   -0.734515351937696614E+01    1
    0.251701960859196743E+04    0.317361681931341533E+01   -0.153082066879698573E+02   -0.151282888274597281E+04   -0.735515351937696948E+01    1
    0.153678517207774576E+04    0.292583498074736514E+01    0.827926506582828381E+02   -0.150974509912039457E+04   -0.736515351937697105E+01    1
    0.263236911860663713E+04    0.379479356949769819E+01    0.631182832012881647E+02   -0.150869545555220839E+04   -0.737515351937696906E+01    1
    0.265443164429766875E+04    0.327142041000697947E+01   -0.135487045416517304E+02   -0.150612011672614426E+04   -0.738515351937697240E+01    1
    0.155931067397248239E+04    0.418705244120951026E+01    0.129781828641697388E+02   -0.150351943148376995E+04   -0.739515351937697218E+01    1
    0.161941998526625002E+04    0.414068013432357773E+01    0.623894185330126447E+02   -0.150289827928339855E+04   -0.740515351937697464E+01    1
    0.262745243257023776E+04    0.388958336123174853E+01   -0.131314566216064748E+02   -0.150164301692922072E+04   -0.741515351937697265E+01    1
    0.272534796869901402E+04    0.325083912480680759E+01    0.582179788144987356E+02   -0.149602146662348059E+04   -0.742515351937696799E+01    1
    0.270793358705081664E+04    0.400406277312376169E+01    0.398898536414764919E+02   -0.149348548453338481E+04   -0.743515351937697044E+01    1
    0.249383796693464592E+04    0.346983429063784854E+01   -0.169899863908227644E+02   -0.149316239019744535E+04   -0.744515351937697023E+01    1
    0.158877579791474432E+04    0.299849103594087651E+01    0.274916847897016510E+02   -0.149288811419713284E+04   -0.745515351937696646E+01    1
    0.279578892186337089E+04    0.313684819485020316E+01    0.509142736660157595E+02   -0.149283602125049583E+04   -0.746515351937696536E+01    1
    0.269186135530471802E+04    0.347680509090423584E+01    0.582970023155212402E+02   -0.148518814063723630E+04   -0.747515351937696515E+01    1
    0.247177442908287048E+04    0.391479104757308960E+01    0.603720068931579590E+02   -0.148257096786984926E+04   -0.748515351937696671E+01    1
    0.241207576001339658E+04    0.389604706607658358E+01    0.524830384098436298E+02   -0.148038664457322102E+04   -0.749515351937696561E+01    1
    0.276453954223438632E+04    0.346387853112129607E+01    0.177241439536192331E+02   -0.147241677280607109E+04   -0.750515351937696362E+01    1
    0.164386716804307753E+04    0.373077701171580989E+01    0.511481672205468101E+02   -0.147205939395262749E+04   -0.751515351937696874E+01    1
    0.267378958102115848E+04    0.429482498021803494E+01    0.447827080876309083E+02   -0.146929310614047336E+04   -0.752515351937696853E+01    1
    0.151387550247715808E+04    0.279887295803671510E+01    0.878447096108909875E+02   -0.145090271633131715E+04   -0.753515351937696742E+01    1
    0.240635004090025723E+04    0.399539671280947495E+01    0.211318962417713010E+02   -0.144798898383516212E+04   -0.754515351937696721E+01    1
    0.164507404719060537E+04    0.372243140194541056E+01    0.265296216032369756E+02   -0.144294696951632045E+04   -0.755515351937696877E+01    1
    0.266981476750793900E+04    0.293572375875810865E+01    0.573224499672358832E+02   -0.143625983834523095E+04   -0.756515351937697211E+01    1
    0.161214182060330904E+04    0.378446702243646182E+01    0.792985458542982826E+02   -0.142797916298999098E+04   -0.757515351937696835E+01    1
    0.273442295294208634E+04    0.366210621476006537E+01    0.202703882504526263E+02   -0.141955767308970189E+04   -0.758515351937696991E+01    1
    0.258913462758064270E+04    0.358805972337722778E+01   -0.140062808990478516E+02   -0.141653460796980403E+04   -0.759515351937697325E+01    1
    0.247909788411478985E+04    0.311521489393332462E+01    0.450190452468442004E+01   -0.141496290029474767E+04   -0.760515351937697126E+01    1
    0.263723406817887007E+04    0.286714683299309581E+01    0.535863542906365922E+02   -0.140026068305123886E+04   -0.761515351937696572E+01    1
    0.270678128004074097E+04    0.385686284303665161E+01    0.282658696174621582E+02   -0.139715272258288951E+04   -0.762515351937696639E+01    1
    0.239649366899569577E+04    0.363503879514389183E+01    0.299868166045025646E+02   -0.139037912579973818E+04   -0.763515351937696973E+01    1
    0.278599073453649362E+04    0.317214218861742081E+01    0.269431032337129182E+02   -0.139014405670958172E+04   -0.764515351937696952E+01    1
    0.145390993650882911E+04    0.272996954996850105E+01    0.555069407719264518E+01   -0.138991208845609253E+04   -0.765515351937697019E+01    1
    0.270927949996942198E+04    0.313342984830052895E+01    0.650748452240539166E+01   -0.138649882940033626E+04   -0.766515351937697087E+01    1
    0.246966364074830381E+04    0.405242343274058570E+01    0.802323144554870282E+01   -0.138374674289707241E+04   -0.767515351937697066E+01    1
    0.272228768968288023E+04    0.361533136622527795E+01    0.155905415578154702E+02   -0.138077600083705192E+04   -0.768515351937697044E+01    1
    0.259034654412430700E+04    0.366241424964346152E+01   -0.762917323943244696E+01   -0.137764359575465187E+04   -0.769515351937697201E+01    1
    0.242778398363186443E+04    0.353738556773245483E+01    0.571889104305323315E+01   -0.137691449872815701E+04   -0.770515351937697446E+01    1
    0.252750590217200443E+04    0.336895631468783296E+01   -0.888065022719072772E+01   -0.137234888588360400E+04   -0.771515351937697069E+01    1
    0.273774966311292928E+04    0.332324348556360238E+01    0.415677203866064247E+02   -0.136854442603662983E+04   -0.772515351937696959E+01    1
    0.274295994312769881E+04    0.330936916715496032E+01    0.463057956132041681E+02   -0.136737583859163283E+04   -0.773515351937697382E+01    1
    0.238451464020693493E+04    0.354967448914036154E+01    0.139317361428204549E+02   -0.136429194643853180E+04   -0.774515351937697538E+01    1
    0.253703077430373514E+04    0.367610161161405102E+01   -0.938861149391520655E+01   -0.136423696108602462E+04   -0.775515351937697517E+01    1
    0.147074215998693967E+04    0.302373375600719951E+01    0.667139482970117683E+02   -0.136422827058653957E+04   -0.776515351937697407E+01    1
    0.145052192324556063E+04    0.279144581822858440E+01    0.178798198548646212E+02   -0.136313531093976781E+04   -0.777515351937697297E+01    1
    0.270931262068182195E+04    0.371508735673587687E+01    0.141761280153618117E+02   -0.136187623831114979E+04   -0.778515351937696565E+01    1
    0.238599892503082401E+04    0.347588528054182833E+01    0.422649918113875742E+02   -0.136146809419395345E+04   -0.779515351937696011E+01    1
    0.255586742187906748E+04    0.364541000867897047E+01   -0.576790330528484674E+01   -0.135995087073455738E+04   -0.780515351937696522E+01    1
    0.158768875521219979E+04    0.357867063755495485E+01    0.425426047184774632E+02   -0.135893927169440167E+04   -0.781515351937697123E+01    1
    0.263682087437060000E+04    0.297823320045416340E+01    0.578407151985608436E+02   -0.135829932834909323E+04   -0.782515351937697279E+01    1
    0.245742593579383129E+04    0.427245428965122631E+01    0.220590600517966067E+02   -0.135706852200705248E+04   -0.783515351937697524E+01    1
    0.265101712034867251E+04    0.292293896059198310E+01    0.328564954708381265E+02   -0.134208903257565362E+04   -0.784515351937695993E+01    1
    0.274042527446705526E+04    0.339501438866198324E+01    0.253615363543747065E+02   -0.134140511292303836E+04   -0.785515351937696593E+01    1
    0.268958942815957289E+04    0.388809574625192411E+01    0.126400045078901826E+02   -0.133652646197974173E+04   -0.786515351937697016E+01    1
    0.252623809553412593E+04    0.389095726724149271E+01    0.349039536272013606E+01   -0.133557038207947039E+04   -0.787515351937697172E+01    1
    0.246482503151083483E+04    0.292871943225091780E+01    0.282392210650347408E+02   -0.133246069459986893E+04   -0.788515351937697417E+01    1
    0.255340326619042753E+04    0.324718203890645007E+01    0.289633565729960196E+01   -0.133221261565437453E+04   -0.789515351937696952E+01    1
    0.148590920754350714E+04    0.287588863974944697E+01    0.838349621677913035E+02   -0.132982510856887825E+04   -0.790515351937697019E+01    1
    0.238465573716507333E+04    0.360268457598046155E+01    0.224103189995556562E+02   -0.132489905402013824E+04   -0.791515351937696643E+01    1
    0.266237860893273137E+04    0.384525313427837556E+01    0.528139705903313370E+02   -0.131761020918631607E+04   -0.792515351937696444E+01    1
    0.250711887005211884E+04    0.287323142353059735E+01    0.507772054088474647E+02   -0.131314927726786414E+04   -0.793515351937696778E+01    1
    0.266920072090012127E+04    0.357276398622215785E+01    0.347223406512755162E+02   -0.130664233756690783E+04   -0.794515351937696490E+01    1
    0.154258106598692120E+04    0.385588830635868263E+01   -0.809509842926003387E+01   -0.130643755760187651E+04   -0.795515351937696735E+01    1
    0.257811286226033690E+04    0.334990517150217126E+01    0.608968031028992982E+02   -0.130286759171338281E+04   -0.796515351937696447E+01    1
    0.251750066876411438E+04    0.451326930522918701E+01    0.210496544837951660E+02   -0.129809879215168712E+04   -0.797515351937695893E+01    1
    0.241392860268809636E+04    0.341561701254962680E+01    0.308479861407842009E+02   -0.128995248332551455E+04   -0.798515351937696582E+01    1
    0.257844684810705530E+04    0.398140024151680061E+01    0.425563677687344466E+01   -0.128871523685473085E+04   -0.799515351937696650E+01    1
    0.253211508240543390E+04    0.320541202052605367E+01    0.596963998825256112E+02   -0.128393414247926194E+04   -0.800515351937696096E+01    1
    0.145368438307975066E+04    0.279666799238380026E+01    0.141304357159716290E+02   -0.127755014254254752E+04   -0.801515351937696785E+01    1
    0.154553823406566426E+04    0.274447060682138000E+01    0.238844940454317367E+02   -0.127271438325123586E+04   -0.802515351937697652E+01    1
    0.147408780455589294E+04    0.269826370477676392E+01    0.768873929977416992E+02   -0.127000000175631794E+04   -0.803515351937696920E+01    1
    0.264522928903965203E+04    0.285357678357796196E+01    0.170398670227642555E+02   -0.126913692371162506E+04   -0.804515351937696543E+01    1
    0.261872986825959879E+04    0.371545103040998548E+01    0.572020060647276409E+02   -0.126638379092809782E+04   -0.805515351937697233E+01    1
    0.274574635234659308E+04    0.324237190044016943E+01    0.237149393397054951E+02   -0.126432513033267674E+04   -0.806515351937697034E+01    1
    0.158499585108101428E+04    0.363371400475155593E+01    0.713101936458191688E+01   -0.126113395190163465E+04   -0.807515351937696657E+01    1
    0.152382944610159211E+04    0.279625108564136760E+01   -0.227328798907883822E+01   -0.125600210635221038E+04   -0.808515351937696636E+01    1
    0.152262890917454115E+04    0.385779981113459280E+01    0.219250791323133143E+02   -0.125136615479335114E+04   -0.809515351937696259E+01    1
    0.247893508235133231E+04    0.411328466160329231E+01    0.491834314386696008E+02   -0.125086272379103229E+04   -0.810515351937696593E+01    1
    0.263495097288405759E+04    0.360633590980284779E+01    0.706469212583715489E+01   -0.124815468781360801E+04   -0.811515351937696572E+01    1
    0.162898425343459917E+04    0.372455065964453036E+01    0.122840412868876854E+02   -0.124741659064230612E+04   -0.812515351937696728E+01    1
    0.154235041646103696E+04    0.367756739312326264E+01    0.826916639635864215E+01   -0.124596675678461952E+04   -0.813515351937696707E+01    1
    0.271144899575130194E+04    0.317360755859986909E+01    0.466559907924920196E+02   -0.124180210856661802E+04   -0.814515351937696508E+01    1
    0.253259249602550426E+04    0.418096524134035086E+01    0.844954910042447693E+01   -0.123762108559361400E+04   -0.815515351937696664E+01    1
    0.250929088652473274E+04    0.431523350645727710E+01    0.141861281727719870E+02   -0.122921513465672933E+04   -0.816515351937696643E+01    1
    0.267795314523974685E+04    0.368699083915910020E+01    0.146411475819506478E+02   -0.122809978358779108E+04   -0.817515351937696622E+01    1
    0.245054588895820962E+04    0.402742672354948006E+01    0.166394441912274971E+02   -0.122680995628404980E+04   -0.818515351937696600E+01    1
    0.162512092707096622E+04    0.415067357337290943E+01    0.341810187252301318E+02   -0.122673917555468620E+04   -0.819515351937696224E+01    1
    0.250499643990202640E+04    0.435895265283712163E+01    0.221084157502048839E+02   -0.122322220094388922E+04   -0.820515351937696558E+01    1
    0.269139353906245424E+04    0.326404115562381447E+01    0.410466845257820978E+02   -0.122098914273676928E+04   -0.821515351937696714E+01    1
    0.247163478742561665E+04    0.369956035585313803E+01    0.562729878770348648E+02   -0.122092602321779259E+04   -0.822515351937696693E+01    1
    0.155397728803915606E+04    0.283639700052855037E+01    0.141678487928960948E+02   -0.122080539680681431E+04   -0.823515351937696671E+01    1
    0.148595401048660278E+04    0.281318509578704834E+01    0.752725481986999512E+02   -0.121824163576053024E+04   -0.824515351937696295E+01    1
    0.250699680387323497E+04    0.288701667381121041E+01    0.249941203760031243E+02   -0.120664629769821954E+04   -0.825515351937696096E+01    1
    0.265475897929629627E+04    0.294484016269124416E+01    0.126822138671037123E+02   -0.120557981333871658E+04   -0.826515351937696252E+01    1
    0.264119163985485739E+04    0.335078622020533246E+01    0.545024255352007572E+02   -0.120280136826960711E+04   -0.827515351937696408E+01    1
    0.261795175917024881E+04    0.342421131480565855E+01    0.561635347654921588E+02   -0.120265673219342148E+04   -0.828515351937696565E+01    1
    0.256200013160705566E+04    0.429694467782974243E+01    0.303874731063842773E+02   -0.120086469094818744E+04   -0.829515351937696543E+01    1
    0.159598307904142621E+04    0.418641571095702059E+01    0.242015670520950010E+02   -0.119661127071665305E+04   -0.830515351937696344E+01    1
    0.154564788469468112E+04    0.378651751608568654E+01    0.586897721632954017E+02   -0.119179685132019790E+04   -0.831515351937696146E+01    1
    0.262755377079965092E+04    0.371451306665241443E+01    0.530430885932390481E+02   -0.119159142763937598E+04   -0.832515351937696302E+01    1
    0.257499488706460716E+04    0.399165068410857238E+01    0.558198116796031627E+02   -0.118817832883948790E+04   -0.833515351937696813E+01    1
    0.262127665174542835E+04    0.386083186637076503E+01    0.526484525790572491E+02   -0.118589881117784421E+04   -0.834515351937696437E+01    1
    0.150616407441355682E+04    0.250403509177073857E+01    0.384954050899540903E+02   -0.117842601727357714E+04   -0.835515351937696593E+01    1
    0.160009442160562367E+04    0.412652189799514968E+01    0.328135821425417191E+02   -0.117098794958962526E+04   -0.836515351937696927E+01    1
    0.262510939120809053E+04    0.349128167805290968E+01    0.344561650586920507E+02   -0.117041738123964114E+04   -0.837515351937696906E+01    1
    0.264518889752284576E+04    0.397594031655256153E+01    0.273198470044626589E+02   -0.116948652874443087E+04   -0.838515351937696174E+01    1
    0.264762747327538091E+04    0.346259996119428060E+01    0.106318765013103445E+02   -0.116871617483173645E+04   -0.839515351937695975E+01    1
    0.251681954186244820E+04    0.306303861149463286E+01    0.368597690828078157E+02   -0.116513937540810457E+04   -0.840515351937696487E+01    1
    0.244545768602077897E+04    0.338426225241773437E+01    0.525117998381233519E+02   -0.116351845544274875E+04   -0.841515351937696821E+01    1
    0.262851455092337983E+04    0.295822302932222403E+01    0.282529709341171724E+02   -0.115892082413467756E+04   -0.842515351937696266E+01    1
    0.249555020220831057E+04    0.299212305511333820E+01    0.509733632171771944E+02   -0.115793423954968966E+04   -0.843515351937695534E+01    1
    0.149714474422779972E+04    0.267797341213162765E+01   -0.494377696455417492E+01   -0.115513380267588423E+04   -0.844515351937695691E+01    1
    0.151074394185087226E+04    0.278548111402631804E+01    0.209095431631716622E+01   -0.115272384236303651E+04   -0.845515351937696202E+01    1
    0.158185812747793511E+04    0.408624337196834020E+01    0.105587903114338104E+02   -0.114991866097409343E+04   -0.846515351937696536E+01    1
    0.266911678758526887E+04    0.325927571819011641E+01    0.447381335406768130E+02   -0.114776819664148843E+04   -0.847515351937696160E+01    1
    0.244138563424332733E+04    0.386815750616214382E+01    0.201913349290557989E+02   -0.114561124625690491E+04   -0.848515351937696316E+01    1
    0.253803688648139359E+04    0.400141954958950397E+01    0.539644065376775472E+02   -0.114179150904870494E+04   -0.849515351937696295E+01    1
    0.251919211741026174E+04    0.290684374133786605E+01    0.192949152726991997E+02   -0.113858659658065017E+04   -0.850515351937696629E+01    1
    0.155187373041840647E+04    0.287994723669948272E+01    0.405703382742057101E+02   -0.113818695145764741E+04   -0.851515351937696785E+01    1
    0.260924816973677434E+04    0.401279232230286809E+01    0.106721992051573693E+02   -0.113508878655754006E+04   -0.852515351937696408E+01    1
    0.263262839920990336E+04    0.370986072496642549E+01    0.426013158910161565E+02   -0.113374106183841195E+04   -0.853515351937696032E+01    1
    0.148811109212008887E+04    0.279043371230066128E+01   -0.660154513288611611E+01   -0.113259052267870538E+04   -0.854515351937695655E+01    1
    0.248464172145900375E+04    0.335225154706415340E+01    0.360977884917918743E+02   -0.113215869053546089E+04   -0.855515351937696344E+01    1
    0.256119652946255064E+04    0.395937049269785524E+01    0.346358732072577027E+02   -0.113013421625597857E+04   -0.856515351937696323E+01    1
    0.255326238727700093E+04    0.317185941168043017E+01    0.854241958669091161E+01   -0.112950195521532078E+04   -0.857515351937696124E+01    1
    0.149712157527008594E+04    0.273609718371939081E+01    0.183050957218671329E+01   -0.112599129894157045E+04   -0.858515351937696103E+01    1
    0.150852875876631379E+04    0.253938433201348035E+01    0.391348489309895058E+02   -0.112480432737070350E+04   -0.859515351937696259E+01    1
    0.241224422604405436E+04    0.346453151314428442E+01    0.172649986854208919E+02   -0.112133865571411093E+04   -0.860515351937696771E+01    1
    0.269040668946302048E+04    0.313300743492724321E+01    0.247416123307031057E+02   -0.112112525653987564E+04   -0.861515351937696039E+01    1
    0.249439055289225143E+04    0.323252168728161315E+01    0.372992860520266731E+02   -0.111879174659116961E+04   -0.862515351937695662E+01    1
    0.263375560796054924E+04    0.306554680183281203E+01    0.415951227880201202E+02   -0.111864838024667415E+04   -0.863515351937696352E+01    1
    0.259189448849058135E+04    0.298983201623626593E+01    0.118122551579138388E+02   -0.111710330192843503E+04   -0.864515351937696508E+01    1
    0.257098648560730317E+04    0.292104073631236139E+01    0.240178567167276924E+02   -0.111675272610690877E+04   -0.865515351937695954E+01    1
    0.255396507307591128E+04    0.337615874875739808E+01    0.558316641695469684E+02   -0.111604724617941611E+04   -0.866515351937696288E+01    1
    0.248940606045376489E+04    0.309030443247526376E+01    0.121605215754494651E+02   -0.111474811918138244E+04   -0.867515351937696266E+01    1
    0.249118055644029528E+04    0.409446866972691481E+01    0.169243477809770440E+02   -0.111359465361811817E+04   -0.868515351937696423E+01    1
    0.262994494343050201E+04    0.323295662758835434E+01    0.391290756419967636E+02   -0.111247150030186049E+04   -0.869515351937696934E+01    1
    0.162079028855581259E+04    0.377288020028975346E+01    0.337007252344533583E+02   -0.111129604498908702E+04   -0.870515351937696735E+01    1
    0.160487638115882874E+04    0.377872991561889648E+01    0.562486767768859863E+02   -0.110823662094231167E+04   -0.871515351937696181E+01    1
    0.153166383103360954E+04    0.288289913659874886E+01    0.523807295966427375E+02   -0.110756490291772661E+04   -0.872515351937695982E+01    1
    0.246683845182496498E+04    0.353776819246879048E+01    0.372491034936784899E+02   -0.110543890746759735E+04   -0.873515351937696316E+01    1
    0.248490542626088154E+04    0.396395805414603020E+01    0.266770197177346233E+02   -0.110503633923914617E+04   -0.874515351937695762E+01    1
    0.263156950915040761E+04    0.319481741935561381E+01    0.301173113151502605E+02   -0.110168125173050339E+04   -0.875515351937695741E+01    1
    0.246919610868879863E+04    0.379215402725968254E+01    0.475942998543288809E+02   -0.109709972547294183E+04   -0.876515351937696252E+01    1
    0.257041581185360155E+04    0.368578753461721309E+01    0.350752062350443339E+02   -0.109572907373166481E+04   -0.877515351937696231E+01    1
    0.262525160604595521E+04    0.355074897698350789E+01    0.433062672609156323E+02   -0.109559135212077967E+04   -0.878515351937696209E+01    1
    0.263044498519644094E+04    0.385710061308234087E+01    0.266931534301522788E+02   -0.109530989373628722E+04   -0.879515351937696188E+01    1
    0.267858610304973536E+04    0.329396114841049847E+01    0.217150342239353478E+02   -0.108958136770838655E+04   -0.880515351937695812E+01    1
    0.254515474769601406E+04    0.379215501188445003E+01    0.336574570076251405E+02   -0.108677667428548261E+04   -0.881515351937695790E+01    1
    0.163284482733691448E+04    0.381855965716907964E+01    0.180401502619802301E+02   -0.108609873954323757E+04   -0.882515351937695769E+01    1
    0.246711667521954314E+04    0.385336248350982036E+01    0.151568137497950488E+02   -0.108583872938326226E+04   -0.883515351937695925E+01    1
    0.254151543217356766E+04    0.327707679975314692E+01    0.900642247181160371E+01   -0.108536542820875593E+04   -0.884515351937695904E+01    1
    0.255691601823655219E+04    0.293676586769815406E+01    0.182142334249928268E+02   -0.108460760144347341E+04   -0.885515351937696238E+01    1
    0.257960314480321904E+04    0.418715762184415841E+01    0.134542257203743816E+02   -0.108319736970734380E+04   -0.886515351937696394E+01    1
    0.257898900710016187E+04    0.397337802677281005E+01    0.506531266442308095E+02   -0.108232213239153816E+04   -0.887515351937696018E+01    1
    0.262324350231207700E+04    0.399228677142809252E+01    0.255953369643103343E+02   -0.108187161617254060E+04   -0.888515351937696174E+01    1
    0.247220387264811416E+04    0.316559044636427966E+01    0.266564145505732881E+02   -0.107969476935146577E+04   -0.889515351937696330E+01    1
    0.250610012248910425E+04    0.316400200223494243E+01    0.395864835569086893E+02   -0.107809558486840024E+04   -0.890515351937696309E+01    1
    0.247533837128848336E+04    0.366849558740922799E+01    0.509606174633356659E+02   -0.107389611630051718E+04   -0.891515351937696288E+01    1
    0.257183216895046962E+04    0.406364635282269226E+01    0.417035417770319157E+02   -0.107371758826096266E+04   -0.892515351937696089E+01    1
    0.263044869343353457E+04    0.325497365291251750E+01    0.289857938973046885E+02   -0.106825383010555197E+04   -0.893515351937696423E+01    1
    0.264910132519279250E+04    0.348251142100006916E+01    0.218830362545437538E+02   -0.106801792184539158E+04   -0.894515351937696579E+01    1
    0.250806509958002880E+04    0.392810369299307727E+01    0.476503657552211450E+02   -0.106741253287793916E+04   -0.895515351937696202E+01    1
    0.266454621251730759E+04    0.322951172176684009E+01    0.244866478926225000E+02   -0.106600178047335953E+04   -0.896515351937696181E+01    1
    0.261213682749074269E+04    0.360506929456903524E+01    0.293720712498661669E+02   -0.106562525568387264E+04   -0.897515351937695982E+01    1
    0.253373208045959473E+04    0.349956828355789185E+01    0.545109748840332031E+02   -0.106415635113987378E+04   -0.898515351937695428E+01    1
    0.255410229057499419E+04    0.304638455936656349E+01    0.126242067925832941E+02   -0.106400132182142534E+04   -0.899515351937695407E+01    1
    0.243235805556096693E+04    0.351037499788214280E+01    0.148303622173994114E+02   -0.106280622949255553E+04   -0.900515351937695741E+01    1
    0.263515789421242243E+04    0.301149326388116823E+01    0.249189969188760756E+02   -0.105838468425683618E+04   -0.901515351937696252E+01    1
    0.258992234526675020E+04    0.407384264384629802E+01    0.134698224995255913E+02   -0.105557558270847790E+04   -0.902515351937696408E+01    1
    0.156985200748855800E+04    0.400585555495800971E+01    0.385980603004771297E+02   -0.105327019357618497E+04   -0.903515351937696032E+01    1
    0.262164335832748930E+04    0.333507171981547135E+01    0.448219842947266045E+02   -0.105153915672456060E+04   -0.904515351937695833E+01    1
    0.149609507343427458E+04    0.284497559490329133E+01    0.279921573800389751E+02   -0.105127241709996065E+04   -0.905515351937695989E+01    1
    0.146802635553334107E+04    0.266416314866827575E+01    0.618895993729890392E+01   -0.105090525829532771E+04   -0.906515351937695790E+01    1
    0.252505580731114560E+04    0.313112856515603655E+01    0.291115161359531953E+02   -0.105074673353193293E+04   -0.907515351937695591E+01    1
    0.261575971825938450E+04    0.407078531460919102E+01    0.204825422346306851E+02   -0.105027499010301312E+04   -0.908515351937695925E+01    1
    0.162755856779438136E+04    0.398756946355231001E+01    0.262285510026797084E+02   -0.105004480541345538E+04   -0.909515351937696437E+01    1
    0.260095103117804138E+04    0.373220754138302002E+01    0.450076600809290142E+02   -0.104768433864845929E+04   -0.910515351937696060E+01    1
    0.250068441359836197E+04    0.364984589454757380E+01    0.519281924140123010E+02   -0.104674545746217154E+04   -0.911515351937695506E+01    1
    0.143690592949222059E+04    0.252727057610397310E+01    0.451119823181076924E+02   -0.104628119389391918E+04   -0.912515351937696195E+01    1
    0.243536366820335388E+04    0.362546133995056152E+01    0.208832859992980957E+02   -0.104577478212834444E+04   -0.913515351937696529E+01    1
    0.245373613161756430E+04    0.372445478328765756E+01    0.168879139702184204E+02   -0.104536385753595619E+04   -0.914515351937696153E+01    1
    0.258164793949931709E+04    0.379020695008698372E+01    0.495367533618464790E+02   -0.104461906285826080E+04   -0.915515351937696131E+01    1
    0.260004108689577106E+04    0.347825757292619908E+01    0.486920265196466460E+02   -0.104058028102582011E+04   -0.916515351937695577E+01    1
    0.256122386234602936E+04    0.314808560819299688E+01    0.413729579739194264E+02   -0.103980907279396274E+04   -0.917515351937695733E+01    1
    0.255717403420316168E+04    0.395668375881857548E+01    0.486726281741223374E+02   -0.103840968594467040E+04   -0.918515351937696067E+01    1
    0.245140070492803216E+04    0.351718287206159186E+01    0.454852951234520617E+02   -0.103648478224089831E+04   -0.919515351937696046E+01    1
    0.253968330188123673E+04    0.328972388018907047E+01    0.388744147930666486E+02   -0.103587990814960358E+04   -0.920515351937696202E+01    1
    0.160703436136245728E+04    0.381550997495651245E+01    0.543494939804077148E+02   -0.103567272101874983E+04   -0.921515351937696536E+01    1
    0.259232216985429159E+04    0.363266368756283953E+01    0.482735580442478351E+02   -0.103500859843222452E+04   -0.922515351937696337E+01    1
    0.248349904198055310E+04    0.353401199355221518E+01    0.109471165839782287E+02   -0.103376669767534213E+04   -0.923515351937695961E+01    1
    0.265441738575499949E+04    0.317742026405966405E+01    0.226721621562076905E+02   -0.103299884313179177E+04   -0.924515351937695584E+01    1
    0.259508943337593655E+04    0.384361548797727037E+01    0.130019460361461512E+02   -0.103232012918294572E+04   -0.925515351937695918E+01    1
    0.254501004718477679E+04    0.399160639973601761E+01    0.446933340295140908E+02   -0.103092204032604286E+04   -0.926515351937696607E+01    1
    0.259800157499836496E+04    0.401018470313004105E+01    0.149472435461153452E+02   -0.103049136976251998E+04   -0.927515351937695876E+01    1
    0.246817048573716511E+04    0.328776926214173226E+01    0.153417912561842229E+02   -0.102806356259028689E+04   -0.928515351937695499E+01    1
    0.247554882132676539E+04    0.365020640323613588E+01    0.438210997136039850E+02   -0.102704823747972318E+04   -0.929515351937696188E+01    1
    0.260605584881806180E+04    0.336591486449013466E+01    0.466188548133996221E+02   -0.102635860077373081E+04   -0.930515351937696522E+01    1
    0.157148601199479435E+04    0.373210890491940805E+01    0.545773590564376718E+02   -0.102454746521137076E+04   -0.931515351937695790E+01    1
    0.162664207525053212E+04    0.380190447179501056E+01    0.209843389787008476E+02   -0.102162629421673148E+04   -0.932515351937696657E+01    1
    0.146591353645724462E+04    0.287829093592950747E+01    0.295467605463079508E+02   -0.101905181227390017E+04   -0.933515351937696458E+01    1
    0.254332662329351479E+04    0.387511805039197998E+01    0.420074747344797572E+02   -0.101764780214316465E+04   -0.934515351937696082E+01    1
    0.257805250076277844E+04    0.306967650117706148E+01    0.266514949339450595E+02   -0.101652981344495015E+04   -0.935515351937695883E+01    1
    0.247707839580936388E+04    0.336768034930713123E+01    0.458171631204786820E+02   -0.101604059441962102E+04   -0.936515351937696394E+01    1
    0.145715391633286299E+04    0.262101019637269816E+01    0.286030686513825856E+02   -0.101249073729701831E+04   -0.937515351937696728E+01    1
    0.256948849269427319E+04    0.384807656911907436E+01    0.458952372102066306E+02   -0.101231700516847377E+04   -0.938515351937696352E+01    1
    0.256885257862944036E+04    0.372903398271033826E+01    0.413991361943553215E+02   -0.101222225562805556E+04   -0.939515351937695797E+01    1
    0.144494276037939380E+04    0.251774467006678959E+01    0.414007234714436834E+02   -0.101204441096964013E+04   -0.940515351937695776E+01    1
    0.146431514225547380E+04    0.250465141601055219E+01    0.412926330971832840E+02   -0.101168752422320495E+04   -0.941515351937695755E+01    1
    0.256882499320573697E+04    0.333070931709126494E+01    0.498987505450851359E+02   -0.101148879018075559E+04   -0.942515351937696089E+01    1
    0.251946352114909814E+04    0.380143098177225802E+01    0.430100821344561268E+02   -0.100850754594898797E+04   -0.943515351937695712E+01    1
    0.243498493873133475E+04    0.352259740320937409E+01    0.205995738428745909E+02   -0.100801631839096115E+04   -0.944515351937694980E+01    1
    0.152960696591541364E+04    0.274927660155203046E+01    0.160280863465408743E+02   -0.100780002041979492E+04   -0.945515351937695137E+01    1
    0.157798447037583924E+04    0.400353043264552433E+01    0.414090410220364049E+02   -0.100686630413499165E+04   -0.946515351937695826E+01    1
    0.254056334915297066E+04    0.411955674464595489E+01    0.177771493137881151E+02   -0.100416668114001243E+04   -0.947515351937695982E+01    1
    0.251696851696974045E+04    0.334205753595558708E+01    0.500146732272389443E+02   -0.100390315941698657E+04   -0.948515351937695605E+01    1
    0.255821828171071138E+04    0.392264199284288173E+01    0.281330093050728181E+02   -0.100336712296298492E+04   -0.949515351937695584E+01    1
    0.248000443499908397E+04    0.357523677638231252E+01    0.475233206950619831E+02   -0.100138771949429963E+04   -0.950515351937695741E+01    1
    0.249193828462296869E+04    0.363465528631474699E+01    0.474560975237131117E+02   -0.998777561233875417E+03   -0.951515351937695897E+01    1
    0.259706766250746296E+04    0.305549607073988039E+01    0.242484953140365462E+02   -0.995650848715311213E+03   -0.952515351937695876E+01    1
    0.257385203516957881E+04    0.364975737663333266E+01    0.289877149957650602E+02   -0.995589774819909167E+03   -0.953515351937695854E+01    1
    0.147277996540069580E+04    0.300254082679748535E+01    0.326593160629272461E+02   -0.995223362988624558E+03   -0.954515351937695833E+01    1
    0.261889944241435114E+04    0.349872305129227668E+01    0.229457015201775647E+02   -0.994427800788464765E+03   -0.955515351937695989E+01    1
    0.150804894897031409E+04    0.259470928323309691E+01    0.482233520949864953E+02   -0.993217273370249131E+03   -0.956515351937696323E+01    1
    0.254955700163256051E+04    0.400481072423375029E+01    0.145657693919241069E+02   -0.992801950030689113E+03   -0.957515351937696302E+01    1
    0.246501525717406639E+04    0.338233162201117343E+01    0.252809760589756110E+02   -0.992556133902937518E+03   -0.958515351937695215E+01    1
    0.250298420582872131E+04    0.320171737135316681E+01    0.265589929812964982E+02   -0.992123533949345529E+03   -0.959515351937695371E+01    1
    0.161863200684306867E+04    0.380848307369370698E+01    0.396877367110356261E+02   -0.990737296454739635E+03   -0.960515351937695527E+01    1
    0.251497405616241986E+04    0.344491594929292511E+01    0.502399689822639175E+02   -0.990426461084409539E+03   -0.961515351937695861E+01    1
    0.259495298703433082E+04    0.347817440272061518E+01    0.137547117298604462E+02   -0.989801056834261885E+03   -0.962515351937695662E+01    1
    0.255322803696360415E+04    0.363595274193802487E+01    0.294945207308848580E+02   -0.988066055680084560E+03   -0.963515351937695286E+01    1
    0.250426262715978237E+04    0.331694634471454020E+01    0.456021469328842954E+02   -0.987893335573180138E+03   -0.964515351937695797E+01    1
    0.147695886839375044E+04    0.270423314561195438E+01    0.563136300771188871E+02   -0.986522643383241075E+03   -0.965515351937696309E+01    1
    0.152546775838148869E+04    0.271520870959804306E+01    0.185242016152195248E+02   -0.986473170034940495E+03   -0.966515351937695755E+01    1
    0.157140737704420030E+04    0.385539042425851886E+01    0.735673472525331817E+01   -0.986157589912927847E+03   -0.967515351937695556E+01    1
    0.256539432590513297E+04    0.351935889908569255E+01    0.479454978665662281E+02   -0.985825216554924054E+03   -0.968515351937696067E+01    1
    0.160264006744934113E+04    0.400445544568865763E+01    0.482070177124852819E+02   -0.985205510577606219E+03   -0.969515351937696224E+01    1
    0.256163415078905200E+04    0.329373903918568889E+01    0.452315669181674309E+02   -0.984105712978135898E+03   -0.970515351937696025E+01    1
    0.143788345037838803E+04    0.252057043903689282E+01    0.215089373091243488E+02   -0.984083824712204660E+03   -0.971515351937696003E+01    1
    0.250244197312263259E+04    0.360344717283465243E+01    0.426591966920041443E+02   -0.983762999069790453E+03   -0.972515351937696160E+01    1
    0.256046872830794700E+04    0.302544913066563126E+01    0.214359674330822543E+02   -0.983310015651880349E+03   -0.973515351937696316E+01    1
    0.162136578306749652E+04    0.383657652848739872E+01    0.424885100686908004E+02   -0.981452228179773101E+03   -0.974515351937696295E+01    1
    0.259091851750306978E+04    0.309981250303263245E+01    0.245376122751673904E+02   -0.981017706342813653E+03   -0.975515351937696273E+01    1
    0.261205714722359698E+04    0.363248530621377874E+01    0.201740135298260412E+02   -0.980213581542041538E+03   -0.976515351937695542E+01    1
    0.149127577987126142E+04    0.265588284336882330E+01    0.554949496091126662E+02   -0.978890661271343561E+03   -0.977515351937695698E+01    1
    0.143920304872839029E+04    0.250730379218611432E+01    0.228936926322656831E+02   -0.976801114589596182E+03   -0.978515351937696209E+01    1
    0.260807302493421139E+04    0.367878386436653670E+01    0.218893303788519660E+02   -0.975673894438274715E+03   -0.979515351937696011E+01    1
    0.247502883611941206E+04    0.327174561406027431E+01    0.206756675698306651E+02   -0.975057306257078494E+03   -0.980515351937695812E+01    1
    0.256708906498099986E+04    0.306938849029524086E+01    0.180520576572130267E+02   -0.974033324889143159E+03   -0.981515351937695613E+01    1
    0.156843300681035589E+04    0.376870251178988624E+01    0.531117970545314790E+02   -0.973063923380143251E+03   -0.982515351937695769E+01    1
    0.145503032315385144E+04    0.252442853851069993E+01    0.252741601831298226E+02   -0.972552986678900425E+03   -0.983515351937696103E+01    1
    0.254612005806069101E+04    0.331169491184124576E+01    0.131842304518065845E+02   -0.970077859867288339E+03   -0.984515351937696082E+01    1
    0.259562541828625808E+04    0.361873814585643272E+01    0.159398060184028196E+02   -0.969349950198656416E+03   -0.985515351937696060E+01    1
    0.155692401684848664E+04    0.394771990766256886E+01    0.205491855375911996E+02   -0.968719362444067428E+03   -0.986515351937695506E+01    1
    0.251780531294857701E+04    0.360459185902918833E+01    0.473913684138978226E+02   -0.968452403591749430E+03   -0.987515351937695307E+01    1
    0.254637483500583949E+04    0.308151620611468013E+01    0.183946796666670593E+02   -0.968147612654805016E+03   -0.988515351937695641E+01    1
    0.151767718786258865E+04    0.273878105246136139E+01    0.504251597118619088E+02   -0.967871034130566159E+03   -0.989515351937695975E+01    1
    0.258842609029300729E+04    0.385191823796537847E+01    0.240772190263139265E+02   -0.966085454790129916E+03   -0.990515351937695954E+01    1
    0.150047488129840576E+04    0.275310749543864874E+01    0.475554806648778765E+02   -0.965412969030675185E+03   -0.991515351937695577E+01    1
    0.258856301708639421E+04    0.350783916543027585E+01    0.149227138931055947E+02   -0.964911441571431851E+03   -0.992515351937695911E+01    1
    0.156974553021409633E+04    0.368143511429769932E+01    0.179360344925358675E+02   -0.964474148565005635E+03   -0.993515351937696067E+01    1
    0.251023491342977286E+04    0.311953464935724556E+01    0.209179128958518277E+02   -0.963905604672890831E+03   -0.994515351937695513E+01    1
    0.254824837199017202E+04    0.348179300276263382E+01    0.124660497113836328E+02   -0.963504978592388056E+03   -0.995515351937695492E+01    1
    0.249552702710497306E+04    0.379985731857666487E+01    0.228659360478213642E+02   -0.962535898776523254E+03   -0.996515351937695826E+01    1
    0.152723684548372285E+04    0.279638204801158574E+01    0.410311679349296696E+02   -0.961516186532557867E+03   -0.997515351937695982E+01    1
    0.253868730354083436E+04    0.312503525888142741E+01    0.174715641732479838E+02   -0.960917835574173182E+03   -0.998515351937696138E+01    1
    0.256299676727109545E+04    0.320010996113254631E+01    0.154394687917758660E+02   -0.959494557001471321E+03   -0.999515351937695584E+01    1
    0.251893424521014458E+04    0.322687325462101970E+01    0.257938310623394074E+02   -0.959481835940949850E+03   -0.100051535193769503E+02    1
    0.157374189527533349E+04    0.393951452912039235E+01    0.482732057014544012E+02   -0.958100704660900533E+03   -0.100151535193769536E+02    1
    0.261536253465963955E+04    0.325087999757072321E+01    0.203689937237000294E+02   -0.956183924791994514E+03   -0.100251535193769570E+02    1
    0.257967233564548405E+04    0.310494448082223329E+01    0.198504937745637875E+02   -0.955502193244410819E+03   -0.100351535193769603E+02    1
    0.152322886739600244E+04    0.278049289846632686E+01    0.132878474730246552E+02   -0.955458745405183436E+03   -0.100451535193769637E+02    1
    0.259087396276854452E+04    0.383135808378808163E+01    0.209005429844463038E+02   -0.953371525005732224E+03   -0.100551535193769475E+02    1
    0.254090508593047161E+04    0.324956680765933781E+01    0.149660769912486842E+02   -0.953056765354883510E+03   -0.100651535193769543E+02    1
    0.255365250719915912E+04    0.360886275124277622E+01    0.278723621441002081E+02   -0.952696276546684203E+03   -0.100751535193769577E+02    1
    0.257175169830338746E+04    0.320021259828267235E+01    0.161536429497298997E+02   -0.952417156076640708E+03   -0.100851535193769539E+02    1
    0.261106410080226624E+04    0.324573197818774828E+01    0.192864302157945673E+02   -0.952256929225396334E+03   -0.100951535193769484E+02    1
    0.160349498528249956E+04    0.392998229137139710E+01    0.505186145291795299E+02   -0.952063763456477886E+03   -0.101051535193769499E+02    1
    0.253880557003732520E+04    0.348723392427704626E+01    0.284820698549559665E+02   -0.951049154084348856E+03   -0.101151535193769551E+02    1
    0.146128049600823920E+04    0.262633642872483275E+01    0.401196072700224704E+02   -0.949781318155969757E+03   -0.101251535193769566E+02    1
    0.157862197823203860E+04    0.391561484178080299E+01    0.341335034287288011E+02   -0.949565966919800530E+03   -0.101351535193769582E+02    1
    0.146927755696474287E+04    0.294299524547587854E+01    0.414582671592334009E+02   -0.949488034003747089E+03   -0.101451535193769562E+02    1
    0.253410799268873188E+04    0.397852475108633641E+01    0.194380042481203219E+02   -0.949113936936390019E+03   -0.101551535193769507E+02    1
    0.257883293839644648E+04    0.344506108645218090E+01    0.150306301485529872E+02   -0.945569275537349540E+03   -0.101651535193769487E+02    1
    0.247719651198029169E+04    0.354084830817444285E+01    0.254147318142405680E+02   -0.945258963443501784E+03   -0.101751535193769485E+02    1
    0.249165984898945680E+04    0.325996835625664483E+01    0.194505844897371531E+02   -0.945089204532718895E+03   -0.101851535193769500E+02    1
    0.146887046393788114E+04    0.277265063048044125E+01    0.338580822810103825E+02   -0.944401870036308537E+03   -0.101951535193769534E+02    1
    0.248850053201052651E+04    0.338520160802586334E+01    0.160340360871251022E+02   -0.944165199524155923E+03   -0.102051535193769531E+02    1
    0.151470969596841906E+04    0.267850957318310989E+01    0.138020062394237328E+02   -0.944058549837914029E+03   -0.102151535193769565E+02    1
    0.160631175893767249E+04    0.404234090630076182E+01    0.233684653687518278E+02   -0.943845349489321961E+03   -0.102251535193769545E+02    1
    0.148926818914872001E+04    0.286419756657222324E+01    0.408943926257583144E+02   -0.940403570327575835E+03   -0.102351535193769507E+02    1
    0.260001170699717568E+04    0.324773117282623014E+01    0.227709341223538217E+02   -0.940045631814702574E+03   -0.102451535193769541E+02    1
    0.257668022346221915E+04    0.315625533346737708E+01    0.199797921721993248E+02   -0.939005521874508759E+03   -0.102551535193769521E+02    1
    0.258050666046704646E+04    0.327259665564563651E+01    0.248397234571190637E+02   -0.938850346347026289E+03   -0.102651535193769536E+02    1
    0.146297771215613238E+04    0.258033364354737227E+01    0.413678005143277971E+02   -0.938592340844640489E+03   -0.102751535193769570E+02    1
    0.161520581756010415E+04    0.387248006408579126E+01    0.391516727345057802E+02   -0.938357085674706923E+03   -0.102851535193769532E+02    1
    0.156974141745050792E+04    0.373157968047523259E+01    0.352312710863150187E+02   -0.937612609810645608E+03   -0.102951535193769512E+02    1
    0.156669247430319751E+04    0.376523844043885703E+01    0.502306142916275746E+02   -0.937341467983065058E+03   -0.103051535193769492E+02    1
    0.259058358058335216E+04    0.364696055086859960E+01    0.213541158987086419E+02   -0.935972793660652542E+03   -0.103151535193769526E+02    1
    0.152514074280397449E+04    0.276667441047973295E+01    0.170788257589316430E+02   -0.935853833382619314E+03   -0.103251535193769541E+02    1
    0.251228021986762997E+04    0.334877071260227321E+01    0.259641521318937407E+02   -0.935114885148194617E+03   -0.103351535193769539E+02    1
    0.255946180565138002E+04    0.341212271860793681E+01    0.146457325947855850E+02   -0.934743739697466708E+03   -0.103451535193769555E+02    1
    0.162138892697357255E+04    0.390115277292936558E+01    0.238684378935859201E+02   -0.934741756970209508E+03   -0.103551535193769570E+02    1
    0.251074877793650830E+04    0.367757127740162160E+01    0.256682472722124402E+02   -0.934042786998000793E+03   -0.103651535193769533E+02    1
    0.254734300922757484E+04    0.394195703591176461E+01    0.219646450666083979E+02   -0.933883505951250982E+03   -0.103751535193769513E+02    1
    0.258467159790096457E+04    0.361637726073777088E+01    0.234710850600880576E+02   -0.933028891944095903E+03   -0.103851535193769564E+02    1
    0.157516435753075211E+04    0.389559909966358209E+01    0.499467398853594489E+02   -0.932971096685199996E+03   -0.103951535193769562E+02    1
    0.252817777456094427E+04    0.326688339357956270E+01    0.164002948376603683E+02   -0.932444648746660050E+03   -0.104051535193769507E+02    1
    0.256042127097106140E+04    0.392758679031511715E+01    0.216763606334214671E+02   -0.932396937608588814E+03   -0.104151535193769558E+02    1
    0.158031690785341334E+04    0.393067341277327031E+01    0.290038337965468429E+02   -0.931799433965277103E+03   -0.104251535193769538E+02    1
    0.258321993947044211E+04    0.343880627987328724E+01    0.166166278564002283E+02   -0.931599770781564530E+03   -0.104351535193769482E+02    1
    0.254490241758264438E+04    0.327382930059049482E+01    0.162373920848556850E+02   -0.929615407866923306E+03   -0.104451535193769534E+02    1
    0.249298368767430020E+04    0.330066953304728816E+01    0.203294183736409764E+02   -0.929066089850025492E+03   -0.104551535193769531E+02    1
    0.160836365511213990E+04    0.376910147546481067E+01    0.229596342049841979E+02   -0.928845686142277145E+03   -0.104651535193769529E+02    1
    0.160762497646686211E+04    0.403395849481347391E+01    0.207445316869387000E+02   -0.928783079999611687E+03   -0.104751535193769580E+02    1
    0.252418228871384918E+04    0.365788656653119082E+01    0.262002595636183173E+02   -0.927518672896521707E+03   -0.104851535193769543E+02    1
    0.155867963286396343E+04    0.391687530144459117E+01    0.193445091852350259E+02   -0.926727938401554411E+03   -0.104951535193769523E+02    1
    0.252297348817708234E+04    0.384175171059576037E+01    0.221377283502189641E+02   -0.926501858868256022E+03   -0.105051535193769539E+02    1
    0.257211643386378364E+04    0.321471959900514159E+01    0.189146720831435289E+02   -0.926325318486486253E+03   -0.105151535193769536E+02    1
    0.247892358805632330E+04    0.353754607048434444E+01    0.171724097905318303E+02   -0.926028058732620821E+03   -0.105251535193769499E+02    1
    0.255966671197687720E+04    0.319882459416240561E+01    0.191671469199207678E+02   -0.925741251070131852E+03   -0.105351535193769514E+02    1
    0.248846825291410414E+04    0.334663489086496968E+01    0.213472441166380804E+02   -0.924712414504949948E+03   -0.105451535193769512E+02    1
    0.159187413174921790E+04    0.380832945517306287E+01    0.306401217996591697E+02   -0.924578666999242387E+03   -0.105551535193769528E+02    1
    0.158962664152352113E+04    0.382789600585955547E+01    0.324419773832570968E+02   -0.923266461880234374E+03   -0.105651535193769543E+02    1
    0.259276162976749447E+04    0.335132677974999682E+01    0.195031986217805979E+02   -0.922526003867627310E+03   -0.105751535193769524E+02    1
    0.257685682827555138E+04    0.345669346051299886E+01    0.245200023967139060E+02   -0.922240554224623224E+03   -0.105851535193769575E+02    1
    0.253135195626266432E+04    0.381895436174253033E+01    0.234117032947770269E+02   -0.921990613018202112E+03   -0.105951535193769573E+02    1
    0.259292328144511703E+04    0.337360840231630377E+01    0.214400218794952906E+02   -0.921739162246947899E+03   -0.106051535193769570E+02    1
    0.149056146090972470E+04    0.260092629530509889E+01    0.351263952704334201E+02   -0.921632195045739309E+03   -0.106151535193769551E+02    1
    0.250002760444583510E+04    0.338384817242371616E+01    0.166593094798400614E+02   -0.921351755124640476E+03   -0.106251535193769495E+02    1
    0.255877983834754650E+04    0.365630318584243685E+01    0.160818172223199412E+02   -0.920556596424053510E+03   -0.106351535193769458E+02    1
    0.255512945430123636E+04    0.373801688028745804E+01    0.166173057059661176E+02   -0.920216752939820367E+03   -0.106451535193769526E+02    1
    0.146522334021569463E+04    0.268453176908573932E+01    0.128487890877035653E+02   -0.920137506821057514E+03   -0.106551535193769560E+02    1
    0.257183476867869240E+04    0.324499225799929381E+01    0.223402106168423273E+02   -0.919733511322633944E+03   -0.106651535193769540E+02    1
    0.255807912557494819E+04    0.322387395472851024E+01    0.190593731577388894E+02   -0.919643122497681816E+03   -0.106751535193769556E+02    1
    0.255075404319278459E+04    0.368626077140622810E+01    0.160489899112230034E+02   -0.918366362348438543E+03   -0.106851535193769500E+02    1
    0.158314918519731327E+04    0.393960941373983431E+01    0.136425061581804812E+02   -0.918127326027568643E+03   -0.106951535193769480E+02    1
    0.258140174343112585E+04    0.329050760481293825E+01    0.221419380845779443E+02   -0.917341460279090597E+03   -0.107051535193769549E+02    1
    0.258444739908142992E+04    0.347334300599864854E+01    0.194277377487897240E+02   -0.917256617573113772E+03   -0.107151535193769494E+02    1
    0.248408540729079141E+04    0.355458095070331570E+01    0.177072604015888970E+02   -0.917033194371957393E+03   -0.107251535193769456E+02    1
    0.255077320922245735E+04    0.383349645560384555E+01    0.184994009213929900E+02   -0.916700022878625759E+03   -0.107351535193769543E+02    1
    0.256859286504764623E+04    0.325298268590687645E+01    0.222291009823304222E+02   -0.916330558493097669E+03   -0.107451535193769505E+02    1
    0.256841533174341566E+04    0.345802410863948673E+01    0.247043048430037402E+02   -0.914847680768936016E+03   -0.107551535193769414E+02    1
    0.258581709906488550E+04    0.336369613254945721E+01    0.218064176459930508E+02   -0.914794594214275321E+03   -0.107651535193769483E+02    1
    0.252217575478321578E+04    0.379075488055791610E+01    0.191184390607309211E+02   -0.914507599522362739E+03   -0.107751535193769499E+02    1
    0.256756421314505224E+04    0.361155788959031465E+01    0.240832749103533530E+02   -0.914340492096224921E+03   -0.107851535193769426E+02    1
    0.257557355147471026E+04    0.327202479497549437E+01    0.200501079515160683E+02   -0.913726573111303082E+03   -0.107951535193769441E+02    1
    0.257190744539980233E+04    0.371141412655188097E+01    0.210905992613933222E+02   -0.912779926406615687E+03   -0.108051535193769528E+02    1
    0.255394335786742795E+04    0.377236048509274458E+01    0.232458454817316493E+02   -0.912290473387758084E+03   -0.108151535193769561E+02    1
    0.150577036351718652E+04    0.268841083302616024E+01    0.308283698024834791E+02   -0.912166609763166207E+03   -0.108251535193769524E+02    1
    0.258147608709363749E+04    0.348300756759201136E+01    0.210711783600046516E+02   -0.912122989673481925E+03   -0.108351535193769521E+02    1
    0.252526510290720762E+04    0.327452764006784758E+01    0.187394985059925858E+02   -0.911883427719884935E+03   -0.108451535193769519E+02    1
    0.257975455523726487E+04    0.338298886851718494E+01    0.226195985649299161E+02   -0.911346839359408364E+03   -0.108551535193769482E+02    1
    0.248489457701430274E+04    0.343717173718645341E+01    0.190848271614802059E+02   -0.910769229702527127E+03   -0.108651535193769480E+02    1
    0.256803509107739501E+04    0.363768914008465138E+01    0.232389460062427275E+02   -0.910341202594849847E+03   -0.108751535193769477E+02    1
    0.257498856974367300E+04    0.351350012736907136E+01    0.187499023253273549E+02   -0.909405983438960220E+03   -0.108851535193769493E+02    1
    0.258222724351312445E+04    0.338404557958538721E+01    0.208302118200690956E+02   -0.909134815102540188E+03   -0.108951535193769473E+02    1
    0.256975845296400303E+04    0.354469466788527621E+01    0.235172654084822454E+02   -0.909005993946595709E+03   -0.109051535193769453E+02    1
    0.255028004380410948E+04    0.360587426258015231E+01    0.250772256676517884E+02   -0.908959340408450544E+03   -0.109151535193769469E+02    1
    0.254927439493160819E+04    0.371457646147271614E+01    0.240248902744437487E+02   -0.908790648217072203E+03   -0.109251535193769485E+02    1
    0.147900171407323000E+04    0.261413720429748686E+01    0.365507395814825031E+02   -0.908071093903299698E+03   -0.109351535193769500E+02    1
    0.158869844384884072E+04    0.379815889502915294E+01    0.297182513059609050E+02   -0.906018193583655943E+03   -0.109451535193769498E+02    1
    0.157518249266156840E+04    0.385699323418290074E+01    0.356508220916747973E+02   -0.905570580535069666E+03   -0.109551535193769460E+02    1
    0.257468633867380595E+04    0.348069255040162284E+01    0.221452773457434802E+02   -0.905304061658232399E+03   -0.109651535193769440E+02    1
    0.250208819968832677E+04    0.346259890957602856E+01    0.166410941403692760E+02   -0.905187807394831452E+03   -0.109751535193769456E+02    1
    0.255610575873680864E+04    0.365329193524883911E+01    0.174026332214044999E+02   -0.905129646056634783E+03   -0.109851535193769454E+02    1
    0.251017740910347766E+04    0.334056132992999233E+01    0.225308328597231480E+02   -0.904559996298735314E+03   -0.109951535193769434E+02    1
    0.148439220217640172E+04    0.256652136060005454E+01    0.439527877232374635E+02   -0.904556810292813225E+03   -0.110051535193769485E+02    1
    0.150382486942556693E+04    0.266048100187388803E+01    0.303298208064045411E+02   -0.904070136763396363E+03   -0.110151535193769536E+02    1
    0.160325157709440509E+04    0.387769472800960502E+01    0.380504354793463619E+02   -0.903803559616697044E+03   -0.110251535193769499E+02    1
    0.257294238098851565E+04    0.354886355698094391E+01    0.212548696639928778E+02   -0.903675356252779466E+03   -0.110351535193769461E+02    1
    0.151299529457817653E+04    0.273768328250069271E+01    0.384036313950188912E+02   -0.903180955042923301E+03   -0.110451535193769441E+02    1
    0.157071425050622997E+04    0.374958030726550451E+01    0.458093170174742852E+02   -0.902174344312427024E+03   -0.110551535193769439E+02    1
    0.248780321475814799E+04    0.352760361132987210E+01    0.184689059467616090E+02   -0.901839896363412777E+03   -0.110651535193769455E+02    1
    0.146566552197583292E+04    0.263491032891912136E+01    0.446406665780394007E+02   -0.900594420679424729E+03   -0.110751535193769488E+02    1
    0.253544577889912398E+04    0.376342636583428058E+01    0.195739491267069639E+02   -0.900300251402689241E+03   -0.110851535193769504E+02    1
    0.146987068121076118E+04    0.267411394643993283E+01    0.295005210449568835E+02   -0.900148420298888595E+03   -0.110951535193769502E+02    1
    0.256364616245017169E+04    0.356068431385667328E+01    0.231008959177446656E+02   -0.900117598326474763E+03   -0.111051535193769553E+02    1
    0.254345957299920519E+04    0.376057022709866517E+01    0.217053886387629689E+02   -0.899783378627005050E+03   -0.111151535193769551E+02    1
    0.256347335315691726E+04    0.353424584131269670E+01    0.232373228161596472E+02   -0.899646035380487319E+03   -0.111251535193769460E+02    1
    0.160864090592512935E+04    0.392082741568308490E+01    0.423418867195742337E+02   -0.898943425827114879E+03   -0.111351535193769493E+02    1
    0.250003118208790511E+04    0.339365947503709497E+01    0.214766698205704358E+02   -0.898192342755510026E+03   -0.111451535193769491E+02    1
    0.157477241781506632E+04    0.387258934785878317E+01    0.480266134108383937E+02   -0.898052837282016071E+03   -0.111551535193769507E+02    1
    0.253810698235685686E+04    0.371609696539096435E+01    0.183658803979090948E+02   -0.897964060458747326E+03   -0.111651535193769469E+02    1
    0.250980662232307441E+04    0.364699949064237527E+01    0.188111564982075095E+02   -0.897810618418635158E+03   -0.111751535193769467E+02    1
    0.160197996254194504E+04    0.383094225927224308E+01    0.402601028206450735E+02   -0.897753230775843576E+03   -0.111851535193769482E+02    1
    0.156950237963586392E+04    0.391125040391617196E+01    0.157582253548936819E+02   -0.897083217586114301E+03   -0.111951535193769498E+02    1
    0.255218567443006850E+04    0.369429500536197697E+01    0.223379843890775902E+02   -0.896764857712859111E+03   -0.112051535193769514E+02    1
    0.147487392171143188E+04    0.267096688343974886E+01    0.346941684251352740E+02   -0.896505441052384526E+03   -0.112151535193769529E+02    1
    0.160021649985647082E+04    0.387011512029292026E+01    0.390653938774661924E+02   -0.896321907987582108E+03   -0.112251535193769527E+02    1
    0.149789068929161385E+04    0.272612432016219763E+01    0.136462307116405270E+02   -0.896005590520078158E+03   -0.112351535193769525E+02    1
    0.146780151731559977E+04    0.264758623527655024E+01    0.471319467416041107E+02   -0.895965097297003012E+03   -0.112451535193769505E+02    1
    0.256265184364443940E+04    0.362156009563476289E+01    0.200275862961912736E+02   -0.895674218339103618E+03   -0.112551535193769485E+02    1
    0.157194486206152214E+04    0.389815870157039779E+01    0.427971210292441242E+02   -0.895472021494261298E+03   -0.112651535193769465E+02    1
    0.151694583592620165E+04    0.279815560104556438E+01    0.210127272179905162E+02   -0.895322346652978922E+03   -0.112751535193769428E+02    1
    0.252048682976085320E+04    0.368874505607098602E+01    0.219574634913596753E+02   -0.894918039904766715E+03   -0.112851535193769514E+02    1
    0.249465298860490020E+04    0.346937311380522706E+01    0.226259409624175873E+02   -0.894358940883914215E+03   -0.112951535193769441E+02    1
    0.254107419486952767E+04    0.347733952784913392E+01    0.168087210442434269E+02   -0.893327763076489077E+03   -0.113051535193769475E+02    1
    0.253829574288629283E+04    0.338040346888624743E+01    0.179540919318933163E+02   -0.893279752519962585E+03   -0.113151535193769508E+02    1
    0.157750465575732642E+04    0.391032276773012821E+01    0.142576537212292891E+02   -0.892881746344586418E+03   -0.113251535193769524E+02    1
    0.147873180650527092E+04    0.282219550911093009E+01    0.518721731222002802E+02   -0.892564349060525046E+03   -0.113351535193769486E+02    1
    0.149292484410689212E+04    0.266321317837184068E+01    0.320038007529965682E+02   -0.892512882675290712E+03   -0.113451535193769519E+02    1
    0.254244258590686832E+04    0.364472262216115528E+01    0.229416820492051414E+02   -0.890407825361686037E+03   -0.113551535193769464E+02    1
    0.158230239628596837E+04    0.378586635105492464E+01    0.371654622760920859E+02   -0.890207270645226572E+03   -0.113651535193769444E+02    1
    0.253732622547087431E+04    0.364940677977262240E+01    0.182794052695180511E+02   -0.890049389726326126E+03   -0.113751535193769477E+02    1
    0.252603749962786242E+04    0.348203176149404925E+01    0.244526521351108244E+02   -0.889397283281596629E+03   -0.113851535193769493E+02    1
    0.151703959187484816E+04    0.272046691182789058E+01    0.234158414654883842E+02   -0.888412631851627225E+03   -0.113951535193769544E+02    1
    0.253030636871955403E+04    0.365041357186588122E+01    0.226030222202421953E+02   -0.888126703108988409E+03   -0.114051535193769453E+02    1
    0.250487762329641828E+04    0.342910178098394081E+01    0.196129649260975185E+02   -0.887875361579696346E+03   -0.114151535193769433E+02    1
    0.149176090098246095E+04    0.271745809579989617E+01    0.319772484611847574E+02   -0.886386978473384261E+03   -0.114251535193769502E+02    1
    0.147611711153000829E+04    0.270588812973675230E+01    0.513964800164092139E+02   -0.886374333967397320E+03   -0.114351535193769465E+02    1
    0.149849696115358984E+04    0.272903142471129501E+01    0.268090010667253011E+02   -0.886256418437204161E+03   -0.114451535193769427E+02    1
    0.255641154165275930E+04    0.354933009443175784E+01    0.214845121137103376E+02   -0.886113516430451000E+03   -0.114551535193769425E+02    1
    0.157952976511869156E+04    0.376252550661189344E+01    0.443164282719799871E+02   -0.885761019284687904E+03   -0.114651535193769476E+02    1
    0.159603741064289738E+04    0.390815680984304192E+01    0.427184334238335168E+02   -0.885611756934902587E+03   -0.114751535193769509E+02    1
    0.253784925251376444E+04    0.353036515100973780E+01    0.175595470792647035E+02   -0.885393214072959609E+03   -0.114851535193769489E+02    1
    0.252774771970289657E+04    0.337939530561443124E+01    0.197477002559011083E+02   -0.885300909438956296E+03   -0.114951535193769505E+02    1
    0.251666312591140650E+04    0.358731614066066840E+01    0.185177037215471358E+02   -0.885072168372160490E+03   -0.115051535193769467E+02    1
    0.159223908860998040E+04    0.387598686341900622E+01    0.283327072915160443E+02   -0.885063685284492976E+03   -0.115151535193769430E+02    1
    0.148583775759090054E+04    0.277619151509758222E+01    0.509116885645896389E+02   -0.885059622942352007E+03   -0.115251535193769428E+02    1
    0.250326398880929992E+04    0.347726975890364542E+01    0.225550565346004532E+02   -0.884923174838840168E+03   -0.115351535193769426E+02    1
    0.147048341444573452E+04    0.260917078697249849E+01    0.268475817585352132E+02   -0.884837474842497386E+03   -0.115451535193769423E+02    1
    0.157084543761282293E+04    0.373853126368434729E+01    0.170563904865041849E+02   -0.884788530322354632E+03   -0.115551535193769439E+02    1
    0.147764620321184861E+04    0.258649088549314410E+01    0.266821599044961317E+02   -0.884656219662319472E+03   -0.115651535193769455E+02    1
    0.159737268984442926E+04    0.389628790400731351E+01    0.413228460124069557E+02   -0.884653484538012208E+03   -0.115751535193769453E+02    1
    0.251123765187799154E+04    0.353945626309128292E+01    0.231608894790087874E+02   -0.884604648321784225E+03   -0.115851535193769433E+02    1
    0.149652566863111861E+04    0.260115518358898878E+01    0.131565572679293723E+02   -0.884571451003573998E+03   -0.115951535193769448E+02    1
    0.158493559371347351E+04    0.384991260210100439E+01    0.370922304701485075E+02   -0.884534831927387017E+03   -0.116051535193769446E+02    1
    0.253013392844695227E+04    0.338833291264732939E+01    0.216983504447985496E+02   -0.883797943293601065E+03   -0.116151535193769408E+02    1
    0.253909486950900691E+04    0.365394871101771157E+01    0.208565801132877056E+02   -0.883664070186670870E+03   -0.116251535193769424E+02    1
    0.146945946373504921E+04    0.265922890386073396E+01    0.473603650988923732E+02   -0.883578689379647130E+03   -0.116351535193769458E+02    1
    0.158070703288945151E+04    0.380162304261349071E+01    0.293069162113204129E+02   -0.883237480578921122E+03   -0.116451535193769455E+02    1
    0.150032236336407777E+04    0.269521970397171629E+01    0.137604380621884559E+02   -0.882749829055720056E+03   -0.116551535193769418E+02    1
    0.252763530621693099E+04    0.359769901957784688E+01    0.223811912330571516E+02   -0.881038245176170449E+03   -0.116651535193769451E+02    1
    0.250355198658626614E+04    0.352572312011145161E+01    0.197000385153153701E+02   -0.880902443708007240E+03   -0.116751535193769502E+02    1
    0.148588415039200549E+04    0.264082971983058012E+01    0.499446666910894237E+02   -0.880803332557083309E+03   -0.116851535193769465E+02    1
    0.157594035416919837E+04    0.386401529898124974E+01    0.384003689401272936E+02   -0.880458780321758013E+03   -0.116951535193769445E+02    1
    0.159119359463349065E+04    0.389979433754599114E+01    0.412938584393206725E+02   -0.880154063525671972E+03   -0.117051535193769460E+02    1
    0.253789429999439380E+04    0.359782289965763979E+01    0.219967119107079725E+02   -0.880149187549097746E+03   -0.117151535193769476E+02    1
    0.151281140527511388E+04    0.277859972351333973E+01    0.211717451716144609E+02   -0.880145295559055512E+03   -0.117251535193769456E+02    1
    0.148885498981153160E+04    0.264407240795587084E+01    0.498645482717287223E+02   -0.879762191265809179E+03   -0.117351535193769418E+02    1
    0.158729673739221471E+04    0.384483553224290731E+01    0.130319160295325815E+02   -0.879723882282482350E+03   -0.117451535193769399E+02    1
    0.252309825038264307E+04    0.360743575844495989E+01    0.212141042038917789E+02   -0.879503164955605712E+03   -0.117551535193769414E+02    1
    0.157974037237237303E+04    0.378577953768412101E+01    0.461632309526953577E+02   -0.879429058265156868E+03   -0.117651535193769430E+02    1
    0.158169985407345325E+04    0.374038332992916001E+01    0.225185410735384579E+02   -0.879010726098525311E+03   -0.117751535193769463E+02    1
    0.150299805811582360E+04    0.261938035406971892E+01    0.272014806419665405E+02   -0.878946769343192273E+03   -0.117851535193769479E+02    1
    0.159313246166541921E+04    0.385389719740905123E+01    0.279203129502923417E+02   -0.878335242833344523E+03   -0.117951535193769459E+02    1
    0.157240795307235044E+04    0.377602573269448971E+01    0.390313016006586224E+02   -0.877983203074067774E+03   -0.118051535193769439E+02    1
    0.158522392353594341E+04    0.390045470273658790E+01    0.271700659380218070E+02   -0.877760038641516189E+03   -0.118151535193769472E+02    1
    0.250470897436404357E+04    0.348751866024323665E+01    0.208999754642222797E+02   -0.877537015826086645E+03   -0.118251535193769470E+02    1
    0.149778991126901246E+04    0.274449676596545444E+01    0.229703317632893516E+02   -0.877458989980342267E+03   -0.118351535193769397E+02    1
    0.156733734400735761E+04    0.375961323063818398E+01    0.263847153676601351E+02   -0.877292320840023308E+03   -0.118451535193769431E+02    1
    0.149551928709627691E+04    0.256343923927589179E+01    0.174337047420905549E+02   -0.877167494572154169E+03   -0.118551535193769446E+02    1
    0.151029826124050169E+04    0.265589980319359764E+01    0.226275036534623126E+02   -0.877072215086846427E+03   -0.118651535193769391E+02    1
    0.150871729383920365E+04    0.274987452756367290E+01    0.257971624364014929E+02   -0.877032169995351978E+03   -0.118751535193769389E+02    1
    0.149241384370871083E+04    0.256292559920843477E+01    0.175679704101089413E+02   -0.876979675675887393E+03   -0.118851535193769422E+02    1
    0.149394413267963000E+04    0.261972246705178291E+01    0.479899479977982821E+02   -0.876961859155838511E+03   -0.118951535193769455E+02    1
    0.253653967418604998E+04    0.343063210540542185E+01    0.209149704088805066E+02   -0.876926852390521958E+03   -0.119051535193769453E+02    1
    0.156738422865237567E+04    0.382741422592431491E+01    0.445393925236623431E+02   -0.876531275927618935E+03   -0.119151535193769504E+02    1
    0.149548550929946782E+04    0.256416379011431328E+01    0.174325262770593099E+02   -0.876267684113248379E+03   -0.119251535193769467E+02    1
    0.149653169380579243E+04    0.259556603049994417E+01    0.274808115902438033E+02   -0.876197580510009971E+03   -0.119351535193769447E+02    1
    0.159392886532162174E+04    0.392289894236619396E+01    0.255207841482405513E+02   -0.875902233100123226E+03   -0.119451535193769427E+02    1
    0.253599462838775162E+04    0.353214900718448366E+01    0.222768654044006524E+02   -0.875789024477107660E+03   -0.119551535193769443E+02    1
    0.253710562402407868E+04    0.352607471474709655E+01    0.222805760790544696E+02   -0.875786416349974388E+03   -0.119651535193769440E+02    1
    0.147909291203205885E+04    0.285301105784264575E+01    0.342263376795416150E+02   -0.875730704582368730E+03   -0.119751535193769421E+02    1
    0.158241520045408242E+04    0.394119584713457005E+01    0.214006054856325392E+02   -0.875721142990339786E+03   -0.119851535193769418E+02    1
    0.150718060803721482E+04    0.270890842068315107E+01    0.441688592699366893E+02   -0.875420039485489042E+03   -0.119951535193769452E+02    1
    0.147181681145440371E+04    0.282786963936494473E+01    0.476494351519928045E+02   -0.875339453808400776E+03   -0.120051535193769467E+02    1
    0.254001193561160972E+04    0.345480409067490113E+01    0.206782126576366352E+02   -0.875328037645125733E+03   -0.120151535193769430E+02    1
    0.251867801926558650E+04    0.356177658134928787E+01    0.207749090679887587E+02   -0.875183772884461860E+03   -0.120251535193769445E+02    1
    0.253545003236807906E+04    0.355388964397990748E+01    0.196618902059598497E+02   -0.874980713934699338E+03   -0.120351535193769426E+02    1
    0.157761981367854059E+04    0.384558263986843318E+01    0.468007239168852038E+02   -0.874593670349806416E+03   -0.120451535193769441E+02    1
    0.148934791334957868E+04    0.276570905985197779E+01    0.361121023280190343E+02   -0.874422268189438114E+03   -0.120551535193769492E+02    1
    0.148633571323214301E+04    0.279119692494293226E+01    0.345055151724747304E+02   -0.873842325397273498E+03   -0.120651535193769472E+02    1
    0.157482862396238579E+04    0.381952362125542866E+01    0.379046853421263279E+02   -0.873365029868176066E+03   -0.120751535193769470E+02    1
    0.253941470786099262E+04    0.351815590470809170E+01    0.210132575769094672E+02   -0.873031683155216001E+03   -0.120851535193769504E+02    1
    0.160960137490727675E+04    0.394397204154508874E+01    0.219938047254629794E+02   -0.872951083751744932E+03   -0.120951535193769466E+02    1
    0.159768219469484757E+04    0.394420817956147607E+01    0.192128121873033564E+02   -0.871259532404374568E+03   -0.121051535193769411E+02    1
    0.147033415578257222E+04    0.258953595929964164E+01    0.239757648436498698E+02   -0.870791494877111518E+03   -0.121151535193769444E+02    1
    0.159053454066415952E+04    0.387138380024603057E+01    0.274650081183670238E+02   -0.870654073409956368E+03   -0.121251535193769460E+02    1
    0.158104377385776706E+04    0.383816962783527815E+01    0.133759809378774150E+02   -0.870261101834883448E+03   -0.121351535193769386E+02    1
    0.158883141231158606E+04    0.384108945561323623E+01    0.139750496174456913E+02   -0.870033204918835963E+03   -0.121451535193769420E+02    1
    0.159694077073085259E+04    0.382450727376176713E+01    0.253506934944898603E+02   -0.869505776808568044E+03   -0.121551535193769453E+02    1
    0.159474546412238419E+04    0.388066843286204577E+01    0.150649482897245832E+02   -0.868236801042173965E+03   -0.121651535193769433E+02    1
    0.157042591278684836E+04    0.376793044932100418E+01    0.159478446779676375E+02   -0.868229998517233980E+03   -0.121751535193769413E+02    1
    0.159828217685157347E+04    0.390290964975245069E+01    0.253193387316452885E+02   -0.868085060312475207E+03   -0.121851535193769358E+02    1
    0.147040886975822855E+04    0.275624930301104598E+01    0.281755060690693711E+02   -0.867580384502396896E+03   -0.121951535193769427E+02    1
    0.156185194163018468E+04    0.382388341095568673E+01    0.246178844231838241E+02   -0.867355396554325239E+03   -0.122051535193769496E+02    1
    0.150447214539496008E+04    0.265641501344042208E+01    0.431713822886607659E+02   -0.867323915402959301E+03   -0.122151535193769423E+02    1
    0.149057382818322117E+04    0.258213722567253345E+01    0.255264839802406271E+02   -0.867240051828559785E+03   -0.122251535193769385E+02    1
    0.158119942912948750E+04    0.384786830529757307E+01    0.457857976080383935E+02   -0.866943773684992948E+03   -0.122351535193769383E+02    1
    0.148938684639162329E+04    0.271326355913886008E+01    0.308551109426584276E+02   -0.866766864410221160E+03   -0.122451535193769416E+02    1
    0.148505422746563227E+04    0.276701021466433117E+01    0.329071271670742362E+02   -0.866399064431978331E+03   -0.122551535193769450E+02    1
    0.149394057259340320E+04    0.266880452700291615E+01    0.297281117493812985E+02   -0.866251709185981554E+03   -0.122651535193769465E+02    1
    0.148287018228546890E+04    0.271647893985235145E+01    0.318063330110149991E+02   -0.865981501099321918E+03   -0.122751535193769445E+02    1
    0.157300166910860571E+04    0.388788243656905630E+01    0.162704538790964506E+02   -0.865943049037387368E+03   -0.122851535193769408E+02    1
    0.158361218807364025E+04    0.376004987735148566E+01    0.186935235528285801E+02   -0.865692539216363002E+03   -0.122951535193769388E+02    1
    0.156428912939210522E+04    0.376934617095657165E+01    0.237777019213720706E+02   -0.865294109852294127E+03   -0.123051535193769421E+02    1
    0.149605328283232780E+04    0.259018461733863115E+01    0.154692130017195240E+02   -0.865035007120187402E+03   -0.123151535193769419E+02    1
    0.159045542691595483E+04    0.389688280880440008E+01    0.155444062767718094E+02   -0.863922781789563942E+03   -0.123251535193769381E+02    1
    0.148738380155882714E+04    0.260959253110818334E+01    0.138636144599640261E+02   -0.863531462857268139E+03   -0.123351535193769379E+02    1
    0.148400764874555784E+04    0.285503468315132380E+01    0.394735035788143307E+02   -0.862744324269563094E+03   -0.123451535193769395E+02    1
    0.159871710857722428E+04    0.392649550859392615E+01    0.226876474336853846E+02   -0.862632660351135542E+03   -0.123551535193769428E+02    1
    0.160665729677464719E+04    0.388958044602021991E+01    0.168009765407004039E+02   -0.862421847707641973E+03   -0.123651535193769408E+02    1
    0.160304107951094602E+04    0.382269214840620108E+01    0.214914358131461682E+02   -0.862303313454622867E+03   -0.123751535193769424E+02    1
    0.158803502052868544E+04    0.384518398294614272E+01    0.434684989063435125E+02   -0.862172793283275155E+03   -0.123851535193769422E+02    1
    0.148664073183136134E+04    0.258361616756014589E+01    0.163554909450026429E+02   -0.862057833371962943E+03   -0.123951535193769384E+02    1
    0.157843319982457433E+04    0.385948309709948312E+01    0.422738412767067189E+02   -0.861925226902947543E+03   -0.124051535193769382E+02    1
    0.147937977962720674E+04    0.283360059418405719E+01    0.357846137898030179E+02   -0.861686823428573234E+03   -0.124151535193769398E+02    1
    0.157312018774158287E+04    0.380869834430577781E+01    0.418691191944838010E+02   -0.860689365882458333E+03   -0.124251535193769431E+02    1
    0.156392261821865941E+04    0.377691006179165356E+01    0.230466907715394740E+02   -0.860488215175910341E+03   -0.124351535193769447E+02    1
    0.150708160852694346E+04    0.265043210612927993E+01    0.177757959190719959E+02   -0.859294451439601403E+03   -0.124451535193769427E+02    1
    0.150935919452952839E+04    0.270140464151044712E+01    0.168410837302506167E+02   -0.858550026210026999E+03   -0.124551535193769389E+02    1
    0.159360790213618270E+04    0.385614294579114292E+01    0.258895919851034506E+02   -0.857324621984404189E+03   -0.124651535193769369E+02    1
    0.160984256182980221E+04    0.390117232918679857E+01    0.197680579942682186E+02   -0.857048710916937807E+03   -0.124751535193769385E+02    1
    0.158523595687004217E+04    0.391010428882124694E+01    0.240880847590461400E+02   -0.856874428045681270E+03   -0.124851535193769383E+02    1
    0.157206060095326211E+04    0.389515456292737650E+01    0.202809201655663713E+02   -0.855812282694079613E+03   -0.124951535193769399E+02    1
    0.159430367957851149E+04    0.381633954941009090E+01    0.180349041242677401E+02   -0.855791042494038038E+03   -0.125051535193769414E+02    1
    0.148090877651998744E+04    0.273371533654046450E+01    0.344382994236302125E+02   -0.855696687182311052E+03   -0.125151535193769394E+02    1
    0.148704732219614311E+04    0.261035623115448701E+01    0.426191841916833027E+02   -0.855548457900755579E+03   -0.125251535193769392E+02    1
    0.160969752980021758E+04    0.389413705238264551E+01    0.201830998136988740E+02   -0.855138789200945894E+03   -0.125351535193769408E+02    1
    0.157388952416088932E+04    0.376788441506662330E+01    0.175126116281768276E+02   -0.855025343807075501E+03   -0.125451535193769388E+02    1
    0.149877897047960778E+04    0.257536359382788493E+01    0.195318533581415750E+02   -0.854737039887356900E+03   -0.125551535193769404E+02    1
    0.147445313439682968E+04    0.261680779259829510E+01    0.152636577397323663E+02   -0.854657260184261304E+03   -0.125651535193769437E+02    1
    0.149751825545521342E+04    0.262407732837233443E+01    0.423292205966957056E+02   -0.854449021024608328E+03   -0.125751535193769470E+02    1
    0.147847345279362344E+04    0.261338999341569878E+01    0.148516224599830764E+02   -0.853872090402140202E+03   -0.125851535193769468E+02    1
    0.147381403984012127E+04    0.264839253385319751E+01    0.455289598936506366E+02   -0.853706022700298490E+03   -0.125951535193769413E+02    1
    0.147629701284779435E+04    0.265497426733525987E+01    0.130003416618413610E+02   -0.853687973744317333E+03   -0.126051535193769357E+02    1
    0.149652477417285832E+04    0.268915716267059235E+01    0.405253562591128969E+02   -0.853645562545651046E+03   -0.126151535193769408E+02    1
    0.147969835407363689E+04    0.274470422749329535E+01    0.350721457161234582E+02   -0.853442099662423516E+03   -0.126251535193769389E+02    1
    0.149225534528382263E+04    0.258586741777979778E+01    0.171691258421627424E+02   -0.853118611501483429E+03   -0.126351535193769404E+02    1
    0.158479960105998566E+04    0.377981050750154868E+01    0.182471313206902721E+02   -0.853081306158054986E+03   -0.126451535193769455E+02    1
    0.147071215854737488E+04    0.277618285272528675E+01    0.421907865523334920E+02   -0.853035082174662193E+03   -0.126551535193769382E+02    1
    0.150484817916340035E+04    0.270285696759445049E+01    0.256191159144572396E+02   -0.852398256095629222E+03   -0.126651535193769345E+02    1
    0.146839325138150070E+04    0.269745418600441900E+01    0.253319083747695544E+02   -0.849650068893651678E+03   -0.126751535193769378E+02    1
    0.159485885921489898E+04    0.386580764231020080E+01    0.245918017485486047E+02   -0.849561608981469135E+03   -0.126851535193769429E+02    1
    0.149635290881742685E+04    0.273501247998208763E+01    0.212702775992973443E+02   -0.849483138187966460E+03   -0.126951535193769462E+02    1
    0.147274247854477494E+04    0.277756518292592069E+01    0.389800022708690506E+02   -0.849167847169391507E+03   -0.127051535193769389E+02    1
    0.158045202025630215E+04    0.387633980702036718E+01    0.162795838547693279E+02   -0.849137438147768762E+03   -0.127151535193769352E+02    1
    0.159238009885579345E+04    0.390391665476233829E+01    0.181930920230318804E+02   -0.849098607326222805E+03   -0.127251535193769367E+02    1
    0.160102888014408722E+04    0.389206123519680425E+01    0.223181067586895239E+02   -0.848942558851631134E+03   -0.127351535193769383E+02    1
    0.147546614260067031E+04    0.266125209581664635E+01    0.467094927389032932E+02   -0.848713791142930859E+03   -0.127451535193769399E+02    1
    0.150682587288207515E+04    0.268298891355154989E+01    0.171727489772378874E+02   -0.848497800458539587E+03   -0.127551535193769396E+02    1
    0.148835001057716408E+04    0.280809193991188666E+01    0.164115418893688911E+02   -0.848241087736396594E+03   -0.127651535193769430E+02    1
    0.159029620278999778E+04    0.387186998696466311E+01    0.165178667320604120E+02   -0.847758093018381487E+03   -0.127751535193769410E+02    1
    0.147505446566686396E+04    0.274467086643974678E+01    0.119855724379447537E+02   -0.847566872453852739E+03   -0.127851535193769372E+02    1
    0.150507126492276711E+04    0.272150100527494176E+01    0.199336181720787522E+02   -0.847528118688735276E+03   -0.127951535193769352E+02    1
    0.160614491880789046E+04    0.388653993500927930E+01    0.218870509358258118E+02   -0.847373115412012453E+03   -0.128051535193769332E+02    1
    0.149340183736345853E+04    0.272318005606914770E+01    0.147228556564930528E+02   -0.846362407607521163E+03   -0.128151535193769330E+02    1
    0.149099317397170807E+04    0.276226668235648676E+01    0.154351736774005417E+02   -0.845907982936845883E+03   -0.128251535193769310E+02    1
    0.148230055198481591E+04    0.267809340068684332E+01    0.483817587964483948E+02   -0.844303123792444694E+03   -0.128351535193769379E+02    1
    0.157114483545060580E+04    0.381024565640168777E+01    0.252432048283538535E+02   -0.844214839578007059E+03   -0.128451535193769448E+02    1
    0.147197180100207447E+04    0.261662417782565493E+01    0.238519831483546767E+02   -0.843716297352059541E+03   -0.128551535193769428E+02    1
    0.148249083395342791E+04    0.280236985922704740E+01    0.296744748897406794E+02   -0.843660164979445653E+03   -0.128651535193769408E+02    1
    0.157737536293328776E+04    0.386113530570348740E+01    0.251079471583881144E+02   -0.843137498580131137E+03   -0.128751535193769406E+02    1
    0.157154933568770821E+04    0.385434258539938979E+01    0.240762210482034646E+02   -0.843061393189407909E+03   -0.128851535193769422E+02    1
    0.149559600394329209E+04    0.267056414461328195E+01    0.421788416752404487E+02   -0.842654210755837084E+03   -0.128951535193769384E+02    1
    0.148868973454108163E+04    0.274755515045508325E+01    0.460514059114307486E+02   -0.842032196227099803E+03   -0.129051535193769364E+02    1
    0.147958837732037659E+04    0.272044765574222058E+01    0.116817336078950120E+02   -0.841990858387944968E+03   -0.129151535193769416E+02    1
    0.157254712458479571E+04    0.386770635200887369E+01    0.187749063412268953E+02   -0.841822018272538116E+03   -0.129251535193769396E+02    1
    0.147122508084630181E+04    0.264320120424956873E+01    0.160542625338802480E+02   -0.841393949461098032E+03   -0.129351535193769358E+02    1
    0.156862985854539670E+04    0.385232071018790512E+01    0.213680765113697646E+02   -0.841367748580483067E+03   -0.129451535193769356E+02    1
    0.149039888757785252E+04    0.278938733743219025E+01    0.227246112779699843E+02   -0.840845296921975773E+03   -0.129551535193769336E+02    1
    0.157109778229863446E+04    0.380318874190739198E+01    0.244592175687865989E+02   -0.840656857993123367E+03   -0.129651535193769405E+02    1
    0.158004368165567826E+04    0.389181271616677593E+01    0.218320061879218486E+02   -0.840318497934581842E+03   -0.129751535193769403E+02    1
    0.147347171593751250E+04    0.267103682285333432E+01    0.421544317867250129E+02   -0.840160006206680691E+03   -0.129851535193769401E+02    1
    0.147720861288106971E+04    0.275436069610053513E+01    0.369087271660337137E+02   -0.839960858163422245E+03   -0.129951535193769381E+02    1
    0.156737562957792943E+04    0.382439349540137608E+01    0.209283319036285036E+02   -0.838683327891957219E+03   -0.130051535193769379E+02    1
    0.158723116608378132E+04    0.386039434355638145E+01    0.245315626568055904E+02   -0.838318433160509585E+03   -0.130151535193769377E+02    1
    0.159294677385482828E+04    0.386009833256928436E+01    0.185352447684669954E+02   -0.838291619812800150E+03   -0.130251535193769410E+02    1
    0.147589513401212366E+04    0.264136217439123211E+01    0.264399582253744398E+02   -0.838106322099209706E+03   -0.130351535193769426E+02    1
    0.159528003750079006E+04    0.386415417862146082E+01    0.201499781263347444E+02   -0.838030029235713869E+03   -0.130451535193769388E+02    1
    0.149176389437019998E+04    0.267964435536032530E+01    0.393704841388292550E+02   -0.837645826449839660E+03   -0.130551535193769386E+02    1
    0.150498712194680047E+04    0.268294548178718184E+01    0.238416655653665259E+02   -0.837578580076116509E+03   -0.130651535193769419E+02    1
    0.149092181643988647E+04    0.268467873414329850E+01    0.389685264864842225E+02   -0.837063455158703619E+03   -0.130751535193769399E+02    1
    0.156843110292465667E+04    0.381919536530101178E+01    0.221431600017130563E+02   -0.836669159287818502E+03   -0.130851535193769362E+02    1
    0.147364251562607910E+04    0.273625995094671337E+01    0.395713822775960580E+02   -0.836562779506984384E+03   -0.130951535193769359E+02    1
    0.149285227717779617E+04    0.265174813195072323E+01    0.429828175847506486E+02   -0.836538554805123340E+03   -0.131051535193769393E+02    1
    0.148222323120755459E+04    0.289432442685157953E+01    0.213386733627815204E+02   -0.836462970715457459E+03   -0.131151535193769391E+02    1
    0.149701350678328845E+04    0.260413541706419771E+01    0.237160275945165466E+02   -0.835634613757803209E+03   -0.131251535193769353E+02    1
    0.157572773779344561E+04    0.378274731241461648E+01    0.206760930399719598E+02   -0.835497949319160739E+03   -0.131351535193769315E+02    1
    0.147906603142786093E+04    0.266090819144124424E+01    0.399143046315517438E+02   -0.835265095754076128E+03   -0.131451535193769349E+02    1
    0.148750956714808717E+04    0.282073994262750016E+01    0.197443448446279035E+02   -0.835163228025515537E+03   -0.131551535193769382E+02    1
    0.156890685706152726E+04    0.382232416338133785E+01    0.217058507098445403E+02   -0.835003079175744915E+03   -0.131651535193769345E+02    1
    0.157232605064764516E+04    0.385872705350617862E+01    0.211582108975803891E+02   -0.834903963652802872E+03   -0.131751535193769342E+02    1
    0.149064692256231979E+04    0.266820814685516305E+01    0.453621094346718507E+02   -0.834692741575999435E+03   -0.131851535193769323E+02    1
    0.148076150419327450E+04    0.281167869235297552E+01    0.126324485031350804E+02   -0.834633141419161575E+03   -0.131951535193769320E+02    1
    0.148538778698303531E+04    0.264973857726644546E+01    0.138773221532658511E+02   -0.834333910184426031E+03   -0.132051535193769336E+02    1
    0.149174410359893682E+04    0.270201121147021084E+01    0.142496111570340531E+02   -0.833653788140328970E+03   -0.132151535193769334E+02    1
    0.158550033600520169E+04    0.383166479306857433E+01    0.241225235599967078E+02   -0.833466975521145287E+03   -0.132251535193769367E+02    1
    0.148180002880737834E+04    0.277677892426673623E+01    0.478129743884010736E+02   -0.833368773000470355E+03   -0.132351535193769418E+02    1
    0.147099274895717417E+04    0.276229680059267402E+01    0.151764297611037335E+02   -0.833353667395885623E+03   -0.132451535193769399E+02    1
    0.148410071045418294E+04    0.264183541863167415E+01    0.432481425005754261E+02   -0.832796876674537316E+03   -0.132551535193769343E+02    1
    0.157509914243419644E+04    0.382347713563341340E+01    0.178138744168929009E+02   -0.832782512571591383E+03   -0.132651535193769359E+02    1
    0.157663961470169693E+04    0.385747804207340872E+01    0.186910709014346992E+02   -0.831772273017071825E+03   -0.132751535193769392E+02    1
    0.157090463351279664E+04    0.380828000822084878E+01    0.215623888744609786E+02   -0.831542147720817184E+03   -0.132851535193769372E+02    1
    0.148679905803879592E+04    0.269206351078118233E+01    0.468351205308854901E+02   -0.831373223124963943E+03   -0.132951535193769352E+02    1
    0.147966928557280494E+04    0.285257366887640496E+01    0.425305995980534703E+02   -0.831263752608661207E+03   -0.133051535193769332E+02    1
    0.148340450842949531E+04    0.281071686594020509E+01    0.398122717314261365E+02   -0.831085900849747645E+03   -0.133151535193769330E+02    1
    0.148626545696695212E+04    0.274461779833778019E+01    0.464964351102520368E+02   -0.830944469278240376E+03   -0.133251535193769346E+02    1
    0.148612005885340454E+04    0.260580520555676065E+01    0.238290008042063164E+02   -0.830352075103744710E+03   -0.133351535193769397E+02    1
    0.148918857893408767E+04    0.279232992994914042E+01    0.225572021977787074E+02   -0.829760512629305367E+03   -0.133451535193769431E+02    1
    0.148655354792196977E+04    0.265022103242530971E+01    0.438183085060830422E+02   -0.829384349299616133E+03   -0.133551535193769411E+02    1
    0.147751263850746591E+04    0.285082493333468801E+01    0.427621722178702441E+02   -0.829123896331734841E+03   -0.133651535193769355E+02    1
    0.148442424215199753E+04    0.275793290811930092E+01    0.289577700183042737E+02   -0.828709019126228441E+03   -0.133751535193769353E+02    1
    0.148499663519275055E+04    0.263167168539911778E+01    0.261393038817208492E+02   -0.828252584941988061E+03   -0.133851535193769404E+02    1
    0.147630407107503515E+04    0.284539504193233306E+01    0.273009491561247728E+02   -0.827476852736142973E+03   -0.133951535193769420E+02    1
    0.148017455905847191E+04    0.264780885603358174E+01    0.147051806198912942E+02   -0.827446730785300701E+03   -0.134051535193769382E+02    1
    0.157757783317985673E+04    0.385682648644439752E+01    0.211527251350147623E+02   -0.826584052332613396E+03   -0.134151535193769345E+02    1
    0.147153556135822873E+04    0.268171402129119185E+01    0.252284694279614712E+02   -0.826454163830622633E+03   -0.134251535193769378E+02    1
    0.147103565913552006E+04    0.282147894655661746E+01    0.234467663619336122E+02   -0.826162267220740318E+03   -0.134351535193769376E+02    1
    0.147281264476936826E+04    0.262264099564818931E+01    0.213125502723109435E+02   -0.826157117581890816E+03   -0.134451535193769338E+02    1
    0.147816270972413895E+04    0.276926423263186727E+01    0.380868707842949448E+02   -0.825902387526081156E+03   -0.134551535193769372E+02    1
    0.148612445943178454E+04    0.270725595190702606E+01    0.464418596806186770E+02   -0.825869153486295431E+03   -0.134651535193769423E+02    1
    0.148599879641192865E+04    0.269639224789031617E+01    0.133009225687694652E+02   -0.825835893665956746E+03   -0.134751535193769367E+02    1
    0.148740822500889681E+04    0.260602113319973006E+01    0.229438124127747898E+02   -0.825455047372792706E+03   -0.134851535193769294E+02    1
    0.157751532833260330E+04    0.382435507941147179E+01    0.227400734064383983E+02   -0.825346887384533716E+03   -0.134951535193769345E+02    1
    0.157849681396823075E+04    0.381203076071857305E+01    0.220938429411819470E+02   -0.825317685312092749E+03   -0.135051535193769414E+02    1
    0.147602593068518468E+04    0.280169974047831927E+01    0.455401306400738406E+02   -0.825274184146946141E+03   -0.135151535193769359E+02    1
    0.148246654550608832E+04    0.262720761874612752E+01    0.253153587945968468E+02   -0.825036262741314431E+03   -0.135251535193769303E+02    1
    0.147848036166515112E+04    0.282751497532758389E+01    0.279736009557268233E+02   -0.824619088221273500E+03   -0.135351535193769337E+02    1
    0.157749406140244355E+04    0.381538499466202197E+01    0.219155432429963213E+02   -0.824530423166980199E+03   -0.135451535193769317E+02    1
    0.148602347639149775E+04    0.273887048796913080E+01    0.458456845325563620E+02   -0.824530304962725722E+03   -0.135551535193769279E+02    1
    0.148692798996284364E+04    0.273841614319594973E+01    0.281563219456570550E+02   -0.824192710177667209E+03   -0.135651535193769366E+02    1
    0.148664833145056173E+04    0.274357282283122483E+01    0.281582681158189132E+02   -0.824069049012080541E+03   -0.135751535193769381E+02    1
    0.147675279523527570E+04    0.279347308620539359E+01    0.460208449266731350E+02   -0.823889794439954471E+03   -0.135851535193769308E+02    1
    0.149547087892003697E+04    0.268990074347088148E+01    0.172283838270710135E+02   -0.823678393270856532E+03   -0.135951535193769377E+02    1
    0.147117035772627082E+04    0.280080376810366616E+01    0.242250572220628442E+02   -0.823609134574514428E+03   -0.136051535193769428E+02    1
    0.148858321422183326E+04    0.270901428412928524E+01    0.402815407641999741E+02   -0.823529161097833594E+03   -0.136151535193769373E+02    1
    0.157925828309797589E+04    0.384791272743287749E+01    0.208894611665479033E+02   -0.823363782453826616E+03   -0.136251535193769335E+02    1
    0.147242792579090383E+04    0.267532772883908132E+01    0.252297473085342432E+02   -0.823129174595128688E+03   -0.136351535193769369E+02    1
    0.147192863886287455E+04    0.284090645587124202E+01    0.233424776551281070E+02   -0.822724302845246257E+03   -0.136451535193769367E+02    1
    0.147239402910412286E+04    0.271828082446854546E+01    0.151080107336397873E+02   -0.822704297210072355E+03   -0.136551535193769364E+02    1
    0.147585109949042840E+04    0.270076936605180862E+01    0.446963920417882150E+02   -0.822648507769955813E+03   -0.136651535193769398E+02    1
    0.149242170648040769E+04    0.272184060772920944E+01    0.167611334751576635E+02   -0.822293431806491981E+03   -0.136751535193769360E+02    1
    0.147575418875434457E+04    0.266049285438683292E+01    0.259549302488296263E+02   -0.822137679532764423E+03   -0.136851535193769305E+02    1
    0.149509283814391461E+04    0.269874436313278965E+01    0.177998754197485454E+02   -0.821979003334036520E+03   -0.136951535193769338E+02    1
    0.148813291371990908E+04    0.261931838480945522E+01    0.172807046539389546E+02   -0.821813573057376516E+03   -0.137051535193769354E+02    1
    0.149933726239692760E+04    0.262432599337858052E+01    0.212446551502908960E+02   -0.821589213464543832E+03   -0.137151535193769316E+02    1
    0.149974399480747070E+04    0.262814728697161515E+01    0.212474722472635733E+02   -0.821477229882689016E+03   -0.137251535193769367E+02    1
    0.148035628936770854E+04    0.263716591079954910E+01    0.159243010042875284E+02   -0.821445263065686277E+03   -0.137351535193769365E+02    1
    0.148655367859668468E+04    0.268319130161997421E+01    0.139472037222083713E+02   -0.821340258547279973E+03   -0.137451535193769327E+02    1
    0.148842235561368511E+04    0.270231397832173892E+01    0.440172364145860797E+02   -0.821097880420388833E+03   -0.137551535193769361E+02    1
    0.149695269551621186E+04    0.268302175777164953E+01    0.188837040627799979E+02   -0.820902704249552357E+03   -0.137651535193769359E+02    1
    0.148534210768551975E+04    0.260618962969628143E+01    0.210480041055032103E+02   -0.820840766364905676E+03   -0.137751535193769321E+02    1
    0.147362695012638528E+04    0.262806968139596631E+01    0.217463783468945735E+02   -0.820738239605573199E+03   -0.137851535193769337E+02    1
    0.149806693324786261E+04    0.265260179280459196E+01    0.235726213148113004E+02   -0.820660454209021054E+03   -0.137951535193769335E+02    1
    0.149460647896774526E+04    0.266505455111967260E+01    0.164971986636191588E+02   -0.820453471853615383E+03   -0.138051535193769315E+02    1
    0.147256202962034422E+04    0.277972529820375858E+01    0.257986053695454984E+02   -0.819699814810413727E+03   -0.138151535193769348E+02    1
    0.147812593098103594E+04    0.269888535649155648E+01    0.403726879492153046E+02   -0.819239325372158419E+03   -0.138251535193769364E+02    1
    0.148466621208229981E+04    0.267655098246804268E+01    0.409862469142416046E+02   -0.818911304137851971E+03   -0.138351535193769326E+02    1
    0.148647564724882250E+04    0.274717214799932030E+01    0.432176317715308187E+02   -0.818896046602810998E+03   -0.138451535193769306E+02    1
    0.148324357594995581E+04    0.261334009882538743E+01    0.225501791572836510E+02   -0.818506587808552013E+03   -0.138551535193769340E+02    1
    0.149096795429852978E+04    0.272950839149360158E+01    0.255642670021680658E+02   -0.818093936035268143E+03   -0.138651535193769337E+02    1
    0.148865972365543917E+04    0.276938748157098047E+01    0.249262565516512637E+02   -0.817967546054382183E+03   -0.138751535193769282E+02    1
    0.148322251622945805E+04    0.262214350206707536E+01    0.175369200001915573E+02   -0.817896964939630379E+03   -0.138851535193769280E+02    1
    0.148668175101019847E+04    0.271261655698292437E+01    0.405830675677758563E+02   -0.816800844680218120E+03   -0.138951535193769278E+02    1
    0.147975034708307226E+04    0.279633439082567481E+01    0.451400887978252570E+02   -0.816765944346140259E+03   -0.139051535193769276E+02    1
    0.147554890374353272E+04    0.276830893815888590E+01    0.438976497284797631E+02   -0.816508215154687605E+03   -0.139151535193769291E+02    1
    0.148055500668919558E+04    0.276237951184789754E+01    0.283752399188050788E+02   -0.816089476819097854E+03   -0.139251535193769325E+02    1
    0.148424180839395012E+04    0.272772023610882464E+01    0.394202342839793687E+02   -0.816024286774702887E+03   -0.139351535193769323E+02    1
    0.148559998437879722E+04    0.271709339509947556E+01    0.402536287356037406E+02   -0.815201123627090738E+03   -0.139451535193769356E+02    1
    0.148632233764510829E+04    0.273145231265581678E+01    0.433110311339723637E+02   -0.815046695403421609E+03   -0.139551535193769389E+02    1
    0.147835663225599251E+04    0.269443485242815228E+01    0.438132891378523937E+02   -0.815020343805430457E+03   -0.139651535193769387E+02    1
    0.148701115817763639E+04    0.261457868094045853E+01    0.219052605289852522E+02   -0.814817617252011814E+03   -0.139751535193769332E+02    1
    0.148193457245544755E+04    0.279629342554790661E+01    0.422001413392324594E+02   -0.814721238094562750E+03   -0.139851535193769276E+02    1
    0.149520700400522878E+04    0.265319173946447906E+01    0.177696476905753116E+02   -0.814674267610014113E+03   -0.139951535193769292E+02    1
    0.147519107850695559E+04    0.286177995325119294E+01    0.247398694047519854E+02   -0.814537417375720906E+03   -0.140051535193769290E+02    1
    0.148252707894292507E+04    0.271486430335195550E+01    0.395982957610696360E+02   -0.814387594209438703E+03   -0.140151535193769305E+02    1
    0.147756447963368282E+04    0.275937299034099404E+01    0.453855053364443108E+02   -0.814360874721226082E+03   -0.140251535193769321E+02    1
    0.148403047454953389E+04    0.283691378990986021E+01    0.188747544364433537E+02   -0.814053542769710248E+03   -0.140351535193769301E+02    1
    0.149066884688597929E+04    0.275429376189655217E+01    0.212639420622338093E+02   -0.813762167855646453E+03   -0.140451535193769317E+02    1
    0.148498179111013178E+04    0.273079038850281064E+01    0.444098397861599778E+02   -0.813292412682930603E+03   -0.140551535193769332E+02    1
    0.147994736148342486E+04    0.262051590951179270E+01    0.217402601171485372E+02   -0.813009712955685245E+03   -0.140651535193769348E+02    1
    0.148134572166450744E+04    0.265203774983550433E+01    0.157479255205644364E+02   -0.812785590427399029E+03   -0.140751535193769310E+02    1
    0.148618934279882683E+04    0.269638910542457788E+01    0.144345341934843532E+02   -0.812500137306480383E+03   -0.140851535193769308E+02    1
    0.148562073319058800E+04    0.277128089908158515E+01    0.152375720536421824E+02   -0.812099281207398235E+03   -0.140951535193769324E+02    1
    0.148393018213312007E+04    0.262153981203762942E+01    0.227123485153644538E+02   -0.812029475592366225E+03   -0.141051535193769304E+02    1
    0.148529246313367344E+04    0.273624935803911784E+01    0.431298760765547229E+02   -0.811919609898545787E+03   -0.141151535193769302E+02    1
    0.147447378216813422E+04    0.274421302434952263E+01    0.265103215553581038E+02   -0.811915009203455952E+03   -0.141251535193769335E+02    1
    0.148023508765133533E+04    0.272055012201255630E+01    0.400984595139729834E+02   -0.811785701108682815E+03   -0.141351535193769298E+02    1
    0.148705284283971605E+04    0.261986027043509484E+01    0.196376454488630401E+02   -0.810677035951645848E+03   -0.141451535193769331E+02    1
    0.148444821955700399E+04    0.271877482013759941E+01    0.410935719650029228E+02   -0.810211647708305236E+03   -0.141551535193769329E+02    1
    0.147776881130662787E+04    0.264324069105630644E+01    0.173167818693051885E+02   -0.810166754969699468E+03   -0.141651535193769345E+02    1
    0.147139086799743200E+04    0.278014551259687970E+01    0.180428454421922595E+02   -0.810008616305610531E+03   -0.141751535193769325E+02    1
    0.148452091336427702E+04    0.282613061162357893E+01    0.226136992081197263E+02   -0.809688242755662486E+03   -0.141851535193769251E+02    1
    0.149562895581397879E+04    0.267892348927668511E+01    0.208258054103251453E+02   -0.809529909336950141E+03   -0.141951535193769285E+02    1
    0.148467416285701302E+04    0.272362926233051761E+01    0.426083526072659708E+02   -0.808926522799181271E+03   -0.142051535193769300E+02    1
    0.148054039588829664E+04    0.286570470567528801E+01    0.185245026839988043E+02   -0.808558698645981735E+03   -0.142151535193769263E+02    1
    0.147152283667564848E+04    0.273355442651097080E+01    0.238077355958725860E+02   -0.808529892741250592E+03   -0.142251535193769278E+02    1
    0.149532827511584946E+04    0.267988952276800063E+01    0.207652524128246796E+02   -0.808430285178882173E+03   -0.142351535193769365E+02    1
    0.147873471952644195E+04    0.277077940003895407E+01    0.412484784738736039E+02   -0.808264699287556823E+03   -0.142451535193769399E+02    1
    0.147364532841716891E+04    0.282371017918533607E+01    0.242438267714175595E+02   -0.807685681543310011E+03   -0.142551535193769414E+02    1
    0.147530265649588182E+04    0.283822005213514128E+01    0.250332770571725689E+02   -0.807666176783672881E+03   -0.142651535193769412E+02    1
    0.148505421687320222E+04    0.265385040737369771E+01    0.253785181721575555E+02   -0.807293439010735597E+03   -0.142751535193769321E+02    1
    0.147338249827980803E+04    0.284903040046376166E+01    0.194618819951505060E+02   -0.807089129241487399E+03   -0.142851535193769266E+02    1
    0.147655151780990832E+04    0.287526308589888657E+01    0.231909279728854045E+02   -0.806988629868751559E+03   -0.142951535193769299E+02    1
    0.149420542600607996E+04    0.268467880254777436E+01    0.225117672066442509E+02   -0.806287143009044598E+03   -0.143051535193769297E+02    1
    0.148767831341919259E+04    0.274316408230503450E+01    0.161352819056447458E+02   -0.806233110435112849E+03   -0.143151535193769295E+02    1
    0.147489547475464587E+04    0.266094156322916886E+01    0.236942085989899169E+02   -0.806100185800278837E+03   -0.143251535193769310E+02    1
    0.147802412160157473E+04    0.265956528945177073E+01    0.165300632883304672E+02   -0.806076627929794995E+03   -0.143351535193769326E+02    1
    0.148078877210660471E+04    0.285014450762251714E+01    0.243115970341008847E+02   -0.806043901402604888E+03   -0.143451535193769359E+02    1
    0.149227054813700352E+04    0.264458602257057374E+01    0.185689619892473274E+02   -0.805761240043857242E+03   -0.143551535193769340E+02    1
    0.149511895204449002E+04    0.266561973899315197E+01    0.212428528128938154E+02   -0.805564813376212669E+03   -0.143651535193769337E+02    1
    0.148076512186652121E+04    0.283692246931145187E+01    0.252396669499064643E+02   -0.805226628715235165E+03   -0.143751535193769318E+02    1
    0.148611368841165336E+04    0.280047192563069158E+01    0.204875362710288584E+02   -0.804964351781032860E+03   -0.143851535193769298E+02    1
    0.148165881591781363E+04    0.272785179197376104E+01    0.428259221109518080E+02   -0.804784771305556887E+03   -0.143951535193769349E+02    1
    0.148630053437931929E+04    0.273604254918263035E+01    0.153785134915380297E+02   -0.804189284968777997E+03   -0.144051535193769329E+02    1
    0.147354089208836626E+04    0.272947283087493897E+01    0.250641123515833470E+02   -0.804048300778549560E+03   -0.144151535193769291E+02    1
    0.147432272635337631E+04    0.268693548166688334E+01    0.167318319285483739E+02   -0.803989079703039806E+03   -0.144251535193769325E+02    1
    0.147315473152316918E+04    0.270285145365045443E+01    0.169798193913697446E+02   -0.803645844239035000E+03   -0.144351535193769358E+02    1
    0.148644921317531362E+04    0.262891988146418054E+01    0.207171000443726996E+02   -0.802864812195528884E+03   -0.144451535193769320E+02    1
    0.148141545668821004E+04    0.274259477965635945E+01    0.273079904464196517E+02   -0.802777310364506775E+03   -0.144551535193769283E+02    1
    0.147667763974234708E+04    0.286039382779085427E+01    0.178631784556970246E+02   -0.802111480758885818E+03   -0.144651535193769316E+02    1
    0.149256940903518307E+04    0.265545934205673317E+01    0.228395663103460436E+02   -0.802000795603308916E+03   -0.144751535193769314E+02    1
    0.148618746150326251E+04    0.279154969847566115E+01    0.223192745646796595E+02   -0.801288948255376681E+03   -0.144851535193769312E+02    1
    0.149003409402605803E+04    0.273994768808264277E+01    0.210217017688040215E+02   -0.800819265790730469E+03   -0.144951535193769345E+02    1
    0.147625844070785024E+04    0.285725760661353911E+01    0.233198511076085850E+02   -0.800471186677254991E+03   -0.145051535193769308E+02    1
    0.147548085524256271E+04    0.268660961903361484E+01    0.246866574018144433E+02   -0.800431177966395353E+03   -0.145151535193769323E+02    1
    0.148444003552338791E+04    0.280941815948744811E+01    0.230931774320673782E+02   -0.800414501742883544E+03   -0.145251535193769339E+02    1
    0.147948757848028663E+04    0.266533086783213147E+01    0.165952979328326933E+02   -0.800253802791919043E+03   -0.145351535193769283E+02    1
    0.147803374297741834E+04    0.287244723247386569E+01    0.212283213546753871E+02   -0.800245512701137500E+03   -0.145451535193769281E+02    1
    0.147847706385004471E+04    0.272567840014060359E+01    0.148320201614170486E+02   -0.799894096102780395E+03   -0.145551535193769279E+02    1
    0.148063472395458780E+04    0.265176946460160678E+01    0.239627867519103717E+02   -0.799879432562865077E+03   -0.145651535193769277E+02    1
    0.147632017482209267E+04    0.272691456270011434E+01    0.260408864882794973E+02   -0.799796390422763807E+03   -0.145751535193769328E+02    1
    0.148546352021463963E+04    0.276580390473003668E+01    0.254942284741818810E+02   -0.799669278621416083E+03   -0.145851535193769326E+02    1
    0.147238056120073088E+04    0.268291539797945555E+01    0.200920425677122267E+02   -0.799646725056657033E+03   -0.145951535193769324E+02    1
    0.148717589670589587E+04    0.270523466664938317E+01    0.159646449496891449E+02   -0.799518369386847212E+03   -0.146051535193769340E+02    1
    0.147353792224515610E+04    0.273343255994197332E+01    0.168028874679698674E+02   -0.798880779045942631E+03   -0.146151535193769302E+02    1
    0.148793099786080347E+04    0.274722937057731098E+01    0.177546622881512093E+02   -0.798763281623544344E+03   -0.146251535193769318E+02    1
    0.148049584989306436E+04    0.279681646684040297E+01    0.262629531506833587E+02   -0.798407508527307073E+03   -0.146351535193769351E+02    1
    0.147357347118029588E+04    0.274603311655750071E+01    0.244745337087003350E+02   -0.798402012646272055E+03   -0.146451535193769313E+02    1
    0.148248643139251044E+04    0.279848262728066910E+01    0.255599474185597586E+02   -0.798134459689290566E+03   -0.146551535193769329E+02    1
    0.147742135342618667E+04    0.267075461608331644E+01    0.170753837097373378E+02   -0.797814941864952516E+03   -0.146651535193769309E+02    1
    0.148591107554474570E+04    0.272766497374215300E+01    0.158586410374931006E+02   -0.797343717490627796E+03   -0.146751535193769307E+02    1
    0.147649577429962596E+04    0.270682212802390465E+01    0.254209984934232978E+02   -0.797076988522113083E+03   -0.146851535193769358E+02    1
    0.147597992480808853E+04    0.284753559258021660E+01    0.232005092441335705E+02   -0.797070527073144831E+03   -0.146951535193769338E+02    1
    0.149097208553520113E+04    0.268159411769476685E+01    0.235238721145080376E+02   -0.797030962207417815E+03   -0.147051535193769336E+02    1
    0.149080623830934428E+04    0.267882855600444136E+01    0.182566969453760208E+02   -0.796957580445973690E+03   -0.147151535193769334E+02    1
    0.148858362636666152E+04    0.272506498455701873E+01    0.175100550301787763E+02   -0.796670507615579936E+03   -0.147251535193769314E+02    1
    0.148960991496611473E+04    0.266526819375850588E+01    0.237008880343302195E+02   -0.796658844354057351E+03   -0.147351535193769294E+02    1
    0.147622098824613113E+04    0.273790305853246663E+01    0.257874780815552640E+02   -0.796492339618783262E+03   -0.147451535193769274E+02    1
    0.147992704040007493E+04    0.279416932592413669E+01    0.155183881459351340E+02   -0.795989161084318539E+03   -0.147551535193769272E+02    1
    0.148519858362801619E+04    0.272592839451069269E+01    0.260470494139698872E+02   -0.795900688590794289E+03   -0.147651535193769234E+02    1
    0.148037269192121607E+04    0.264628636491056701E+01    0.222269645650009551E+02   -0.795508190154803629E+03   -0.147751535193769286E+02    1
    0.148669258263922711E+04    0.268642860536665307E+01    0.165389924695841728E+02   -0.795481908300215878E+03   -0.147851535193769337E+02    1
    0.148272666875590153E+04    0.274880471616500621E+01    0.152791543543422108E+02   -0.795344422448158298E+03   -0.147951535193769281E+02    1
    0.148109814356219340E+04    0.278715059163178136E+01    0.156420005622470768E+02   -0.795123393077207425E+03   -0.148051535193769244E+02    1
    0.148882273301162900E+04    0.268869774015982221E+01    0.243809642921728198E+02   -0.794550821980496494E+03   -0.148151535193769277E+02    1
    0.148569276356684281E+04    0.272135951590603264E+01    0.160553495753216140E+02   -0.794539347432439172E+03   -0.148251535193769310E+02    1
    0.147726283969873521E+04    0.265749549500656634E+01    0.221965716939429143E+02   -0.794181005202573260E+03   -0.148351535193769291E+02    1
    0.148270118113751369E+04    0.280739079785742218E+01    0.176715560923204293E+02   -0.793720085353298487E+03   -0.148451535193769306E+02    1
    0.148266760821046910E+04    0.281416489407903470E+01    0.235463299338233014E+02   -0.793692652900147777E+03   -0.148551535193769304E+02    1
    0.148690683180394922E+04    0.276667954356484680E+01    0.222460286978051158E+02   -0.793490142591996801E+03   -0.148651535193769320E+02    1
    0.149058164398889608E+04    0.266817457715170514E+01    0.224255997244511462E+02   -0.793410444282778940E+03   -0.148751535193769318E+02    1
    0.147898783321898895E+04    0.276466156405071928E+01    0.262609789819827029E+02   -0.793389461980453575E+03   -0.148851535193769298E+02    1
    0.147442156000135742E+04    0.279400835636207212E+01    0.238382768799960729E+02   -0.793170596036272855E+03   -0.148951535193769313E+02    1
    0.147689923073765021E+04    0.283467665436629401E+01    0.238321021446188865E+02   -0.793102931251182667E+03   -0.149051535193769347E+02    1
    0.149098796029473760E+04    0.268149296050990582E+01    0.221897254072940200E+02   -0.792759008575653525E+03   -0.149151535193769238E+02    1
    0.147267078007990995E+04    0.273287999439822737E+01    0.222710137650482807E+02   -0.792749621357365299E+03   -0.149251535193769254E+02    1
    0.147313187538253828E+04    0.271943325549222914E+01    0.184596030487784475E+02   -0.792749005746202556E+03   -0.149351535193769216E+02    1
    0.149014749531487314E+04    0.269735295655618046E+01    0.188914209900436418E+02   -0.792583407473673446E+03   -0.149451535193769285E+02    1
    0.147967014196307105E+04    0.280265471695719670E+01    0.254731403111587014E+02   -0.792494598208635125E+03   -0.149551535193769300E+02    1
    0.147509331075788600E+04    0.271431271225642679E+01    0.243468989424854101E+02   -0.792328865561772091E+03   -0.149651535193769245E+02    1
    0.148315112322402933E+04    0.267870716626560812E+01    0.166710756598535710E+02   -0.792246079234240142E+03   -0.149751535193769278E+02    1
    0.147857766954056751E+04    0.267448637657076960E+01    0.240770940282925920E+02   -0.792133198374785024E+03   -0.149851535193769259E+02    1
    0.148308879587661545E+04    0.274101172649618929E+01    0.156560335217079967E+02   -0.792073804662833936E+03   -0.149951535193769221E+02    1
    0.149017666873121902E+04    0.268706506306874005E+01    0.229107668987580126E+02   -0.791966648756852805E+03   -0.150051535193769272E+02    1
    0.148585317858364056E+04    0.264787127254930921E+01    0.216265249453972501E+02   -0.791956341601462668E+03   -0.150151535193769305E+02    1
    0.148242761978114936E+04    0.279092539455596889E+01    0.250654219827475657E+02   -0.791868576502383803E+03   -0.150251535193769286E+02    1
    0.148194270122556577E+04    0.265401647591519874E+01    0.227919494469745842E+02   -0.791640041855187064E+03   -0.150351535193769301E+02    1
    0.148356958257251699E+04    0.269047557094921741E+01    0.163337195053205448E+02   -0.791597113082526789E+03   -0.150451535193769299E+02    1
    0.149022773132664429E+04    0.267084517642074548E+01    0.221757564123908395E+02   -0.791465914454381846E+03   -0.150551535193769279E+02    1
    0.147478610486733351E+04    0.275223727896841996E+01    0.243915481133189616E+02   -0.790844451470762806E+03   -0.150651535193769295E+02    1
    0.148210198840278144E+04    0.267615643478331311E+01    0.169815450961643251E+02   -0.790773383981523011E+03   -0.150751535193769275E+02    1
    0.147482749021868744E+04    0.280874575282981276E+01    0.232431925096360885E+02   -0.790764105482498735E+03   -0.150851535193769237E+02    1
    0.147654242337377241E+04    0.284540069412027918E+01    0.219702995871556226E+02   -0.790718479473862658E+03   -0.150951535193769217E+02    1
    0.147964403165254362E+04    0.277910328812132956E+01    0.157770541273948766E+02   -0.790519214678922367E+03   -0.151051535193769269E+02    1
    0.148706144686277230E+04    0.266068703163273623E+01    0.228857965724224073E+02   -0.790500530022077783E+03   -0.151151535193769284E+02    1
    0.148385812460620195E+04    0.264968251374219665E+01    0.216057004829520736E+02   -0.790332085016798942E+03   -0.151251535193769282E+02    1
    0.148560530653397200E+04    0.277143661771476779E+01    0.230984085340758725E+02   -0.789814941814884151E+03   -0.151351535193769298E+02    1
    0.147638373015314733E+04    0.283704256059378856E+01    0.225846823374426151E+02   -0.789810849997871060E+03   -0.151451535193769278E+02    1
    0.147912011319965927E+04    0.281407870470574828E+01    0.169685094314631328E+02   -0.789520926287629891E+03   -0.151551535193769258E+02    1
    0.148735000416655362E+04    0.274301356824694498E+01    0.230939667061557969E+02   -0.789344011980972482E+03   -0.151651535193769238E+02    1
    0.148589359931148056E+04    0.270652588195937760E+01    0.249259735078180285E+02   -0.789216322130449043E+03   -0.151751535193769271E+02    1
    0.147916588148165192E+04    0.265657247597590596E+01    0.210888030882815087E+02   -0.789056139587666053E+03   -0.151851535193769305E+02    1
    0.148420104550673773E+04    0.266576951995754063E+01    0.235395167253485766E+02   -0.788994085067153719E+03   -0.151951535193769249E+02    1
    0.148503801424807330E+04    0.277310322222533312E+01    0.235337255226510678E+02   -0.788975851064665790E+03   -0.152051535193769247E+02    1
    0.148022188622761496E+04    0.279895862884128510E+01    0.250591586579756580E+02   -0.788953476734293417E+03   -0.152151535193769263E+02    1
    0.148906063516968220E+04    0.270686268390493145E+01    0.190387291494120632E+02   -0.788765580995112600E+03   -0.152251535193769278E+02    1
    0.147377743373556723E+04    0.270111525134063379E+01    0.216195772330068507E+02   -0.788692025026161673E+03   -0.152351535193769276E+02    1
    0.148080999002613044E+04    0.265593433186476879E+01    0.195898522014531125E+02   -0.788620473948893050E+03   -0.152451535193769221E+02    1
    0.147901947740837272E+04    0.272496488391002289E+01    0.255557733352500094E+02   -0.788327113536294632E+03   -0.152551535193769201E+02    1
    0.147754474416385847E+04    0.281482908594958481E+01    0.173193117750192442E+02   -0.787894319122716183E+03   -0.152651535193769270E+02    1
    0.148009611710986610E+04    0.267766360570794593E+01    0.239857832605668904E+02   -0.787888081091518643E+03   -0.152751535193769303E+02    1
    0.148713596629224276E+04    0.273617912886107684E+01    0.234678259448435540E+02   -0.787850104250850791E+03   -0.152851535193769266E+02    1
    0.148291768699386262E+04    0.268437054425387034E+01    0.170416486332123327E+02   -0.787653231045874008E+03   -0.152951535193769264E+02    1
    0.148951893058260748E+04    0.268977228097794274E+01    0.198006584676623447E+02   -0.787525736305309579E+03   -0.153051535193769297E+02    1
    0.148151291652379928E+04    0.267047023850850884E+01    0.236041462945477747E+02   -0.787524570697399781E+03   -0.153151535193769313E+02    1
    0.147777422946352704E+04    0.266709262562156280E+01    0.219067864545046120E+02   -0.787516694286385928E+03   -0.153251535193769257E+02    1
    0.147361173801327868E+04    0.278667438726587013E+01    0.203776760386559062E+02   -0.787470112527945048E+03   -0.153351535193769255E+02    1
    0.147691905500374560E+04    0.282528745317323793E+01    0.182039599427872503E+02   -0.787339939653321039E+03   -0.153451535193769288E+02    1
    0.148034387667144301E+04    0.270558506116356767E+01    0.163404300493645422E+02   -0.787284663034742948E+03   -0.153551535193769304E+02    1
    0.148005455281208424E+04    0.268332370411164201E+01    0.172645442405135157E+02   -0.787216187026684338E+03   -0.153651535193769249E+02    1
    0.148814704970587127E+04    0.268526948020060674E+01    0.186595657444168097E+02   -0.787005038341415457E+03   -0.153751535193769246E+02    1
    0.147719993757924044E+04    0.273563446495684959E+01    0.163722065883843015E+02   -0.786992131819439919E+03   -0.153851535193769244E+02    1
    0.148335091754611403E+04    0.279673525380680532E+01    0.225137955979765536E+02   -0.786125922349603798E+03   -0.153951535193769207E+02    1
    0.147582687569882478E+04    0.279740107021067397E+01    0.177235724804596657E+02   -0.785907966342797749E+03   -0.154051535193769258E+02    1
    0.148832829052205011E+04    0.268778344489095877E+01    0.190566665869181833E+02   -0.785854881813473753E+03   -0.154151535193769273E+02    1
    0.147694182678100151E+04    0.281989440415135784E+01    0.181834303785759204E+02   -0.785792633199762463E+03   -0.154251535193769236E+02    1
    0.148127549776867409E+04    0.282121281365012111E+01    0.198606559587322096E+02   -0.785777312586776702E+03   -0.154351535193769198E+02    1
    0.148232001061150709E+04    0.266778539475890453E+01    0.184718654018779489E+02   -0.785774043112384106E+03   -0.154451535193769267E+02    1
    0.148244886882040828E+04    0.276773489407531770E+01    0.167204858337609608E+02   -0.785760544865343491E+03   -0.154551535193769283E+02    1
    0.148907865034527845E+04    0.268260735633364078E+01    0.210329274636627588E+02   -0.785514655105644806E+03   -0.154651535193769263E+02    1
    0.148845950525784224E+04    0.269739019932714141E+01    0.192151858276308189E+02   -0.785407450278099077E+03   -0.154751535193769261E+02    1
    0.147757305182305186E+04    0.276631392029061285E+01    0.164425095706560001E+02   -0.785384263546369311E+03   -0.154851535193769205E+02    1
    0.147570627104517052E+04    0.282103885699211876E+01    0.219235147599285796E+02   -0.785334028005878167E+03   -0.154951535193769203E+02    1
    0.147939060278396687E+04    0.282664316767077128E+01    0.228536190552740806E+02   -0.785251981172923934E+03   -0.155051535193769237E+02    1
    0.148051891401600892E+04    0.282442925453362292E+01    0.194604948329536853E+02   -0.785208216076501117E+03   -0.155151535193769234E+02    1
    0.148324715434346808E+04    0.266659662160800259E+01    0.187683339614295193E+02   -0.785150597293113037E+03   -0.155251535193769197E+02    1
    0.147513650327862592E+04    0.276087785283819631E+01    0.176077797823795095E+02   -0.785115689068957863E+03   -0.155351535193769248E+02    1
    0.148189006332092799E+04    0.275554607738416335E+01    0.163872807077640914E+02   -0.784963703477550894E+03   -0.155451535193769281E+02    1
    0.147989147569743091E+04    0.280487723967885971E+01    0.174178761523324397E+02   -0.784934680104654035E+03   -0.155551535193769244E+02    1
    0.147392884742535489E+04    0.271494380496143650E+01    0.210721287642489585E+02   -0.784649261541055239E+03   -0.155651535193769259E+02    1
    0.148637961476860301E+04    0.269066682074052421E+01    0.181319011135313986E+02   -0.784352230842502877E+03   -0.155751535193769239E+02    1
    0.147799172463596983E+04    0.279668256150232075E+01    0.244217328991672105E+02   -0.784325716125603776E+03   -0.155851535193769202E+02    1
    0.148742989847439503E+04    0.267337463694827626E+01    0.198014221492842353E+02   -0.784306058400665734E+03   -0.155951535193769217E+02    1
    0.148286121792226868E+04    0.266342895393527401E+01    0.220469838113148739E+02   -0.784291668055926493E+03   -0.156051535193769233E+02    1
    0.148334027302047230E+04    0.266032777459763903E+01    0.206170388350349896E+02   -0.784256664729196814E+03   -0.156151535193769195E+02    1
    0.147742582464467387E+04    0.277030541056744894E+01    0.247930212772123753E+02   -0.784228011992315032E+03   -0.156251535193769264E+02    1
    0.148791523924618105E+04    0.271216883158581323E+01    0.225743643052361449E+02   -0.784068881787354485E+03   -0.156351535193769333E+02    1
    0.147560249433918534E+04    0.280730603687474822E+01    0.225401010758659481E+02   -0.783970988317313186E+03   -0.156451535193769296E+02    1
    0.147662362941753031E+04    0.272426354490289180E+01    0.171978347424548446E+02   -0.783810279269369289E+03   -0.156551535193769293E+02    1
    0.148177665678833546E+04    0.266176118269454021E+01    0.206827464408158619E+02   -0.783803968769783296E+03   -0.156651535193769256E+02    1
    0.147940907736810345E+04    0.282558836824199133E+01    0.191454773414049555E+02   -0.783790413692547645E+03   -0.156751535193769271E+02    1
    0.148208495918277390E+04    0.271474565884522789E+01    0.249674223962956319E+02   -0.783383225080580587E+03   -0.156851535193769340E+02    1
    0.148781341523222318E+04    0.269053816390052791E+01    0.194139601651560838E+02   -0.783190175107808273E+03   -0.156951535193769303E+02    1
    0.147816610592410188E+04    0.268461239796513285E+01    0.229990285138022443E+02   -0.783130002344760214E+03   -0.157051535193769265E+02    1
    0.148828467725841028E+04    0.269552295176519463E+01    0.201054024121318520E+02   -0.782967720515247038E+03   -0.157151535193769245E+02    1
    0.147872386872101333E+04    0.276906697009208891E+01    0.249337730435708096E+02   -0.782805990441426502E+03   -0.157251535193769243E+02    1
    0.147979689938972001E+04    0.273586631149604464E+01    0.164784764874148948E+02   -0.782370993989001931E+03   -0.157351535193769205E+02    1
    0.148084926782157231E+04    0.281234506686373376E+01    0.191657572076879319E+02   -0.782250997902188601E+03   -0.157451535193769239E+02    1
    0.148655718397375745E+04    0.267461392016729160E+01    0.216609249943091555E+02   -0.782095198820173437E+03   -0.157551535193769254E+02    1
    0.147937410902039778E+04    0.268105899147204330E+01    0.185378281320712830E+02   -0.782032244539240537E+03   -0.157651535193769252E+02    1
    0.148414319181968176E+04    0.277273995911582061E+01    0.227969291986686500E+02   -0.781893653205273949E+03   -0.157751535193769250E+02    1
    0.147555408872115345E+04    0.270623053699874649E+01    0.189503601109602897E+02   -0.781883016216075475E+03   -0.157851535193769212E+02    1
    0.148491587444765787E+04    0.272062355571280046E+01    0.175872989406649367E+02   -0.781785344484350389E+03   -0.157951535193769192E+02    1
    0.147461788836979645E+04    0.278240449825256775E+01    0.197153303575824168E+02   -0.781713651905198731E+03   -0.158051535193769226E+02    1
    0.147567429920389941E+04    0.277629866630833755E+01    0.232887287668296779E+02   -0.781499490792187203E+03   -0.158151535193769295E+02    1
    0.147515467199032719E+04    0.279971058482842317E+01    0.212604445920562455E+02   -0.781494398095107726E+03   -0.158251535193769204E+02    1
    0.148379088796344331E+04    0.277900508170564109E+01    0.224638602654536186E+02   -0.781447503232844497E+03   -0.158351535193769237E+02    1
    0.147842738942642563E+04    0.276212237651120773E+01    0.167834520567822665E+02   -0.781278693334465515E+03   -0.158451535193769235E+02    1
    0.147896385374702277E+04    0.268570146987418967E+01    0.229945832592370181E+02   -0.781268316053403851E+03   -0.158551535193769215E+02    1
    0.147996789459338197E+04    0.279928086554260291E+01    0.178998142217618579E+02   -0.780904263065973055E+03   -0.158651535193769213E+02    1
    0.147608821329685725E+04    0.273170241288192672E+01    0.235467263518187622E+02   -0.780899436849048811E+03   -0.158751535193769211E+02    1
    0.147442813532900345E+04    0.276212945875149263E+01    0.196625827914095623E+02   -0.780802535940875941E+03   -0.158851535193769209E+02    1
    0.148297985447496126E+04    0.278988877258418722E+01    0.220233275832233346E+02   -0.780699858481907199E+03   -0.158951535193769207E+02    1
    0.147501331666381520E+04    0.279192105977807215E+01    0.207697949663125456E+02   -0.780398818517277277E+03   -0.159051535193769240E+02    1
    0.148691141846629353E+04    0.270182809463449836E+01    0.224764684884923867E+02   -0.780289463810068582E+03   -0.159151535193769220E+02    1
    0.148576069650775344E+04    0.272563880387630597E+01    0.232634106031567143E+02   -0.780025626957582972E+03   -0.159251535193769236E+02    1
    0.147631345187133570E+04    0.279861502815332086E+01    0.187553779191649284E+02   -0.779941696069851105E+03   -0.159351535193769287E+02    1
    0.147522544309615955E+04    0.274296761567958303E+01    0.185932625172621186E+02   -0.779900932597877841E+03   -0.159451535193769232E+02    1
    0.148234961776185696E+04    0.267420297845694765E+01    0.194524329378975125E+02   -0.779875629527659839E+03   -0.159551535193769194E+02    1
    0.147921387012183459E+04    0.282163415658040995E+01    0.211013406309536578E+02   -0.779840164798073829E+03   -0.159651535193769210E+02    1
    0.147530836520218759E+04    0.274102852289827981E+01    0.227983846257689322E+02   -0.779826060968247475E+03   -0.159751535193769225E+02    1
    0.147641749918923870E+04    0.275582859006329572E+01    0.176589954829018581E+02   -0.779823874867877521E+03   -0.159851535193769188E+02    1
    0.147914496762559270E+04    0.267631319449376548E+01    0.204229595609270120E+02   -0.779758936808281874E+03   -0.159951535193769203E+02    1
    0.148143260358092539E+04    0.275846208020465911E+01    0.245998986827794539E+02   -0.779732142412407825E+03   -0.160051535193769219E+02    1
    0.148617690219404517E+04    0.273250261770591729E+01    0.224384506436727378E+02   -0.779692843460862150E+03   -0.160151535193769199E+02    1
    0.147810040997101282E+04    0.268138569002051819E+01    0.202489932710190317E+02   -0.779647906548838137E+03   -0.160251535193769179E+02    1
    0.148308920887847989E+04    0.276939612458037887E+01    0.183025377336690980E+02   -0.779362863817596349E+03   -0.160351535193769230E+02    1
    0.148438383726826464E+04    0.267380291280540794E+01    0.203864577893452861E+02   -0.779349173531581300E+03   -0.160451535193769246E+02    1
    0.148103286915346143E+04    0.267808198859838331E+01    0.222944180185773178E+02   -0.779342767579310703E+03   -0.160551535193769190E+02    1
    0.148095421002866306E+04    0.272964618448207696E+01    0.246508758929322482E+02   -0.779308756711970773E+03   -0.160651535193769135E+02    1
    0.147870536872144817E+04    0.281856689640137947E+01    0.218214408779115416E+02   -0.779221990232758571E+03   -0.160751535193769257E+02    1
    0.147614950900220060E+04    0.270271528382647075E+01    0.194861207621304970E+02   -0.779181465205945187E+03   -0.160851535193769237E+02    1
    0.147734474811855330E+04    0.269154128786539149E+01    0.194301657695843346E+02   -0.779124518171792488E+03   -0.160951535193769217E+02    1
    0.148381766378108000E+04    0.273614749512618793E+01    0.240652835883306864E+02   -0.779083658793372706E+03   -0.161051535193769162E+02    1
    0.147560213403282614E+04    0.274631490164610570E+01    0.184179794931630880E+02   -0.778990191706917813E+03   -0.161151535193769178E+02    1
    0.148403079004716233E+04    0.267784462137577828E+01    0.219507819866225447E+02   -0.778758840440769632E+03   -0.161251535193769229E+02    1
    0.148252113420660385E+04    0.277187334390819462E+01    0.181510307545455163E+02   -0.778744487557069533E+03   -0.161351535193769244E+02    1
    0.148335695162164302E+04    0.267500366716966775E+01    0.215753645661909985E+02   -0.778720898787952137E+03   -0.161451535193769189E+02    1
    0.148364769651025131E+04    0.274370176514905761E+01    0.239398057314976285E+02   -0.778647483202156195E+03   -0.161551535193769169E+02    1
    0.147732904188794600E+04    0.273788087795512958E+01    0.175073931585340858E+02   -0.778627154119128136E+03   -0.161651535193769220E+02    1
    0.147999214921631710E+04    0.278271285432746174E+01    0.240371879620848290E+02   -0.778620731500738316E+03   -0.161751535193769271E+02    1
    0.147525171351977247E+04    0.272740135696993935E+01    0.220449812456989633E+02   -0.778618041778993529E+03   -0.161851535193769251E+02    1
    0.147745377219489728E+04    0.273319740222702245E+01    0.239156883449653179E+02   -0.778600805645202399E+03   -0.161951535193769232E+02    1
    0.147999349404939494E+04    0.281411346357438452E+01    0.212183037528739078E+02   -0.778530199002415884E+03   -0.162051535193769212E+02    1
    0.148285042751169726E+04    0.270614488095093364E+01    0.239074798759514948E+02   -0.778366366716746370E+03   -0.162151535193769227E+02    1
    0.148474913771009187E+04    0.273850594665523905E+01    0.184892651239064776E+02   -0.778340169531833340E+03   -0.162251535193769172E+02    1
    0.147885002492940248E+04    0.270613762119285539E+01    0.235930236199435370E+02   -0.778333850610944410E+03   -0.162351535193769152E+02    1
    0.148141910635205113E+04    0.272289777736035177E+01    0.243427356642088597E+02   -0.777950132489487260E+03   -0.162451535193769203E+02    1
    0.147618236223422582E+04    0.274391455299408893E+01    0.231776233310875313E+02   -0.777884901454817850E+03   -0.162551535193769219E+02    1
    0.147534367448526177E+04    0.277001793119943018E+01    0.192911634664274914E+02   -0.777840582098130653E+03   -0.162651535193769270E+02    1
    0.148367944170712371E+04    0.269578978462666985E+01    0.232435456602935346E+02   -0.777788744447470890E+03   -0.162751535193769286E+02    1
    0.147708372529411008E+04    0.271679589695652579E+01    0.231413044176524778E+02   -0.777756137828411283E+03   -0.162851535193769230E+02    1
    0.148300343945205032E+04    0.272966475637123951E+01    0.241326586484797474E+02   -0.777713217207996422E+03   -0.162951535193769281E+02    1
    0.147491189508393040E+04    0.273419313295707411E+01    0.204657467180513635E+02   -0.777702124731697495E+03   -0.163051535193769261E+02    1
    0.147657967328333166E+04    0.278001445949921955E+01    0.230799471989138567E+02   -0.777691618807383520E+03   -0.163151535193769242E+02    1
    0.148674591745178850E+04    0.270472435442674763E+01    0.208951281719617015E+02   -0.777622453892680824E+03   -0.163251535193769186E+02    1
    0.148439697438494863E+04    0.274275713849103875E+01    0.232579063503667101E+02   -0.777576746637836663E+03   -0.163351535193769166E+02    1
    0.147633341066282969E+04    0.280344910144333959E+01    0.210135321686652787E+02   -0.777559632479022980E+03   -0.163451535193769217E+02    1
    0.148578076025256087E+04    0.272314856609867784E+01    0.192443912137071607E+02   -0.777551933489338126E+03   -0.163551535193769233E+02    1
    0.147795897199801129E+04    0.277867219563764456E+01    0.177424026629897469E+02   -0.777546366847619993E+03   -0.163651535193769284E+02    1
    0.148592189312439609E+04    0.272296997789708017E+01    0.194287195725413255E+02   -0.777521612966523548E+03   -0.163751535193769264E+02    1
    0.147620331875066222E+04    0.271125408515640043E+01    0.193746131361799030E+02   -0.777404340421177722E+03   -0.163851535193769244E+02    1
    0.148102166258767465E+04    0.280325379151263565E+01    0.204397291524513633E+02   -0.777346567367944999E+03   -0.163951535193769224E+02    1
    0.148401307031507554E+04    0.275922466879957362E+01    0.192323146971687038E+02   -0.777053444629689807E+03   -0.164051535193769205E+02    1
    0.147881426764885327E+04    0.281192299500539056E+01    0.198639238111991006E+02   -0.777050021597529849E+03   -0.164151535193769185E+02    1
    0.147537425558457153E+04    0.277199170722661581E+01    0.196693856247398742E+02   -0.777048138650190140E+03   -0.164251535193769200E+02    1
    0.147859354177855130E+04    0.271568649774403870E+01    0.178900511569309231E+02   -0.776735321268034795E+03   -0.164351535193769216E+02    1
    0.148403424911737420E+04    0.275419192819857006E+01    0.189997972145305738E+02   -0.776707679639757771E+03   -0.164451535193769196E+02    1
    0.148245701474439784E+04    0.267911757659380623E+01    0.203406939817703574E+02   -0.776650256233226287E+03   -0.164551535193769212E+02    1
    0.148307411305245751E+04    0.277887887463834904E+01    0.213614068319985648E+02   -0.776610492695648986E+03   -0.164651535193769156E+02    1
    0.148421839042444526E+04    0.276273931686666963E+01    0.206227847019441839E+02   -0.776523871422307025E+03   -0.164751535193769136E+02    1
    0.147521138407943886E+04    0.273651882429780891E+01    0.212157921800959883E+02   -0.776493684842627772E+03   -0.164851535193769188E+02    1
    0.148570197580622153E+04    0.272795004890805037E+01    0.219689780557456942E+02   -0.776369401767301952E+03   -0.164951535193769239E+02    1
    0.148473534894110435E+04    0.273215913404000732E+01    0.229712808383975613E+02   -0.776356026665798936E+03   -0.165051535193769183E+02    1
    0.148106080206724164E+04    0.269206457692210854E+01    0.188132641080350993E+02   -0.776008280161876769E+03   -0.165151535193769163E+02    1
    0.147802934211357888E+04    0.270289432378945715E+01    0.189337451160192387E+02   -0.775914356847040608E+03   -0.165251535193769215E+02    1
    0.147711114862908312E+04    0.269996947136116372E+01    0.210943648547737013E+02   -0.775906138530541511E+03   -0.165351535193769195E+02    1
    0.148200440419004235E+04    0.276730799926497362E+01    0.234704487218363482E+02   -0.775904191839561349E+03   -0.165451535193769175E+02    1
    0.148017510728537991E+04    0.278203058474005216E+01    0.234743851847089644E+02   -0.775821439961910528E+03   -0.165551535193769155E+02    1
    0.148122720823039572E+04    0.268164169553015075E+01    0.209436670048815898E+02   -0.775786899568298850E+03   -0.165651535193769170E+02    1
    0.148334209653231392E+04    0.273832015718973532E+01    0.235855236343083874E+02   -0.775757385094731831E+03   -0.165751535193769222E+02    1
    0.147575764144143955E+04    0.272166857446758703E+01    0.203952884637106422E+02   -0.775635462240123388E+03   -0.165851535193769202E+02    1
    0.147925312270502172E+04    0.270760129130770988E+01    0.232327374304008174E+02   -0.775635110400356098E+03   -0.165951535193769182E+02    1
    0.147636710007492275E+04    0.271734255768149557E+01    0.194398050061733443E+02   -0.775629342873047790E+03   -0.166051535193769197E+02    1
    0.148270036688275081E+04    0.269605503654994161E+01    0.187507938495704423E+02   -0.775496190438873782E+03   -0.166151535193769178E+02    1
    0.148062937028801821E+04    0.269109336151996992E+01    0.191140215988041149E+02   -0.775471684535571740E+03   -0.166251535193769122E+02    1
    0.147777437706287583E+04    0.279571964759719149E+01    0.190193884031945970E+02   -0.775373603741222837E+03   -0.166351535193769173E+02    1
    0.147588624286265986E+04    0.272285541829200106E+01    0.212767644931649613E+02   -0.775274076815440822E+03   -0.166451535193769224E+02    1
    0.148003145185812446E+04    0.280075968573296574E+01    0.198002604141953640E+02   -0.775137196733488622E+03   -0.166551535193769169E+02    1
    0.148358481889337463E+04    0.275506884369430871E+01    0.226724387916229233E+02   -0.775001916384042374E+03   -0.166651535193769149E+02    1
    0.148236737681676573E+04    0.277301285549896859E+01    0.226373835743987968E+02   -0.774977700455932109E+03   -0.166751535193769200E+02    1
    0.147715576071584223E+04    0.278011038236119479E+01    0.227535358306842284E+02   -0.774840197678769982E+03   -0.166851535193769180E+02    1
    0.147755737233637819E+04    0.271560271105703466E+01    0.226752893352839493E+02   -0.774838200799955530E+03   -0.166951535193769196E+02    1
    0.147773625494284215E+04    0.275722263895150466E+01    0.234622251820465095E+02   -0.774727688210784663E+03   -0.167051535193769176E+02    1
    0.148330186296798342E+04    0.276015493559819047E+01    0.225374453081200272E+02   -0.774708909359886434E+03   -0.167151535193769192E+02    1
    0.148283836479812817E+04    0.276703101061428747E+01    0.192483211577686433E+02   -0.774674200264435399E+03   -0.167251535193769207E+02    1
    0.147711923845368528E+04    0.279950626381515111E+01    0.208255748717725879E+02   -0.774643308365656139E+03   -0.167351535193769152E+02    1
    0.147847276992682600E+04    0.278720909168455266E+01    0.229342581375697279E+02   -0.774467364566410197E+03   -0.167451535193769203E+02    1
    0.148515422787239504E+04    0.269799647807334386E+01    0.206205698695911508E+02   -0.774434752096474426E+03   -0.167551535193769219E+02    1
    0.148122642560324130E+04    0.278669509280215433E+01    0.194501009817443844E+02   -0.774403311153739992E+03   -0.167651535193769163E+02    1
    0.148010421350721072E+04    0.279212314819976637E+01    0.224522923070341989E+02   -0.774276998484048931E+03   -0.167751535193769143E+02    1
    0.147584211666422107E+04    0.277125260837089149E+01    0.205013111871503924E+02   -0.774198216955809357E+03   -0.167851535193769195E+02    1
    0.147806247207882120E+04    0.275711442585082267E+01    0.234760405992756773E+02   -0.774162454204214328E+03   -0.167951535193769175E+02    1
    0.147920730264260874E+04    0.279853862215484916E+01    0.195401513355091936E+02   -0.774162369386620981E+03   -0.168051535193769190E+02    1
    0.147905315757066319E+04    0.278582418858412506E+01    0.185919729560112330E+02   -0.774118889660525269E+03   -0.168151535193769170E+02    1
    0.148535680265801602E+04    0.270440397797787746E+01    0.208680489287511648E+02   -0.774110555849090133E+03   -0.168251535193769186E+02    1
    0.148382843939999748E+04    0.269037315639138797E+01    0.209686534123791262E+02   -0.773946217085916373E+03   -0.168351535193769166E+02    1
    0.148343592029656611E+04    0.269927967692373239E+01    0.192436666582889870E+02   -0.773879094185469967E+03   -0.168451535193769146E+02    1
    0.147719829052334603E+04    0.278482981035747112E+01    0.222622830899724704E+02   -0.773851305149319614E+03   -0.168551535193769197E+02    1
    0.147618171812898981E+04    0.274697452983269264E+01    0.193176593980681588E+02   -0.773834953585104813E+03   -0.168651535193769213E+02    1
    0.147847397746371189E+04    0.271489404667487255E+01    0.186102125915919885E+02   -0.773763973682049937E+03   -0.168751535193769229E+02    1
    0.147680085401903352E+04    0.278952838463211705E+01    0.202250719756823543E+02   -0.773689772062471889E+03   -0.168851535193769244E+02    1
    0.147921248365250449E+04    0.278574117665876386E+01    0.187121940608248707E+02   -0.773680620437238645E+03   -0.168951535193769224E+02    1
    0.147874220478808184E+04    0.270357081176051040E+01    0.221699947636313937E+02   -0.773457189771298658E+03   -0.169051535193769205E+02    1
    0.147814563631018859E+04    0.279323978726496502E+01    0.194014382439688120E+02   -0.773444846711486434E+03   -0.169151535193769149E+02    1
    0.147976030362916663E+04    0.270595065776165722E+01    0.187566739295845508E+02   -0.773443553931306838E+03   -0.169251535193769129E+02    1
    0.147664986446229386E+04    0.274603182701246062E+01    0.224415005684614783E+02   -0.773392969115818460E+03   -0.169351535193769109E+02    1
    0.147855256891484032E+04    0.280014528664633078E+01    0.202302050905113191E+02   -0.773389491700342205E+03   -0.169451535193769161E+02    1
    0.148068923493165130E+04    0.279300956539976397E+01    0.205198523919124085E+02   -0.773358687886472239E+03   -0.169551535193769176E+02    1
    0.148494197264581089E+04    0.271809009538594948E+01    0.199611390749353461E+02   -0.773337827337171689E+03   -0.169651535193769156E+02    1
    0.148051273882603232E+04    0.279296566493786003E+01    0.201598134545734240E+02   -0.773299658382518373E+03   -0.169751535193769172E+02    1
    0.148106737347090893E+04    0.269368022052582035E+01    0.218990615740029710E+02   -0.773221064910083783E+03   -0.169851535193769223E+02    1
    0.147965629042421119E+04    0.270082321835065109E+01    0.192418069127418647E+02   -0.773163157780577876E+03   -0.169951535193769274E+02    1
    0.148241421718758124E+04    0.276992429470673551E+01    0.220736424675025376E+02   -0.773030105927808336E+03   -0.170051535193769219E+02    1
    0.147766307931697861E+04    0.271802588477219942E+01    0.191125043273807904E+02   -0.773000655977140923E+03   -0.170151535193769128E+02    1
    0.148143527124460365E+04    0.278526278943915129E+01    0.210037341557362396E+02   -0.772925816081498397E+03   -0.170251535193769072E+02    1
    0.148472094590324150E+04    0.270915842500881032E+01    0.200906679214533597E+02   -0.772919262069238926E+03   -0.170351535193769124E+02    1
    0.147646352770327780E+04    0.275446434709848997E+01    0.220818353502058216E+02   -0.772895265208511319E+03   -0.170451535193769175E+02    1
    0.148431909908324474E+04    0.273272831923278003E+01    0.196838540280382261E+02   -0.772787454305334109E+03   -0.170551535193769226E+02    1
    0.147911401133963864E+04    0.275440084103264304E+01    0.234733044539191695E+02   -0.772701203438713492E+03   -0.170651535193769242E+02    1
    0.147760159234240655E+04    0.279291049203329766E+01    0.203170216425880454E+02   -0.772594048994245213E+03   -0.170751535193769186E+02    1
    0.147786463037843578E+04    0.271051335708285235E+01    0.197115912298372820E+02   -0.772502121970393887E+03   -0.170851535193769131E+02    1
    0.148193387022679667E+04    0.275234219704361349E+01    0.231760413808291332E+02   -0.772451269957386558E+03   -0.170951535193769111E+02    1
    0.148428204059358495E+04    0.273896984071510241E+01    0.202502507649570731E+02   -0.772425829700227951E+03   -0.171051535193769126E+02    1
    0.148418927331811051E+04    0.271616927825000953E+01    0.195634924205295988E+02   -0.772385433405483809E+03   -0.171151535193769142E+02    1
    0.147857109453878252E+04    0.279069344723517210E+01    0.195269029207242966E+02   -0.772379162282613152E+03   -0.171251535193769122E+02    1
    0.148067764878257208E+04    0.269673822663849849E+01    0.217639797970616371E+02   -0.772297460987525824E+03   -0.171351535193769102E+02    1
    0.147723737008924536E+04    0.275018627159616935E+01    0.188217821975125759E+02   -0.772285724331367646E+03   -0.171451535193769118E+02    1
    0.148440790341671095E+04    0.272974100898487704E+01    0.199877168064824104E+02   -0.772284858149139268E+03   -0.171551535193769134E+02    1
    0.147741792844843985E+04    0.271331580435974917E+01    0.211384081446776833E+02   -0.772165730477422358E+03   -0.171651535193769149E+02    1
    0.148010077109643998E+04    0.279185027984088618E+01    0.204358080773740340E+02   -0.772101230761679062E+03   -0.171751535193769200E+02    1
    0.147724120451324347E+04    0.276004932936766245E+01    0.225120673616770830E+02   -0.772086546512795735E+03   -0.171851535193769180E+02    1
    0.147847456589072476E+04    0.271005868296574981E+01    0.219674192826053485E+02   -0.771942338703694304E+03   -0.171951535193769125E+02    1
    0.147720554225097499E+04    0.271729163109782634E+01    0.210759395387286617E+02   -0.771929856005248439E+03   -0.172051535193769141E+02    1
    0.147858795334126216E+04    0.274780260697334722E+01    0.231957240888255285E+02   -0.771928557511258418E+03   -0.172151535193769156E+02    1
    0.147787848592770524E+04    0.270866972596604416E+01    0.207071978288079208E+02   -0.771915358785610806E+03   -0.172251535193769101E+02    1
    0.147804957758744899E+04    0.273300090003993912E+01    0.186658766068428719E+02   -0.771915350773942350E+03   -0.172351535193769116E+02    1
    0.148373383367031465E+04    0.270021048976769418E+01    0.209339794602163778E+02   -0.771860558157013202E+03   -0.172451535193769168E+02    1
    0.147683941017073403E+04    0.272682882373268809E+01    0.213871930884225208E+02   -0.771851009411901828E+03   -0.172551535193769148E+02    1
    0.148253931428357328E+04    0.275806441198613905E+01    0.193370929329616388E+02   -0.771847504346850997E+03   -0.172651535193769128E+02    1
    0.148251854439513158E+04    0.270007781648676204E+01    0.197059094394265202E+02   -0.771833848439983967E+03   -0.172751535193769143E+02    1
    0.148055262917149867E+04    0.275672513537971797E+01    0.232602564674510006E+02   -0.771670921244075771E+03   -0.172851535193769195E+02    1
    0.148047773181985485E+04    0.273920173799614863E+01    0.182223634143915234E+02   -0.771614601653270483E+03   -0.172951535193769210E+02    1
    0.148210774592119856E+04    0.269715795231654143E+01    0.214687018110447383E+02   -0.771604463926656990E+03   -0.173051535193769155E+02    1
    0.147973017191473991E+04    0.279113706009781204E+01    0.211937185679571485E+02   -0.771512633832136771E+03   -0.173151535193769135E+02    1
    0.147710854063144780E+04    0.272740639053360567E+01    0.197369033584128744E+02   -0.771502351788570195E+03   -0.173251535193769151E+02    1
    0.147936232649746080E+04    0.278622779777694785E+01    0.195393814608681566E+02   -0.771453863777225934E+03   -0.173351535193769202E+02    1
    0.147976050866956575E+04    0.269906390401639129E+01    0.207267658607371459E+02   -0.771417962508144683E+03   -0.173451535193769217E+02    1
    0.148236583107623142E+04    0.272670970370248966E+01    0.229453097588526873E+02   -0.771409046731510784E+03   -0.173551535193769162E+02    1
    0.148138593284616582E+04    0.275236698033354887E+01    0.185758927977102530E+02   -0.771334864414016693E+03   -0.173651535193769142E+02    1
    0.147784448283018787E+04    0.278818546302122883E+01    0.205238020778651560E+02   -0.771253212258445160E+03   -0.173751535193769122E+02    1
    0.148124910962144213E+04    0.278020070738344760E+01    0.206593557689424898E+02   -0.771244771476762367E+03   -0.173851535193769102E+02    1
    0.147852272126918251E+04    0.270899041917760153E+01    0.215035108061156279E+02   -0.771220797314852007E+03   -0.173951535193769118E+02    1
    0.147670990239936827E+04    0.273364662424491955E+01    0.209625635466778704E+02   -0.771162059755408336E+03   -0.174051535193769098E+02    1
    0.147824576648323318E+04    0.276776301121514834E+01    0.188524278284249505E+02   -0.771146569077954837E+03   -0.174151535193769078E+02    1
    0.148084983722107017E+04    0.271721664179788291E+01    0.228413848480803381E+02   -0.771136413331336939E+03   -0.174251535193769094E+02    1
    0.147691676094877198E+04    0.276230937060899828E+01    0.196601236973104676E+02   -0.771133203191023540E+03   -0.174351535193769074E+02    1
    0.147657420831594936E+04    0.273960452341617211E+01    0.204946997643321964E+02   -0.771131880944804152E+03   -0.174451535193769089E+02    1
    0.148254675584719121E+04    0.270910588812085651E+01    0.193677673848194019E+02   -0.771085440065936723E+03   -0.174551535193769141E+02    1
    0.148294021130701231E+04    0.272445792237121953E+01    0.190910479079900597E+02   -0.771051734472916905E+03   -0.174651535193769156E+02    1
    0.147988452888358802E+04    0.275133682912647126E+01    0.232107771831417011E+02   -0.771037127469675852E+03   -0.174751535193769136E+02    1
    0.147788888862064528E+04    0.271947284413550427E+01    0.196299134156947730E+02   -0.771014639676969637E+03   -0.174851535193769152E+02    1
    0.148142482318989823E+04    0.276111019430788041E+01    0.227095305174426869E+02   -0.770991666422207118E+03   -0.174951535193769168E+02    1
    0.148015117217936449E+04    0.270985336022293355E+01    0.191903884123865680E+02   -0.770980847452743546E+03   -0.175051535193769148E+02    1
    0.148171749930151486E+04    0.276820281558676839E+01    0.220726868038651389E+02   -0.770972906525338999E+03   -0.175151535193769092E+02    1
    0.148032926956442475E+04    0.276179996773778580E+01    0.229667833904815524E+02   -0.770840728627383669E+03   -0.175251535193769072E+02    1
    0.148210720544354399E+04    0.274127160461638608E+01    0.188373426384694369E+02   -0.770706542293977236E+03   -0.175351535193769053E+02    1
    0.148119074289273271E+04    0.271362579576540774E+01    0.190280239260924446E+02   -0.770665444744966976E+03   -0.175451535193769104E+02    1
    0.148036189326391309E+04    0.273289675022315892E+01    0.230861450622795559E+02   -0.770640025073565539E+03   -0.175551535193769119E+02    1
    0.148095083388452667E+04    0.273855383847437484E+01    0.231127019991272675E+02   -0.770630797715667313E+03   -0.175651535193769064E+02    1
    0.148116729053513382E+04    0.271027150832470953E+01    0.223601771026329885E+02   -0.770623657474360016E+03   -0.175751535193769115E+02    1
    0.147793437231476173E+04    0.271970231271791096E+01    0.197925752083458946E+02   -0.770586264425055333E+03   -0.175851535193769202E+02    1
    0.147667676720825148E+04    0.274595153989688612E+01    0.206635192796740910E+02   -0.770543427401711597E+03   -0.175951535193769182E+02    1
    0.147800071398463092E+04    0.278319641638943249E+01    0.214040925694541215E+02   -0.770538925452607828E+03   -0.176051535193769126E+02    1
    0.148185561066600712E+04    0.270321053409338319E+01    0.199018372949127951E+02   -0.770538642733113647E+03   -0.176151535193769107E+02    1
    0.148192873561090983E+04    0.276500525022913379E+01    0.219045005518048441E+02   -0.770534154622558276E+03   -0.176251535193769087E+02    1
    0.148299891673061938E+04    0.273098228292205913E+01    0.224017834256492705E+02   -0.770524530735448025E+03   -0.176351535193769138E+02    1
    0.148177927027226769E+04    0.276863274353097477E+01    0.216832031454812011E+02   -0.770517101661607967E+03   -0.176451535193769189E+02    1
    0.147923993143669850E+04    0.272408065584844783E+01    0.188613142976781631E+02   -0.770515630704608952E+03   -0.176551535193769205E+02    1
    0.147996359846157316E+04    0.270210933132493736E+01    0.208107663873569066E+02   -0.770494526650172816E+03   -0.176651535193769149E+02    1
    0.148118454142420774E+04    0.276757503293384932E+01    0.193671716163130441E+02   -0.770426193797105952E+03   -0.176751535193769129E+02    1
    0.148258129398978417E+04    0.270268593738268770E+01    0.210418344252353933E+02   -0.770343162462357441E+03   -0.176851535193769145E+02    1
    0.148139679348787604E+04    0.277475712299110677E+01    0.209313056775403368E+02   -0.770338125282533724E+03   -0.176951535193769089E+02    1
    0.147768776002956861E+04    0.273157758739187129E+01    0.194864858916782566E+02   -0.770247905238558133E+03   -0.177051535193769141E+02    1
    0.148348379865540733E+04    0.271646415193407531E+01    0.200250524920369486E+02   -0.770219009478026919E+03   -0.177151535193769156E+02    1
    0.147895495509171246E+04    0.272906847337865255E+01    0.188800656108509628E+02   -0.770212563667985933E+03   -0.177251535193769101E+02    1
    0.148088036577578896E+04    0.277849075932756495E+01    0.209678930681471201E+02   -0.770134901800093417E+03   -0.177351535193769081E+02    1
    0.148152884960917800E+04    0.277123626298851500E+01    0.203375615418797082E+02   -0.770120084386446933E+03   -0.177451535193769061E+02    1
    0.148268295893971185E+04    0.271239189385652768E+01    0.196711782517740517E+02   -0.770105413076749301E+03   -0.177551535193769148E+02    1
    0.148044048276692729E+04    0.277585466733376762E+01    0.219814736311668639E+02   -0.770103711181143126E+03   -0.177651535193769163E+02    1
    0.148118702964164595E+04    0.275186502167987257E+01    0.188467225936789617E+02   -0.770057264816474458E+03   -0.177751535193769143E+02    1
    0.148033220755366574E+04    0.277523834066889519E+01    0.195780037955056514E+02   -0.770042422335819538E+03   -0.177851535193769159E+02    1
    0.147686015804708722E+04    0.275173523737529635E+01    0.209437422734768148E+02   -0.770015401431149371E+03   -0.177951535193769175E+02    1
    0.148144674098332416E+04    0.276987091677070429E+01    0.216183228003018257E+02   -0.769973438003738352E+03   -0.178051535193769155E+02    1
    0.147698315014309924E+04    0.276071169877997047E+01    0.210200440716067760E+02   -0.769948138159973610E+03   -0.178151535193769135E+02    1
    0.147752169935821530E+04    0.273029566724860517E+01    0.199083798274907622E+02   -0.769929226248591590E+03   -0.178251535193769115E+02    1
    0.147743999110382515E+04    0.274440914167025518E+01    0.218992419665485727E+02   -0.769873621791358346E+03   -0.178351535193769095E+02    1
    0.148219745882724283E+04    0.273587637346020252E+01    0.190928758365901814E+02   -0.769846710742139976E+03   -0.178451535193769075E+02    1
    0.148262646178102932E+04    0.274176522227698349E+01    0.194665796017276591E+02   -0.769840173991906340E+03   -0.178551535193769126E+02    1
    0.148216686614496484E+04    0.270418707919792034E+01    0.209800810753915101E+02   -0.769796208174911158E+03   -0.178651535193769107E+02    1
    0.147792458533597119E+04    0.272090070966688025E+01    0.203609221882077520E+02   -0.769746887181231386E+03   -0.178751535193769087E+02    1
    0.148305505969350475E+04    0.271597985378468287E+01    0.216816898512419982E+02   -0.769658858209516438E+03   -0.178851535193769102E+02    1
    0.147768838710236059E+04    0.277601002377417627E+01    0.206059283608870771E+02   -0.769645890735102284E+03   -0.178951535193769118E+02    1
    0.148320640907118423E+04    0.273913897803657358E+01    0.202068216188573615E+02   -0.769611213220519062E+03   -0.179051535193769134E+02    1
    0.147849700414877452E+04    0.271535390822560618E+01    0.210129877001008509E+02   -0.769565308637516068E+03   -0.179151535193769149E+02    1
    0.147786758953594108E+04    0.272389504723584874E+01    0.202318921473777067E+02   -0.769547513445955246E+03   -0.179251535193769129E+02    1
    0.148113002464463875E+04    0.270426047818521065E+01    0.208393037280403206E+02   -0.769523324156008357E+03   -0.179351535193769145E+02    1
    0.148270498105892716E+04    0.270824521556970632E+01    0.207084985979681448E+02   -0.769505540991772591E+03   -0.179451535193769161E+02    1
    0.148154943425632359E+04    0.273482914739934424E+01    0.189600020526370656E+02   -0.769467596004668735E+03   -0.179551535193769141E+02    1
    0.148198994274147140E+04    0.270582366389053153E+01    0.210877046783776905E+02   -0.769462119128617132E+03   -0.179651535193769085E+02    1
    0.148199912006633258E+04    0.270555060460866592E+01    0.208387587160256516E+02   -0.769442405459307565E+03   -0.179751535193769101E+02    1
    0.148066525450174231E+04    0.276596627472338863E+01    0.222711385377277935E+02   -0.769433944525944753E+03   -0.179851535193769152E+02    1
    0.148250437859512203E+04    0.272487174957382594E+01    0.222084513523981713E+02   -0.769415423569853942E+03   -0.179951535193769097E+02    1
    0.148315609140618926E+04    0.273734207955670250E+01    0.215414026052914238E+02   -0.769407258385841487E+03   -0.180051535193769077E+02    1
    0.148077825492253442E+04    0.277533389590555490E+01    0.211265361088757970E+02   -0.769398467279702118E+03   -0.180151535193769092E+02    1
    0.148007313920433398E+04    0.274342121012379714E+01    0.228303938903564188E+02   -0.769395739096137731E+03   -0.180251535193769108E+02    1
    0.147837215376800827E+04    0.277616774543394884E+01    0.216027180313635938E+02   -0.769361268890904284E+03   -0.180351535193769088E+02    1
    0.148108397999396084E+04    0.277163967229478025E+01    0.213565563438812234E+02   -0.769357676484512695E+03   -0.180451535193769104E+02    1
    0.148024966059035160E+04    0.275919026391994882E+01    0.190195093426703323E+02   -0.769283984476313321E+03   -0.180551535193769084E+02    1
    0.148189625683208351E+04    0.275516744399719604E+01    0.220355621590631046E+02   -0.769283580853531134E+03   -0.180651535193769099E+02    1
    0.148011188405397161E+04    0.277935607756458536E+01    0.207192300737371653E+02   -0.769265738947538921E+03   -0.180751535193769044E+02    1
    0.147903304120397888E+04    0.272977053571933359E+01    0.191383869975646945E+02   -0.769251245348472594E+03   -0.180851535193769060E+02    1
    0.148136084414334368E+04    0.272766938386971924E+01    0.190635737761008812E+02   -0.769219585144379039E+03   -0.180951535193769111E+02    1
    0.148164004067307519E+04    0.275219188434170814E+01    0.223240907822036263E+02   -0.769219056809504082E+03   -0.181051535193769091E+02    1
    0.148334633443307916E+04    0.272474509413605759E+01    0.204660029622642696E+02   -0.769214796769718305E+03   -0.181151535193769142E+02    1
    0.148127891150424102E+04    0.276052592326221458E+01    0.221484139055266667E+02   -0.769185065677899161E+03   -0.181251535193769122E+02    1
    0.147938980079036628E+04    0.277784700344852276E+01    0.199777650928433701E+02   -0.769162079294694422E+03   -0.181351535193769031E+02    1
    0.148226708749339787E+04    0.275540698354070468E+01    0.214537100636872538E+02   -0.769161842058260618E+03   -0.181451535193769047E+02    1
    0.148316834539172555E+04    0.271955229016039057E+01    0.203632778266210579E+02   -0.769156537642058311E+03   -0.181551535193769062E+02    1
    0.147917139905701629E+04    0.274789476547654399E+01    0.189112928039709942E+02   -0.769123678620288388E+03   -0.181651535193769078E+02    1
    0.148023176322890959E+04    0.271170859733971259E+01    0.216830645607520864E+02   -0.769107772633829200E+03   -0.181751535193769129E+02    1
    0.148257993463168282E+04    0.271486712325085167E+01    0.216049819804792946E+02   -0.769103048884711143E+03   -0.181851535193769109E+02    1
    0.147896348700648446E+04    0.277728068492163915E+01    0.199746213248137394E+02   -0.769094803390528455E+03   -0.181951535193769125E+02    1
    0.148113161188264849E+04    0.276202980562649980E+01    0.195545687247866056E+02   -0.769085520773126518E+03   -0.182051535193769105E+02    1
    0.148033969485385842E+04    0.275075631571701607E+01    0.226824430887395181E+02   -0.769053683758613033E+03   -0.182151535193769121E+02    1
    0.148079635241264464E+04    0.270700289565165919E+01    0.208958334144625439E+02   -0.769034390116464351E+03   -0.182251535193769101E+02    1
    0.148158003807733348E+04    0.276437154875371638E+01    0.203108599267556116E+02   -0.769024251187197933E+03   -0.182351535193769116E+02    1
    0.148302137704274264E+04    0.274051642621926472E+01    0.205414151514981000E+02   -0.769021729449024747E+03   -0.182451535193769061E+02    1
    0.147987714531063671E+04    0.271306884303099149E+01    0.199010431652729096E+02   -0.768997342924531381E+03   -0.182551535193769077E+02    1
    0.147746865092044482E+04    0.274985806886928330E+01    0.214509886876436298E+02   -0.768946687933968064E+03   -0.182651535193769128E+02    1
    0.148051120523353711E+04    0.277054858222318412E+01    0.217787204533924807E+02   -0.768928664659786818E+03   -0.182751535193769143E+02    1
    0.147918886618595798E+04    0.274424748831831167E+01    0.189739609858351486E+02   -0.768910634967296005E+03   -0.182851535193769088E+02    1
    0.147919791400881695E+04    0.277916165080608257E+01    0.211458597616882855E+02   -0.768897057688436689E+03   -0.182951535193769104E+02    1
    0.147866607167996472E+04    0.277833912180878295E+01    0.204941229210019884E+02   -0.768888729137402265E+03   -0.183051535193769119E+02    1
    0.147876832124202519E+04    0.277763408210714324E+01    0.212445111106888618E+02   -0.768851668275560996E+03   -0.183151535193769099E+02    1
    0.148156085796197453E+04    0.272761137978600710E+01    0.192476975165792226E+02   -0.768828933708427030E+03   -0.183251535193769080E+02    1
    0.148032904349921432E+04    0.277537226015774552E+01    0.205787836831659661E+02   -0.768801369142625845E+03   -0.183351535193769095E+02    1
    0.148160844956420669E+04    0.273963453437559856E+01    0.192219203276587933E+02   -0.768776712089598959E+03   -0.183451535193769146E+02    1
    0.147775569466934030E+04    0.276741239657832816E+01    0.210678419254649612E+02   -0.768726325754291793E+03   -0.183551535193769162E+02    1
    0.148011980986219851E+04    0.271921939333218887E+01    0.195048983858629299E+02   -0.768700030655478145E+03   -0.183651535193769178E+02    1
    0.148016782096539987E+04    0.272400823744364828E+01    0.222732879293975827E+02   -0.768677088090077632E+03   -0.183751535193769158E+02    1
    0.147853865334710554E+04    0.272901129416592925E+01    0.218340926234849064E+02   -0.768662848519135650E+03   -0.183851535193769173E+02    1
    0.148019715304011447E+04    0.271145165334811589E+01    0.212678692119811643E+02   -0.768640060988317828E+03   -0.183951535193769118E+02    1
    0.147789337720717140E+04    0.275332762553572374E+01    0.217714414101772178E+02   -0.768624240208320998E+03   -0.184051535193769027E+02    1
    0.148170844614034695E+04    0.275778524621184218E+01    0.216399751696500573E+02   -0.768606754655708528E+03   -0.184151535193769043E+02    1
    0.147831661769343418E+04    0.272426946166324457E+01    0.203437483564625836E+02   -0.768596123067464646E+03   -0.184251535193769129E+02    1
    0.148202450149163792E+04    0.271198018305079636E+01    0.211923686808401328E+02   -0.768579022360481758E+03   -0.184351535193769109E+02    1
    0.148021102828690709E+04    0.276529142577911458E+01    0.220856156570738591E+02   -0.768554486806864475E+03   -0.184451535193769125E+02    1
    0.147755832718557099E+04    0.275122849130766856E+01    0.202076929768369098E+02   -0.768531633615397368E+03   -0.184551535193769105E+02    1
    0.147922214626487630E+04    0.272992424927667132E+01    0.193657101459105121E+02   -0.768441227344699200E+03   -0.184651535193769085E+02    1
    0.148169288377161570E+04    0.275033123438464466E+01    0.220121490731695104E+02   -0.768424712827750000E+03   -0.184751535193769065E+02    1
    0.148069076124074627E+04    0.275433990024267761E+01    0.223312486397373675E+02   -0.768396811617167600E+03   -0.184851535193769081E+02    1
    0.148268470561127265E+04    0.272194537425535721E+01    0.213723181707627532E+02   -0.768393785535277630E+03   -0.184951535193769132E+02    1
    0.147752365284878601E+04    0.274920793955946907E+01    0.209196920994495201E+02   -0.768388629992717938E+03   -0.185051535193769112E+02    1
    0.148164330500734673E+04    0.273093147311899287E+01    0.222266519717721138E+02   -0.768350935847454821E+03   -0.185151535193769057E+02    1
    0.148061297318780043E+04    0.274294630195943778E+01    0.224869796111811979E+02   -0.768321295120429227E+03   -0.185251535193769072E+02    1
    0.147798448925668890E+04    0.275895811416025305E+01    0.215770684727661433E+02   -0.768318656879892728E+03   -0.185351535193769088E+02    1
    0.148278994205536060E+04    0.272999931918074390E+01    0.203285995712117966E+02   -0.768316247635252694E+03   -0.185451535193769068E+02    1
    0.148186875630405939E+04    0.274294372828985766E+01    0.220632756595740176E+02   -0.768298579626594233E+03   -0.185551535193769084E+02    1
    0.147888721274828185E+04    0.273301044464195986E+01    0.194638304634115542E+02   -0.768289751817704996E+03   -0.185651535193769064E+02    1
    0.147995560144529554E+04    0.275209679583800026E+01    0.224166077106994379E+02   -0.768250458369349190E+03   -0.185751535193769080E+02    1
    0.148006950476318934E+04    0.271481149789133758E+01    0.201661545959637607E+02   -0.768245668370287149E+03   -0.185851535193769060E+02    1
    0.148200033279140416E+04    0.273949869435019622E+01    0.220156984753943021E+02   -0.768245512574281975E+03   -0.185951535193769075E+02    1
    0.147941224429152362E+04    0.272542408029685967E+01    0.219551386774971178E+02   -0.768244382878089937E+03   -0.186051535193769055E+02    1
    0.147921486761977849E+04    0.277526876593018024E+01    0.210416462038329541E+02   -0.768241501711528713E+03   -0.186151535193769035E+02    1
    0.147969777879478056E+04    0.272002067154169858E+01    0.197952762307101580E+02   -0.768236232159880046E+03   -0.186251535193769051E+02    1
    0.148003758713433490E+04    0.274580886739380192E+01    0.224649587262333768E+02   -0.768216500720495105E+03   -0.186351535193769067E+02    1
    0.148009884984303949E+04    0.277115224696407925E+01    0.201802984285953499E+02   -0.768205072977734517E+03   -0.186451535193769118E+02    1
    0.147770498386194504E+04    0.275088590202080496E+01    0.211974428307418066E+02   -0.768180657749734451E+03   -0.186551535193769062E+02    1
    0.147949240688516488E+04    0.275733586835495537E+01    0.222516187172435451E+02   -0.768146592820889282E+03   -0.186651535193769078E+02    1
    0.148202011340439913E+04    0.271750190162850025E+01    0.201866811266980761E+02   -0.768138324418265483E+03   -0.186751535193769129E+02    1
    0.147836888458170506E+04    0.275075521919175747E+01    0.219290461634305274E+02   -0.768136246321979570E+03   -0.186851535193769109E+02    1
    0.147982220893272938E+04    0.276990577947043892E+01    0.199786831321928844E+02   -0.768118539775803129E+03   -0.186951535193769125E+02    1
    0.148278738876234615E+04    0.273089138223907613E+01    0.210292891464179519E+02   -0.768116930430668390E+03   -0.187051535193769105E+02    1
    0.147780914070772678E+04    0.274330933052384207E+01    0.212226966257237848E+02   -0.768099544130159074E+03   -0.187151535193769050E+02    1
    0.148072784218713332E+04    0.273152651906106492E+01    0.223032709546329357E+02   -0.768082260353424886E+03   -0.187251535193769101E+02    1
    0.148134010706746244E+04    0.273667288271798714E+01    0.193738785270019633E+02   -0.768077691145062545E+03   -0.187351535193769116E+02    1
    0.148166641742378442E+04    0.271366079788451220E+01    0.206443602578201109E+02   -0.768050230526597261E+03   -0.187451535193769097E+02    1
    0.147986312993494062E+04    0.276173147857606827E+01    0.195134235780518566E+02   -0.768042162741278162E+03   -0.187551535193769112E+02    1
    0.147997036818991160E+04    0.275936826794927192E+01    0.194361007751891748E+02   -0.768039158796291531E+03   -0.187651535193769128E+02    1
    0.147859226531186391E+04    0.277000700394280797E+01    0.202636950094883446E+02   -0.768029961002063146E+03   -0.187751535193769072E+02    1
    0.148095312545920183E+04    0.275616252229686332E+01    0.220097965191946798E+02   -0.768021390573074655E+03   -0.187851535193769017E+02    1
    0.148257688382978586E+04    0.273677144207077605E+01    0.204070238909451547E+02   -0.768019814689541704E+03   -0.187951535193769068E+02    1
    0.147831635363240798E+04    0.275155463764139530E+01    0.218254400779232611E+02   -0.768011458669025842E+03   -0.188051535193769119E+02    1
    0.147825543088801146E+04    0.273265545943518395E+01    0.213141018083247786E+02   -0.767990103883620804E+03   -0.188151535193769099E+02    1
    0.147972581000792616E+04    0.277143861552325887E+01    0.202408871505635517E+02   -0.767978106517791502E+03   -0.188251535193769115E+02    1
    0.148160378827641398E+04    0.273316586676129925E+01    0.220789313831245124E+02   -0.767916014407784587E+03   -0.188351535193769095E+02    1
    0.148127673526351236E+04    0.274797167107947571E+01    0.220910268393649005E+02   -0.767912275065214544E+03   -0.188451535193769040E+02    1
    0.148045931633916666E+04    0.272725113609213166E+01    0.194576734450187843E+02   -0.767895424512685850E+03   -0.188551535193769020E+02    1
    0.148098734189792231E+04    0.274607543645168262E+01    0.193997513592068600E+02   -0.767892320076864166E+03   -0.188651535193769035E+02    1
    0.147831316429812205E+04    0.274789548672030470E+01    0.197288888852052366E+02   -0.767892060578687506E+03   -0.188751535193769016E+02    1
    0.148226035924134430E+04    0.272695248021756065E+01    0.200669513857687747E+02   -0.767890860645367411E+03   -0.188851535193768996E+02    1
    0.147979626203046882E+04    0.276999874974034288E+01    0.214336456053454469E+02   -0.767883424796527493E+03   -0.188951535193769011E+02    1
    0.147852904575725961E+04    0.274103231499288524E+01    0.196718586807447764E+02   -0.767839999971053658E+03   -0.189051535193769062E+02    1
    0.148095445646096096E+04    0.273341871714225304E+01    0.222120351282559625E+02   -0.767823328018095140E+03   -0.189151535193769043E+02    1
    0.148115227898680769E+04    0.276263243489147570E+01    0.208357945143418704E+02   -0.767808451585991179E+03   -0.189251535193769058E+02    1
    0.147971434609941321E+04    0.272448829945645832E+01    0.197291678792385312E+02   -0.767807240435166477E+03   -0.189351535193769109E+02    1
    0.147895169399097244E+04    0.273891439962619598E+01    0.195027045161610033E+02   -0.767799605500343432E+03   -0.189451535193769125E+02    1
    0.148040591433804275E+04    0.275856042537376123E+01    0.219816002767942109E+02   -0.767747131933808419E+03   -0.189551535193769105E+02    1
    0.148234561775228553E+04    0.274257412050026295E+01    0.207926744015095579E+02   -0.767740920038344257E+03   -0.189651535193769050E+02    1
    0.147863758651344756E+04    0.272633509472317082E+01    0.208682814862272750E+02   -0.767734602799430604E+03   -0.189751535193769030E+02    1
    0.147962702961935815E+04    0.277165888226490686E+01    0.207117991308233655E+02   -0.767716380398505407E+03   -0.189851535193769045E+02    1
    0.147957262412729619E+04    0.274945963657907377E+01    0.222106998433930301E+02   -0.767690984144125309E+03   -0.189951535193769097E+02    1
    0.147984036962794244E+04    0.272152691992774454E+01    0.199627254748671419E+02   -0.767687099016282446E+03   -0.190051535193769077E+02    1
    0.147994001092203393E+04    0.275697197030898034E+01    0.195188535858853669E+02   -0.767652572514739973E+03   -0.190151535193769021E+02    1
    0.148209042517225134E+04    0.274322564288485626E+01    0.202477598880498277E+02   -0.767649483127091685E+03   -0.190251535193769037E+02    1
    0.147827934688136747E+04    0.275898457979203071E+01    0.201571549808980279E+02   -0.767587322880283068E+03   -0.190351535193769088E+02    1
    0.148121352518004096E+04    0.271730960388464160E+01    0.203646149606234275E+02   -0.767567273241178327E+03   -0.190451535193769033E+02    1
    0.147827025708048063E+04    0.273725493054401969E+01    0.211757549876102189E+02   -0.767515961107137855E+03   -0.190551535193769084E+02    1
    0.147924488505189106E+04    0.275576593292163841E+01    0.219725343308867451E+02   -0.767512794959677649E+03   -0.190651535193769099E+02    1
    0.148129651341363115E+04    0.274625639733663052E+01    0.219158203078669374E+02   -0.767486601559955375E+03   -0.190751535193769044E+02    1
    0.147891182898729380E+04    0.276893868523429010E+01    0.206938494313047272E+02   -0.767480309205378148E+03   -0.190851535193768953E+02    1
    0.147815399158796890E+04    0.274281156012238725E+01    0.202966126354027665E+02   -0.767466040081976303E+03   -0.190951535193768969E+02    1
    0.148078880908907604E+04    0.274739118044461605E+01    0.195476082852031396E+02   -0.767448420886961685E+03   -0.191051535193769055E+02    1
    0.147873072032731307E+04    0.276731463684885615E+01    0.206564788942930022E+02   -0.767432958160927797E+03   -0.191151535193769071E+02    1
    0.147811297304002710E+04    0.274547233174285132E+01    0.211188489521160250E+02   -0.767418521416564431E+03   -0.191251535193769087E+02    1
    0.148001327636201927E+04    0.272316388280457833E+01    0.215871730968156186E+02   -0.767417624409020164E+03   -0.191351535193769102E+02    1
    0.148136049431389301E+04    0.271788835324391842E+01    0.205979592139186423E+02   -0.767414651201946754E+03   -0.191451535193769047E+02    1
    0.148035464943083502E+04    0.274016100570411858E+01    0.221598452855446055E+02   -0.767401326555492687E+03   -0.191551535193769098E+02    1
    0.147986634982726446E+04    0.272500422279247978E+01    0.198896162150101787E+02   -0.767393916685350177E+03   -0.191651535193769114E+02    1
    0.147812523111766404E+04    0.275681264477112853E+01    0.207730602803051028E+02   -0.767391657591527974E+03   -0.191751535193769094E+02    1
    0.148141110865730207E+04    0.273064772322303373E+01    0.218495393905260897E+02   -0.767385340837665353E+03   -0.191851535193769109E+02    1
    0.148148090763051391E+04    0.272957548466633027E+01    0.198309723714605184E+02   -0.767377743390743831E+03   -0.191951535193769054E+02    1
    0.147992774479736681E+04    0.276321209435664450E+01    0.216151356081698509E+02   -0.767353598275188347E+03   -0.192051535193769034E+02    1
    0.148000965957541530E+04    0.273043581322573736E+01    0.219300721442081681E+02   -0.767351439257633047E+03   -0.192151535193769014E+02    1
    0.148078423055108578E+04    0.275772290074808657E+01    0.200131463839038162E+02   -0.767346202157553080E+03   -0.192251535193769030E+02    1
    0.147954572223086507E+04    0.272603965617787924E+01    0.199850983989054072E+02   -0.767336119107481636E+03   -0.192351535193769045E+02    1
    0.148183511445918020E+04    0.274767231166775794E+01    0.205162561622942263E+02   -0.767334737470003688E+03   -0.192451535193769097E+02    1
    0.148091054546868509E+04    0.275387496150530620E+01    0.199049550463569886E+02   -0.767284614399573911E+03   -0.192551535193769077E+02    1
    0.147971909170182926E+04    0.272751716816066381E+01    0.198606326503576298E+02   -0.767274594955979865E+03   -0.192651535193769021E+02    1
    0.147950757352261144E+04    0.276426202177067726E+01    0.215075030084489214E+02   -0.767271313792448836E+03   -0.192751535193769001E+02    1
    0.147897226178969777E+04    0.273466418596242367E+01    0.216270807742044155E+02   -0.767265321422994134E+03   -0.192851535193769017E+02    1
    0.147918228840295296E+04    0.276693664170149889E+01    0.211346482489767880E+02   -0.767257729568827585E+03   -0.192951535193769068E+02    1
    0.148169146629072020E+04    0.272157195232001303E+01    0.205309891256612076E+02   -0.767249760414643106E+03   -0.193051535193769048E+02    1
    0.148201762491270074E+04    0.272563123564894427E+01    0.205504750437050632E+02   -0.767242348252713782E+03   -0.193151535193769028E+02    1
    0.148094728030575561E+04    0.272329210915392039E+01    0.200468484541173666E+02   -0.767199275618784554E+03   -0.193251535193769080E+02    1
    0.147889780853270076E+04    0.274586117618209524E+01    0.217745181492474416E+02   -0.767191312027052845E+03   -0.193351535193769095E+02    1
    0.147958483792717084E+04    0.276303805411034631E+01    0.200460203809670361E+02   -0.767184404892986095E+03   -0.193451535193769075E+02    1
    0.147977748917811709E+04    0.276639795120145449E+01    0.204587150123032018E+02   -0.767181303012750732E+03   -0.193551535193769020E+02    1
    0.148108944139076925E+04    0.272205385523655474E+01    0.201930698976132987E+02   -0.767176983121936701E+03   -0.193651535193769035E+02    1
    0.148123670720331211E+04    0.275535218453673503E+01    0.204792413915578351E+02   -0.767171935143369296E+03   -0.193751535193769051E+02    1
    0.148212001669853862E+04    0.273169949212019603E+01    0.205658829027261021E+02   -0.767170919077904500E+03   -0.193851535193769031E+02    1
    0.147933125031698546E+04    0.275951080932938231E+01    0.216703767358241208E+02   -0.767141884347521682E+03   -0.193951535193769047E+02    1
    0.148097452483907387E+04    0.275842541791353124E+01    0.210633128231299196E+02   -0.767112666828143801E+03   -0.194051535193769062E+02    1
    0.147929713524006957E+04    0.273082216054607807E+01    0.199808128106051583E+02   -0.767099998747734617E+03   -0.194151535193769043E+02    1
    0.147966458969515156E+04    0.276484450325555864E+01    0.203018041218695515E+02   -0.767097820318433833E+03   -0.194251535193769058E+02    1
    0.147970040709769592E+04    0.274221637542394525E+01    0.195696142143191594E+02   -0.767094522297179992E+03   -0.194351535193769074E+02    1
    0.148195284094896397E+04    0.274235546098465877E+01    0.208419044101318036E+02   -0.767093129182191660E+03   -0.194451535193769089E+02    1
    0.147909197506649252E+04    0.275407258591706672E+01    0.217385658847285299E+02   -0.767087862472372535E+03   -0.194551535193769034E+02    1
    0.147975256139332146E+04    0.272295387869909522E+01    0.204417507708935346E+02   -0.767080998033412698E+03   -0.194651535193769014E+02    1
    0.148176787560418006E+04    0.273390150022559419E+01    0.201641748942564760E+02   -0.767063376891483131E+03   -0.194751535193769065E+02    1
    0.147928066316836498E+04    0.272558133770757260E+01    0.206749638027779099E+02   -0.767063065379890986E+03   -0.194851535193769081E+02    1
    0.148152705337742191E+04    0.273551457737386050E+01    0.199828695707005295E+02   -0.767044873710099409E+03   -0.194951535193769061E+02    1
    0.147835316261650632E+04    0.274114611594397584E+01    0.208260242371801638E+02   -0.767040976099468253E+03   -0.195051535193769041E+02    1
    0.148029997760050878E+04    0.273008846071180855E+01    0.197805713718648803E+02   -0.767028808560474772E+03   -0.195151535193769021E+02    1
    0.148189763101295171E+04    0.273121931301554177E+01    0.203863587334916190E+02   -0.767026714538520537E+03   -0.195251535193768966E+02    1
    0.147999268939336162E+04    0.276361574977198909E+01    0.203627857901370106E+02   -0.767011176521135098E+03   -0.195351535193768981E+02    1
    0.148049322271459209E+04    0.275997800093678070E+01    0.202753209917817969E+02   -0.767009235765003837E+03   -0.195451535193769033E+02    1
    0.148028299393621182E+04    0.275949675222830537E+01    0.215064477849785902E+02   -0.766995763369100132E+03   -0.195551535193769048E+02    1
    0.147858594091599321E+04    0.275612630377281409E+01    0.212580451405123085E+02   -0.766995401585076934E+03   -0.195651535193769028E+02    1
    0.148025093357973128E+04    0.272663215194156150E+01    0.199710040953775945E+02   -0.766988966224013211E+03   -0.195751535193769044E+02    1
    0.148179192855469955E+04    0.274314396664586369E+01    0.211435993149980561E+02   -0.766987583308590274E+03   -0.195851535193769024E+02    1
    0.148179967381322285E+04    0.274205438056678208E+01    0.204766037823403906E+02   -0.766974215953148246E+03   -0.195951535193769004E+02    1
    0.147979495027263283E+04    0.276484327030589494E+01    0.210568165556743025E+02   -0.766970561527727796E+03   -0.196051535193769055E+02    1
    0.147990008316123067E+04    0.272262501189222927E+01    0.206130166461921505E+02   -0.766960896405687663E+03   -0.196151535193769035E+02    1
    0.148101788795668585E+04    0.272102656168362556E+01    0.206442769581264542E+02   -0.766959125580640148E+03   -0.196251535193769051E+02    1
    0.147956780074483686E+04    0.276253051754577461E+01    0.201991210699721080E+02   -0.766958887468902958E+03   -0.196351535193768996E+02    1
    0.147852272161280507E+04    0.274920699389275347E+01    0.213090981009930829E+02   -0.766958467496738990E+03   -0.196451535193769047E+02    1
    0.147850164404073143E+04    0.273874184673623855E+01    0.206914958691191657E+02   -0.766928199549455940E+03   -0.196551535193768991E+02    1
    0.148091601685743990E+04    0.273167477608410181E+01    0.198525436267888296E+02   -0.766921998461374073E+03   -0.196651535193769007E+02    1
    0.148031032794555585E+04    0.272288985386253302E+01    0.211981017880143980E+02   -0.766908933777502398E+03   -0.196751535193769023E+02    1
    0.148047884370358702E+04    0.275165387093552560E+01    0.217751791773131345E+02   -0.766902938303789597E+03   -0.196851535193769003E+02    1
    0.148146415057508352E+04    0.273738987746320372E+01    0.200572505416162272E+02   -0.766882378270923255E+03   -0.196951535193768983E+02    1
    0.148089820490777220E+04    0.275666018249851996E+01    0.205260043680841591E+02   -0.766874704337285721E+03   -0.197051535193769034E+02    1
    0.147918075761249315E+04    0.275950089202936422E+01    0.201320979148778463E+02   -0.766871398786329109E+03   -0.197151535193769014E+02    1
    0.147841483642411822E+04    0.274590104228061183E+01    0.209423603464030634E+02   -0.766865614812725539E+03   -0.197251535193768959E+02    1
    0.147921375691454136E+04    0.272825309920269587E+01    0.206325275691933570E+02   -0.766862911892966963E+03   -0.197351535193769010E+02    1
    0.148190950503484964E+04    0.273637759130816738E+01    0.207752552847829008E+02   -0.766856871916318823E+03   -0.197451535193769097E+02    1
    0.147871542635773631E+04    0.275162564196803672E+01    0.201280520072945990E+02   -0.766855712249328462E+03   -0.197551535193769077E+02    1
    0.148140963411703342E+04    0.272439679627474129E+01    0.210830425540604125E+02   -0.766854689675218310E+03   -0.197651535193769092E+02    1
    0.148121774284710204E+04    0.275314463864782200E+01    0.209344032631332055E+02   -0.766848667911288203E+03   -0.197751535193769072E+02    1
    0.148170608421155703E+04    0.273287784084027274E+01    0.203320393512610877E+02   -0.766842463411506969E+03   -0.197851535193769017E+02    1
    0.148122353957568703E+04    0.274164760298741728E+01    0.199849872617652125E+02   -0.766817847527446702E+03   -0.197951535193769033E+02    1
    0.148151976011557372E+04    0.274759527824450167E+01    0.207585919871865912E+02   -0.766799549811589486E+03   -0.198051535193769084E+02    1
    0.147948403404772171E+04    0.272698383093090690E+01    0.210152232370560057E+02   -0.766797770723426311E+03   -0.198151535193769099E+02    1
    0.147866971548240940E+04    0.274210413578404610E+01    0.202954376147584696E+02   -0.766771685409067800E+03   -0.198251535193769080E+02    1
    0.148147774740912155E+04    0.273420073244954454E+01    0.214440797915694361E+02   -0.766748563418954291E+03   -0.198351535193769024E+02    1
    0.147983214862762134E+04    0.272811066124548329E+01    0.201698800827871878E+02   -0.766746190541468422E+03   -0.198451535193769004E+02    1
    0.148025159865621163E+04    0.272401883368552333E+01    0.211053826483808393E+02   -0.766744249747498316E+03   -0.198551535193769020E+02    1
    0.148120825125977126E+04    0.273769439776049861E+01    0.216239153482352862E+02   -0.766735713872105180E+03   -0.198651535193769035E+02    1
    0.147931088589160117E+04    0.273793879335286539E+01    0.199335219148069740E+02   -0.766735558939467637E+03   -0.198751535193769016E+02    1
    0.147936618913047460E+04    0.276035944327322413E+01    0.202664741090247986E+02   -0.766735118092817856E+03   -0.198851535193769031E+02    1
    0.148048478004862000E+04    0.274937973152310899E+01    0.198713704763292327E+02   -0.766731258173474657E+03   -0.198951535193769047E+02    1
    0.147933542348346964E+04    0.274384339171741587E+01    0.217034752965105042E+02   -0.766724620867391877E+03   -0.199051535193769027E+02    1
    0.147873765276773247E+04    0.275729279083768031E+01    0.209634324364097466E+02   -0.766712875550122931E+03   -0.199151535193769007E+02    1
    0.148158764355723542E+04    0.272770302195735059E+01    0.207149671156595616E+02   -0.766707383720594862E+03   -0.199251535193768952E+02    1
    0.147874072138079327E+04    0.275661352461409859E+01    0.205168559179515171E+02   -0.766696612752396732E+03   -0.199351535193769003E+02    1
    0.148136303065809079E+04    0.273989662870982276E+01    0.201526213767390061E+02   -0.766694789421180531E+03   -0.199451535193769018E+02    1
    0.148118361618770518E+04    0.272995359776303070E+01    0.214466388253112399E+02   -0.766691014817463156E+03   -0.199551535193769034E+02    1
    0.148101756317805302E+04    0.272669456583851089E+01    0.202748404018478112E+02   -0.766690710441956753E+03   -0.199651535193768979E+02    1
    0.148152539420086146E+04    0.272701789164689457E+01    0.208084064375017306E+02   -0.766689634752362281E+03   -0.199751535193768994E+02    1
    0.148171865209792531E+04    0.273229184849456752E+01    0.206374964967125862E+02   -0.766686008774795937E+03   -0.199851535193769045E+02    1
    0.148145451401996729E+04    0.274353035868259987E+01    0.212803325904031198E+02   -0.766684166750216946E+03   -0.199951535193769026E+02    1
    0.147862608776841921E+04    0.275194048037045436E+01    0.210591832035269135E+02   -0.766681187446615468E+03   -0.200051535193768970E+02    1
    0.148047332895695422E+04    0.275375960883556781E+01    0.200794828347294043E+02   -0.766676243680294647E+03   -0.200151535193768986E+02    1
    0.148171502315498719E+04    0.273287042288042770E+01    0.210014110421160325E+02   -0.766672036081096962E+03   -0.200251535193769001E+02    1
    0.148166983730498214E+04    0.273337369583576795E+01    0.205223317462186259E+02   -0.766669484703694934E+03   -0.200351535193769017E+02    1
    0.147959156952055537E+04    0.273148425772119063E+01    0.214126089662357515E+02   -0.766658303352019288E+03   -0.200451535193769068E+02    1
    0.148056951955796467E+04    0.273128747798792304E+01    0.199727897087774977E+02   -0.766656735733808318E+03   -0.200551535193769048E+02    1
    0.148090178961535753E+04    0.275426214923082568E+01    0.205503934414514191E+02   -0.766651020050952980E+03   -0.200651535193768993E+02    1
    0.147953412066454825E+04    0.273832608657362009E+01    0.216533548463426797E+02   -0.766650169351095769E+03   -0.200751535193768973E+02    1
    0.148143221549418286E+04    0.273589321347417691E+01    0.214030229384507038E+02   -0.766649041191554034E+03   -0.200851535193768989E+02    1
    0.147960602971809044E+04    0.275899051452063793E+01    0.213526982119101092E+02   -0.766637901759512033E+03   -0.200951535193769004E+02    1
    0.148055830386652087E+04    0.272966620682526218E+01    0.200533491023420254E+02   -0.766637609245983526E+03   -0.201051535193769020E+02    1
    0.147860821870520931E+04    0.274299544933192063E+01    0.207185884084103407E+02   -0.766635190641320833E+03   -0.201151535193769000E+02    1
    0.147916919387433632E+04    0.275749500681097537E+01    0.212991824120745150E+02   -0.766625873779807307E+03   -0.201251535193768945E+02    1
    0.148076701718411437E+04    0.275211331552798599E+01    0.202220023795729844E+02   -0.766610665524717660E+03   -0.201351535193768960E+02    1
    0.147909239842265993E+04    0.275827044380478537E+01    0.211698766209978260E+02   -0.766609237177022351E+03   -0.201451535193769011E+02    1
    0.147974244219018647E+04    0.276144680004455356E+01    0.205712611443412072E+02   -0.766608322856740983E+03   -0.201551535193769027E+02    1
    0.147868216197337097E+04    0.274110406205911339E+01    0.206633537877950744E+02   -0.766605976735050035E+03   -0.201651535193769007E+02    1
    0.148029757619837278E+04    0.272460238321334147E+01    0.209340656716176170E+02   -0.766601280205661396E+03   -0.201751535193768952E+02    1
    0.148130525663833532E+04    0.274811139686199057E+01    0.206687212097102986E+02   -0.766589815628179508E+03   -0.201851535193769003E+02    1
    0.147963294252999731E+04    0.273628954295633564E+01    0.199589519392187782E+02   -0.766580306786844517E+03   -0.201951535193768983E+02    1
    0.147977712796116884E+04    0.275700734172206552E+01    0.201459213176297283E+02   -0.766580049041171605E+03   -0.202051535193768999E+02    1
    0.147872684366921430E+04    0.275287515684311979E+01    0.210241752256872019E+02   -0.766579777123642430E+03   -0.202151535193768979E+02    1
    0.148057067340808726E+04    0.272496333068158236E+01    0.205484786311113794E+02   -0.766565927123168876E+03   -0.202251535193768959E+02    1
    0.147866099566796629E+04    0.274347682774728607E+01    0.207337317420066540E+02   -0.766559984465390130E+03   -0.202351535193768974E+02    1
    0.147873035803439211E+04    0.274203855296686427E+01    0.205323555508355753E+02   -0.766558735900212241E+03   -0.202451535193769061E+02    1
    0.147915364144175101E+04    0.273262951275120525E+01    0.206887423381954392E+02   -0.766546565194970071E+03   -0.202551535193769041E+02    1
    0.148079850759964370E+04    0.274549027689619907E+01    0.200172110310248712E+02   -0.766545180818697645E+03   -0.202651535193768986E+02    1
    0.147960383748814320E+04    0.273116618040219095E+01    0.212792109154000570E+02   -0.766535974587788360E+03   -0.202751535193768966E+02    1
    0.147904713336621126E+04    0.274461221311808234E+01    0.214084976939264493E+02   -0.766522421862944270E+03   -0.202851535193769017E+02    1
    0.148107115711605229E+04    0.273322847578481731E+01    0.201498372300916770E+02   -0.766521859636637600E+03   -0.202951535193769033E+02    1
    0.147873723225521371E+04    0.274267660912652467E+01    0.205688097184993097E+02   -0.766521208883071040E+03   -0.203051535193769048E+02    1
    0.148131170205421472E+04    0.274716751851861307E+01    0.208387297461986520E+02   -0.766521001717155286E+03   -0.203151535193768993E+02    1
    0.148130134978146657E+04    0.273030991010887458E+01    0.204150950770474680E+02   -0.766518421837541155E+03   -0.203251535193768973E+02    1
    0.148092723248407560E+04    0.272787297110643490E+01    0.203514398027339780E+02   -0.766516030281934491E+03   -0.203351535193769024E+02    1
    0.148084856381193276E+04    0.274765987040166770E+01    0.214751298000220459E+02   -0.766499214655725950E+03   -0.203451535193769040E+02    1
    0.147882138109735774E+04    0.273992890996593186E+01    0.208676514236181703E+02   -0.766492016498051612E+03   -0.203551535193769055E+02    1
    0.148150534284689456E+04    0.273156815665457131E+01    0.209067815374935293E+02   -0.766491455385920290E+03   -0.203651535193768964E+02    1
    0.147998781493031720E+04    0.275702234548280467E+01    0.213177709325116211E+02   -0.766483340224717267E+03   -0.203751535193768945E+02    1
    0.147869249413202670E+04    0.274710852801861538E+01    0.207629513575455178E+02   -0.766481522587476434E+03   -0.203851535193768996E+02    1
    0.148091343577496673E+04    0.274921962260804875E+01    0.213198871027533414E+02   -0.766468861871574063E+03   -0.203951535193768940E+02    1
    0.148025623470760047E+04    0.273626685706912687E+01    0.199420949809092178E+02   -0.766466554152600565E+03   -0.204051535193768991E+02    1
    0.147956260503878389E+04    0.273486804018653462E+01    0.214063719873404779E+02   -0.766455774697698644E+03   -0.204151535193769078E+02    1
    0.147878907045935625E+04    0.275207679048141785E+01    0.208973212129531305E+02   -0.766453869965032709E+03   -0.204251535193769058E+02    1
    0.147912844174479437E+04    0.274062452062351358E+01    0.213140704973432804E+02   -0.766432777673031524E+03   -0.204351535193769074E+02    1
    0.148017773208324866E+04    0.274449469078837938E+01    0.199088856997233279E+02   -0.766431719853432242E+03   -0.204451535193769054E+02    1
    0.147958655476309195E+04    0.275886282963259744E+01    0.210878596353030190E+02   -0.766430513215840278E+03   -0.204551535193768963E+02    1
    0.148128622494714205E+04    0.273991197611704074E+01    0.203510763572903670E+02   -0.766429240003413497E+03   -0.204651535193768908E+02    1
    0.147993921105144113E+04    0.273702309022566981E+01    0.215873099358268234E+02   -0.766423078756992027E+03   -0.204751535193768959E+02    1
    0.148057396373681058E+04    0.272681747872800484E+01    0.210499878642985436E+02   -0.766419320364103896E+03   -0.204851535193768974E+02    1
    0.148056915830998923E+04    0.274426567765686347E+01    0.199950552777394392E+02   -0.766415693291431808E+03   -0.204951535193768990E+02    1
    0.147903958494366589E+04    0.274449406047227829E+01    0.202407985775746653E+02   -0.766405107225999473E+03   -0.205051535193768970E+02    1
    0.148077872024114845E+04    0.274622985185699831E+01    0.214782639483093618E+02   -0.766400750039958211E+03   -0.205151535193768986E+02    1
    0.147949120822488339E+04    0.273439023323869268E+01    0.212707856518504315E+02   -0.766389969586577763E+03   -0.205251535193769037E+02    1
    0.147981005460798224E+04    0.273256030325415233E+01    0.213387909104268374E+02   -0.766387100347261480E+03   -0.205351535193768981E+02    1
    0.147910552453281002E+04    0.273682189527384701E+01    0.205424692212351943E+02   -0.766375387716632986E+03   -0.205451535193768926E+02    1
    0.148127532876839632E+04    0.274181391604893054E+01    0.204847523445718167E+02   -0.766364292941097574E+03   -0.205551535193768942E+02    1
    0.148104982810417528E+04    0.273452775998353159E+01    0.202557837571431918E+02   -0.766363784586948782E+03   -0.205651535193768922E+02    1
    0.148045833341667321E+04    0.273143577240643198E+01    0.213882319914261814E+02   -0.766363043302854749E+03   -0.205751535193768902E+02    1
    0.147963434255405991E+04    0.273164222366520004E+01    0.204182196826857307E+02   -0.766362623918523809E+03   -0.205851535193768918E+02    1
    0.147976465683162519E+04    0.274671605973147415E+01    0.215899065800822427E+02   -0.766362127479930450E+03   -0.205951535193768969E+02    1
    0.147894645205574034E+04    0.273967399856747695E+01    0.207234651872483653E+02   -0.766361097036536421E+03   -0.206051535193768984E+02    1
    0.148043705140125030E+04    0.275263818889728995E+01    0.202978023186675784E+02   -0.766347926951129580E+03   -0.206151535193768964E+02    1
    0.148020987381163582E+04    0.272968115162810365E+01    0.212064032837823362E+02   -0.766332788739646503E+03   -0.206251535193768980E+02    1
    0.147979473516241615E+04    0.275334152177164304E+01    0.201750780077421581E+02   -0.766330539588952661E+03   -0.206351535193768960E+02    1
    0.148100445321881352E+04    0.273434120168432226E+01    0.213340771856504574E+02   -0.766323795083759478E+03   -0.206451535193768940E+02    1
    0.148064249494872411E+04    0.273028725196404976E+01    0.203309315602884055E+02   -0.766317065270729586E+03   -0.206551535193768956E+02    1
    0.147952887702734051E+04    0.273203219915462725E+01    0.209455452557585744E+02   -0.766317052425995030E+03   -0.206651535193768972E+02    1
