    0.158934159141496374E-98    0.199755512246775083E+04    0.249193828462296869E+04    0.363465528631474699E+01    0.474560975237131117E+02
    0.358747015752866108E-97    0.199130169743062243E+04    0.259706766250746296E+04    0.305549607073988039E+01    0.242484953140365462E+02
    0.377545595426565248E-97    0.199117954963981833E+04    0.257385203516957881E+04    0.364975737663333266E+01    0.289877149957650602E+02
    0.539208959243101602E-97    0.199044672597724912E+04    0.147277996540069580E+04    0.300254082679748535E+01    0.326593160629272461E+02
    0.118283026522125990E-96    0.198885560157692953E+04    0.261889944241435114E+04    0.349872305129227668E+01    0.229457015201775647E+02
    0.392920656900599976E-96    0.198643454674049826E+04    0.150804894897031409E+04    0.259470928323309691E+01    0.482233520949864953E+02
    0.589297435586811488E-96    0.198560390006137823E+04    0.254955700163256051E+04    0.400481072423375029E+01    0.145657693919241069E+02
    0.746016089719683142E-96    0.198511226780587504E+04    0.246501525717406639E+04    0.338233162201117343E+01    0.252809760589756110E+02
    0.113836365690556727E-95    0.198424706789869106E+04    0.250298420582872131E+04    0.320171737135316681E+01    0.265589929812964982E+02
    0.450789064174662421E-95    0.198147459290947927E+04    0.161863200684306867E+04    0.380848307369370698E+01    0.396877367110356261E+02
    0.609010125186680194E-95    0.198085292216881908E+04    0.251497405616241986E+04    0.344491594929292511E+01    0.502399689822639175E+02
    0.112691506076230341E-94    0.197960211366852377E+04    0.259495298703433082E+04    0.347817440272061518E+01    0.137547117298604462E+02
    0.632484177719118146E-94    0.197613211136016912E+04    0.255322803696360415E+04    0.363595274193802487E+01    0.294945207308848580E+02
    0.744248743583045732E-94    0.197578667114636028E+04    0.250426262715978237E+04    0.331694634471454020E+01    0.456021469328842954E+02
    0.290174483320541234E-93    0.197304528676648215E+04    0.147695886839375044E+04    0.270423314561195438E+01    0.563136300771188871E+02
    0.301857712888974338E-93    0.197294634006988099E+04    0.152546775838148869E+04    0.271520870959804306E+01    0.185242016152195248E+02
    0.409745354020070331E-93    0.197231517982585569E+04    0.157140737704420030E+04    0.385539042425851886E+01    0.735673472525331817E+01
    0.565612512572915314E-93    0.197165043310984811E+04    0.256539432590513297E+04    0.351935889908569255E+01    0.479454978665662281E+02
    0.104066500358057968E-92    0.197041102115521244E+04    0.160264006744934113E+04    0.400445544568865763E+01    0.482070177124852819E+02
    0.309459652700642938E-92    0.196821142595627180E+04    0.256163415078905200E+04    0.329373903918568889E+01    0.452315669181674309E+02
    0.313160546363523744E-92    0.196816764942440932E+04    0.143788345037838803E+04    0.252057043903689282E+01    0.215089373091243488E+02
    0.427323624566360356E-92    0.196752599813958091E+04    0.250244197312263259E+04    0.360344717283465243E+01    0.426591966920041443E+02
    0.665490955387967748E-92    0.196662003130376070E+04    0.256046872830794700E+04    0.302544913066563126E+01    0.214359674330822543E+02
    0.422304841365470563E-91    0.196290445635954620E+04    0.162136578306749652E+04    0.383657652848739872E+01    0.424885100686908004E+02
    0.645644642302912404E-91    0.196203541268562731E+04    0.259091851750306978E+04    0.309981250303263245E+01    0.245376122751673904E+02
    0.142849120363104773E-90    0.196042716308408308E+04    0.261205714722359698E+04    0.363248530621377874E+01    0.201740135298260412E+02
    0.530971974744225330E-90    0.195778132254268712E+04    0.149127577987126142E+04    0.265588284336882330E+01    0.554949496091126662E+02
    0.424822243286734664E-89    0.195360222917919236E+04    0.143920304872839029E+04    0.250730379218611432E+01    0.228936926322656831E+02
    0.129840385036428554E-88    0.195134778887654943E+04    0.260807302493421139E+04    0.367878386436653670E+01    0.218893303788519660E+02
    0.238148414550179948E-88    0.195011461251415699E+04    0.247502883611941206E+04    0.327174561406027431E+01    0.206756675698306651E+02
    0.656468977207843436E-88    0.194806664977828632E+04    0.256708906498099986E+04    0.306938849029524086E+01    0.180520576572130267E+02
    0.171347190823268739E-87    0.194612784676028650E+04    0.156843300681035589E+04    0.376870251178988624E+01    0.531117970545314790E+02
    0.282768503780841422E-87    0.194510597335780085E+04    0.145503032315385144E+04    0.252442853851069993E+01    0.252741601831298226E+02
    0.332676409293778145E-86    0.194015571973457668E+04    0.254612005806069101E+04    0.331169491184124576E+01    0.131842304518065845E+02
    0.682034294862071488E-86    0.193869990039731283E+04    0.259562541828625808E+04    0.361873814585643272E+01    0.159398060184028196E+02
    0.126859808148484445E-85    0.193743872488813486E+04    0.155692401684848664E+04    0.394771990766256886E+01    0.205491855375911996E+02
    0.164028707168081123E-85    0.193690480718349886E+04    0.251780531294857701E+04    0.360459185902918833E+01    0.473913684138978226E+02
    0.220265226043547026E-85    0.193629522530961003E+04    0.254637483500583949E+04    0.308151620611468013E+01    0.183946796666670593E+02
    0.287554071517441515E-85    0.193574206826113232E+04    0.151767718786258865E+04    0.273878105246136139E+01    0.504251597118619088E+02
    0.169763308650119770E-84    0.193217090958025983E+04    0.258842609029300729E+04    0.385191823796537847E+01    0.240772190263139265E+02
    0.329274228314865609E-84    0.193082593806135037E+04    0.150047488129840576E+04    0.275310749543864874E+01    0.475554806648778765E+02
    0.538301269296855854E-84    0.192982288314286370E+04    0.258856301708639421E+04    0.350783916543027585E+01    0.149227138931055947E+02
    0.825270647377876919E-84    0.192894829713001127E+04    0.156974553021409633E+04    0.368143511429769932E+01    0.179360344925358675E+02
    0.144267640501683938E-83    0.192781120934578166E+04    0.251023491342977286E+04    0.311953464935724556E+01    0.209179128958518277E+02
    0.213213981537767323E-83    0.192700995718477611E+04    0.254824837199017202E+04    0.348179300276263382E+01    0.124660497113836328E+02
    0.556338034624650962E-83    0.192507179755304651E+04    0.249552702710497306E+04    0.379985731857666487E+01    0.228659360478213642E+02
    0.152704279355067942E-82    0.192303237306511573E+04    0.152723684548372285E+04    0.279638204801158574E+01    0.410311679349296696E+02
    0.275022852663305182E-82    0.192183567114834636E+04    0.253868730354083436E+04    0.312503525888142741E+01    0.174715641732479838E+02
    0.113018065149635900E-81    0.191898911400294264E+04    0.256299676727109545E+04    0.320010996113254631E+01    0.154394687917758660E+02
    0.113326012927190646E-81    0.191896367188189970E+04    0.251893424521014458E+04    0.322687325462101970E+01    0.257938310623394074E+02
    0.446482414840974956E-81    0.191620140932180107E+04    0.157374189527533349E+04    0.393951452912039235E+01    0.482732057014544012E+02
    0.300544187873953377E-80    0.191236784958398903E+04    0.261536253465963955E+04    0.325087999757072321E+01    0.203689937237000294E+02
    0.588352547368042338E-80    0.191100438648882164E+04    0.257967233564548405E+04    0.310494448082223329E+01    0.198504937745637875E+02
    0.608364481077738478E-80    0.191091749081036687E+04    0.152322886739600244E+04    0.278049289846632686E+01    0.132878474730246552E+02
    0.485611773282226585E-79    0.190674305001146445E+04    0.259087396276854452E+04    0.383135808378808163E+01    0.209005429844463038E+02
    0.658634752059763048E-79    0.190611353070976702E+04    0.254090508593047161E+04    0.324956680765933781E+01    0.149660769912486842E+02
    0.935104177917519923E-79    0.190539255309336841E+04    0.255365250719915912E+04    0.360886275124277622E+01    0.278723621441002081E+02
    0.122387632139875326E-78    0.190483431215328142E+04    0.257175169830338746E+04    0.320021259828267235E+01    0.161536429497298997E+02
    0.142226402483612933E-78    0.190451385845079267E+04    0.261106410080226624E+04    0.324573197818774828E+01    0.192864302157945673E+02
    0.170815826919886539E-78    0.190412752691295577E+04    0.160349498528249956E+04    0.392998229137139710E+01    0.505186145291795299E+02
    0.466470747807079966E-78    0.190209830816869771E+04    0.253880557003732520E+04    0.348723392427704626E+01    0.284820698549559665E+02
    0.164095101679067760E-77    0.189956263631193951E+04    0.146128049600823920E+04    0.262633642872483275E+01    0.401196072700224704E+02
    0.201501612575355570E-77    0.189913193383960106E+04    0.157862197823203860E+04    0.391561484178080299E+01    0.341335034287288011E+02
    0.215665867500376387E-77    0.189897606800749418E+04    0.146927755696474287E+04    0.294299524547587854E+01    0.414582671592334009E+02
    0.310389316002179511E-77    0.189822787387278004E+04    0.253410799268873188E+04    0.397852475108633641E+01    0.194380042481203219E+02
    0.106412024280026573E-75    0.189113855107469908E+04    0.257883293839644648E+04    0.344506108645218090E+01    0.150306301485529872E+02
    0.143686044739991324E-75    0.189051792688700357E+04    0.247719651198029169E+04    0.354084830817444285E+01    0.254147318142405680E+02
    0.168576488638963143E-75    0.189017840906543779E+04    0.249165984898945680E+04    0.325996835625664483E+01    0.194505844897371531E+02
    0.331863613470443680E-75    0.188880374007261707E+04    0.146887046393788114E+04    0.277265063048044125E+01    0.338580822810103825E+02
    0.416295187460659532E-75    0.188833039904831185E+04    0.248850053201052651E+04    0.338520160802586334E+01    0.160340360871251022E+02
    0.458538510304107719E-75    0.188811709967582806E+04    0.151470969596841906E+04    0.267850957318310989E+01    0.138020062394237328E+02
    0.561855460279640229E-75    0.188769069897864392E+04    0.160631175893767249E+04    0.404234090630076182E+01    0.233684653687518278E+02
    0.173791030696287849E-73    0.188080714065515167E+04    0.148926818914872001E+04    0.286419756657222324E+01    0.408943926257583144E+02
    0.246113329120937880E-73    0.188009126362940515E+04    0.260001170699717568E+04    0.324773117282623014E+01    0.227709341223538217E+02
    0.689455432362058131E-73    0.187801104374901752E+04    0.257668022346221915E+04    0.315625533346737708E+01    0.199797921721993248E+02
    0.797177676057500419E-73    0.187770069269405258E+04    0.258050666046704646E+04    0.327259665564563651E+01    0.248397234571190637E+02
    0.102155687169180077E-72    0.187718468168928098E+04    0.146297771215613238E+04    0.258033364354737227E+01    0.413678005143277971E+02
    0.127964536166708060E-72    0.187671417134941385E+04    0.161520581756010415E+04    0.387248006408579126E+01    0.391516727345057802E+02
    0.266727897534039364E-72    0.187522521962129122E+04    0.156974141745050792E+04    0.373157968047523259E+01    0.352312710863150187E+02
    0.346322650342257003E-72    0.187468293596613012E+04    0.156669247430319751E+04    0.376523844043885703E+01    0.502306142916275746E+02
    0.134755238589564119E-71    0.187194558732130508E+04    0.259058358058335216E+04    0.364696055086859960E+01    0.213541158987086419E+02
    0.150267999527327547E-71    0.187170766676523863E+04    0.152514074280397449E+04    0.276667441047973295E+01    0.170788257589316430E+02
    0.311490424520140126E-71    0.187022977029638923E+04    0.251228021986762997E+04    0.334877071260227321E+01    0.259641521318937407E+02
    0.446980088366357430E-71    0.186948747939493342E+04    0.255946180565138002E+04    0.341212271860793681E+01    0.146457325947855850E+02
    0.443410853968339276E-71    0.186948351394041902E+04    0.162138892697357255E+04    0.390115277292936558E+01    0.238684378935859201E+02
    0.883124995237169802E-71    0.186808557399600159E+04    0.251074877793650830E+04    0.367757127740162160E+01    0.256682472722124402E+02
    0.102530744690337635E-70    0.186776701190250196E+04    0.254734300922757484E+04    0.394195703591176461E+01    0.219646450666083979E+02
    0.238597184367847355E-70    0.186605778388819181E+04    0.258467159790096457E+04    0.361637726073777088E+01    0.234710850600880576E+02
    0.250277916858686234E-70    0.186594219337039999E+04    0.157516435753075211E+04    0.389559909966358209E+01    0.499467398853594489E+02
    0.419481702012533116E-70    0.186488929749332010E+04    0.252817777456094427E+04    0.326688339357956270E+01    0.164002948376603683E+02
    0.435602898232726997E-70    0.186479387521717763E+04    0.256042127097106140E+04    0.392758679031511715E+01    0.216763606334214671E+02
    0.783863335173965441E-70    0.186359886793055421E+04    0.158031690785341334E+04    0.393067341277327031E+01    0.290038337965468429E+02
    0.947567212852161071E-70    0.186319954156312906E+04    0.258321993947044211E+04    0.343880627987328724E+01    0.166166278564002283E+02
    0.682440738419780614E-69    0.185923081573384661E+04    0.254490241758264438E+04    0.327382930059049482E+01    0.162373920848556850E+02
    0.117027461044382184E-68    0.185813217970005098E+04    0.249298368767430020E+04    0.330066953304728816E+01    0.203294183736409764E+02
    0.144432507857215631E-68    0.185769137228455429E+04    0.160836365511213990E+04    0.376910147546481067E+01    0.229596342049841979E+02
    0.152233947737611877E-68    0.185756615999922337E+04    0.160762497646686211E+04    0.403395849481347391E+01    0.207445316869387000E+02
    0.533695563478511086E-68    0.185503734579304341E+04    0.252418228871384918E+04    0.365788656653119082E+01    0.262002595636183173E+02
    0.116509751401012933E-67    0.185345587680310882E+04    0.155867963286396343E+04    0.391687530144459117E+01    0.193445091852350259E+02
    0.144612030654997167E-67    0.185300371773651204E+04    0.252297348817708234E+04    0.384175171059576037E+01    0.221377283502189641E+02
    0.170817355225671734E-67    0.185265063697297251E+04    0.257211643386378364E+04    0.321471959900514159E+01    0.189146720831435289E+02
    0.227660308149919132E-67    0.185205611746524164E+04    0.247892358805632330E+04    0.353754607048434444E+01    0.171724097905318303E+02
    0.300264064933632217E-67    0.185148250214026370E+04    0.255966671197687720E+04    0.319882459416240561E+01    0.191671469199207678E+02
    0.831722514627997147E-67    0.184942482900989990E+04    0.248846825291410414E+04    0.334663489086496968E+01    0.213472441166380804E+02
    0.941285387630729387E-67    0.184915733399848477E+04    0.159187413174921790E+04    0.380832945517306287E+01    0.306401217996591697E+02
    0.346147990161233055E-66    0.184653292376046875E+04    0.158962664152352113E+04    0.382789600585955547E+01    0.324419773832570968E+02
    0.718614040696885596E-66    0.184505200773525462E+04    0.259276162976749447E+04    0.335132677974999682E+01    0.195031986217805979E+02
    0.946502920717587017E-66    0.184448110844924645E+04    0.257685682827555138E+04    0.345669346051299886E+01    0.245200023967139060E+02
    0.120317029297190577E-65    0.184398122603640422E+04    0.253135195626266432E+04    0.381895436174253033E+01    0.234117032947770269E+02
    0.153174982005389430E-65    0.184347832449389580E+04    0.259292328144511703E+04    0.337360840231630377E+01    0.214400218794952906E+02
    0.168771907296488193E-65    0.184326439009147862E+04    0.149056146090972470E+04    0.260092629530509889E+01    0.351263952704334201E+02
    0.221182480280968403E-65    0.184270351024928095E+04    0.250002760444583510E+04    0.338384817242371616E+01    0.166593094798400614E+02
    0.484998968450319632E-65    0.184111319284810702E+04    0.255877983834754650E+04    0.365630318584243685E+01    0.160818172223199412E+02
    0.674512527344402164E-65    0.184043350587964073E+04    0.255512945430123636E+04    0.373801688028745804E+01    0.166173057059661176E+02
    0.722875036538572251E-65    0.184027501364211503E+04    0.146522334021569463E+04    0.268453176908573932E+01    0.128487890877035653E+02
    0.107194696284429665E-64    0.183946702264526789E+04    0.257183476867869240E+04    0.324499225799929381E+01    0.223402106168423273E+02
    0.116167788362751274E-64    0.183928624499536363E+04    0.255807912557494819E+04    0.322387395472851024E+01    0.190593731577388894E+02
    0.412318350618347868E-64    0.183673272469687709E+04    0.255075404319278459E+04    0.368626077140622810E+01    0.160489899112230034E+02
    0.518444025683696285E-64    0.183625465205513729E+04    0.158314918519731327E+04    0.393960941373983431E+01    0.136425061581804812E+02
    0.112630519557061859E-63    0.183468292055818119E+04    0.258140174343112585E+04    0.329050760481293825E+01    0.221419380845779443E+02
    0.121383557526670115E-63    0.183451323514622754E+04    0.258444739908142992E+04    0.347334300599864854E+01    0.194277377487897240E+02
    0.150261728480118804E-63    0.183406638874391479E+04    0.248408540729079141E+04    0.355458095070331570E+01    0.177072604015888970E+02
    0.207586915836192702E-63    0.183340004575725152E+04    0.255077320922245735E+04    0.383349645560384555E+01    0.184994009213929900E+02
    0.297381108256236097E-63    0.183266111698619534E+04    0.256859286504764623E+04    0.325298268590687645E+01    0.222291009823304222E+02
    0.129710771882047804E-62    0.182969536153787203E+04    0.256841533174341566E+04    0.345802410863948673E+01    0.247043048430037402E+02
    0.135421711010986093E-62    0.182958918842855064E+04    0.258581709906488550E+04    0.336369613254945721E+01    0.218064176459930508E+02
    0.178642818819473229E-62    0.182901519904472548E+04    0.252217575478321578E+04    0.379075488055791610E+01    0.191184390607309211E+02
    0.209033768958033005E-62    0.182868098419244984E+04    0.256756421314505224E+04    0.361155788959031465E+01    0.240832749103533530E+02
    0.382379969119992109E-62    0.182745314622260616E+04    0.257557355147471026E+04    0.327202479497549437E+01    0.200501079515160683E+02
    0.975608620578720831E-62    0.182555985281323137E+04    0.257190744539980233E+04    0.371141412655188097E+01    0.210905992613933222E+02
    0.157579395292685128E-61    0.182458094677551617E+04    0.255394335786742795E+04    0.377236048509274458E+01    0.232458454817316493E+02
    0.176583358842462948E-61    0.182433321952633241E+04    0.150577036351718652E+04    0.268841083302616024E+01    0.308283698024834791E+02
    0.182621032068126921E-61    0.182424597934696385E+04    0.258147608709363749E+04    0.348300756759201136E+01    0.210711783600046516E+02
    0.229746171244758204E-61    0.182376685543976987E+04    0.252526510290720762E+04    0.327452764006784758E+01    0.187394985059925858E+02
    0.388993820036881160E-61    0.182269367871881673E+04    0.257975455523726487E+04    0.338298886851718494E+01    0.226195985649299161E+02
    0.686202733246058529E-61    0.182153845940505425E+04    0.248489457701430274E+04    0.343717173718645341E+01    0.190848271614802059E+02
    0.104231577273540791E-60    0.182068240518969969E+04    0.256803509107739501E+04    0.363768914008465138E+01    0.232389460062427275E+02
    0.262915919712120940E-60    0.181881196687792044E+04    0.257498856974367300E+04    0.351350012736907136E+01    0.187499023253273549E+02
    0.341382182871121076E-60    0.181826963020508038E+04    0.258222724351312445E+04    0.338404557958538721E+01    0.208302118200690956E+02
    0.384453857989697803E-60    0.181801198789319142E+04    0.256975845296400303E+04    0.354469466788527621E+01    0.235172654084822454E+02
    0.398806889957081560E-60    0.181791868081690109E+04    0.255028004380410948E+04    0.360587426258015231E+01    0.250772256676517884E+02
    0.467392560890376472E-60    0.181758129643414441E+04    0.254927439493160819E+04    0.371457646147271614E+01    0.240248902744437487E+02
    0.950248776024454104E-60    0.181614218780659940E+04    0.147900171407323000E+04    0.261413720429748686E+01    0.365507395814825031E+02
    0.732921825742583336E-59    0.181203638716731189E+04    0.158869844384884072E+04    0.379815889502915294E+01    0.297182513059609050E+02
    0.113529986703105490E-58    0.181114116107013933E+04    0.157518249266156840E+04    0.385699323418290074E+01    0.356508220916747973E+02
    0.146728784445593179E-58    0.181060812331646480E+04    0.257468633867380595E+04    0.348069255040162284E+01    0.221452773457434802E+02
    0.163177757317093541E-58    0.181037561478966290E+04    0.250208819968832677E+04    0.346259890957602856E+01    0.166410941403692760E+02
    0.171228938118421623E-58    0.181025929211326957E+04    0.255610575873680864E+04    0.365329193524883911E+01    0.174026332214044999E+02
    0.299660821001660106E-58    0.180911999259747063E+04    0.251017740910347766E+04    0.334056132992999233E+01    0.225308328597231480E+02
    0.297625874871044014E-58    0.180911362058562645E+04    0.148439220217640172E+04    0.256652136060005454E+01    0.439527877232374635E+02
    0.479388231702416991E-58    0.180814027352679273E+04    0.150382486942556693E+04    0.266048100187388803E+01    0.303298208064045411E+02
    0.619608557902424461E-58    0.180760711923339409E+04    0.160325157709440509E+04    0.387769472800960502E+01    0.380504354793463619E+02
    0.697352683086897278E-58    0.180735071250555893E+04    0.257294238098851565E+04    0.354886355698094391E+01    0.212548696639928778E+02
    0.113194479986098773E-57    0.180636191008584660E+04    0.151299529457817653E+04    0.273768328250069271E+01    0.384036313950188912E+02
    0.306653403720649706E-57    0.180434868862485405E+04    0.157071425050622997E+04    0.374958030726550451E+01    0.458093170174742852E+02
    0.424183472890306626E-57    0.180367979272682555E+04    0.248780321475814799E+04    0.352760361132987210E+01    0.184689059467616090E+02
    0.145919729374823903E-56    0.180118884135884946E+04    0.146566552197583292E+04    0.263491032891912136E+01    0.446406665780394007E+02
    0.193877389902117231E-56    0.180060050280537848E+04    0.253544577889912398E+04    0.376342636583428058E+01    0.195739491267069639E+02
    0.223420814167294810E-56    0.180029684059777719E+04    0.146987068121076118E+04    0.267411394643993283E+01    0.295005210449568835E+02
    0.228121646661108375E-56    0.180023519665294953E+04    0.256364616245017169E+04    0.356068431385667328E+01    0.231008959177446656E+02
    0.315481083865235191E-56    0.179956675725401010E+04    0.254345957299920519E+04    0.376057022709866517E+01    0.217053886387629689E+02
    0.358325564304684379E-56    0.179929207076097464E+04    0.256347335315691726E+04    0.353424584131269670E+01    0.232373228161596472E+02
    0.716265941031613597E-56    0.179788685165422976E+04    0.160864090592512935E+04    0.392082741568308490E+01    0.423418867195742337E+02
    0.150287406270308021E-55    0.179638468551102005E+04    0.250003118208790511E+04    0.339365947503709497E+01    0.214766698205704358E+02
    0.171066945856620452E-55    0.179610567456403214E+04    0.157477241781506632E+04    0.387258934785878317E+01    0.480266134108383937E+02
    0.185088076207799693E-55    0.179592812091749465E+04    0.253810698235685686E+04    0.371609696539096435E+01    0.183658803979090948E+02
    0.213636044285840515E-55    0.179562123683727032E+04    0.250980662232307441E+04    0.364699949064237527E+01    0.188111564982075095E+02
    0.224003456445906367E-55    0.179550646155168715E+04    0.160197996254194504E+04    0.383094225927224308E+01    0.402601028206450735E+02
    0.433405886879717649E-55    0.179416643517222860E+04    0.156950237963586392E+04    0.391125040391617196E+01    0.157582253548936819E+02
    0.589948087229823924E-55    0.179352971542571822E+04    0.255218567443006850E+04    0.369429500536197697E+01    0.223379843890775902E+02
    0.757066582834027765E-55    0.179301088210476905E+04    0.147487392171143188E+04    0.267096688343974886E+01    0.346941684251352740E+02
    0.900530712925924847E-55    0.179264381597516422E+04    0.160021649985647082E+04    0.387011512029292026E+01    0.390653938774661924E+02
    0.122329306881488260E-54    0.179201118104015632E+04    0.149789068929161385E+04    0.272612432016219763E+01    0.136462307116405270E+02
    0.126116977377178045E-54    0.179193019459400602E+04    0.146780151731559977E+04    0.264758623527655024E+01    0.471319467416041107E+02
    0.167015868029585588E-54    0.179134843667820724E+04    0.256265184364443940E+04    0.362156009563476289E+01    0.200275862961912736E+02
    0.202408042214720185E-54    0.179094404298852260E+04    0.157194486206152214E+04    0.389815870157039779E+01    0.427971210292441242E+02
    0.232748974973927286E-54    0.179064469330595784E+04    0.151694583592620165E+04    0.279815560104556438E+01    0.210127272179905162E+02
    0.345249471108982824E-54    0.178983607980953343E+04    0.252048682976085320E+04    0.368874505607098602E+01    0.219574634913596753E+02
    0.597865780379964788E-54    0.178871788176782843E+04    0.249465298860490020E+04    0.346937311380522706E+01    0.226259409624175873E+02
    0.165995220481924618E-53    0.178665552615297815E+04    0.254107419486952767E+04    0.347733952784913392E+01    0.168087210442434269E+02
    0.172426240235694611E-53    0.178655950503992517E+04    0.253829574288629283E+04    0.338040346888624743E+01    0.179540919318933163E+02
    0.254162983247421616E-53    0.178576349268917284E+04    0.157750465575732642E+04    0.391032276773012821E+01    0.142576537212292891E+02
    0.345631442286052090E-53    0.178512869812105009E+04    0.147873180650527092E+04    0.282219550911093009E+01    0.518721731222002802E+02
    0.360264828909655857E-53    0.178502576535058142E+04    0.149292484410689212E+04    0.266321317837184068E+01    0.320038007529965682E+02
    0.292747838047970962E-52    0.178081565072337207E+04    0.254244258590686832E+04    0.364472262216115528E+01    0.229416820492051414E+02
    0.354201632364304971E-52    0.178041454129045314E+04    0.158230239628596837E+04    0.378586635105492464E+01    0.371654622760920859E+02
    0.410652456781439426E-52    0.178009877945265225E+04    0.253732622547087431E+04    0.364940677977262240E+01    0.182794052695180511E+02
    0.780436748975667685E-52    0.177879456656319326E+04    0.252603749962786242E+04    0.348203176149404925E+01    0.244526521351108244E+02
    0.206834722960503194E-51    0.177682526370325445E+04    0.151703959187484816E+04    0.272046691182789058E+01    0.234158414654883842E+02
    0.272557275455973847E-51    0.177625340621797682E+04    0.253030636871955403E+04    0.365041357186588122E+01    0.226030222202421953E+02
    0.346953340840498148E-51    0.177575072315939269E+04    0.250487762329641828E+04    0.342910178098394081E+01    0.196129649260975185E+02
    0.152168478742068803E-50    0.177277395694676852E+04    0.149176090098246095E+04    0.271745809579989617E+01    0.319772484611847574E+02
    0.152571421752900750E-50    0.177274866793479464E+04    0.147611711153000829E+04    0.270588812973675230E+01    0.513964800164092139E+02
    0.169957491531394565E-50    0.177251283687440832E+04    0.149849696115358984E+04    0.272903142471129501E+01    0.268090010667253011E+02
    0.194114921534597269E-50    0.177222703286090200E+04    0.255641154165275930E+04    0.354933009443175784E+01    0.214845121137103376E+02
    0.273403167136900160E-50    0.177152203856937581E+04    0.157952976511869156E+04    0.376252550661189344E+01    0.443164282719799871E+02
    0.314256602712796444E-50    0.177122351386980517E+04    0.159603741064289738E+04    0.390815680984304192E+01    0.427184334238335168E+02
    0.387126967342694383E-50    0.177078642814591922E+04    0.253784925251376444E+04    0.353036515100973780E+01    0.175595470792647035E+02
    0.420337245359558696E-50    0.177060181887791259E+04    0.252774771970289657E+04    0.337939530561443124E+01    0.197477002559011083E+02
    0.523113480792572723E-50    0.177014433674432098E+04    0.251666312591140650E+04    0.358731614066066840E+01    0.185177037215471358E+02
    0.522320565046153907E-50    0.177012737056898595E+04    0.159223908860998040E+04    0.387598686341900622E+01    0.283327072915160443E+02
    0.519228393451343749E-50    0.177011924588470401E+04    0.148583775759090054E+04    0.277619151509758222E+01    0.509116885645896389E+02
    0.589215478335735474E-50    0.176984634967768034E+04    0.250326398880929992E+04    0.347726975890364542E+01    0.225550565346004532E+02
    0.635550753084832012E-50    0.176967494968499477E+04    0.147048341444573452E+04    0.260917078697249849E+01    0.268475817585352132E+02
    0.660790252353394134E-50    0.176957706064470926E+04    0.157084543761282293E+04    0.373853126368434729E+01    0.170563904865041849E+02
    0.746762451230897721E-50    0.176931243932463894E+04    0.147764620321184861E+04    0.258649088549314410E+01    0.266821599044961317E+02
    0.741356973686279219E-50    0.176930696907602442E+04    0.159737268984442926E+04    0.389628790400731351E+01    0.413228460124069557E+02
    0.770714858162762005E-50    0.176920929664356845E+04    0.251123765187799154E+04    0.353945626309128292E+01    0.231608894790087874E+02
    0.788802355604078932E-50    0.176914290200714800E+04    0.149652566863111861E+04    0.260115518358898878E+01    0.131565572679293723E+02
    0.810081504775906576E-50    0.176906966385477403E+04    0.158493559371347351E+04    0.384991260210100439E+01    0.370922304701485075E+02
    0.167576239109822670E-49    0.176759588658720213E+04    0.253013392844695227E+04    0.338833291264732939E+01    0.216983504447985496E+02
    0.189674892318199569E-49    0.176732814037334174E+04    0.253909486950900691E+04    0.365394871101771157E+01    0.208565801132877056E+02
    0.204525430143228095E-49    0.176715737875929426E+04    0.146945946373504921E+04    0.265922890386073396E+01    0.473603650988923732E+02
    0.284832452450240133E-49    0.176647496115784224E+04    0.158070703288945151E+04    0.380162304261349071E+01    0.293069162113204129E+02
    0.459230675332864439E-49    0.176549965811144011E+04    0.150032236336407777E+04    0.269521970397171629E+01    0.137604380621884559E+02
    0.251778927589372037E-48    0.176207649035234090E+04    0.252763530621693099E+04    0.359769901957784688E+01    0.223811912330571516E+02
    0.285531655162616868E-48    0.176180488741601448E+04    0.250355198658626614E+04    0.352572312011145161E+01    0.197000385153153701E+02
    0.312143822173210270E-48    0.176160666511416662E+04    0.148588415039200549E+04    0.264082971983058012E+01    0.499446666910894237E+02
    0.436163112848895181E-48    0.176091756064351603E+04    0.157594035416919837E+04    0.386401529898124974E+01    0.384003689401272936E+02
    0.585656289912135844E-48    0.176030812705134394E+04    0.159119359463349065E+04    0.389979433754599114E+01    0.412938584393206725E+02
    0.582663048631513290E-48    0.176029837509819549E+04    0.253789429999439380E+04    0.359782289965763979E+01    0.219967119107079725E+02
    0.579114983767079986E-48    0.176029059111811102E+04    0.151281140527511388E+04    0.277859972351333973E+01    0.211717451716144609E+02
    0.841011506137158800E-48    0.175952438253161836E+04    0.148885498981153160E+04    0.264407240795587084E+01    0.498645482717287223E+02
    0.865159882144393489E-48    0.175944776456496470E+04    0.158729673739221471E+04    0.384483553224290731E+01    0.130319160295325815E+02
    0.106809466323248963E-47    0.175900632991121142E+04    0.252309825038264307E+04    0.360743575844495989E+01    0.212141042038917789E+02
    0.113880909520219420E-47    0.175885811653031374E+04    0.157974037237237303E+04    0.378577953768412101E+01    0.461632309526953577E+02
    0.171311821878102467E-47    0.175802145219705062E+04    0.158169985407345325E+04    0.374038332992916001E+01    0.225185410735384579E+02
    0.180809170958022666E-47    0.175789353868638455E+04    0.150299805811582360E+04    0.261938035406971892E+01    0.272014806419665405E+02
    0.329959091242648346E-47    0.175667048566668905E+04    0.159313246166541921E+04    0.385389719740905123E+01    0.279203129502923417E+02
    0.464521777137977989E-47    0.175596640614813555E+04    0.157240795307235044E+04    0.377602573269448971E+01    0.390313016006586224E+02
    0.574886639504460356E-47    0.175552007728303238E+04    0.158522392353594341E+04    0.390045470273658790E+01    0.271700659380218070E+02
    0.711372134003493357E-47    0.175507403165217329E+04    0.250470897436404357E+04    0.348751866024323665E+01    0.208999754642222797E+02
    0.761447733585017101E-47    0.175491797996068453E+04    0.149778991126901246E+04    0.274449676596545444E+01    0.229703317632893516E+02
    0.890595797516462453E-47    0.175458464168004662E+04    0.156733734400735761E+04    0.375961323063818398E+01    0.263847153676601351E+02
    0.998962201938294544E-47    0.175433498914430834E+04    0.149551928709627691E+04    0.256343923927589179E+01    0.174337047420905549E+02
    0.108789120536042233E-46    0.175414443017369285E+04    0.151029826124050169E+04    0.265589980319359764E+01    0.226275036534623126E+02
    0.112107297472794066E-46    0.175406433999070396E+04    0.150871729383920365E+04    0.274987452756367290E+01    0.257971624364014929E+02
    0.116973889743564144E-46    0.175395935135177479E+04    0.149241384370871083E+04    0.256292559920843477E+01    0.175679704101089413E+02
    0.117891801261291555E-46    0.175392371831167702E+04    0.149394413267963000E+04    0.261972246705178291E+01    0.479899479977982821E+02
    0.120877064187887434E-46    0.175385370478104392E+04    0.253653967418604998E+04    0.343063210540542185E+01    0.209149704088805066E+02
    0.177745098592297633E-46    0.175306255185523787E+04    0.156738422865237567E+04    0.382741422592431491E+01    0.445393925236623431E+02
    0.229050455263461668E-46    0.175253536822649676E+04    0.149548550929946782E+04    0.256416379011431328E+01    0.174325262770593099E+02
    0.243239343479915925E-46    0.175239516102001994E+04    0.149653169380579243E+04    0.259556603049994417E+01    0.274808115902438033E+02
    0.323562832107923760E-46    0.175180446620024645E+04    0.159392886532162174E+04    0.392289894236619396E+01    0.255207841482405513E+02
    0.358741453605488908E-46    0.175157804895421532E+04    0.253599462838775162E+04    0.353214900718448366E+01    0.222768654044006524E+02
    0.356099459062127934E-46    0.175157283269994878E+04    0.253710562402407868E+04    0.352607471474709655E+01    0.222805760790544696E+02
    0.372755175737409900E-46    0.175146140916473746E+04    0.147909291203205885E+04    0.285301105784264575E+01    0.342263376795416150E+02
    0.372591792713944666E-46    0.175144228598067957E+04    0.158241520045408242E+04    0.394119584713457005E+01    0.214006054856325392E+02
    0.498491698201849862E-46    0.175084007897097808E+04    0.150718060803721482E+04    0.270890842068315107E+01    0.441688592699366893E+02
    0.534949640626011529E-46    0.175067890761680155E+04    0.147181681145440371E+04    0.282786963936494473E+01    0.476494351519928045E+02
    0.535707753340060105E-46    0.175065607529025147E+04    0.254001193561160972E+04    0.345480409067490113E+01    0.206782126576366352E+02
    0.612686592433663667E-46    0.175036754576892372E+04    0.251867801926558650E+04    0.356177658134928787E+01    0.207749090679887587E+02
    0.743160833646073415E-46    0.174996142786939868E+04    0.253545003236807906E+04    0.355388964397990748E+01    0.196618902059598497E+02
    0.108350460533161587E-45    0.174918734069961283E+04    0.157761981367854059E+04    0.384558263986843318E+01    0.468007239168852038E+02
    0.127328853675800305E-45    0.174884453637887623E+04    0.148934791334957868E+04    0.276570905985197779E+01    0.361121023280190343E+02
    0.225138536594990176E-45    0.174768465079454700E+04    0.148633571323214301E+04    0.279119692494293226E+01    0.345055151724747304E+02
    0.359247461931427940E-45    0.174673005973635213E+04    0.157482862396238579E+04    0.381952362125542866E+01    0.379046853421263279E+02
    0.496388145938163530E-45    0.174606336631043200E+04    0.253941470786099262E+04    0.351815590470809170E+01    0.210132575769094672E+02
    0.532699553881696042E-45    0.174590216750348986E+04    0.160960137490727675E+04    0.394397204154508874E+01    0.219938047254629794E+02
    0.286266681980818119E-44    0.174251906480874914E+04    0.159768219469484757E+04    0.394420817956147607E+01    0.192128121873033564E+02
    0.452578558535938523E-44    0.174158298975422304E+04    0.147033415578257222E+04    0.258953595929964164E+01    0.239757648436498698E+02
    0.514082020278370829E-44    0.174130814681991274E+04    0.159053454066415952E+04    0.387138380024603057E+01    0.274650081183670238E+02
    0.753971372909576560E-44    0.174052220366976690E+04    0.158104377385776706E+04    0.383816962783527815E+01    0.133759809378774150E+02
    0.937532399178606307E-44    0.174006640983767193E+04    0.158883141231158606E+04    0.384108945561323623E+01    0.139750496174456913E+02
    0.157290487346907877E-43    0.173901155361713609E+04    0.159694077073085259E+04    0.382450727376176713E+01    0.253506934944898603E+02
    0.553947601441817976E-43    0.173647360208434793E+04    0.159474546412238419E+04    0.388066843286204577E+01    0.150649482897245832E+02
    0.552179196523626867E-43    0.173645999703446796E+04    0.157042591278684836E+04    0.376793044932100418E+01    0.159478446779676375E+02
    0.631950349243951290E-43    0.173617012062495041E+04    0.159828217685157347E+04    0.390290964975245069E+01    0.253193387316452885E+02
    0.103637739753179503E-42    0.173516076900479379E+04    0.147040886975822855E+04    0.275624930301104598E+01    0.281755060690693711E+02
    0.128494935986560501E-42    0.173471079310865048E+04    0.156185194163018468E+04    0.382388341095568673E+01    0.246178844231838241E+02
    0.131285014923247773E-42    0.173464783080591860E+04    0.150447214539496008E+04    0.265641501344042208E+01    0.431713822886607659E+02
    0.141349312548732164E-42    0.173448010365711957E+04    0.149057382818322117E+04    0.258213722567253345E+01    0.255264839802406271E+02
    0.188201343202284328E-42    0.173388754736998590E+04    0.158119942912948750E+04    0.384786830529757307E+01    0.457857976080383935E+02
    0.222387562988389499E-42    0.173353372882044232E+04    0.148938684639162329E+04    0.271326355913886008E+01    0.308551109426584276E+02
    0.318054139166519114E-42    0.173279812886395666E+04    0.148505422746563227E+04    0.276701021466433117E+01    0.329071271670742362E+02
    0.364883039767418752E-42    0.173250341837196311E+04    0.149394057259340320E+04    0.266880452700291615E+01    0.297281117493812985E+02
    0.473326275025050289E-42    0.173196300219864384E+04    0.148287018228546890E+04    0.271647893985235145E+01    0.318063330110149991E+02
    0.486986796999774701E-42    0.173188609807477474E+04    0.157300166910860571E+04    0.388788243656905630E+01    0.162704538790964506E+02
    0.619397253163400975E-42    0.173138507843272600E+04    0.158361218807364025E+04    0.376004987735148566E+01    0.186935235528285801E+02
    0.913402097327761405E-42    0.173058821970458825E+04    0.156428912939210522E+04    0.376934617095657165E+01    0.237777019213720706E+02
    0.117177963654393111E-41    0.173007001424037480E+04    0.149605328283232780E+04    0.259018461733863115E+01    0.154692130017195240E+02
    0.352806294900193488E-41    0.172784556357912788E+04    0.159045542691595483E+04    0.389688280880440008E+01    0.155444062767718094E+02
    0.516584098416016140E-41    0.172706292571453628E+04    0.148738380155882714E+04    0.260959253110818334E+01    0.138636144599640261E+02
    0.112369392725853770E-40    0.172548864853912619E+04    0.148400764874555784E+04    0.285503468315132380E+01    0.394735035788143307E+02
    0.124394194610188321E-40    0.172526532070227108E+04    0.159871710857722428E+04    0.392649550859392615E+01    0.226876474336853846E+02
    0.152058931902188515E-40    0.172484369541528395E+04    0.160665729677464719E+04    0.388958044602021991E+01    0.168009765407004039E+02
    0.169491437379292748E-40    0.172460662690924573E+04    0.160304107951094602E+04    0.382269214840620108E+01    0.214914358131461682E+02
    0.191200493170171665E-40    0.172434558656655031E+04    0.158803502052868544E+04    0.384518398294614272E+01    0.434684989063435125E+02
    0.212359903068857996E-40    0.172411566674392589E+04    0.148664073183136134E+04    0.258361616756014589E+01    0.163554909450026429E+02
    0.240060016368805654E-40    0.172385045380589509E+04    0.157843319982457433E+04    0.385948309709948312E+01    0.422738412767067189E+02
    0.301657550324895110E-40    0.172337364685714647E+04    0.147937977962720674E+04    0.283360059418405719E+01    0.357846137898030179E+02
    0.809769776539975178E-40    0.172137873176491667E+04    0.157312018774158287E+04    0.380869834430577781E+01    0.418691191944838010E+02
    0.980341212730185599E-40    0.172097643035182068E+04    0.156392261821865941E+04    0.377691006179165356E+01    0.230466907715394740E+02
    0.320242759184100538E-39    0.171858890287920281E+04    0.150708160852694346E+04    0.265043210612927993E+01    0.177757959190719959E+02
    0.667476751336846023E-39    0.171710005242005400E+04    0.150935919452952839E+04    0.270140464151044712E+01    0.168410837302506167E+02
    0.225050246002237337E-38    0.171464924396880838E+04    0.159360790213618270E+04    0.385614294579114292E+01    0.258895919851034506E+02
    0.293604833742397969E-38    0.171409742183387561E+04    0.160984256182980221E+04    0.390117232918679857E+01    0.197680579942682186E+02
    0.346027285426159758E-38    0.171374885609136254E+04    0.158523595687004217E+04    0.391010428882124694E+01    0.240880847590461400E+02
    0.990948914110605226E-38    0.171162456538815923E+04    0.157206060095326211E+04    0.389515456292737650E+01    0.202809201655663713E+02
    0.100215021262147927E-37    0.171158208498807608E+04    0.159430367957851149E+04    0.381633954941009090E+01    0.180349041242677401E+02
    0.109035487423863189E-37    0.171139337436462210E+04    0.148090877651998744E+04    0.273371533654046450E+01    0.344382994236302125E+02
    0.125198776154363421E-37    0.171109691580151116E+04    0.148704732219614311E+04    0.261035623115448701E+01    0.426191841916833027E+02
    0.186712758161297137E-37    0.171027757840189179E+04    0.160969752980021758E+04    0.389413705238264551E+01    0.201830998136988740E+02
    0.207061691860078358E-37    0.171005068761415100E+04    0.157388952416088932E+04    0.376788441506662330E+01    0.175126116281768276E+02
    0.273505217070431409E-37    0.170947407977471380E+04    0.149877897047960778E+04    0.257536359382788493E+01    0.195318533581415750E+02
    0.293271968899980296E-37    0.170931452036852261E+04    0.147445313439682968E+04    0.261680779259829510E+01    0.152636577397323663E+02
    0.357573008062334143E-37    0.170889804204921666E+04    0.149751825545521342E+04    0.262407732837233443E+01    0.423292205966957056E+02
    0.630346823946264449E-37    0.170774418080428040E+04    0.147847345279362344E+04    0.261338999341569878E+01    0.148516224599830764E+02
    0.736815766958728609E-37    0.170741204540059698E+04    0.147381403984012127E+04    0.264839253385319751E+01    0.455289598936506366E+02
    0.742770296358397778E-37    0.170737594748863467E+04    0.147629701284779435E+04    0.265497426733525987E+01    0.130003416618413610E+02
    0.767238756108817824E-37    0.170729112509130209E+04    0.149652477417285832E+04    0.268915716267059235E+01    0.405253562591128969E+02
    0.931001531075728356E-37    0.170688419932484703E+04    0.147969835407363689E+04    0.274470422749329535E+01    0.350721457161234582E+02
    0.127378630013583376E-36    0.170623722300296686E+04    0.149225534528382263E+04    0.258586741777979778E+01    0.171691258421627424E+02
    0.130904668014408803E-36    0.170616261231610997E+04    0.158479960105998566E+04    0.377981050750154868E+01    0.182471313206902721E+02
    0.135733488072742965E-36    0.170607016434932439E+04    0.147071215854737488E+04    0.277618285272528675E+01    0.421907865523334920E+02
    0.254047027019067917E-36    0.170479651219125844E+04    0.150484817916340035E+04    0.270285696759445049E+01    0.256191159144572396E+02
    0.392729666866498638E-35    0.169930013778730336E+04    0.146839325138150070E+04    0.269745418600441900E+01    0.253319083747695544E+02
    0.424784260119380055E-35    0.169912321796293827E+04    0.159485885921489898E+04    0.386580764231020080E+01    0.245918017485486047E+02
    0.454888443739055908E-35    0.169896627637593292E+04    0.149635290881742685E+04    0.273501247998208763E+01    0.212702775992973443E+02
    0.617292653846169519E-35    0.169833569433878301E+04    0.147274247854477494E+04    0.277756518292592069E+01    0.389800022708690506E+02
    0.630020431928358860E-35    0.169827487629553752E+04    0.158045202025630215E+04    0.387633980702036718E+01    0.162795838547693279E+02
    0.648448814800626339E-35    0.169819721465244561E+04    0.159238009885579345E+04    0.390391665476233829E+01    0.181930920230318804E+02
    0.750418872000103115E-35    0.169788511770326227E+04    0.160102888014408722E+04    0.389206123519680425E+01    0.223181067586895239E+02
    0.933927913954356848E-35    0.169742758228586172E+04    0.147546614260067031E+04    0.266125209581664635E+01    0.467094927389032932E+02
    0.114755622633749388E-34    0.169699560091707917E+04    0.150682587288207515E+04    0.268298891355154989E+01    0.171727489772378874E+02
    0.146865553887121488E-34    0.169648217547279319E+04    0.148835001057716408E+04    0.280809193991188666E+01    0.164115418893688911E+02
    0.235688799081664901E-34    0.169551618603676297E+04    0.159029620278999778E+04    0.387186998696466311E+01    0.165178667320604120E+02
    0.282515340400243995E-34    0.169513374490770548E+04    0.147505446566686396E+04    0.274467086643974678E+01    0.119855724379447537E+02
    0.290756636483049915E-34    0.169505623737747055E+04    0.150507126492276711E+04    0.272150100527494176E+01    0.199336181720787522E+02
    0.336127278486563844E-34    0.169474623082402491E+04    0.160614491880789046E+04    0.388653993500927930E+01    0.218870509358258118E+02
    0.914335615033103185E-34    0.169272481521504233E+04    0.149340183736345853E+04    0.272318005606914770E+01    0.147228556564930528E+02
    0.142599111240651685E-33    0.169181596587369177E+04    0.149099317397170807E+04    0.276226668235648676E+01    0.154351736774005417E+02
    0.702676362714836522E-33    0.168860624758488939E+04    0.148230055198481591E+04    0.267809340068684332E+01    0.483817587964483948E+02
    0.759895279964106831E-33    0.168842967915601412E+04    0.157114483545060580E+04    0.381024565640168777E+01    0.252432048283538535E+02
    0.123858250082261005E-32    0.168743259470411908E+04    0.147197180100207447E+04    0.261662417782565493E+01    0.238519831483546767E+02
    0.129705972629338588E-32    0.168732032995889131E+04    0.148249083395342791E+04    0.280236985922704740E+01    0.296744748897406794E+02
    0.216574920164257488E-32    0.168627499716026227E+04    0.157737536293328776E+04    0.386113530570348740E+01    0.251079471583881144E+02
    0.231375499533864718E-32    0.168612278637881582E+04    0.157154933568770821E+04    0.385434258539938979E+01    0.240762210482034646E+02
    0.344200509300777709E-32    0.168530842151167417E+04    0.149559600394329209E+04    0.267056414461328195E+01    0.421788416752404487E+02
    0.634754869563029413E-32    0.168406439245419961E+04    0.148868973454108163E+04    0.274755515045508325E+01    0.460514059114307486E+02
    0.654961680803355452E-32    0.168398171677588994E+04    0.147958837732037659E+04    0.272044765574222058E+01    0.116817336078950120E+02
    0.767713676625635216E-32    0.168364403654507623E+04    0.157254712458479571E+04    0.386770635200887369E+01    0.187749063412268953E+02
    0.116617641896595756E-31    0.168278789892219606E+04    0.147122508084630181E+04    0.264320120424956873E+01    0.160542625338802480E+02
    0.118522337604405634E-31    0.168273549716096613E+04    0.156862985854539670E+04    0.385232071018790512E+01    0.213680765113697646E+02
    0.197858693023015383E-31    0.168169059384395155E+04    0.149039888757785252E+04    0.278938733743219025E+01    0.227246112779699843E+02
    0.236510364893831857E-31    0.168131371598624673E+04    0.157109778229863446E+04    0.380318874190739198E+01    0.244592175687865989E+02
    0.328439316471798541E-31    0.168063699586916368E+04    0.158004368165567826E+04    0.389181271616677593E+01    0.218320061879218486E+02
    0.381016933722117579E-31    0.168032001241336138E+04    0.147347171593751250E+04    0.267103682285333432E+01    0.421544317867250129E+02
    0.460352206521996274E-31    0.167992171632684449E+04    0.147720861288106971E+04    0.275436069610053513E+01    0.369087271660337137E+02
    0.163520283595927066E-30    0.167736665578391444E+04    0.156737562957792943E+04    0.382439349540137608E+01    0.209283319036285036E+02
    0.233184916716457408E-30    0.167663686632101917E+04    0.158723116608378132E+04    0.386039434355638145E+01    0.245315626568055904E+02
    0.237138680665916374E-30    0.167658323962560030E+04    0.159294677385482828E+04    0.386009833256928436E+01    0.185352447684669954E+02
    0.282574669953718207E-30    0.167621264419841941E+04    0.147589513401212366E+04    0.264136217439123211E+01    0.264399582253744398E+02
    0.301942226947670351E-30    0.167606005847142774E+04    0.159528003750079006E+04    0.386415417862146082E+01    0.201499781263347444E+02
    0.438973252709778682E-30    0.167529165289967932E+04    0.149176389437019998E+04    0.267964435536032530E+01    0.393704841388292550E+02
    0.464836093881908685E-30    0.167515716015223302E+04    0.150498712194680047E+04    0.268294548178718184E+01    0.238416655653665259E+02
    0.770322897683431716E-30    0.167412691031740724E+04    0.149092181643988647E+04    0.268467873414329850E+01    0.389685264864842225E+02
    0.113128071437244209E-29    0.167333831857563700E+04    0.156843110292465667E+04    0.381919536530101178E+01    0.221431600017130563E+02
    0.124574051881301530E-29    0.167312555901396877E+04    0.147364251562607910E+04    0.273625995094671337E+01    0.395713822775960580E+02
    0.126358743891718408E-29    0.167307710961024668E+04    0.149285227717779617E+04    0.265174813195072323E+01    0.429828175847506486E+02
    0.134923658357581958E-29    0.167292594143091492E+04    0.148222323120755459E+04    0.289432442685157953E+01    0.213386733627815204E+02
    0.305841221253718565E-29    0.167126922751560642E+04    0.149701350678328845E+04    0.260413541706419771E+01    0.237160275945165466E+02
    0.347140820759018125E-29    0.167099589863832148E+04    0.157572773779344561E+04    0.378274731241461648E+01    0.206760930399719598E+02
    0.433800211619679925E-29    0.167053019150815226E+04    0.147906603142786093E+04    0.266090819144124424E+01    0.399143046315517438E+02
    0.475540387259368547E-29    0.167032645605103107E+04    0.148750956714808717E+04    0.282073994262750016E+01    0.197443448446279035E+02
    0.552581351204258830E-29    0.167000615835148983E+04    0.156890685706152726E+04    0.382232416338133785E+01    0.217058507098445403E+02
    0.604085767782414311E-29    0.166980792730560574E+04    0.157232605064764516E+04    0.385872705350617862E+01    0.211582108975803891E+02
    0.738734261524950533E-29    0.166938548315199887E+04    0.149064692256231979E+04    0.266820814685516305E+01    0.453621094346718507E+02
    0.776299516926717080E-29    0.166926628283832315E+04    0.148076150419327450E+04    0.281167869235297552E+01    0.126324485031350804E+02
    0.103667075048338144E-28    0.166866782036885206E+04    0.148538778698303531E+04    0.264973857726644546E+01    0.138773221532658511E+02
    0.202614793411255966E-28    0.166730757628065794E+04    0.149174410359893682E+04    0.270201121147021084E+01    0.142496111570340531E+02
    0.241802004041015724E-28    0.166693395104229057E+04    0.158550033600520169E+04    0.383166479306857433E+01    0.241225235599967078E+02
    0.264098396265283102E-28    0.166673754600094071E+04    0.148180002880737834E+04    0.277677892426673623E+01    0.478129743884010736E+02
    0.265450226266269744E-28    0.166670733479177125E+04    0.147099274895717417E+04    0.276229680059267402E+01    0.151764297611037335E+02
    0.458618207855191897E-28    0.166559375334907463E+04    0.148410071045418294E+04    0.264183541863167415E+01    0.432481425005754261E+02
    0.460624038569534845E-28    0.166556502514318277E+04    0.157509914243419644E+04    0.382347713563341340E+01    0.178138744168929009E+02
    0.125240593736496847E-27    0.166354454603414365E+04    0.157663961470169693E+04    0.385747804207340872E+01    0.186910709014346992E+02
    0.156078944462047227E-27    0.166308429544163437E+04    0.157090463351279664E+04    0.380828000822084878E+01    0.215623888744609786E+02
    0.182963472546037892E-27    0.166274644624992789E+04    0.148679905803879592E+04    0.269206351078118233E+01    0.468351205308854901E+02
    0.202098872535260320E-27    0.166252750521732241E+04    0.147966928557280494E+04    0.285257366887640496E+01    0.425305995980534703E+02
    0.239034717899755165E-27    0.166217180169949529E+04    0.148340450842949531E+04    0.281071686594020509E+01    0.398122717314261365E+02
    0.272609502130805570E-27    0.166188893855648075E+04    0.148626545696695212E+04    0.274461779833778019E+01    0.464964351102520368E+02
    0.488058146082571328E-27    0.166070415020748942E+04    0.148612005885340454E+04    0.260580520555676065E+01    0.238290008042063164E+02
    0.873053664229006520E-27    0.165952102525861073E+04    0.148918857893408767E+04    0.279232992994914042E+01    0.225572021977787074E+02
    0.125910994149575517E-26    0.165876869859923227E+04    0.148655354792196977E+04    0.265022103242530971E+01    0.438183085060830422E+02
    0.161746165955551964E-26    0.165824779266346968E+04    0.147751263850746591E+04    0.285082493333468801E+01    0.427621722178702441E+02
    0.242476654365609916E-26    0.165741803825245688E+04    0.148442424215199753E+04    0.275793290811930092E+01    0.289577700183042737E+02
    0.378925501321369026E-26    0.165650516988397612E+04    0.148499663519275055E+04    0.263167168539911778E+01    0.261393038817208492E+02
    0.814905230733784721E-26    0.165495370547228595E+04    0.147630407107503515E+04    0.284539504193233306E+01    0.273009491561247728E+02
    0.831468800527325886E-26    0.165489346157060140E+04    0.148017455905847191E+04    0.264780885603358174E+01    0.147051806198912942E+02
    0.195056085606990547E-25    0.165316810466522679E+04    0.157757783317985673E+04    0.385682648644439752E+01    0.211527251350147623E+02
    0.219900602556934252E-25    0.165290832766124527E+04    0.147153556135822873E+04    0.268171402129119185E+01    0.252284694279614712E+02
    0.291509398633127300E-25    0.165232453444148064E+04    0.147103565913552006E+04    0.282147894655661746E+01    0.234467663619336122E+02
    0.290098896259242607E-25    0.165231423516378163E+04    0.147281264476936826E+04    0.262264099564818931E+01    0.213125502723109435E+02
    0.370536495122170471E-25    0.165180477505216231E+04    0.147816270972413895E+04    0.276926423263186727E+01    0.380868707842949448E+02
    0.379246345487328929E-25    0.165173830697259086E+04    0.148612445943178454E+04    0.270725595190702606E+01    0.464418596806186770E+02
    0.388170937186201428E-25    0.165167178733191349E+04    0.148599879641192865E+04    0.269639224789031617E+01    0.133009225687694652E+02
    0.562444293573673866E-25    0.165091009474558541E+04    0.148740822500889681E+04    0.260602113319973006E+01    0.229438124127747898E+02
    0.620454381984541354E-25    0.165069377476906743E+04    0.157751532833260330E+04    0.382435507941147179E+01    0.227400734064383983E+02
    0.632483514498235749E-25    0.165063537062418550E+04    0.157849681396823075E+04    0.381203076071857305E+01    0.220938429411819470E+02
    0.654031373078201387E-25    0.165054836829389228E+04    0.147602593068518468E+04    0.280169974047831927E+01    0.455401306400738406E+02
    0.821454645849773388E-25    0.165007252548262886E+04    0.148246654550608832E+04    0.262720761874612752E+01    0.253153587945968468E+02
    0.123429007663445947E-24    0.164923817644254700E+04    0.147848036166515112E+04    0.282751497532758389E+01    0.279736009557268233E+02
    0.133530672545587750E-24    0.164906084633396040E+04    0.157749406140244355E+04    0.381538499466202197E+01    0.219155432429963213E+02
    0.132217647919023589E-24    0.164906060992545144E+04    0.148602347639149775E+04    0.273887048796913080E+01    0.458456845325563620E+02
    0.183468721451268198E-24    0.164838542035533442E+04    0.148692798996284364E+04    0.273841614319594973E+01    0.281563219456570550E+02
    0.205553299083793536E-24    0.164813809802416108E+04    0.148664833145056173E+04    0.274357282283122483E+01    0.281582681158189132E+02
    0.243461771759897464E-24    0.164777958887990894E+04    0.147675279523527570E+04    0.279347308620539359E+01    0.460208449266731350E+02
    0.297781830054995809E-24    0.164735678654171306E+04    0.149547087892003697E+04    0.268990074347088148E+01    0.172283838270710135E+02
    0.315961319930594435E-24    0.164721826914902886E+04    0.147117035772627082E+04    0.280080376810366616E+01    0.242250572220628442E+02
    0.338862112718284204E-24    0.164705832219566719E+04    0.148858321422183326E+04    0.270901428412928524E+01    0.402815407641999741E+02
    0.395824891984192413E-24    0.164672756490765323E+04    0.157925828309797589E+04    0.384791272743287749E+01    0.208894611665479033E+02
    0.495506157333117328E-24    0.164625834919025738E+04    0.147242792579090383E+04    0.267532772883908132E+01    0.252297473085342432E+02
    0.735427181778285390E-24    0.164544860569049251E+04    0.147192863886287455E+04    0.284090645587124202E+01    0.233424776551281070E+02
    0.742822533755764767E-24    0.164540859442014471E+04    0.147239402910412286E+04    0.271828082446854546E+01    0.151080107336397873E+02
    0.777626712748334203E-24    0.164529701553991163E+04    0.147585109949042840E+04    0.270076936605180862E+01    0.446963920417882150E+02
    0.109808449079831856E-23    0.164458686361298396E+04    0.149242170648040769E+04    0.272184060772920944E+01    0.167611334751576635E+02
    0.127038444032366558E-23    0.164427535906552885E+04    0.147575418875434457E+04    0.266049285438683292E+01    0.259549302488296263E+02
    0.147402353781653966E-23    0.164395800666807304E+04    0.149509283814391461E+04    0.269874436313278965E+01    0.177998754197485454E+02
    0.172189605109823983E-23    0.164362714611475303E+04    0.148813291371990908E+04    0.261931838480945522E+01    0.172807046539389546E+02
    0.213354652820470004E-23    0.164317842692908766E+04    0.149933726239692760E+04    0.262432599337858052E+01    0.212446551502908960E+02
    0.236261537141580826E-23    0.164295445976537803E+04    0.149974399480747070E+04    0.262814728697161515E+01    0.212474722472635733E+02
    0.241508873731153913E-23    0.164289052613137255E+04    0.148035628936770854E+04    0.263716591079954910E+01    0.159243010042875284E+02
    0.265578571579178646E-23    0.164268051709455995E+04    0.148655367859668468E+04    0.268319130161997421E+01    0.139472037222083713E+02
    0.335053044788830502E-23    0.164219576084077767E+04    0.148842235561368511E+04    0.270231397832173892E+01    0.440172364145860797E+02
    0.403213030030908248E-23    0.164180540849910471E+04    0.149695269551621186E+04    0.268302175777164953E+01    0.188837040627799979E+02
    0.424708443165524066E-23    0.164168153272981135E+04    0.148534210768551975E+04    0.260618962969628143E+01    0.210480041055032103E+02
    0.465880739130626836E-23    0.164147647921114640E+04    0.147362695012638528E+04    0.262806968139596631E+01    0.217463783468945735E+02
    0.498555577826708018E-23    0.164132090841804211E+04    0.149806693324786261E+04    0.265260179280459196E+01    0.235726213148113004E+02
    0.607102371689599689E-23    0.164090694370723077E+04    0.149460647896774526E+04    0.266505455111967260E+01    0.164971986636191588E+02
    0.127710933616671526E-22    0.163939962962082745E+04    0.147256202962034422E+04    0.277972529820375858E+01    0.257986053695454984E+02
    0.200388667293439616E-22    0.163847865074431684E+04    0.147812593098103594E+04    0.269888535649155648E+01    0.403726879492153046E+02
    0.275415275537403485E-22    0.163782260827570394E+04    0.148466621208229981E+04    0.267655098246804268E+01    0.409862469142416046E+02
    0.276867094148751110E-22    0.163779209320562200E+04    0.148647564724882250E+04    0.274717214799932030E+01    0.432176317715308187E+02
    0.404639432640294745E-22    0.163701317561710403E+04    0.148324357594995581E+04    0.261334009882538743E+01    0.225501791572836510E+02
    0.605253969394966236E-22    0.163618787207053629E+04    0.149096795429852978E+04    0.272950839149360158E+01    0.255642670021680658E+02
    0.679962830030312285E-22    0.163593509210876437E+04    0.148865972365543917E+04    0.276938748157098047E+01    0.249262565516512637E+02
    0.722429075454995741E-22    0.163579392987926076E+04    0.148322251622945805E+04    0.262214350206707536E+01    0.175369200001915573E+02
    0.214038181241985670E-21    0.163360168936043624E+04    0.148668175101019847E+04    0.271261655698292437E+01    0.405830675677758563E+02
    0.219434712344111787E-21    0.163353188869228052E+04    0.147975034708307226E+04    0.279633439082567481E+01    0.451400887978252570E+02
    0.281120651417022330E-21    0.163301643030937521E+04    0.147554890374353272E+04    0.276830893815888590E+01    0.438976497284797631E+02
    0.423063496303801843E-21    0.163217895363819571E+04    0.148055500668919558E+04    0.276237951184789754E+01    0.283752399188050788E+02
    0.447068721263377329E-21    0.163204857354940577E+04    0.148424180839395012E+04    0.272772023610882464E+01    0.394202342839793687E+02
    0.100815324843519528E-20    0.163040224725418148E+04    0.148559998437879722E+04    0.271709339509947556E+01    0.402536287356037406E+02
    0.116479885323176529E-20    0.163009339080684322E+04    0.148632233764510829E+04    0.273145231265581678E+01    0.433110311339723637E+02
    0.118400174695743072E-20    0.163004068761086091E+04    0.147835663225599251E+04    0.269443485242815228E+01    0.438132891378523937E+02
    0.143566271564036484E-20    0.162963523450402363E+04    0.148701115817763639E+04    0.261457868094045853E+01    0.219052605289852522E+02
    0.156518765288262276E-20    0.162944247618912550E+04    0.148193457245544755E+04    0.279629342554790661E+01    0.422001413392324594E+02
    0.162413636587300592E-20    0.162934853522002823E+04    0.149520700400522878E+04    0.265319173946447906E+01    0.177696476905753116E+02
    0.184379591093323296E-20    0.162907483475144181E+04    0.147519107850695559E+04    0.286177995325119294E+01    0.247398694047519854E+02
    0.212049511859515171E-20    0.162877518841887741E+04    0.148252707894292507E+04    0.271486430335195550E+01    0.395982957610696360E+02
    0.215624675341967252E-20    0.162872174944245216E+04    0.147756447963368282E+04    0.275937299034099404E+01    0.453855053364443108E+02
    0.290287332341876019E-20    0.162810708553942050E+04    0.148403047454953389E+04    0.283691378990986021E+01    0.188747544364433537E+02
    0.384616274519830273E-20    0.162752433571129291E+04    0.149066884688597929E+04    0.275429376189655217E+01    0.212639420622338093E+02
    0.609111489304010952E-20    0.162658482536586121E+04    0.148498179111013178E+04    0.273079038850281064E+01    0.444098397861599778E+02
    0.800071459188825023E-20    0.162601942591137049E+04    0.147994736148342486E+04    0.262051590951179270E+01    0.217402601171485372E+02
    0.991108066138202985E-20    0.162557118085479806E+04    0.148134572166450744E+04    0.265203774983550433E+01    0.157479255205644364E+02
    0.130541554827934918E-19    0.162500027461296077E+04    0.148618934279882683E+04    0.269638910542457788E+01    0.144345341934843532E+02
    0.192972502171286198E-19    0.162419856241479647E+04    0.148562073319058800E+04    0.277128089908158515E+01    0.152375720536421824E+02
    0.204865428653262538E-19    0.162405895118473245E+04    0.148393018213312007E+04    0.262153981203762942E+01    0.227123485153644538E+02
    0.226380907470043582E-19    0.162383921979709157E+04    0.148529246313367344E+04    0.273624935803911784E+01    0.431298760765547229E+02
    0.225161901777904286E-19    0.162383001840691190E+04    0.147447378216813422E+04    0.274421302434952263E+01    0.265103215553581038E+02
    0.253693742583926510E-19    0.162357140221736563E+04    0.148023508765133533E+04    0.272055012201255630E+01    0.400984595139729834E+02
    0.761121465938519720E-19    0.162135407190329170E+04    0.148705284283971605E+04    0.261986027043509484E+01    0.196376454488630401E+02
    0.120012524606533410E-18    0.162042329541661047E+04    0.148444821955700399E+04    0.271877482013759941E+01    0.410935719650029228E+02
    0.124274005267328737E-18    0.162033350993939894E+04    0.147776881130662787E+04    0.264324069105630644E+01    0.173167818693051885E+02
    0.144117294298002985E-18    0.162001723261122106E+04    0.147139086799743200E+04    0.278014551259687970E+01    0.180428454421922595E+02
    0.196566552139318144E-18    0.161937648551132497E+04    0.148452091336427702E+04    0.282613061162357893E+01    0.226136992081197263E+02
    0.227997458146452951E-18    0.161905981867390028E+04    0.149562895581397879E+04    0.267892348927668511E+01    0.208258054103251453E+02
    0.412700033602930676E-18    0.161785304559836254E+04    0.148467416285701302E+04    0.272362926233051761E+01    0.426083526072659708E+02
    0.590249407043781800E-18    0.161711739729196347E+04    0.148054039588829664E+04    0.286570470567528801E+01    0.185245026839988043E+02
    0.601454612941505849E-18    0.161705978548250118E+04    0.147152283667564848E+04    0.273355442651097080E+01    0.238077355958725860E+02
    0.657837959263226237E-18    0.161686057035776435E+04    0.149532827511584946E+04    0.267988952276800063E+01    0.207652524128246796E+02
    0.768579902659736319E-18    0.161652939857511365E+04    0.147873471952644195E+04    0.277077940003895407E+01    0.412484784738736039E+02
    0.135772023455911093E-17    0.161537136308662002E+04    0.147364532841716891E+04    0.282371017918533607E+01    0.242438267714175595E+02
    0.137068656234236982E-17    0.161533235356734576E+04    0.147530265649588182E+04    0.283822005213514128E+01    0.250332770571725689E+02
    0.197003149049367137E-17    0.161458687802147119E+04    0.148505421687320222E+04    0.265385040737369771E+01    0.253785181721575555E+02
    0.239254893322039460E-17    0.161417825848297480E+04    0.147338249827980803E+04    0.284903040046376166E+01    0.194618819951505060E+02
    0.261917313236721872E-17    0.161397725973750312E+04    0.147655151780990832E+04    0.287526308589888657E+01    0.231909279728854045E+02
    0.522965614538549009E-17    0.161257428601808920E+04    0.149420542600607996E+04    0.268467880254777436E+01    0.225117672066442509E+02
    0.546507641018843421E-17    0.161246622087022570E+04    0.148767831341919259E+04    0.274316408230503450E+01    0.161352819056447458E+02
    0.617990400452761181E-17    0.161220037160055767E+04    0.147489547475464587E+04    0.266094156322916886E+01    0.236942085989899169E+02
    0.626426090038391565E-17    0.161215325585958999E+04    0.147802412160157473E+04    0.265956528945177073E+01    0.165300632883304672E+02
    0.640825585097259393E-17    0.161208780280520978E+04    0.148078877210660471E+04    0.285014450762251714E+01    0.243115970341008847E+02
    0.841695811957989445E-17    0.161152248008771448E+04    0.149227054813700352E+04    0.264458602257057374E+01    0.185689619892473274E+02
    0.101418980206172612E-16    0.161112962675242534E+04    0.149511895204449002E+04    0.266561973899315197E+01    0.212428528128938154E+02
    0.140814710484413016E-16    0.161045325743047033E+04    0.148076512186652121E+04    0.283692246931145187E+01    0.252396669499064643E+02
    0.181221828074516729E-16    0.160992870356206572E+04    0.148611368841165336E+04    0.280047192563069158E+01    0.204875362710288584E+02
    0.214713015708677562E-16    0.160956954261111377E+04    0.148165881591781363E+04    0.272785179197376104E+01    0.428259221109518080E+02
    0.385595411333151345E-16    0.160837856993755599E+04    0.148630053437931929E+04    0.273604254918263035E+01    0.153785134915380297E+02
    0.439559396152915317E-16    0.160809660155709912E+04    0.147354089208836626E+04    0.272947283087493897E+01    0.250641123515833470E+02
    0.461736290501882293E-16    0.160797815940607961E+04    0.147432272635337631E+04    0.268693548166688334E+01    0.167318319285483739E+02
    0.644341839748410414E-16    0.160729168847807000E+04    0.147315473152316918E+04    0.270285145365045443E+01    0.169798193913697446E+02
    0.139306472316037793E-15    0.160572962439105777E+04    0.148644921317531362E+04    0.262891988146418054E+01    0.207171000443726996E+02
    0.150532374479045571E-15    0.160555462072901355E+04    0.148141545668821004E+04    0.274259477965635945E+01    0.273079904464196517E+02
    0.290036790722440012E-15    0.160422296151777164E+04    0.147667763974234708E+04    0.286039382779085427E+01    0.178631784556970246E+02
    0.320759921456186374E-15    0.160400159120661783E+04    0.149256940903518307E+04    0.265545934205673317E+01    0.228395663103460436E+02
    0.647125522735568404E-15    0.160257789651075336E+04    0.148618746150326251E+04    0.279154969847566115E+01    0.223192745646796595E+02
    0.102476925345538611E-14    0.160163853158146094E+04    0.149003409402605803E+04    0.273994768808264277E+01    0.210217017688040215E+02
    0.143698415722824646E-14    0.160094237335450998E+04    0.147625844070785024E+04    0.285725760661353911E+01    0.233198511076085850E+02
    0.148075973866929546E-14    0.160086235593279071E+04    0.147548085524256271E+04    0.268660961903361484E+01    0.246866574018144433E+02
    0.149067869539575577E-14    0.160082900348576709E+04    0.148444003552338791E+04    0.280941815948744811E+01    0.230931774320673782E+02
    0.173313250460491200E-14    0.160050760558383809E+04    0.147948757848028663E+04    0.266533086783213147E+01    0.165952979328326933E+02
    0.173017153757214881E-14    0.160049102540227500E+04    0.147803374297741834E+04    0.287244723247386569E+01    0.212283213546753871E+02
    0.243424624088935030E-14    0.159978819220556079E+04    0.147847706385004471E+04    0.272567840014060359E+01    0.148320201614170486E+02
    0.244562495732402010E-14    0.159975886512573015E+04    0.148063472395458780E+04    0.265176946460160678E+01    0.239627867519103717E+02
    0.263094431435806653E-14    0.159959278084552761E+04    0.147632017482209267E+04    0.272691456270011434E+01    0.260408864882794973E+02
    0.295782629268458405E-14    0.159933855724283217E+04    0.148546352021463963E+04    0.276580390473003668E+01    0.254942284741818810E+02
    0.299519159979231084E-14    0.159929345011331407E+04    0.147238056120073088E+04    0.268291539797945555E+01    0.200920425677122267E+02
    0.337152064496475043E-14    0.159903673877369442E+04    0.148717589670589587E+04    0.270523466664938317E+01    0.159646449496891449E+02
    0.631516708228676592E-14    0.159776155809188526E+04    0.147353792224515610E+04    0.273343255994197332E+01    0.168028874679698674E+02
    0.703186270484903347E-14    0.159752656324708869E+04    0.148793099786080347E+04    0.274722937057731098E+01    0.177546622881512093E+02
    0.993659823376271358E-14    0.159681501705461415E+04    0.148049584989306436E+04    0.279681646684040297E+01    0.262629531506833587E+02
    0.989194325437373651E-14    0.159680402529254411E+04    0.147357347118029588E+04    0.274603311655750071E+01    0.244745337087003350E+02
    0.127978036979739077E-13    0.159626891937858113E+04    0.148248643139251044E+04    0.279848262728066910E+01    0.255599474185597586E+02
    0.174404355862572446E-13    0.159562988372990503E+04    0.147742135342618667E+04    0.267075461608331644E+01    0.170753837097373378E+02
    0.276607867316584264E-13    0.159468743498125559E+04    0.148591107554474570E+04    0.272766497374215300E+01    0.158586410374931006E+02
    0.357569529122069283E-13    0.159415397704422617E+04    0.147649577429962596E+04    0.270682212802390465E+01    0.254209984934232978E+02
    0.356306487083146147E-13    0.159414105414628966E+04    0.147597992480808853E+04    0.284753559258021660E+01    0.232005092441335705E+02
    0.366997906975374356E-13    0.159406192441483563E+04    0.149097208553520113E+04    0.268159411769476685E+01    0.235238721145080376E+02
    0.391011865635225097E-13    0.159391516089194738E+04    0.149080623830934428E+04    0.267882855600444136E+01    0.182566969453760208E+02
    0.515847271813494165E-13    0.159334101523115987E+04    0.148858362636666152E+04    0.272506498455701873E+01    0.175100550301787763E+02
    0.516705974657974701E-13    0.159331768870811470E+04    0.148960991496611473E+04    0.266526819375850588E+01    0.237008880343302195E+02
    0.604244388975615635E-13    0.159298467923756652E+04    0.147622098824613113E+04    0.273790305853246663E+01    0.257874780815552640E+02
    0.989457950142314329E-13    0.159197832216863708E+04    0.147992704040007493E+04    0.279416932592413669E+01    0.155183881459351340E+02
    0.107023096745590577E-12    0.159180137718158858E+04    0.148519858362801619E+04    0.272592839451069269E+01    0.260470494139698872E+02
    0.156889714734902809E-12    0.159101638030960726E+04    0.148037269192121607E+04    0.264628636491056701E+01    0.222269645650009551E+02
    0.159465079217961041E-12    0.159096381660043176E+04    0.148669258263922711E+04    0.268642860536665307E+01    0.165389924695841728E+02
    0.181147354123997575E-12    0.159068884489631660E+04    0.148272666875590153E+04    0.274880471616500621E+01    0.152791543543422108E+02
    0.223707676105083040E-12    0.159024678615441485E+04    0.148109814356219340E+04    0.278715059163178136E+01    0.156420005622470768E+02
    0.392647113671992746E-12    0.158910164396099299E+04    0.148882273301162900E+04    0.268869774015982221E+01    0.243809642921728198E+02
    0.393226517785296462E-12    0.158907869486487834E+04    0.148569276356684281E+04    0.272135951590603264E+01    0.160553495753216140E+02
    0.557090696394971905E-12    0.158836201040514652E+04    0.147726283969873521E+04    0.265749549500656634E+01    0.221965716939429143E+02
    0.874496162388101068E-12    0.158744017070659697E+04    0.148270118113751369E+04    0.280739079785742218E+01    0.176715560923204293E+02
    0.889874426765766412E-12    0.158738530580029555E+04    0.148266760821046910E+04    0.281416489407903470E+01    0.235463299338233014E+02
    0.107878497903940002E-11    0.158698028518399360E+04    0.148690683180394922E+04    0.276667954356484680E+01    0.222460286978051158E+02
    0.115665671052306556E-11    0.158682088856555788E+04    0.149058164398889608E+04    0.266817457715170514E+01    0.224255997244511462E+02
    0.116942947299653412E-11    0.158677892396090715E+04    0.147898783321898895E+04    0.276466156405071928E+01    0.262609789819827029E+02
    0.144106430912263407E-11    0.158634119207254571E+04    0.147442156000135742E+04    0.279400835636207212E+01    0.238382768799960729E+02
    0.152660563140991566E-11    0.158620586250236533E+04    0.147689923073765021E+04    0.283467665436629401E+01    0.238321021446188865E+02
    0.213180578036055281E-11    0.158551801715130705E+04    0.149098796029473760E+04    0.268149296050990582E+01    0.221897254072940200E+02
    0.213049984893138218E-11    0.158549924271473060E+04    0.147267078007990995E+04    0.273287999439822737E+01    0.222710137650482807E+02
    0.211059993026184721E-11    0.158549801149240511E+04    0.147313187538253828E+04    0.271943325549222914E+01    0.184596030487784475E+02
    0.246593367042396443E-11    0.158516681494734689E+04    0.149014749531487314E+04    0.269735295655618046E+01    0.188914209900436418E+02
    0.266813512088528737E-11    0.158498919641727025E+04    0.147967014196307105E+04    0.280265471695719670E+01    0.254731403111587014E+02
    0.311775259030498440E-11    0.158465773112354418E+04    0.147509331075788600E+04    0.271431271225642679E+01    0.243468989424854101E+02
    0.335314511659230171E-11    0.158449215846848028E+04    0.148315112322402933E+04    0.267870716626560812E+01    0.166710756598535710E+02
    0.371648974413675228E-11    0.158426639674957005E+04    0.147857766954056751E+04    0.267448637657076960E+01    0.240770940282925920E+02
    0.390467017533214640E-11    0.158414760932566787E+04    0.148308879587661545E+04    0.274101172649618929E+01    0.156560335217079967E+02
    0.430307216065144661E-11    0.158393329751370561E+04    0.149017666873121902E+04    0.268706506306874005E+01    0.229107668987580126E+02
    0.430439407546601684E-11    0.158391268320292534E+04    0.148585317858364056E+04    0.264787127254930921E+01    0.216265249453972501E+02
    0.465248496545917565E-11    0.158373715300476761E+04    0.148242761978114936E+04    0.279092539455596889E+01    0.250654219827475657E+02
    0.578886430819275110E-11    0.158328008371037413E+04    0.148194270122556577E+04    0.265401647591519874E+01    0.227919494469745842E+02
    0.598265768335909806E-11    0.158319422616505358E+04    0.148356958257251699E+04    0.269047557094921741E+01    0.163337195053205448E+02
    0.675351780910438525E-11    0.158293182890876369E+04    0.149022773132664429E+04    0.267084517642074548E+01    0.221757564123908395E+02
    0.124475835244808163E-10    0.158168890294152561E+04    0.147478610486733351E+04    0.275223727896841996E+01    0.243915481133189616E+02
    0.132314159604972490E-10    0.158154676796304602E+04    0.148210198840278144E+04    0.267615643478331311E+01    0.169815450961643251E+02
    0.132218729240407017E-10    0.158152821096499747E+04    0.147482749021868744E+04    0.280874575282981276E+01    0.232431925096360885E+02
    0.137014067021625664E-10    0.158143695894772532E+04    0.147654242337377241E+04    0.284540069412027918E+01    0.219702995871556226E+02
    0.165562438320526271E-10    0.158103842935784473E+04    0.147964403165254362E+04    0.277910328812132956E+01    0.157770541273948766E+02
    0.167006553027388513E-10    0.158100106004415557E+04    0.148706144686277230E+04    0.266068703163273623E+01    0.228857965724224073E+02
    0.195679488233256356E-10    0.158066417003359788E+04    0.148385812460620195E+04    0.264968251374219665E+01    0.216057004829520736E+02
    0.324933731520716023E-10    0.157962988362976830E+04    0.148560530653397200E+04    0.277143661771476779E+01    0.230984085340758725E+02
    0.323019623594136364E-10    0.157962169999574212E+04    0.147638373015314733E+04    0.283704256059378856E+01    0.225846823374426151E+02
    0.427364289185179204E-10    0.157904185257525978E+04    0.147912011319965927E+04    0.281407870470574828E+01    0.169685094314631328E+02
    0.504996294910324214E-10    0.157868802396194496E+04    0.148735000416655362E+04    0.274301356824694498E+01    0.230939667061557969E+02
    0.568067893825370833E-10    0.157843264426089809E+04    0.148589359931148056E+04    0.270652588195937760E+01    0.249259735078180285E+02
    0.660121220608010809E-10    0.157811227917533211E+04    0.147916588148165192E+04    0.265657247597590596E+01    0.210888030882815087E+02
    0.695393593088261866E-10    0.157798817013430744E+04    0.148420104550673773E+04    0.266576951995754063E+01    0.235395167253485766E+02
    0.701143103922982742E-10    0.157795170212933158E+04    0.148503801424807330E+04    0.277310322222533312E+01    0.235337255226510678E+02
    0.709873183374419798E-10    0.157790695346858683E+04    0.148022188622761496E+04    0.279895862884128510E+01    0.250591586579756580E+02
    0.848086027607700777E-10    0.157753116199022520E+04    0.148906063516968220E+04    0.270686268390493145E+01    0.190387291494120632E+02
    0.903736691272141731E-10    0.157738405005232335E+04    0.147377743373556723E+04    0.270111525134063379E+01    0.216195772330068507E+02
    0.961110247963455565E-10    0.157724094789778610E+04    0.148080999002613044E+04    0.265593433186476879E+01    0.195898522014531125E+02
    0.127595415823980691E-09    0.157665422707258926E+04    0.147901947740837272E+04    0.272496488391002289E+01    0.255557733352500094E+02
    0.194738738507348307E-09    0.157578863824543237E+04    0.147754474416385847E+04    0.281482908594958481E+01    0.173193117750192442E+02
    0.194007513733231471E-09    0.157577616218303729E+04    0.148009611710986610E+04    0.267766360570794593E+01    0.239857832605668904E+02
    0.199511869253434961E-09    0.157570020850170158E+04    0.148713596629224276E+04    0.273617912886107684E+01    0.234678259448435540E+02
    0.240506456308127364E-09    0.157530646209174802E+04    0.148291768699386262E+04    0.268437054425387034E+01    0.170416486332123327E+02
    0.270491770654837211E-09    0.157505147261061916E+04    0.148951893058260748E+04    0.268977228097794274E+01    0.198006584676623447E+02
    0.268112664746295795E-09    0.157504914139479956E+04    0.148151291652379928E+04    0.267047023850850884E+01    0.236041462945477747E+02
    0.267543907761171652E-09    0.157503338857277186E+04    0.147777422946352704E+04    0.266709262562156280E+01    0.219067864545046120E+02
    0.277512354376320968E-09    0.157494022505589010E+04    0.147361173801327868E+04    0.278667438726587013E+01    0.203776760386559062E+02
    0.312948401994952218E-09    0.157467987930664208E+04    0.147691905500374560E+04    0.282528745317323793E+01    0.182039599427872503E+02
    0.327443311577417628E-09    0.157456932606948590E+04    0.148034387667144301E+04    0.270558506116356767E+01    0.163404300493645422E+02
    0.347161800013718918E-09    0.157443237405336868E+04    0.148005455281208424E+04    0.268332370411164201E+01    0.172645442405135157E+02
    0.424511730476168090E-09    0.157401007668283091E+04    0.148814704970587127E+04    0.268526948020060674E+01    0.186595657444168097E+02
    0.425747377998130341E-09    0.157398426363887984E+04    0.147719993757924044E+04    0.273563446495684959E+01    0.163722065883843015E+02
    0.100230299966889104E-08    0.157225184469920760E+04    0.148335091754611403E+04    0.279673525380680532E+01    0.225137955979765536E+02
    0.123399436452311601E-08    0.157181593268559550E+04    0.147582687569882478E+04    0.279740107021067397E+01    0.177235724804596657E+02
    0.128832237557475434E-08    0.157170976362694751E+04    0.148832829052205011E+04    0.268778344489095877E+01    0.190566665869181833E+02
    0.135742497148054190E-08    0.157158526639952493E+04    0.147694182678100151E+04    0.281989440415135784E+01    0.181834303785759204E+02
    0.136466655215165015E-08    0.157155462517355340E+04    0.148127549776867409E+04    0.282121281365012111E+01    0.198606559587322096E+02
    0.135551246942754847E-08    0.157154808622476821E+04    0.148232001061150709E+04    0.266778539475890453E+01    0.184718654018779489E+02
    0.136026269079184139E-08    0.157152108973068698E+04    0.148244886882040828E+04    0.276773489407531770E+01    0.167204858337609608E+02
    0.172213981448216127E-08    0.157102931021128961E+04    0.148907865034527845E+04    0.268260735633364078E+01    0.210329274636627588E+02
    0.189794633129110448E-08    0.157081490055619815E+04    0.148845950525784224E+04    0.269739019932714141E+01    0.192151858276308189E+02
    0.192313978498409106E-08    0.157076852709273862E+04    0.147757305182305186E+04    0.276631392029061285E+01    0.164425095706560001E+02
    0.200209612766161115E-08    0.157066805601175633E+04    0.147570627104517052E+04    0.282103885699211876E+01    0.219235147599285796E+02
    0.215166406934631031E-08    0.157050396234584787E+04    0.147939060278396687E+04    0.282664316767077128E+01    0.228536190552740806E+02
    0.222555567259943561E-08    0.157041643215300223E+04    0.148051891401600892E+04    0.282442925453362292E+01    0.194604948329536853E+02
    0.233409773702684270E-08    0.157030119458622607E+04    0.148324715434346808E+04    0.266659662160800259E+01    0.187683339614295193E+02
    0.239296607599417912E-08    0.157023137813791573E+04    0.147513650327862592E+04    0.276087785283819631E+01    0.176077797823795095E+02
    0.275803708021168249E-08    0.156992740695510179E+04    0.148189006332092799E+04    0.275554607738416335E+01    0.163872807077640914E+02
    0.281100647895480294E-08    0.156986936020930807E+04    0.147989147569743091E+04    0.280487723967885971E+01    0.174178761523324397E+02
    0.370232559124892276E-08    0.156929852308211048E+04    0.147392884742535489E+04    0.271494380496143650E+01    0.210721287642489585E+02
    0.493321970432965271E-08    0.156870446168500575E+04    0.148637961476860301E+04    0.269066682074052421E+01    0.181319011135313986E+02
    0.501536688281440963E-08    0.156865143225120755E+04    0.147799172463596983E+04    0.279668256150232075E+01    0.244217328991672105E+02
    0.506403856719528062E-08    0.156861211680133147E+04    0.148742989847439503E+04    0.267337463694827626E+01    0.198014221492842353E+02
    0.508632031877324571E-08    0.156858333611185299E+04    0.148286121792226868E+04    0.266342895393527401E+01    0.220469838113148739E+02
    0.521509847986292559E-08    0.156851332945839363E+04    0.148334027302047230E+04    0.266032777459763903E+01    0.206170388350349896E+02
    0.531328723730867779E-08    0.156845602398463006E+04    0.147742582464467387E+04    0.277030541056744894E+01    0.247930212772123753E+02
    0.616779200508824776E-08    0.156813776357470897E+04    0.148791523924618105E+04    0.271216883158581323E+01    0.225743643052361449E+02
    0.673443815106411408E-08    0.156794197663462637E+04    0.147560249433918534E+04    0.280730603687474822E+01    0.225401010758659481E+02
    0.782985062116643352E-08    0.156762055853873858E+04    0.147662362941753031E+04    0.272426354490289180E+01    0.171978347424548446E+02
    0.780101561016012200E-08    0.156760793753956659E+04    0.148177665678833546E+04    0.266176118269454021E+01    0.206827464408158619E+02
    0.782879817849706644E-08    0.156758082738509529E+04    0.147940907736810345E+04    0.282558836824199133E+01    0.191454773414049555E+02
    0.116464058403329272E-07    0.156676645016116117E+04    0.148208495918277390E+04    0.271474565884522789E+01    0.249674223962956319E+02
    0.139858708307042731E-07    0.156638035021561655E+04    0.148781341523222318E+04    0.269053816390052791E+01    0.194139601651560838E+02
    0.147054821064347966E-07    0.156626000468952043E+04    0.147816610592410188E+04    0.268461239796513285E+01    0.229990285138022443E+02
    0.171243629967503233E-07    0.156593544103049408E+04    0.148828467725841028E+04    0.269552295176519463E+01    0.201054024121318520E+02
    0.199301220872139993E-07    0.156561198088285300E+04    0.147872386872101333E+04    0.276906697009208891E+01    0.249337730435708096E+02
    0.304848156599494769E-07    0.156474198797800386E+04    0.147979689938972001E+04    0.273586631149604464E+01    0.164784764874148948E+02
    0.340293980395357601E-07    0.156450199580437720E+04    0.148084926782157231E+04    0.281234506686373376E+01    0.191657572076879319E+02
    0.393707786008027634E-07    0.156419039764034687E+04    0.148655718397375745E+04    0.267461392016729160E+01    0.216609249943091555E+02
    0.415118181831312393E-07    0.156406448907848107E+04    0.147937410902039778E+04    0.268105899147204330E+01    0.185378281320712830E+02
    0.472082892161978056E-07    0.156378730641054790E+04    0.148414319181968176E+04    0.277273995911582061E+01    0.227969291986686500E+02
    0.472383699660466460E-07    0.156376603243215095E+04    0.147555408872115345E+04    0.270623053699874649E+01    0.189503601109602897E+02
    0.515668083809416789E-07    0.156357068896870078E+04    0.148491587444765787E+04    0.272062355571280046E+01    0.175872989406649367E+02
    0.548482782588352214E-07    0.156342730381039746E+04    0.147461788836979645E+04    0.278240449825256775E+01    0.197153303575824168E+02
    0.672711797383736895E-07    0.156299898158437441E+04    0.147567429920389941E+04    0.277629866630833755E+01    0.232887287668296779E+02
    0.669418683577893663E-07    0.156298879619021545E+04    0.147515467199032719E+04    0.279971058482842317E+01    0.212604445920562455E+02
    0.694578065762560719E-07    0.156289500646568899E+04    0.148379088796344331E+04    0.277900508170564109E+01    0.224638602654536186E+02
    0.814125442147667814E-07    0.156255738666893103E+04    0.147842738942642563E+04    0.276212237651120773E+01    0.167834520567822665E+02
    0.814432654207818991E-07    0.156253663210680770E+04    0.147896385374702277E+04    0.268570146987418967E+01    0.229945832592370181E+02
    0.116042863462413241E-06    0.156180852613194611E+04    0.147996789459338197E+04    0.279928086554260291E+01    0.178998142217618579E+02
    0.115444033303831445E-06    0.156179887369809762E+04    0.147608821329685725E+04    0.273170241288192672E+01    0.235467263518187622E+02
    0.125925033864488759E-06    0.156160507188175188E+04    0.147442813532900345E+04    0.276212945875149263E+01    0.196625827914095623E+02
    0.138153338871217553E-06    0.156139971696381440E+04    0.148297985447496126E+04    0.278988877258418722E+01    0.220233275832233346E+02
    0.184824030172734917E-06    0.156079763703455455E+04    0.147501331666381520E+04    0.279192105977807215E+01    0.207697949663125456E+02
    0.204130376738476731E-06    0.156057892762013716E+04    0.148691141846629353E+04    0.270182809463449836E+01    0.224764684884923867E+02
    0.263116195830548790E-06    0.156005125391516594E+04    0.148576069650775344E+04    0.272563880387630597E+01    0.232634106031567143E+02
    0.283305729728435820E-06    0.155988339213970221E+04    0.147631345187133570E+04    0.279861502815332086E+01    0.187553779191649284E+02
    0.292156641975782784E-06    0.155980186519575568E+04    0.147522544309615955E+04    0.274296761567958303E+01    0.185932625172621186E+02
    0.296661919953576653E-06    0.155975125905531968E+04    0.148234961776185696E+04    0.267420297845694765E+01    0.194524329378975125E+02
    0.304313342769283002E-06    0.155968032959614766E+04    0.147921387012183459E+04    0.282163415658040995E+01    0.211013406309536578E+02
    0.305564758985194231E-06    0.155965212193649495E+04    0.147530836520218759E+04    0.274102852289827981E+01    0.227983846257689322E+02
    0.303186410816173371E-06    0.155964774973575504E+04    0.147641749918923870E+04    0.275582859006329572E+01    0.176589954829018581E+02
    0.320308916166730997E-06    0.155951787361656375E+04    0.147914496762559270E+04    0.267631319449376548E+01    0.204229595609270120E+02
    0.325733736692483414E-06    0.155946428482481565E+04    0.148143260358092539E+04    0.275846208020465911E+01    0.245998986827794539E+02
    0.335418578717061775E-06    0.155938568692172430E+04    0.148617690219404517E+04    0.273250261770591729E+01    0.224384506436727378E+02
    0.347344176884614257E-06    0.155929581309767627E+04    0.147810040997101282E+04    0.268138569002051819E+01    0.202489932710190317E+02
    0.457308804560835668E-06    0.155872572763519270E+04    0.148308920887847989E+04    0.276939612458037887E+01    0.183025377336690980E+02
    0.458999522544570168E-06    0.155869834706316260E+04    0.148438383726826464E+04    0.267380291280540794E+01    0.203864577893452861E+02
    0.457352817293974752E-06    0.155868553515862141E+04    0.148103286915346143E+04    0.267808198859838331E+01    0.222944180185773178E+02
    0.468467153578362310E-06    0.155861751342394155E+04    0.148095421002866306E+04    0.272964618448207696E+01    0.246508758929322482E+02
    0.505846097899760983E-06    0.155844398046551714E+04    0.147870536872144817E+04    0.281856689640137947E+01    0.218214408779115416E+02
    0.521525147882552278E-06    0.155836293041189037E+04    0.147614950900220060E+04    0.270271528382647075E+01    0.194861207621304970E+02
    0.546593034254327910E-06    0.155824903634358498E+04    0.147734474811855330E+04    0.269154128786539149E+01    0.194301657695843346E+02
    0.563723514093419538E-06    0.155816731758674541E+04    0.148381766378108000E+04    0.273614749512618793E+01    0.240652835883306864E+02
    0.612795328085311227E-06    0.155798038341383563E+04    0.147560213403282614E+04    0.274631490164610570E+01    0.184179794931630880E+02
    0.764622509697740395E-06    0.155751768088153926E+04    0.148403079004716233E+04    0.267784462137577828E+01    0.219507819866225447E+02
    0.767958076958371892E-06    0.155748897511413907E+04    0.148252113420660385E+04    0.277187334390819462E+01    0.181510307545455163E+02
    0.778464907729327564E-06    0.155744179757590427E+04    0.148335695162164302E+04    0.267500366716966775E+01    0.215753645661909985E+02
    0.829430648111330574E-06    0.155729496640431239E+04    0.148364769651025131E+04    0.274370176514905761E+01    0.239398057314976285E+02
    0.838042304835717750E-06    0.155725430823825627E+04    0.147732904188794600E+04    0.273788087795512958E+01    0.175073931585340858E+02
    0.835049663806815398E-06    0.155724146300147663E+04    0.147999214921631710E+04    0.278271285432746174E+01    0.240371879620848290E+02
    0.828967476733493468E-06    0.155723608355798706E+04    0.147525171351977247E+04    0.272740135696993935E+01    0.220449812456989633E+02
    0.834987751792269497E-06    0.155720161129040480E+04    0.147745377219489728E+04    0.273319740222702245E+01    0.239156883449653179E+02
    0.887158535886048440E-06    0.155706039800483177E+04    0.147999349404939494E+04    0.281411346357438452E+01    0.212183037528739078E+02
    0.103468880054661625E-05    0.155673273343349274E+04    0.148285042751169726E+04    0.270614488095093364E+01    0.239074798759514948E+02
    0.105158430682148755E-05    0.155668033906366668E+04    0.148474913771009187E+04    0.273850594665523905E+01    0.184892651239064776E+02
    0.104772045772626291E-05    0.155666770122188882E+04    0.147885002492940248E+04    0.270613762119285539E+01    0.235930236199435370E+02
    0.152247139609007839E-05    0.155590026497897452E+04    0.148141910635205113E+04    0.272289777736035177E+01    0.243427356642088597E+02
    0.160892453906338044E-05    0.155576980290963570E+04    0.147618236223422582E+04    0.274391455299408893E+01    0.231776233310875313E+02
    0.166510023749615766E-05    0.155568116419626131E+04    0.147534367448526177E+04    0.277001793119943018E+01    0.192911634664274914E+02
    0.173624194363473239E-05    0.155557748889494178E+04    0.148367944170712371E+04    0.269578978462666985E+01    0.232435456602935346E+02
    0.177593952728847098E-05    0.155551227565682257E+04    0.147708372529411008E+04    0.271679589695652579E+01    0.231413044176524778E+02
    0.183537755879694741E-05    0.155542643441599284E+04    0.148300343945205032E+04    0.272966475637123951E+01    0.241326586484797474E+02
    0.183738376094414648E-05    0.155540424946339499E+04    0.147491189508393040E+04    0.273419313295707411E+01    0.204657467180513635E+02
    0.183831357325042131E-05    0.155538323761476704E+04    0.147657967328333166E+04    0.278001445949921955E+01    0.230799471989138567E+02
    0.195035913959792998E-05    0.155524490778536165E+04    0.148674591745178850E+04    0.270472435442674763E+01    0.208951281719617015E+02
    0.202125940430277377E-05    0.155515349327567333E+04    0.148439697438494863E+04    0.274275713849103875E+01    0.232579063503667101E+02
    0.203569023545748810E-05    0.155511926495804596E+04    0.147633341066282969E+04    0.280344910144333959E+01    0.210135321686652787E+02
    0.203101147622826758E-05    0.155510386697867625E+04    0.148578076025256087E+04    0.272314856609867784E+01    0.192443912137071607E+02
    0.202202720464223635E-05    0.155509273369523999E+04    0.147795897199801129E+04    0.277867219563764456E+01    0.177424026629897469E+02
    0.205208111432988048E-05    0.155504322593304710E+04    0.148592189312439609E+04    0.272296997789708017E+01    0.194287195725413255E+02
    0.228445389754736990E-05    0.155480868084235544E+04    0.147620331875066222E+04    0.271125408515640043E+01    0.193746131361799030E+02
    0.239623811254147450E-05    0.155469313473589000E+04    0.148102166258767465E+04    0.280325379151263565E+01    0.204397291524513633E+02
    0.318045030706298508E-05    0.155410688925937961E+04    0.148401307031507554E+04    0.275922466879957362E+01    0.192323146971687038E+02
    0.315960122470351252E-05    0.155410004319505970E+04    0.147881426764885327E+04    0.281192299500539056E+01    0.198639238111991006E+02
    0.313405838172187356E-05    0.155409627730038028E+04    0.147537425558457153E+04    0.277199170722661581E+01    0.196693856247398742E+02
    0.424247215355270311E-05    0.155347064253606959E+04    0.147859354177855130E+04    0.271568649774403870E+01    0.178900511569309231E+02
    0.431798035573935133E-05    0.155341535927951554E+04    0.148403424911737420E+04    0.275419192819857006E+01    0.189997972145305738E+02
    0.452768689203772109E-05    0.155330051246645257E+04    0.148245701474439784E+04    0.267911757659380623E+01    0.203406939817703574E+02
    0.466447238336578722E-05    0.155322098539129797E+04    0.148307411305245751E+04    0.277887887463834904E+01    0.213614068319985648E+02
    0.503591884028754575E-05    0.155304774284461405E+04    0.148421839042444526E+04    0.276273931686666963E+01    0.206227847019441839E+02
    0.513860981986236124E-05    0.155298736968525554E+04    0.147521138407943886E+04    0.273651882429780891E+01    0.212157921800959883E+02
    0.576073836666454839E-05    0.155273880353460390E+04    0.148570197580622153E+04    0.272795004890805037E+01    0.219689780557456942E+02
    0.578021429150799489E-05    0.155271205333159787E+04    0.148473534894110435E+04    0.273215913404000732E+01    0.229712808383975613E+02
    0.810261833415764887E-05    0.155201656032375354E+04    0.148106080206724164E+04    0.269206457692210854E+01    0.188132641080350993E+02
    0.881196604276479445E-05    0.155182871369408122E+04    0.147802934211357888E+04    0.270289432378945715E+01    0.189337451160192387E+02
    0.879627988628855877E-05    0.155181227706108302E+04    0.147711114862908312E+04    0.269996947136116372E+01    0.210943648547737013E+02
    0.872572520678066486E-05    0.155180838367912270E+04    0.148200440419004235E+04    0.276730799926497362E+01    0.234704487218363482E+02
    0.938420034293345958E-05    0.155164287992382106E+04    0.148017510728537991E+04    0.278203058474005216E+01    0.234743851847089644E+02
    0.961734129821120248E-05    0.155157379913659770E+04    0.148122720823039572E+04    0.268164169553015075E+01    0.209436670048815898E+02
    0.980686183318333436E-05    0.155151477018946366E+04    0.148334209653231392E+04    0.273832015718973532E+01    0.235855236343083874E+02
    0.109682549000265968E-04    0.155127092448024678E+04    0.147575764144143955E+04    0.272166857446758703E+01    0.203952884637106422E+02
    0.108629402823814977E-04    0.155127022080071220E+04    0.147925312270502172E+04    0.270760129130770988E+01    0.232327374304008174E+02
    0.108170603455651774E-04    0.155125868574609558E+04    0.147636710007492275E+04    0.271734255768149557E+01    0.194398050061733443E+02
    0.122347098710053260E-04    0.155099238087774756E+04    0.148270036688275081E+04    0.269605503654994161E+01    0.187507938495704423E+02
    0.124134788574164112E-04    0.155094336907114348E+04    0.148062937028801821E+04    0.269109336151996992E+01    0.191140215988041149E+02
    0.135564667070027530E-04    0.155074720748244567E+04    0.147777437706287583E+04    0.279571964759719149E+01    0.190193884031945970E+02
    0.148261217334647477E-04    0.155054815363088164E+04    0.147588624286265986E+04    0.272285541829200106E+01    0.212767644931649613E+02
    0.168318123647678336E-04    0.155027439346697724E+04    0.148003145185812446E+04    0.280075968573296574E+01    0.198002604141953640E+02
    0.190782899818128907E-04    0.155000383276808475E+04    0.148358481889337463E+04    0.275506884369430871E+01    0.226724387916229233E+02
    0.193514425390591442E-04    0.154995540091186422E+04    0.148236737681676573E+04    0.277301285549896859E+01    0.226373835743987968E+02
    0.219830069532967736E-04    0.154968039535753996E+04    0.147715576071584223E+04    0.278011038236119479E+01    0.227535358306842284E+02
    0.218077764155328213E-04    0.154967640159991106E+04    0.147755737233637819E+04    0.271560271105703466E+01    0.226752893352839493E+02
    0.241136775249472016E-04    0.154945537642156933E+04    0.147773625494284215E+04    0.275722263895150466E+01    0.234622251820465095E+02
    0.243262998287648370E-04    0.154941781871977287E+04    0.148330186296798342E+04    0.276015493559819047E+01    0.225374453081200272E+02
    0.249348683190571551E-04    0.154934840052887080E+04    0.148283836479812817E+04    0.276703101061428747E+01    0.192483211577686433E+02
    0.254612848373528134E-04    0.154928661673131228E+04    0.147711923845368528E+04    0.279950626381515111E+01    0.208255748717725879E+02
    0.300572187284671659E-04    0.154893472913282039E+04    0.147847276992682600E+04    0.278720909168455266E+01    0.229342581375697279E+02
    0.307446294195734502E-04    0.154886950419294885E+04    0.148515422787239504E+04    0.269799647807334386E+01    0.206205698695911508E+02
    0.314109409056931066E-04    0.154880662230747998E+04    0.148122642560324130E+04    0.278669509280215433E+01    0.194501009817443844E+02
    0.352853879236450822E-04    0.154855399696809786E+04    0.148010421350721072E+04    0.279212314819976637E+01    0.224522923070341989E+02
    0.377977836248026585E-04    0.154839643391161871E+04    0.147584211666422107E+04    0.277125260837089149E+01    0.205013111871503924E+02
    0.387842105119862675E-04    0.154832490840842866E+04    0.147806247207882120E+04    0.275711442585082267E+01    0.234760405992756773E+02
    0.384015581590975956E-04    0.154832473877324196E+04    0.147920730264260874E+04    0.279853862215484916E+01    0.195401513355091936E+02
    0.397089960161389164E-04    0.154823777932105054E+04    0.147905315757066319E+04    0.278582418858412506E+01    0.185919729560112330E+02
    0.396428884302007427E-04    0.154822111169818027E+04    0.148535680265801602E+04    0.270440397797787746E+01    0.208680489287511648E+02
    0.462587361816491665E-04    0.154789243417183275E+04    0.148382843939999748E+04    0.269037315639138797E+01    0.209686534123791262E+02
    0.489780989005947359E-04    0.154775818837093993E+04    0.148343592029656611E+04    0.269927967692373239E+01    0.192436666582889870E+02
    0.498571677849519890E-04    0.154770261029863923E+04    0.147719829052334603E+04    0.278482981035747112E+01    0.222622830899724704E+02
    0.501748465984061160E-04    0.154766990717020963E+04    0.147618171812898981E+04    0.274697452983269264E+01    0.193176593980681588E+02
    0.533297181937657743E-04    0.154752794736409987E+04    0.147847397746371189E+04    0.271489404667487255E+01    0.186102125915919885E+02
    0.568658713117124829E-04    0.154737954412494378E+04    0.147680085401903352E+04    0.278952838463211705E+01    0.202250719756823543E+02
    0.568176481999304933E-04    0.154736124087447729E+04    0.147921248365250449E+04    0.278574117665876386E+01    0.187121940608248707E+02
    0.703355704151568370E-04    0.154691437954259732E+04    0.147874220478808184E+04    0.270357081176051040E+01    0.221699947636313937E+02
    0.705005640830997889E-04    0.154688969342297287E+04    0.147814563631018859E+04    0.279323978726496502E+01    0.194014382439688120E+02
    0.698893649582681635E-04    0.154688710786261368E+04    0.147976030362916663E+04    0.270595065776165722E+01    0.187566739295845508E+02
    0.727841569083005342E-04    0.154678593823163692E+04    0.147664986446229386E+04    0.274603182701246062E+01    0.224415005684614783E+02
    0.723109610006612542E-04    0.154677898340068441E+04    0.147855256891484032E+04    0.280014528664633078E+01    0.202302050905113191E+02
    0.738310618977325501E-04    0.154671737577294448E+04    0.148068923493165130E+04    0.279300956539976397E+01    0.205198523919124085E+02
    0.746372778348333433E-04    0.154667565467434338E+04    0.148494197264581089E+04    0.271809009538594948E+01    0.199611390749353461E+02
    0.767696239118406990E-04    0.154659931676503675E+04    0.148051273882603232E+04    0.279296566493786003E+01    0.201598134545734240E+02
    0.822203231990526129E-04    0.154644212982016757E+04    0.148106737347090893E+04    0.269368022052582035E+01    0.218990615740029710E+02
    0.862551394423387454E-04    0.154632631556115575E+04    0.147965629042421119E+04    0.270082321835065109E+01    0.192418069127418647E+02
    0.975496515104545239E-04    0.154606021185561667E+04    0.148241421718758124E+04    0.276992429470673551E+01    0.220736424675025376E+02
    0.994655591760454979E-04    0.154600131195428185E+04    0.147766307931697861E+04    0.271802588477219942E+01    0.191125043273807904E+02
    0.106128576082363600E-03    0.154585163216299679E+04    0.148143527124460365E+04    0.278526278943915129E+01    0.210037341557362396E+02
    0.105763487716561497E-03    0.154583852413847785E+04    0.148472094590324150E+04    0.270915842500881032E+01    0.200906679214533597E+02
    0.107254253204481525E-03    0.154579053041702264E+04    0.147646352770327780E+04    0.275446434709848997E+01    0.220818353502058216E+02
    0.118275082272112464E-03    0.154557490861066822E+04    0.148431909908324474E+04    0.273272831923278003E+01    0.196838540280382261E+02
    0.127646405433031525E-03    0.154540240687742698E+04    0.147911401133963864E+04    0.275440084103264304E+01    0.234733044539191695E+02
    0.140670240044622844E-03    0.154518809798849043E+04    0.147760159234240655E+04    0.279291049203329766E+01    0.203170216425880454E+02
    0.152680186907974783E-03    0.154500424394078777E+04    0.147786463037843578E+04    0.271051335708285235E+01    0.197115912298372820E+02
    0.159046635630192532E-03    0.154490253991477312E+04    0.148193387022679667E+04    0.275234219704361349E+01    0.231760413808291332E+02
    0.161521413018478224E-03    0.154485165940045590E+04    0.148428204059358495E+04    0.273896984071510241E+01    0.202502507649570731E+02
    0.166506444931310973E-03    0.154477086681096762E+04    0.148418927331811051E+04    0.271616927825000953E+01    0.195634924205295988E+02
    0.165886719015898921E-03    0.154475832456522630E+04    0.147857109453878252E+04    0.279069344723517210E+01    0.195269029207242966E+02
    0.178217806613788259E-03    0.154459492197505165E+04    0.148067764878257208E+04    0.269673822663849849E+01    0.217639797970616371E+02
    0.178527578570975790E-03    0.154457144866273529E+04    0.147723737008924536E+04    0.275018627159616935E+01    0.188217821975125759E+02
    0.176904364556530904E-03    0.154456971629827854E+04    0.148440790341671095E+04    0.272974100898487704E+01    0.199877168064824104E+02
    0.197302275276806235E-03    0.154433146095484472E+04    0.147741792844843985E+04    0.271331580435974917E+01    0.211384081446776833E+02
    0.208353605091206892E-03    0.154420246152335812E+04    0.148010077109643998E+04    0.279185027984088618E+01    0.204358080773740340E+02
    0.209331874673489364E-03    0.154417309302559147E+04    0.147724120451324347E+04    0.276004932936766245E+01    0.225120673616770830E+02
    0.239398306402555930E-03    0.154388467740738861E+04    0.147847456589072476E+04    0.271005868296574981E+01    0.219674192826053485E+02
    0.239993398617396257E-03    0.154385971201049688E+04    0.147720554225097499E+04    0.271729163109782634E+01    0.210759395387286617E+02
    0.237914154016030926E-03    0.154385711502251684E+04    0.147858795334126216E+04    0.274780260697334722E+01    0.231957240888255285E+02
    0.238676394571694467E-03    0.154383071757122161E+04    0.147787848592770524E+04    0.270866972596604416E+01    0.207071978288079208E+02
    0.236303417942614860E-03    0.154383070154788470E+04    0.147804957758744899E+04    0.273300090003993912E+01    0.186658766068428719E+02
    0.247128702935729802E-03    0.154372111631402640E+04    0.148373383367031465E+04    0.270021048976769418E+01    0.209339794602163778E+02
    0.247017210058157483E-03    0.154370201882380366E+04    0.147683941017073403E+04    0.272682882373268809E+01    0.213871930884225208E+02
    0.245418048195250214E-03    0.154369500869370199E+04    0.148253931428357328E+04    0.275806441198613905E+01    0.193370929329616388E+02
    0.246316915809922259E-03    0.154366769687996793E+04    0.148251854439513158E+04    0.270007781648676204E+01    0.197059094394265202E+02
    0.287018357857885898E-03    0.154334184248815154E+04    0.148055262917149867E+04    0.275672513537971797E+01    0.232602564674510006E+02
    0.300625639827140545E-03    0.154322920330654097E+04    0.148047773181985485E+04    0.273920173799614863E+01    0.182223634143915234E+02
    0.300667046829769405E-03    0.154320892785331398E+04    0.148210774592119856E+04    0.269715795231654143E+01    0.214687018110447383E+02
    0.326305347028989950E-03    0.154302526766427354E+04    0.147973017191473991E+04    0.279113706009781204E+01    0.211937185679571485E+02
    0.326397392332644588E-03    0.154300470357714039E+04    0.147710854063144780E+04    0.272740639053360567E+01    0.197369033584128744E+02
    0.339204661083567297E-03    0.154290772755445187E+04    0.147936232649746080E+04    0.278622779777694785E+01    0.195393814608681566E+02
    0.348105263133988260E-03    0.154283592501628937E+04    0.147976050866956575E+04    0.269906390401639129E+01    0.207267658607371459E+02
    0.347728043805796611E-03    0.154281809346302157E+04    0.148236583107623142E+04    0.272670970370248966E+01    0.229453097588526873E+02
    0.370777817458223268E-03    0.154266972882803339E+04    0.148138593284616582E+04    0.275236698033354887E+01    0.185758927977102530E+02
    0.398319785573346234E-03    0.154250642451689032E+04    0.147784448283018787E+04    0.278818546302122883E+01    0.205238020778651560E+02
    0.397699202005939159E-03    0.154248954295352473E+04    0.148124910962144213E+04    0.278020070738344760E+01    0.206593557689424898E+02
    0.403295727349517279E-03    0.154244159462970401E+04    0.147852272126918251E+04    0.270899041917760153E+01    0.215035108061156279E+02
    0.423438238278703999E-03    0.154232411951081667E+04    0.147670990239936827E+04    0.273364662424491955E+01    0.209625635466778704E+02
    0.425769595574991447E-03    0.154229313815590967E+04    0.147824576648323318E+04    0.276776301121514834E+01    0.188524278284249505E+02
    0.425835912913726227E-03    0.154227282666267388E+04    0.148084983722107017E+04    0.271721664179788291E+01    0.228413848480803381E+02
    0.422954340621858372E-03    0.154226640638204708E+04    0.147691676094877198E+04    0.276230937060899828E+01    0.196601236973104676E+02
    0.419299925981150682E-03    0.154226376188960830E+04    0.147657420831594936E+04    0.273960452341617211E+01    0.204946997643321964E+02
    0.434861398645796260E-03    0.154217088013187345E+04    0.148254675584719121E+04    0.270910588812085651E+01    0.193677673848194019E+02
    0.445293203530027122E-03    0.154210346894583381E+04    0.148294021130701231E+04    0.272445792237121953E+01    0.190910479079900597E+02
    0.447349403585259222E-03    0.154207425493935170E+04    0.147988452888358802E+04    0.275133682912647126E+01    0.232107771831417011E+02
    0.452970836798160950E-03    0.154202927935393927E+04    0.147788888862064528E+04    0.271947284413550427E+01    0.196299134156947730E+02
    0.458885626946337803E-03    0.154198333284441424E+04    0.148142482318989823E+04    0.276111019430788041E+01    0.227095305174426869E+02
    0.459261594193916543E-03    0.154196169490548709E+04    0.148015117217936449E+04    0.270985336022293355E+01    0.191903884123865680E+02
    0.458316914147339431E-03    0.154194581305067800E+04    0.148171749930151486E+04    0.276820281558676839E+01    0.220726868038651389E+02
    0.517877534833491868E-03    0.154168145725476734E+04    0.148032926956442475E+04    0.276179996773778580E+01    0.229667833904815524E+02
    0.586354835980884754E-03    0.154141308458795447E+04    0.148210720544354399E+04    0.274127160461638608E+01    0.188373426384694369E+02
    0.604875515578076487E-03    0.154133088948993395E+04    0.148119074289273271E+04    0.271362579576540774E+01    0.190280239260924446E+02
    0.614274777799621199E-03    0.154128005014713108E+04    0.148036189326391309E+04    0.273289675022315892E+01    0.230861450622795559E+02
    0.613800346550551776E-03    0.154126159543133463E+04    0.148095083388452667E+04    0.273855383847437484E+01    0.231127019991272675E+02
    0.612047533180136113E-03    0.154124731494872003E+04    0.148116729053513382E+04    0.271027150832470953E+01    0.223601771026329885E+02
    0.629045126516167828E-03    0.154117252885011067E+04    0.147793437231476173E+04    0.271970231271791096E+01    0.197925752083458946E+02
    0.650043979090264915E-03    0.154108685480342319E+04    0.147667676720825148E+04    0.274595153989688612E+01    0.206635192796740910E+02
    0.646479811175046338E-03    0.154107785090521566E+04    0.147800071398463092E+04    0.278319641638943249E+01    0.214040925694541215E+02
    0.640228208987049410E-03    0.154107728546622729E+04    0.148185561066600712E+04    0.270321053409338319E+01    0.199018372949127951E+02
    0.636709049398686373E-03    0.154106830924511655E+04    0.148192873561090983E+04    0.276500525022913379E+01    0.219045005518048441E+02
    0.636469619947267642E-03    0.154104906147089605E+04    0.148299891673061938E+04    0.273098228292205913E+01    0.224017834256492705E+02
    0.634835405174231774E-03    0.154103420332321593E+04    0.148177927027226769E+04    0.276863274353097477E+01    0.216832031454812011E+02
    0.629443891614029825E-03    0.154103126140921790E+04    0.147923993143669850E+04    0.272408065584844783E+01    0.188613142976781631E+02
    0.636472220106155864E-03    0.154098905330034563E+04    0.147996359846157316E+04    0.270210933132493736E+01    0.208107663873569066E+02
    0.674703695822439294E-03    0.154085238759421190E+04    0.148118454142420774E+04    0.276757503293384932E+01    0.193671716163130441E+02
    0.725822112062350709E-03    0.154068632492471488E+04    0.148258129398978417E+04    0.270268593738268770E+01    0.210418344252353933E+02
    0.722228911020453192E-03    0.154067625056506745E+04    0.148139679348787604E+04    0.277475712299110677E+01    0.209313056775403368E+02
    0.782553416430321717E-03    0.154049581047711627E+04    0.147768776002956861E+04    0.273157758739187129E+01    0.194864858916782566E+02
    0.797480947765473675E-03    0.154043801895605384E+04    0.148348379865540733E+04    0.271646415193407531E+01    0.200250524920369486E+02
    0.794651580022083591E-03    0.154042512733597187E+04    0.147895495509171246E+04    0.272906847337865255E+01    0.188800656108509628E+02
    0.850279928026332330E-03    0.154026980360018683E+04    0.148088036577578896E+04    0.277849075932756495E+01    0.209678930681471201E+02
    0.854385960442358063E-03    0.154024016877289387E+04    0.148152884960917800E+04    0.277123626298851500E+01    0.203375615418797082E+02
    0.858386398232318043E-03    0.154021082615349860E+04    0.148268295893971185E+04    0.271239189385652768E+01    0.196711782517740517E+02
    0.851292890328109219E-03    0.154020742236228625E+04    0.148044048276692729E+04    0.277585466733376762E+01    0.219814736311668639E+02
    0.882891755579531031E-03    0.154011452963294892E+04    0.148118702964164595E+04    0.275186502167987257E+01    0.188467225936789617E+02
    0.887177510293528848E-03    0.154008484467163908E+04    0.148033220755366574E+04    0.277523834066889519E+01    0.195780037955056514E+02
    0.902407318997406867E-03    0.154003080286229874E+04    0.147686015804708722E+04    0.275173523737529635E+01    0.209437422734768148E+02
    0.931717277844123669E-03    0.153994687600747670E+04    0.148144674098332416E+04    0.276987091677070429E+01    0.216183228003018257E+02
    0.946082015535849408E-03    0.153989627631994722E+04    0.147698315014309924E+04    0.276071169877997047E+01    0.210200440716067760E+02
    0.954551096414923126E-03    0.153985845249718318E+04    0.147752169935821530E+04    0.273029566724860517E+01    0.199083798274907622E+02
    0.999090765715032834E-03    0.153974724358271669E+04    0.147743999110382515E+04    0.274440914167025518E+01    0.218992419665485727E+02
    0.101613010933788170E-02    0.153969342148427995E+04    0.148219745882724283E+04    0.273587637346020252E+01    0.190928758365901814E+02
    0.101261708372798955E-02    0.153968034798381268E+04    0.148262646178102932E+04    0.274176522227698349E+01    0.194665796017276591E+02
    0.104760223653055048E-02    0.153959241634982232E+04    0.148216686614496484E+04    0.270418707919792034E+01    0.209800810753915101E+02
    0.108961558773808796E-02    0.153949377436246277E+04    0.147792458533597119E+04    0.272090070966688025E+01    0.203609221882077520E+02
    0.117804223055308186E-02    0.153931771641903288E+04    0.148305505969350475E+04    0.271597985378468287E+01    0.216816898512419982E+02
    0.118154323272911849E-02    0.153929178147020457E+04    0.147768838710236059E+04    0.277601002377417627E+01    0.206059283608870771E+02
    0.121106352876351069E-02    0.153922242644103812E+04    0.148320640907118423E+04    0.273913897803657358E+01    0.202068216188573615E+02
    0.125533630142979249E-02    0.153913061727503214E+04    0.147849700414877452E+04    0.271535390822560618E+01    0.210129877001008509E+02
    0.126516012793206510E-02    0.153909502689191049E+04    0.147786758953594108E+04    0.272389504723584874E+01    0.202318921473777067E+02
    0.128323981745486165E-02    0.153904664831201671E+04    0.148113002464463875E+04    0.270426047818521065E+01    0.208393037280403206E+02
    0.129326645256612255E-02    0.153901108198354518E+04    0.148270498105892716E+04    0.270824521556970632E+01    0.207084985979681448E+02
    0.132991647405667152E-02    0.153893519200933747E+04    0.148154943425632359E+04    0.273482914739934424E+01    0.189600020526370656E+02
    0.132391468066360364E-02    0.153892423825723426E+04    0.148198994274147140E+04    0.270582366389053153E+01    0.210877046783776905E+02
    0.133683741202457159E-02    0.153888481091861513E+04    0.148199912006633258E+04    0.270555060460866592E+01    0.208387587160256516E+02
    0.133478151265328023E-02    0.153886788905188951E+04    0.148066525450174231E+04    0.276596627472338863E+01    0.222711385377277935E+02
    0.134620372227610982E-02    0.153883084713970788E+04    0.148250437859512203E+04    0.272487174957382594E+01    0.222084513523981713E+02
    0.134373595080959033E-02    0.153881451677168297E+04    0.148315609140618926E+04    0.273734207955670250E+01    0.215414026052914238E+02
    0.134211249815704568E-02    0.153879693455940424E+04    0.148077825492253442E+04    0.277533389590555490E+01    0.211265361088757970E+02
    0.133238830157149336E-02    0.153879147819227546E+04    0.148007313920433398E+04    0.274342121012379714E+01    0.228303938903564188E+02
    0.136539430160087364E-02    0.153872253778180857E+04    0.147837215376800827E+04    0.277616774543394884E+01    0.216027180313635938E+02
    0.135667337970077524E-02    0.153871535296902539E+04    0.148108397999396084E+04    0.277163967229478025E+01    0.213565563438812234E+02
    0.144589378568549883E-02    0.153856796895262664E+04    0.148024966059035160E+04    0.275919026391994882E+01    0.190195093426703323E+02
    0.143208480755534478E-02    0.153856716170706227E+04    0.148189625683208351E+04    0.275516744399719604E+01    0.220355621590631046E+02
    0.144335923069515175E-02    0.153853147789507784E+04    0.148011188405397161E+04    0.277935607756458536E+01    0.207192300737371653E+02
    0.144985970270571172E-02    0.153850249069694519E+04    0.147903304120397888E+04    0.272977053571933359E+01    0.191383869975646945E+02
    0.148160654006404221E-02    0.153843917028875808E+04    0.148136084414334368E+04    0.272766938386971924E+01    0.190635737761008812E+02
    0.146763950900785384E-02    0.153843811361900816E+04    0.148164004067307519E+04    0.275219188434170814E+01    0.223240907822036263E+02
    0.145923944768937860E-02    0.153842959353943661E+04    0.148334633443307916E+04    0.272474509413605759E+01    0.204660029622642696E+02
    0.148831776531366429E-02    0.153837013135579832E+04    0.148127891150424102E+04    0.276052592326221458E+01    0.221484139055266667E+02
    0.150777167470407558E-02    0.153832415858938884E+04    0.147938980079036628E+04    0.277784700344852276E+01    0.199777650928433701E+02
    0.149312327709997085E-02    0.153832368411652124E+04    0.148226708749339787E+04    0.275540698354070468E+01    0.214537100636872538E+02
    0.148612862646796038E-02    0.153831307528411662E+04    0.148316834539172555E+04    0.271955229016039057E+01    0.203632778266210579E+02
    0.152049132564151929E-02    0.153824735724057678E+04    0.147917139905701629E+04    0.274789476547654399E+01    0.189112928039709942E+02
    0.152949789698669640E-02    0.153821554526765840E+04    0.148023176322890959E+04    0.271170859733971259E+01    0.216830645607520864E+02
    0.152144913467575538E-02    0.153820609776942229E+04    0.148257993463168282E+04    0.271486712325085167E+01    0.216049819804792946E+02
    0.151878208368046988E-02    0.153818960678105691E+04    0.147896348700648446E+04    0.277728068492163915E+01    0.199746213248137394E+02
    0.151769292656129271E-02    0.153817104154625304E+04    0.148113161188264849E+04    0.276202980562649980E+01    0.195545687247866056E+02
    0.155119931733227055E-02    0.153810736751722607E+04    0.148033969485385842E+04    0.275075631571701607E+01    0.226824430887395181E+02
    0.156568280662520922E-02    0.153806878023292870E+04    0.148079635241264464E+04    0.270700289565165919E+01    0.208958334144625439E+02
    0.156590034089957989E-02    0.153804850237439587E+04    0.148158003807733348E+04    0.276437154875371638E+01    0.203108599267556116E+02
    0.155423380523010755E-02    0.153804345889804949E+04    0.148302137704274264E+04    0.274051642621926472E+01    0.205414151514981000E+02
    0.157675544354356190E-02    0.153799468584906276E+04    0.147987714531063671E+04    0.271306884303099149E+01    0.199010431652729096E+02
    0.164217931367944192E-02    0.153789337586793613E+04    0.147746865092044482E+04    0.274985806886928330E+01    0.214509886876436298E+02
    0.165540796615696630E-02    0.153785732931957364E+04    0.148051120523353711E+04    0.277054858222318412E+01    0.217787204533924807E+02
    0.166875389320963736E-02    0.153782126993459201E+04    0.147918886618595798E+04    0.274424748831831167E+01    0.189739609858351486E+02
    0.167473418143511345E-02    0.153779411537687338E+04    0.147919791400881695E+04    0.277916165080608257E+01    0.211458597616882855E+02
    0.167193728680442273E-02    0.153777745827480453E+04    0.147866607167996472E+04    0.277833912180878295E+01    0.204941229210019884E+02
    0.171779908193604681E-02    0.153770333655112199E+04    0.147876832124202519E+04    0.277763408210714324E+01    0.212445111106888618E+02
    0.173981438985973858E-02    0.153765786741685406E+04    0.148156085796197453E+04    0.272761137978600710E+01    0.192476975165792226E+02
    0.177064343095768698E-02    0.153760273828525169E+04    0.148032904349921432E+04    0.277537226015774552E+01    0.205787836831659661E+02
    0.179678697121355866E-02    0.153755342417919792E+04    0.148160844956420669E+04    0.273963453437559856E+01    0.192219203276587933E+02
    0.187083786969269696E-02    0.153745265150858359E+04    0.147775569466934030E+04    0.276741239657832816E+01    0.210678419254649612E+02
    0.190157309431349792E-02    0.153740006131095629E+04    0.148011980986219851E+04    0.271921939333218887E+01    0.195048983858629299E+02
    0.192634428403785224E-02    0.153735417618015526E+04    0.148016782096539987E+04    0.272400823744364828E+01    0.222732879293975827E+02
    0.193452849379912011E-02    0.153732569703827130E+04    0.147853865334710554E+04    0.272901129416592925E+01    0.218340926234849064E+02
    0.195942518084811024E-02    0.153728012197663566E+04    0.148019715304011447E+04    0.271145165334811589E+01    0.212678692119811643E+02
    0.197086382235744668E-02    0.153724848041664200E+04    0.147789337720717140E+04    0.275332762553572374E+01    0.217714414101772178E+02
    0.198567218242397345E-02    0.153721350931141706E+04    0.148170844614034695E+04    0.275778524621184218E+01    0.216399751696500573E+02
    0.198692670576000683E-02    0.153719224613492929E+04    0.147831661769343418E+04    0.272426946166324457E+01    0.203437483564625836E+02
    0.200108549932574362E-02    0.153715804472096352E+04    0.148202450149163792E+04    0.271198018305079636E+01    0.211923686808401328E+02
    0.203038480987644075E-02    0.153710897361372895E+04    0.148021102828690709E+04    0.276529142577911458E+01    0.220856156570738591E+02
    0.205665016984464110E-02    0.153706326723079474E+04    0.147755832718557099E+04    0.275122849130766856E+01    0.202076929768369098E+02
    0.222884786338447844E-02    0.153688245468939840E+04    0.147922214626487630E+04    0.272992424927667132E+01    0.193657101459105121E+02
    0.224341512839689328E-02    0.153684942565550000E+04    0.148169288377161570E+04    0.275033123438464466E+01    0.220121490731695104E+02
    0.228393658449623990E-02    0.153679362323433520E+04    0.148069076124074627E+04    0.275433990024267761E+01    0.223312486397373675E+02
    0.226806400913873206E-02    0.153678757107055526E+04    0.148268470561127265E+04    0.272194537425535721E+01    0.213723181707627532E+02
    0.225710304098314515E-02    0.153677725998543588E+04    0.147752365284878601E+04    0.274920793955946907E+01    0.209196920994495201E+02
    0.232048518670692223E-02    0.153670187169490964E+04    0.148164330500734673E+04    0.273093147311899287E+01    0.222266519717721138E+02
    0.236651172053636448E-02    0.153664259024085845E+04    0.148061297318780043E+04    0.274294630195943778E+01    0.224869796111811979E+02
    0.234915400055436992E-02    0.153663731375978546E+04    0.147798448925668890E+04    0.275895811416025305E+01    0.215770684727661433E+02
    0.233138965493191698E-02    0.153663249527050539E+04    0.148278994205536060E+04    0.272999931918074390E+01    0.203285995712117966E+02
    0.234933548745977060E-02    0.153659715925318847E+04    0.148186875630405939E+04    0.274294372828985766E+01    0.220632756595740176E+02
    0.234658323068579356E-02    0.153657950363540999E+04    0.147888721274828185E+04    0.273301044464195986E+01    0.194638304634115542E+02
    0.241633945746381551E-02    0.153650091673869838E+04    0.147995560144529554E+04    0.275209679583800026E+01    0.224166077106994379E+02
    0.240378306443641155E-02    0.153649133674057430E+04    0.148006950476318934E+04    0.271481149789133758E+01    0.201661545959637607E+02
    0.238023582566185450E-02    0.153649102514856395E+04    0.148200033279140416E+04    0.273949869435019622E+01    0.220156984753943021E+02
    0.235921577569358967E-02    0.153648876575617987E+04    0.147941224429152362E+04    0.272542408029685967E+01    0.219551386774971178E+02
    0.234248054985825103E-02    0.153648300342305743E+04    0.147921486761977849E+04    0.277526876593018024E+01    0.210416462038329541E+02
    0.233142573433468836E-02    0.153647246431976009E+04    0.147969777879478056E+04    0.272002067154169858E+01    0.197952762307101580E+02
    0.235422461559175707E-02    0.153643300144099021E+04    0.148003758713433490E+04    0.274580886739380192E+01    0.224649587262333768E+02
    0.235758824336971141E-02    0.153641014595546903E+04    0.148009884984303949E+04    0.277115224696407925E+01    0.201802984285953499E+02
    0.239181954869707725E-02    0.153636131549946890E+04    0.147770498386194504E+04    0.275088590202080496E+01    0.211974428307418066E+02
    0.245007668135709990E-02    0.153629318564177856E+04    0.147949240688516488E+04    0.275733586835495537E+01    0.222516187172435451E+02
    0.244583780607601298E-02    0.153627664883653097E+04    0.148202011340439913E+04    0.271750190162850025E+01    0.201866811266980761E+02
    0.242653865839975768E-02    0.153627249264395914E+04    0.147836888458170506E+04    0.275075521919175747E+01    0.219290461634305274E+02
    0.244531113318190770E-02    0.153623707955160626E+04    0.147982220893272938E+04    0.276990577947043892E+01    0.199786831321928844E+02
    0.242487920990584358E-02    0.153623386086133678E+04    0.148278738876234615E+04    0.273089138223907613E+01    0.210292891464179519E+02
    0.244285640720740644E-02    0.153619908826031815E+04    0.147780914070772678E+04    0.274330933052384207E+01    0.212226966257237848E+02
    0.246071458641328872E-02    0.153616452070684977E+04    0.148072784218713332E+04    0.273152651906106492E+01    0.223032709546329357E+02
    0.244738718015395347E-02    0.153615538229012509E+04    0.148134010706746244E+04    0.273667288271798714E+01    0.193738785270019633E+02
    0.249049532618446975E-02    0.153610046105319452E+04    0.148166641742378442E+04    0.271366079788451220E+01    0.206443602578201109E+02
    0.248568780063397003E-02    0.153608432548255632E+04    0.147986312993494062E+04    0.276173147857606827E+01    0.195134235780518566E+02
    0.246835848115250969E-02    0.153607831759258306E+04    0.147997036818991160E+04    0.275936826794927192E+01    0.194361007751891748E+02
    0.246637914375662541E-02    0.153605992200412629E+04    0.147859226531186391E+04    0.277000700394280797E+01    0.202636950094883446E+02
    0.246285579866539458E-02    0.153604278114614931E+04    0.148095312545920183E+04    0.275616252229686332E+01    0.220097965191946798E+02
    0.244219555888958552E-02    0.153603962937908341E+04    0.148257688382978586E+04    0.273677144207077605E+01    0.204070238909451547E+02
    0.243818393790934179E-02    0.153602291733805168E+04    0.147831635363240798E+04    0.275155463764139530E+01    0.218254400779232611E+02
    0.246602676883713682E-02    0.153598020776724161E+04    0.147825543088801146E+04    0.273265545943518395E+01    0.213141018083247786E+02
    0.247095724878629817E-02    0.153595621303558300E+04    0.147972581000792616E+04    0.277143861552325887E+01    0.202408871505635517E+02
    0.260308618590337397E-02    0.153583202881556917E+04    0.148160378827641398E+04    0.273316586676129925E+01    0.220789313831245124E+02
    0.258684006380031657E-02    0.153582455013042909E+04    0.148127673526351236E+04    0.274797167107947571E+01    0.220910268393649005E+02
    0.260462218668120133E-02    0.153579084902537170E+04    0.148045931633916666E+04    0.272725113609213166E+01    0.194576734450187843E+02
    0.258672362848227574E-02    0.153578464015372833E+04    0.148098734189792231E+04    0.274607543645168262E+01    0.193997513592068600E+02
    0.256164995558425977E-02    0.153578412115737501E+04    0.147831316429812205E+04    0.274789548672030470E+01    0.197288888852052366E+02
    0.253920616343756558E-02    0.153578172129073482E+04    0.148226035924134430E+04    0.272695248021756065E+01    0.200669513857687747E+02
    0.253270359535446611E-02    0.153576684959305499E+04    0.147979626203046882E+04    0.276999874974034288E+01    0.214336456053454469E+02
    0.261878945890802297E-02    0.153567999994210732E+04    0.147852904575725961E+04    0.274103231499288524E+01    0.196718586807447764E+02
    0.263632031648260894E-02    0.153564665603619028E+04    0.148095445646096096E+04    0.273341871714225304E+01    0.222120351282559625E+02
    0.264920754983171986E-02    0.153561690317198236E+04    0.148115227898680769E+04    0.276263243489147570E+01    0.208357945143418704E+02
    0.262602608267014422E-02    0.153561448087033295E+04    0.147971434609941321E+04    0.272448829945645832E+01    0.197291678792385312E+02
    0.261982269842357153E-02    0.153559921100068686E+04    0.147895169399097244E+04    0.273891439962619598E+01    0.195027045161610033E+02
    0.273349281174587334E-02    0.153549426386761684E+04    0.148040591433804275E+04    0.275856042537376123E+01    0.219816002767942109E+02
    0.272315764293587547E-02    0.153548184007668851E+04    0.148234561775228553E+04    0.274257412050026295E+01    0.207926744015095579E+02
    0.271314734801271669E-02    0.153546920559886121E+04    0.147863758651344756E+04    0.272633509472317082E+01    0.208682814862272750E+02
    0.273554790023354966E-02    0.153543276079701081E+04    0.147962702961935815E+04    0.277165888226490686E+01    0.207117991308233655E+02
    0.277799098543720941E-02    0.153538196828825062E+04    0.147957262412729619E+04    0.274945963657907377E+01    0.222106998433930301E+02
    0.276105575685613343E-02    0.153537419803256489E+04    0.147984036962794244E+04    0.272152691992774454E+01    0.199627254748671419E+02
    0.282961208190875496E-02    0.153530514502947995E+04    0.147994001092203393E+04    0.275697197030898034E+01    0.195188535858853669E+02
    0.281012514060600309E-02    0.153529896625418337E+04    0.148209042517225134E+04    0.274322564288485626E+01    0.202477598880498277E+02
    0.296059204395745894E-02    0.153517464576056614E+04    0.147827934688136747E+04    0.275898457979203071E+01    0.201571549808980279E+02
    0.299049493047410858E-02    0.153513454648235665E+04    0.148121352518004096E+04    0.271730960388464160E+01    0.203646149606234275E+02
    0.311662609322568363E-02    0.153503192221427571E+04    0.147827025708048063E+04    0.273725493054401969E+01    0.211757549876102189E+02
    0.309540014020605108E-02    0.153502558991935530E+04    0.147924488505189106E+04    0.275576593292163841E+01    0.219725343308867451E+02
    0.314593323905758152E-02    0.153497320311991075E+04    0.148129651341363115E+04    0.274625639733663052E+01    0.219158203078669374E+02
    0.313429083038207698E-02    0.153496061841075630E+04    0.147891182898729380E+04    0.276893868523429010E+01    0.206938494313047272E+02
    0.314770010727738123E-02    0.153493208016395261E+04    0.147815399158796890E+04    0.274281156012238725E+01    0.202966126354027665E+02
    0.317177464608055584E-02    0.153489684177392337E+04    0.148078880908907604E+04    0.274739118044461605E+01    0.195476082852031396E+02
    0.318914859336524251E-02    0.153486591632185559E+04    0.147873072032731307E+04    0.276731463684885615E+01    0.206564788942930022E+02
    0.320332946560112188E-02    0.153483704283312886E+04    0.147811297304002710E+04    0.274547233174285132E+01    0.211188489521160250E+02
    0.317430190093949405E-02    0.153483524881804033E+04    0.148001327636201927E+04    0.272316388280457833E+01    0.215871730968156186E+02
    0.315207492243898971E-02    0.153482930240389351E+04    0.148136049431389301E+04    0.271788835324391842E+01    0.205979592139186423E+02
    0.316257189684840444E-02    0.153480265311098537E+04    0.148035464943083502E+04    0.274016100570411858E+01    0.221598452855446055E+02
    0.315439102428672269E-02    0.153478783337070035E+04    0.147986634982726446E+04    0.272500422279247978E+01    0.198896162150101787E+02
    0.313006744405483050E-02    0.153478331518305595E+04    0.147812523111766404E+04    0.275681264477112853E+01    0.207730602803051028E+02
    0.311855984090885678E-02    0.153477068167533071E+04    0.148141110865730207E+04    0.273064772322303373E+01    0.218495393905260897E+02
    0.311107632872968318E-02    0.153475548678148766E+04    0.148148090763051391E+04    0.272957548466633027E+01    0.198309723714605184E+02
    0.315539557436398874E-02    0.153470719655037669E+04    0.147992774479736681E+04    0.276321209435664450E+01    0.216151356081698509E+02
    0.313075091848113518E-02    0.153470287851526609E+04    0.148000965957541530E+04    0.273043581322573736E+01    0.219300721442081681E+02
    0.311587491975056025E-02    0.153469240431510616E+04    0.148078423055108578E+04    0.275772290074808657E+01    0.200131463839038162E+02
    0.311613370413116536E-02    0.153467223821496327E+04    0.147954572223086507E+04    0.272603965617787924E+01    0.199850983989054072E+02
    0.308939312969947876E-02    0.153466947494000738E+04    0.148183511445918020E+04    0.274767231166775794E+01    0.205162561622942263E+02
    0.321586940918417146E-02    0.153456922879914782E+04    0.148091054546868509E+04    0.275387496150530620E+01    0.199049550463569886E+02
    0.321593193785138899E-02    0.153454918991195973E+04    0.147971909170182926E+04    0.272751716816066381E+01    0.198606326503576298E+02
    0.319439704279677033E-02    0.153454262758489767E+04    0.147950757352261144E+04    0.276426202177067726E+01    0.215075030084489214E+02
    0.318162069816894976E-02    0.153453064284598827E+04    0.147897226178969777E+04    0.273466418596242367E+01    0.216270807742044155E+02
    0.317396810951402208E-02    0.153451545913765517E+04    0.147918228840295296E+04    0.276693664170149889E+01    0.211346482489767880E+02
    0.316752881048514489E-02    0.153449952082928621E+04    0.148169146629072020E+04    0.272157195232001303E+01    0.205309891256612076E+02
    0.315934235601736304E-02    0.153448469650542756E+04    0.148201762491270074E+04    0.272563123564894427E+01    0.205504750437050632E+02
    0.326557717879711901E-02    0.153439855123756911E+04    0.148094728030575561E+04    0.272329210915392039E+01    0.200468484541173666E+02
    0.325893389694233756E-02    0.153438262405410569E+04    0.147889780853270076E+04    0.274586117618209524E+01    0.217745181492474416E+02
    0.324887002244353190E-02    0.153436880978597219E+04    0.147958483792717084E+04    0.276303805411034631E+01    0.200460203809670361E+02
    0.322653604770697239E-02    0.153436260602550146E+04    0.147977748917811709E+04    0.276639795120145449E+01    0.204587150123032018E+02
    0.320826092215297518E-02    0.153435396624387340E+04    0.148108944139076925E+04    0.272205385523655474E+01    0.201930698976132987E+02
    0.319241281776770419E-02    0.153434387028673859E+04    0.148123670720331211E+04    0.275535218453673503E+01    0.204792413915578351E+02
    0.316386083660654110E-02    0.153434183815580900E+04    0.148212001669853862E+04    0.273169949212019603E+01    0.205658829027261021E+02
    0.322466089521131639E-02    0.153428376869504336E+04    0.147933125031698546E+04    0.275951080932938231E+01    0.216703767358241208E+02
    0.328723016591274180E-02    0.153422533365628760E+04    0.148097452483907387E+04    0.275842541791353124E+01    0.210633128231299196E+02
    0.329601247105722845E-02    0.153419999749546923E+04    0.147929713524006957E+04    0.273082216054607807E+01    0.199808128106051583E+02
    0.327033303417065659E-02    0.153419564063686767E+04    0.147966458969515156E+04    0.276484450325555864E+01    0.203018041218695515E+02
    0.324848861386765669E-02    0.153418904459435998E+04    0.147970040709769592E+04    0.274221637542394525E+01    0.195696142143191594E+02
    0.322064922298219642E-02    0.153418625836438332E+04    0.148195284094896397E+04    0.274235546098465877E+01    0.208419044101318036E+02
    0.320544097655461446E-02    0.153417572494474507E+04    0.147909197506649252E+04    0.275407258591706672E+01    0.217385658847285299E+02
    0.319540586179134891E-02    0.153416199606682540E+04    0.147975256139332146E+04    0.272295387869909522E+01    0.204417507708935346E+02
    0.321985153704637192E-02    0.153412675378296626E+04    0.148176787560418006E+04    0.273390150022559419E+01    0.201641748942564760E+02
    0.318880667449001091E-02    0.153412613075978197E+04    0.147928066316836498E+04    0.272558133770757260E+01    0.206749638027779099E+02
    0.321503560850903113E-02    0.153408974742019882E+04    0.148152705337742191E+04    0.273551457737386050E+01    0.199828695707005295E+02
    0.319547595041477350E-02    0.153408195219893651E+04    0.147835316261650632E+04    0.274114611594397584E+01    0.208260242371801638E+02
    0.320240978109952385E-02    0.153405761712094954E+04    0.148029997760050878E+04    0.273008846071180855E+01    0.197805713718648803E+02
    0.317719141894036092E-02    0.153405342907704107E+04    0.148189763101295171E+04    0.273121931301554177E+01    0.203863587334916190E+02
    0.319483557197351459E-02    0.153402235304227020E+04    0.147999268939336162E+04    0.276361574977198909E+01    0.203627857901370106E+02
    0.316919108935178641E-02    0.153401847153000767E+04    0.148049322271459209E+04    0.275997800093678070E+01    0.202753209917817969E+02
    0.318021490395621002E-02    0.153399152673820026E+04    0.148028299393621182E+04    0.275949675222830537E+01    0.215064477849785902E+02
    0.314971054579737259E-02    0.153399080317015387E+04    0.147858594091599321E+04    0.275612630377281409E+01    0.212580451405123085E+02
    0.313850295232710307E-02    0.153397793244802642E+04    0.148025093357973128E+04    0.272663215194156150E+01    0.199710040953775945E+02
    0.311157439639311644E-02    0.153397516661718055E+04    0.148179192855469955E+04    0.274314396664586369E+01    0.211435993149980561E+02
    0.312206983438785470E-02    0.153394843190629649E+04    0.148179967381322285E+04    0.274205438056678208E+01    0.204766037823403906E+02
    0.310232123179342680E-02    0.153394112305545559E+04    0.147979495027263283E+04    0.276484327030589494E+01    0.210568165556743025E+02
    0.310128250672127292E-02    0.153392179281137533E+04    0.147990008316123067E+04    0.272262501189222927E+01    0.206130166461921505E+02
    0.307586623131579986E-02    0.153391825116128030E+04    0.148101788795668585E+04    0.272102656168362556E+01    0.206442769581264542E+02
    0.304598604963606402E-02    0.153391777493780592E+04    0.147956780074483686E+04    0.276253051754577461E+01    0.201991210699721080E+02
    0.301694474883722414E-02    0.153391693499347798E+04    0.147852272161280507E+04    0.274920699389275347E+01    0.213090981009930829E+02
    0.307871589860127986E-02    0.153385639909891188E+04    0.147850164404073143E+04    0.273874184673623855E+01    0.206914958691191657E+02
    0.306704231557756654E-02    0.153384399692274815E+04    0.148091601685743990E+04    0.273167477608410181E+01    0.198525436267888296E+02
    0.307645624869218879E-02    0.153381786755500480E+04    0.148031032794555585E+04    0.272288985386253302E+01    0.211981017880143980E+02
    0.306416113325999172E-02    0.153380587660757919E+04    0.148047884370358702E+04    0.275165387093552560E+01    0.217751791773131345E+02
    0.309669022739893782E-02    0.153376475654184651E+04    0.148146415057508352E+04    0.273738987746320372E+01    0.200572505416162272E+02
    0.308949549138637413E-02    0.153374940867457144E+04    0.148089820490777220E+04    0.275666018249851996E+01    0.205260043680841591E+02
    0.306888209589589647E-02    0.153374279757265822E+04    0.147918075761249315E+04    0.275950089202936422E+01    0.201320979148778463E+02
    0.305597084418576239E-02    0.153373122962545108E+04    0.147841483642411822E+04    0.274590104228061183E+01    0.209423603464030634E+02
    0.303375234340150712E-02    0.153372582378593393E+04    0.147921375691454136E+04    0.272825309920269587E+01    0.206325275691933570E+02
    0.302176236923542511E-02    0.153371374383263765E+04    0.148190950503484964E+04    0.273637759130816738E+01    0.207752552847829008E+02
    0.299516671404693015E-02    0.153371142449865692E+04    0.147871542635773631E+04    0.275162564196803672E+01    0.201280520072945990E+02
    0.296839816296780822E-02    0.153370937935043662E+04    0.148140963411703342E+04    0.272439679627474129E+01    0.210830425540604125E+02
    0.295661263268046093E-02    0.153369733582257641E+04    0.148121774284710204E+04    0.275314463864782200E+01    0.209344032631332055E+02
    0.294541207808614444E-02    0.153368492682301394E+04    0.148170608421155703E+04    0.273287784084027274E+01    0.203320393512610877E+02
    0.298877802334517441E-02    0.153363569505489340E+04    0.148122353957568703E+04    0.274164760298741728E+01    0.199849872617652125E+02
    0.301368123112794343E-02    0.153359909962317897E+04    0.148151976011557372E+04    0.274759527824450167E+01    0.207585919871865912E+02
    0.298900758232855225E-02    0.153359554144685262E+04    0.147948403404772171E+04    0.272698383093090690E+01    0.210152232370560057E+02
    0.303747547451811142E-02    0.153354337081813560E+04    0.147866971548240940E+04    0.274210413578404610E+01    0.202954376147584696E+02
    0.307759585157932640E-02    0.153349712683790858E+04    0.148147774740912155E+04    0.273420073244954454E+01    0.214440797915694361E+02
    0.305421194030768136E-02    0.153349238108293684E+04    0.147983214862762134E+04    0.272811066124548329E+01    0.201698800827871878E+02
    0.302969633785954038E-02    0.153348849949499663E+04    0.148025159865621163E+04    0.272401883368552333E+01    0.211053826483808393E+02
    0.302526373063646955E-02    0.153347142774421036E+04    0.148120825125977126E+04    0.273769439776049861E+01    0.216239153482352862E+02
    0.299562593783986352E-02    0.153347111787893527E+04    0.147931088589160117E+04    0.273793879335286539E+01    0.199335219148069740E+02
    0.296712672132575352E-02    0.153347023618563571E+04    0.147936618913047460E+04    0.276035944327322413E+01    0.202664741090247986E+02
    0.294896414085403860E-02    0.153346251634694931E+04    0.148048478004862000E+04    0.274937973152310899E+01    0.198713704763292327E+02
    0.293906433141868061E-02    0.153344924173478375E+04    0.147933542348346964E+04    0.274384339171741587E+01    0.217034752965105042E+02
    0.294419841014575143E-02    0.153342575110024586E+04    0.147873765276773247E+04    0.275729279083768031E+01    0.209634324364097466E+02
    0.293095533525814141E-02    0.153341476744118972E+04    0.148158764355723542E+04    0.272770302195735059E+01    0.207149671156595616E+02
    0.293321587990383803E-02    0.153339322550479346E+04    0.147874072138079327E+04    0.275661352461409859E+01    0.205168559179515171E+02
    0.290932973282046837E-02    0.153338957884236106E+04    0.148136303065809079E+04    0.273989662870982276E+01    0.201526213767390061E+02
    0.289127426185988414E-02    0.153338202963492631E+04    0.148118361618770518E+04    0.272995359776303070E+01    0.214466388253112399E+02
    0.286337701148100783E-02    0.153338142088391351E+04    0.148101756317805302E+04    0.272669456583851089E+01    0.202748404018478112E+02
    0.283793703220189264E-02    0.153337926950472456E+04    0.148152539420086146E+04    0.272701789164689457E+01    0.208084064375017306E+02
    0.281990548568337909E-02    0.153337201754959187E+04    0.148171865209792531E+04    0.273229184849456752E+01    0.206374964967125862E+02
    0.279699434735939615E-02    0.153336833350043389E+04    0.148145451401996729E+04    0.274353035868259987E+01    0.212803325904031198E+02
    0.277742627035819367E-02    0.153336237489323094E+04    0.147862608776841921E+04    0.275194048037045436E+01    0.210591832035269135E+02
    0.276341839749105495E-02    0.153335248736058929E+04    0.148047332895695422E+04    0.275375960883556781E+01    0.200794828347294043E+02
    0.274745784014647281E-02    0.153334407216219392E+04    0.148171502315498719E+04    0.273287042288042770E+01    0.210014110421160325E+02
    0.272706909190411316E-02    0.153333896940738987E+04    0.148166983730498214E+04    0.273337369583576795E+01    0.205223317462186259E+02
    0.273029262323263395E-02    0.153331660670403858E+04    0.147959156952055537E+04    0.273148425772119063E+01    0.214126089662357515E+02
    0.270736654998555591E-02    0.153331347146761664E+04    0.148056951955796467E+04    0.273128747798792304E+01    0.199727897087774977E+02
    0.269579214497388210E-02    0.153330204010190596E+04    0.148090178961535753E+04    0.275426214923082568E+01    0.205503934414514191E+02
    0.267124002215800771E-02    0.153330033870219154E+04    0.147953412066454825E+04    0.273832608657362009E+01    0.216533548463426797E+02
    0.264764602271074130E-02    0.153329808238310807E+04    0.148143221549418286E+04    0.273589321347417691E+01    0.214030229384507038E+02
    0.265066455480442902E-02    0.153327580351902407E+04    0.147960602971809044E+04    0.275899051452063793E+01    0.213526982119101092E+02
    0.262505775442075425E-02    0.153327521849196705E+04    0.148055830386652087E+04    0.272966620682526218E+01    0.200533491023420254E+02
    0.260523140446389809E-02    0.153327038128264167E+04    0.147860821870520931E+04    0.274299544933192063E+01    0.207185884084103407E+02
    0.260345227838929731E-02    0.153325174755961461E+04    0.147916919387433632E+04    0.275749500681097537E+01    0.212991824120745150E+02
    0.261704709387138110E-02    0.153322133104943532E+04    0.148076701718411437E+04    0.275211331552798599E+01    0.202220023795729844E+02
    0.259471054345104552E-02    0.153321847435404470E+04    0.147909239842265993E+04    0.275827044380478537E+01    0.211698766209978260E+02
    0.257124260700660433E-02    0.153321664571348197E+04    0.147974244219018647E+04    0.276144680004455356E+01    0.205712611443412072E+02
    0.255163775128682772E-02    0.153321195347010007E+04    0.147868216197337097E+04    0.274110406205911339E+01    0.206633537877950744E+02
    0.253814103681128172E-02    0.153320256041132279E+04    0.148029757619837278E+04    0.272460238321334147E+01    0.209340656716176170E+02
    0.254186106448910836E-02    0.153317963125635902E+04    0.148130525663833532E+04    0.274811139686199057E+01    0.206687212097102986E+02
    0.254061291394712830E-02    0.153316061357368903E+04    0.147963294252999731E+04    0.273628954295633564E+01    0.199589519392187782E+02
    0.251598179292961393E-02    0.153316009808234321E+04    0.147977712796116884E+04    0.275700734172206552E+01    0.201459213176297283E+02
    0.249162478015382176E-02    0.153315955424728486E+04    0.147872684366921430E+04    0.275287515684311979E+01    0.210241752256872019E+02
    0.250123602651698739E-02    0.153313185424633775E+04    0.148057067340808726E+04    0.272496333068158236E+01    0.205484786311113794E+02
    0.249110821587185741E-02    0.153311996893078026E+04    0.147866099566796629E+04    0.274347682774728607E+01    0.207337317420066540E+02
    0.246940256102950876E-02    0.153311747180042448E+04    0.147873035803439211E+04    0.274203855296686427E+01    0.205323555508355753E+02
    0.247476872819028110E-02    0.153309313038994014E+04    0.147915364144175101E+04    0.273262951275120525E+01    0.206887423381954392E+02
    0.245353863857119582E-02    0.153309036163739529E+04    0.148079850759964370E+04    0.274549027689619907E+01    0.200172110310248712E+02
    0.245159186818234365E-02    0.153307194917557672E+04    0.147960383748814320E+04    0.273116618040219095E+01    0.212792109154000570E+02
    0.246031718967577038E-02    0.153304484372588854E+04    0.147904713336621126E+04    0.274461221311808234E+01    0.214084976939264493E+02
    0.243720650109205709E-02    0.153304371927327520E+04    0.148107115711605229E+04    0.273322847578481731E+01    0.201498372300916770E+02
    0.241452664190114092E-02    0.153304241776614208E+04    0.147873723225521371E+04    0.274267660912652467E+01    0.205688097184993097E+02
    0.239099698217203668E-02    0.153304200343431057E+04    0.148131170205421472E+04    0.274716751851861307E+01    0.208387297461986520E+02
    0.237332115619997511E-02    0.153303684367508231E+04    0.148130134978146657E+04    0.273030991010887458E+01    0.204150950770474680E+02
    0.235533239418162475E-02    0.153303206056386898E+04    0.148092723248407560E+04    0.272787297110643490E+01    0.203514398027339780E+02
    0.237144028972011665E-02    0.153299842931145190E+04    0.148084856381193276E+04    0.274765987040166770E+01    0.214751298000220459E+02
    0.236480518753932282E-02    0.153298403299610322E+04    0.147882138109735774E+04    0.273992890996593186E+01    0.208676514236181703E+02
    0.234258906920853556E-02    0.153298291077184058E+04    0.148150534284689456E+04    0.273156815665457131E+01    0.209067815374935293E+02
    0.233817782499361193E-02    0.153296668044943453E+04    0.147998781493031720E+04    0.275702234548280467E+01    0.213177709325116211E+02
    0.231912406452978743E-02    0.153296304517495287E+04    0.147869249413202670E+04    0.274710852801861538E+01    0.207629513575455178E+02
    0.232530281110735534E-02    0.153293772374314813E+04    0.148091343577496673E+04    0.274921962260804875E+01    0.213198871027533414E+02
    0.230748454781750040E-02    0.153293310830520113E+04    0.148025623470760047E+04    0.273626685706912687E+01    0.199420949809092178E+02
    0.230928382909763742E-02    0.153291154939539729E+04    0.147956260503878389E+04    0.273486804018653462E+01    0.214063719873404779E+02
    0.229066502293682464E-02    0.153290773993006542E+04    0.147878907045935625E+04    0.275207679048141785E+01    0.208973212129531305E+02
    0.231621519124031129E-02    0.153286555534606305E+04    0.147912844174479437E+04    0.274062452062351358E+01    0.213140704973432804E+02
    0.229559550702125928E-02    0.153286343970686448E+04    0.148017773208324866E+04    0.274449469078837938E+01    0.199088856997233279E+02
    0.227549799563652854E-02    0.153286102643168056E+04    0.147958655476309195E+04    0.275886282963259744E+01    0.210878596353030190E+02
    0.225572660385045315E-02    0.153285848000682699E+04    0.148128622494714205E+04    0.273991197611704074E+01    0.203510763572903670E+02
    0.224708402425753424E-02    0.153284615751398405E+04    0.147993921105144113E+04    0.273702309022566981E+01    0.215873099358268234E+02
    0.223310228827343707E-02    0.153283864072820779E+04    0.148057396373681058E+04    0.272681747872800484E+01    0.210499878642985436E+02
    0.221891614132948807E-02    0.153283138658286362E+04    0.148056915830998923E+04    0.274426567765686347E+01    0.199950552777394392E+02
    0.222021695252019565E-02    0.153281021445199895E+04    0.147903958494366589E+04    0.274449406047227829E+01    0.202407985775746653E+02
    0.220772396226845023E-02    0.153280150007991642E+04    0.148077872024114845E+04    0.274622985185699831E+01    0.214782639483093618E+02
    0.220944766044346014E-02    0.153277993917315553E+04    0.147949120822488339E+04    0.273439023323869268E+01    0.212707856518504315E+02
    0.219374865737211955E-02    0.153277420069452296E+04    0.147981005460798224E+04    0.273256030325415233E+01    0.213387909104268374E+02
    0.219750895759753028E-02    0.153275077543326597E+04    0.147910552453281002E+04    0.273682189527384701E+01    0.205424692212351943E+02
    0.219991605401789704E-02    0.153272858588219515E+04    0.148127532876839632E+04    0.274181391604893054E+01    0.204847523445718167E+02
    0.217913401383677905E-02    0.153272756917389756E+04    0.148104982810417528E+04    0.273452775998353159E+01    0.202557837571431918E+02
    0.215905114533349214E-02    0.153272608660570950E+04    0.148045833341667321E+04    0.273143577240643198E+01    0.213882319914261814E+02
    0.213846487812154561E-02    0.153272524783704762E+04    0.147963434255405991E+04    0.273164222366520004E+01    0.204182196826857307E+02
    0.211823811123297524E-02    0.153272425495986090E+04    0.147976465683162519E+04    0.274671605973147415E+01    0.215899065800822427E+02
    0.209932340964444179E-02    0.153272219407307284E+04    0.147894645205574034E+04    0.273967399856747695E+01    0.207234651872483653E+02
    0.210598900381890131E-02    0.153269585390225916E+04    0.148043705140125030E+04    0.275263818889728995E+01    0.202978023186675784E+02
    0.211683786871407495E-02    0.153266557747929301E+04    0.148020987381163582E+04    0.272968115162810365E+01    0.212064032837823362E+02
    0.210049399864742923E-02    0.153266107917790532E+04    0.147979473516241615E+04    0.275334152177164304E+01    0.201750780077421581E+02
    0.209366697005071521E-02    0.153264759016751896E+04    0.148100445321881352E+04    0.273434120168432226E+01    0.213340771856504574E+02
    0.208683147037814955E-02    0.153263413054145917E+04    0.148064249494872411E+04    0.273028725196404976E+01    0.203309315602884055E+02
    0.206609368856499644E-02    0.153263410485199006E+04    0.147952887702734051E+04    0.273203219915462725E+01    0.209455452557585744E+02
    0.239236080914719896E-02    0.153234082962440084E+04    0.148025917020365682E+04    0.272963793409639965E+01    0.208349902622801295E+02
    0.233077080935073034E-02    0.153239299288905067E+04    0.148122951516047351E+04    0.273950014777588047E+01    0.207159951040520411E+02
    0.268886161155538605E-02    0.153210715513109199E+04    0.148048479085485133E+04    0.274113297936394629E+01    0.202456312035820076E+02
    0.209564284991950846E-02    0.153260567024189822E+04    0.147921097711656057E+04    0.275080432943216913E+01    0.212702800282208386E+02
    0.227667058922866863E-02    0.153243996273800826E+04    0.148101016094618694E+04    0.273056454150358707E+01    0.207649588030871968E+02
    0.280191957918321998E-02    0.153202478146114913E+04    0.147985211811845829E+04    0.274947954873588252E+01    0.203479785397541235E+02
    0.296883655544403526E-02    0.153190905066592859E+04    0.147969954810506829E+04    0.273697888428828229E+01    0.209434710593841373E+02
    0.328702678078890117E-02    0.153170542406944492E+04    0.148002519552184799E+04    0.273717914402601714E+01    0.209612959112906054E+02
    0.303955943213970623E-02    0.153186196579116131E+04    0.147978447799651872E+04    0.273817022487943396E+01    0.204862496226720481E+02
    0.338599674537337896E-02    0.153164609430869723E+04    0.148021000769810189E+04    0.274565263670509996E+01    0.205428346664416637E+02
    0.211540858435839852E-02    0.153258689499784737E+04    0.148077829333833256E+04    0.274657942399018529E+01    0.213660049121516096E+02
    0.209378623053624877E-02    0.153260744291255969E+04    0.147964181979868135E+04    0.275100901870856651E+01    0.201226228452177054E+02
    0.318612722516373225E-02    0.153176777866719772E+04    0.148026975156615094E+04    0.273620349626841541E+01    0.205542569377839186E+02
    0.208479106331878935E-02    0.153261605367213610E+04    0.147957073696208749E+04    0.275047258437982833E+01    0.201171133843167809E+02
    0.223255373629314491E-02    0.153247909874674224E+04    0.147992667755309617E+04    0.273109555070126619E+01    0.204643776393728984E+02
    0.306794441009101840E-02    0.153184337542556705E+04    0.148010687800507026E+04    0.274934787424722771E+01    0.210783154484653181E+02
    0.214669003398565731E-02    0.153255753668014427E+04    0.148080730833758798E+04    0.274770538012741028E+01    0.203457432017502384E+02
    0.228319449850257266E-02    0.153243423983735238E+04    0.148126390779803796E+04    0.273660828701567915E+01    0.209120118939011519E+02
    0.226102321983797337E-02    0.153245375602778904E+04    0.147933479517344813E+04    0.273696941615826406E+01    0.210799931848790578E+02
    0.212049971570694431E-02    0.153258208740198893E+04    0.148013454101285879E+04    0.275655292125078599E+01    0.209998226822144289E+02
    0.251033954014557486E-02    0.153224455491580966E+04    0.148053809400367254E+04    0.274696046866301247E+01    0.213045134402726717E+02
    0.260700368426394508E-02    0.153216898785737590E+04    0.147964241079017393E+04    0.274951006524768049E+01    0.202933349650389800E+02
    0.243420485294641026E-02    0.153230615064550057E+04    0.148074151314990650E+04    0.273020556666530290E+01    0.208439642350139138E+02
    0.288903123308528308E-02    0.153196354848879128E+04    0.148091782853821883E+04    0.273728280169944549E+01    0.208439097842843637E+02
    0.245853865654380209E-02    0.153228625669096414E+04    0.148047303362296884E+04    0.275134065606698952E+01    0.211016692625307627E+02
    0.293256640973284114E-02    0.153193363505890761E+04    0.148039122352232835E+04    0.273744705631261676E+01    0.203690425203134424E+02
    0.228092797964468946E-02    0.153243622621616237E+04    0.147972547515958581E+04    0.273175407912224433E+01    0.206117695768913478E+02
    0.346741737951080774E-02    0.153159857086208171E+04    0.148016435583399311E+04    0.273769228477706195E+01    0.208601661508718337E+02
    0.260590765352126160E-02    0.153216982886976825E+04    0.148094192934673561E+04    0.273319155127385915E+01    0.208484357722243772E+02
    0.221369555519520915E-02    0.153249606432194423E+04    0.148061991712174404E+04    0.275254123882913770E+01    0.209618497651283775E+02
    0.241316061914097777E-02    0.153232351625668775E+04    0.147946230206787573E+04    0.275079933416219724E+01    0.203053687623885537E+02
    0.245165583139977895E-02    0.153229186366206795E+04    0.148038649318445141E+04    0.275165257951533526E+01    0.204576935277890612E+02
    0.280457254752567277E-02    0.153202288867793959E+04    0.148065639689409818E+04    0.274772702059239604E+01    0.206674438793947388E+02
    0.300851927821990184E-02    0.153188249490656563E+04    0.147963355878076368E+04    0.273769762577483311E+01    0.208763117445365651E+02
    0.234986191622480823E-02    0.153237667781896334E+04    0.148080074802636864E+04    0.274864851352917539E+01    0.205536157106210595E+02
    0.317218276759927229E-02    0.153177655111140803E+04    0.147962678721790144E+04    0.274973443666883544E+01    0.208575948698358928E+02
    0.249198517480996376E-02    0.153225923165012750E+04    0.148072192339046842E+04    0.274941088385764720E+01    0.209465002787003698E+02
    0.242143002523944467E-02    0.153231667438338650E+04    0.147916762850581404E+04    0.274439990012598933E+01    0.210992674377316263E+02
    0.220594911618668876E-02    0.153250307524478262E+04    0.148034959692084431E+04    0.273105588977379332E+01    0.203323308157509928E+02
    0.256118072472482240E-02    0.153220445420820101E+04    0.148011969071028034E+04    0.273415628053612370E+01    0.212275569157883979E+02
    0.340719792629848132E-02    0.153163361049170953E+04    0.147966947806098551E+04    0.274229733792066765E+01    0.208752693310992470E+02
    0.212489042323707510E-02    0.153257795048269350E+04    0.147987843340668428E+04    0.274310236588632517E+01    0.200018724712884790E+02
    0.353408646698982060E-02    0.153156048127217355E+04    0.147980036521018678E+04    0.274378472908196924E+01    0.206415693181504594E+02
    0.266293417549615585E-02    0.153212653377701645E+04    0.148041480194479618E+04    0.275179638861989906E+01    0.208020946110864458E+02
    0.261224429064018260E-02    0.153216497148707685E+04    0.148001219585101694E+04    0.273384699552271515E+01    0.204164254628278030E+02
    0.214547408005071657E-02    0.153255866986511592E+04    0.148003761275313263E+04    0.274037617574619663E+01    0.200121974727495768E+02
    0.257829008018348746E-02    0.153219113811453121E+04    0.148109908883384151E+04    0.274021863167834479E+01    0.207699162264050727E+02
    0.228709326052966384E-02    0.153243082756821013E+04    0.147903542502778009E+04    0.274328645248606939E+01    0.205658704949043454E+02
    0.221410060366538427E-02    0.153249569840765480E+04    0.147969247847567476E+04    0.275737037121697925E+01    0.206963643372002792E+02
    0.243086589920308866E-02    0.153230889589171602E+04    0.147926252578891899E+04    0.274369929690880632E+01    0.211852380216361666E+02
    0.319906170622587943E-02    0.153175967585370654E+04    0.148017039184951500E+04    0.274711870979241013E+01    0.204802372456146458E+02
    0.255931900356524706E-02    0.153220590853597400E+04    0.148009794598406415E+04    0.273295920327147135E+01    0.211366611450666682E+02
    0.256070010219061660E-02    0.153220482955667308E+04    0.148069454469820175E+04    0.274709956223801743E+01    0.211642966285501757E+02
    0.320932876596170379E-02    0.153175326733751831E+04    0.148002046023202661E+04    0.273607182831866025E+01    0.206648063324979603E+02
    0.292656688909155452E-02    0.153193773090205173E+04    0.148036450631978209E+04    0.274891027188759107E+01    0.210758604699667700E+02
    0.207038772502446053E-02    0.153262991916069086E+04    0.148084870106636731E+04    0.273119237040410257E+01    0.212582798215412510E+02
    0.337962240793945835E-02    0.153164986297446194E+04    0.147996023461044388E+04    0.274446339923893889E+01    0.204796297209664431E+02
    0.362427667950419082E-02    0.153151008149030008E+04    0.148012332427969523E+04    0.274456451165792581E+01    0.209141974263734767E+02
    0.214965378313863561E-02    0.153255477735756745E+04    0.148098402653384096E+04    0.274577366037767057E+01    0.204208534251089304E+02
    0.346535455765834737E-02    0.153159976104801717E+04    0.147973200968592550E+04    0.274248073100960266E+01    0.206564344357169603E+02
    0.228616998294253965E-02    0.153243163511201465E+04    0.148101136624635433E+04    0.274046304033946697E+01    0.212668090996728836E+02
    0.251298028027422717E-02    0.153224245213082577E+04    0.147992642060389971E+04    0.273228421299194402E+01    0.205534663668411639E+02
    0.240940644504243065E-02    0.153232663009610724E+04    0.147912200666876197E+04    0.275165256549331616E+01    0.207241408162682603E+02
    0.292591705806956185E-02    0.153193817504237268E+04    0.148003749365102294E+04    0.275070629563121516E+01    0.205003587660714146E+02
    0.294053884111535220E-02    0.153192820526602031E+04    0.148013968237727590E+04    0.273387693835351309E+01    0.209564647450393124E+02
    0.287373107767691311E-02    0.153197416852864990E+04    0.148013265330728154E+04    0.273338802035462081E+01    0.209486876981801942E+02
    0.270199108904811951E-02    0.153209741307047034E+04    0.147924377786606306E+04    0.275009759537085685E+01    0.207946075521602012E+02
    0.210274830589153540E-02    0.153259890054132256E+04    0.147912236935263991E+04    0.274411016171864963E+01    0.202903088356995767E+02
    0.366216219780143024E-02    0.153148928347890160E+04    0.148011489952355851E+04    0.274118949643324328E+01    0.206959532120076091E+02
    0.218391793226124960E-02    0.153252314999296982E+04    0.147946714729148766E+04    0.274345689054964659E+01    0.214272172120191016E+02
    0.222535027112417613E-02    0.153248556229681117E+04    0.147936440153628519E+04    0.273491931507059949E+01    0.209199502058049092E+02
    0.275952311409618893E-02    0.153205527519361158E+04    0.148076411377921931E+04    0.274680736229132272E+01    0.208726658259712679E+02
    0.215200111164518980E-02    0.153255259463598986E+04    0.147966538181802071E+04    0.273210644774578748E+01    0.210583759936998405E+02
    0.217156762825026920E-02    0.153253449232157163E+04    0.147957403919467106E+04    0.274728158659648214E+01    0.200908538219123756E+02
    0.211040435479923965E-02    0.153259163182076918E+04    0.148060342046435449E+04    0.273302487286385931E+01    0.213884821409569668E+02
    0.241952556295355883E-02    0.153231824800855156E+04    0.148011580141468085E+04    0.273747332138187094E+01    0.214199836324035005E+02
    0.273768917321574835E-02    0.153207116255946403E+04    0.147934354661731459E+04    0.274397829723737408E+01    0.204560133876082517E+02
    0.212864479332160487E-02    0.153257441989378958E+04    0.148103324689397527E+04    0.273033964081840663E+01    0.205692729345760199E+02
    0.256728932877576350E-02    0.153219968974092239E+04    0.147916197618082811E+04    0.274501255911482467E+01    0.209790738869667592E+02
    0.258813459018136533E-02    0.153218351619218402E+04    0.148007929377056189E+04    0.273665526837474937E+01    0.202447289858423147E+02
    0.218298435315156464E-02    0.153252400513381144E+04    0.148059583888040265E+04    0.273938944326058342E+01    0.215051191159061119E+02
    0.352009970517349951E-02    0.153156841232463171E+04    0.148045584566425373E+04    0.274070245332039164E+01    0.207201715376945828E+02
    0.271344241147240123E-02    0.153208895477106284E+04    0.148048454860692982E+04    0.274298696064281700E+01    0.202663613689309585E+02
    0.221413242027581605E-02    0.153249566966787506E+04    0.148052303357725577E+04    0.273788870319536848E+01    0.201013247469290519E+02
    0.207858556123355354E-02    0.153262201566620024E+04    0.147936132541167785E+04    0.275461079610670101E+01    0.203489174935834995E+02
    0.247602392760767030E-02    0.153227208291653346E+04    0.147924545949434173E+04    0.274232237631851250E+01    0.204275174165195637E+02
    0.240842100134188884E-02    0.153232744826049793E+04    0.148080592930494481E+04    0.274894844630687363E+01    0.209406285557423644E+02
    0.304654319919128724E-02    0.153185737581262174E+04    0.148060837345502023E+04    0.273867733891748655E+01    0.204735230121074494E+02
    0.293796446949880176E-02    0.153192995698522168E+04    0.147977455698519861E+04    0.274063245532090205E+01    0.212143042053528461E+02
    0.297188560084711128E-02    0.153190699768611194E+04    0.148062466471566495E+04    0.274276264067832143E+01    0.211538206515075871E+02
    0.240000437859926117E-02    0.153233444983017898E+04    0.148066293713983600E+04    0.274080369023243309E+01    0.214072003496510490E+02
    0.331278494047603303E-02    0.153168981253895777E+04    0.147971015641107806E+04    0.274563069483360911E+01    0.205337698703828408E+02
    0.265795616687727193E-02    0.153213027601543968E+04    0.148096346914133619E+04    0.274330613977198201E+01    0.209449761354735529E+02
    0.226021925566684094E-02    0.153245446730499566E+04    0.148118900834626334E+04    0.273767998263894530E+01    0.211129245209845209E+02
    0.248234304555080589E-02    0.153226698517253953E+04    0.148092532291524890E+04    0.274604186835646136E+01    0.206413371011136206E+02
    0.210482436848961722E-02    0.153259692689720305E+04    0.148076496128306871E+04    0.274466431773358499E+01    0.214362806880687486E+02
    0.336804196061481556E-02    0.153165672784388153E+04    0.148013490416303398E+04    0.274726835828665550E+01    0.205895034085289410E+02
    0.328169824949290636E-02    0.153170866885892247E+04    0.148066609617024915E+04    0.273928952137727100E+01    0.208657683522916813E+02
    0.221087505919558523E-02    0.153249861417062107E+04    0.147935172021721519E+04    0.275539470241135698E+01    0.210379810482078682E+02
    0.294058295323712179E-02    0.153192817526349813E+04    0.148032639241248808E+04    0.273402294435483650E+01    0.205579283304492009E+02
